matricule,name_raw,scheme,region_inferred,region_confidence,type_hint,match_type,v1_name,v1_region,v1_official_id
AD08270B01,CES BILINGUE DE BEKA-GHOTTO,ALPHA_PREFIX,Adamaoua,CONFIRMED_BY_MATCH,ESG_OR_UNKNOWN,PROBABLE,CES de BEKA,ADAMAOUA,2IH1GSFD100239113
AD08270A02,CES DE DANFILI MAMBAL,ALPHA_PREFIX,Adamaoua,CONFIRMED_BY_MATCH,ESG_OR_UNKNOWN,EXACT_IDENTITY_REGION,CES de DANFILI-MAMBAL,ADAMAOUA,2CC1GSFD102414108
AD08270A03,CES DE NGAOUNDAL GARE,ALPHA_PREFIX,Adamaoua,CONFIRMED_BY_MATCH,ESG_OR_UNKNOWN,EXACT_IDENTITY_REGION,CES de NGAOUNDAL-GARE,ADAMAOUA,2CC1GSFD102433111
AD08270A04,CES DE PANGAR,ALPHA_PREFIX,Adamaoua,CONFIRMED_BY_MATCH,ESG_OR_UNKNOWN,EXACT_IDENTITY_REGION,CES de PANGAR,ADAMAOUA,2CC1GSFD100550113
10030001,COLLEGE PRIVEE AMIBO DE NGAOUDAL,DIGIT_PREFIX,,,ESG_OR_UNKNOWN,NEW,,,
AD08270H05,LYCEE BILINGUE DE NGAOUNDAL,ALPHA_PREFIX,Adamaoua,CONFIRMED_BY_MATCH,ESG_OR_UNKNOWN,PROBABLE,CES de NGAOUNDAL-GARE,ADAMAOUA,2CC1GSFD102433111
AD08270I06,LYCEE DE NGAOUNDAL,ALPHA_PREFIX,Adamaoua,CONFIRMED_BY_MATCH,ESG_OR_UNKNOWN,PROBABLE,CES de NGAOUNDAL-GARE,ADAMAOUA,2CC1GSFD102433111
AD08270L14,LYCEE TECHNIQUE DE NGAOUNDAL,ALPHA_PREFIX,Adamaoua,CONFIRMED_BY_MATCH,ESTP,PROBABLE,CES de NGAOUNDAL-GARE,ADAMAOUA,2CC1GSFD102433111
AD08336A07,CES DE KOATA,ALPHA_PREFIX,Adamaoua,CONFIRMED_BY_MATCH,ESG_OR_UNKNOWN,EXACT_IDENTITY_REGION,CES de KOATA,ADAMAOUA,2CE1GSFD102428111
AD08336A08,CES DE MEIDJAMBA,ALPHA_PREFIX,Adamaoua,CONFIRMED_BY_MATCH,ESG_OR_UNKNOWN,EXACT_IDENTITY_REGION,CES de MEIDJAMBA,ADAMAOUA,2CE1GSFD100031111
AD08336A09,CES DE MINIM,ALPHA_PREFIX,Adamaoua,CONFIRMED_BY_MATCH,ESG_OR_UNKNOWN,EXACT_IDENTITY_REGION,CES de MINIM,ADAMAOUA,2CE1GSFD102249108
AD08336A10,LYCEE DE YOKO TIBATI,ALPHA_PREFIX,Adamaoua,CONFIRMED_BY_MATCH,ESG_OR_UNKNOWN,PROBABLE,CES de YOKO-TIBATI,ADAMAOUA,2CE1GSFD102856115
AD08336C15,CETIC DE TONGO,ALPHA_PREFIX,Adamaoua,CONFIRMED_BY_MATCH,ESTP,NEW,,,
AD08336E16,ENIEG DE TIBATI,ALPHA_PREFIX,Adamaoua,CONFIRMED_BY_MATCH,ENI,PROBABLE,CES de YOKO-TIBATI,ADAMAOUA,2CE1GSFD102856115
AD08336H11,LYCEE BILINGUE DE TIBATI,ALPHA_PREFIX,Adamaoua,CONFIRMED_BY_MATCH,ESG_OR_UNKNOWN,PROBABLE,CES de YOKO-TIBATI,ADAMAOUA,2CE1GSFD102856115
AD08336I12,LYCEE DE MBAKAOU,ALPHA_PREFIX,Adamaoua,CONFIRMED_BY_MATCH,ESG_OR_UNKNOWN,PROBABLE,Lyce de MBAKAOU,ADAMAOUA,2CE1GSFD112419115
AD08336I13,LYCEE DE MENG,ALPHA_PREFIX,Adamaoua,CONFIRMED_BY_MATCH,ESG_OR_UNKNOWN,PROBABLE,Lyce de MENG,ADAMAOUA,2CE1GSFD110001114
AD08336L17,LYCEE TECHNIQUE DE TIBATI,ALPHA_PREFIX,Adamaoua,CONFIRMED_BY_MATCH,ESTP,PROBABLE,CES de YOKO-TIBATI,ADAMAOUA,2CE1GSFD102856115
AD12136A01,CES DE WOGOMDOU,ALPHA_PREFIX,Adamaoua,CONFIRMED_BY_MATCH,ESG_OR_UNKNOWN,EXACT_IDENTITY_REGION,CES de WOGOMDOU,ADAMAOUA,2EE1GSFD100392110
AD12136I02,LYCEE BILINGUE DE GALIM-TIGNERE,ALPHA_PREFIX,Adamaoua,CONFIRMED_BY_MATCH,ESG_OR_UNKNOWN,PROBABLE,Lyce Bilingue de GALIM-TIGNERE,ADAMAOUA,2EE1GSFD111932102
AD12166A03,CES DE KONTCHA,ALPHA_PREFIX,Adamaoua,CONFIRMED_BY_MATCH,ESG_OR_UNKNOWN,EXACT_IDENTITY_REGION,CES de KONTCHA,ADAMAOUA,2EH1GSFD100526104
AD12209A04,LYCEE D&#039;ALME,ALPHA_PREFIX,Adamaoua,CONFIRMED_BY_MATCH,ESG_OR_UNKNOWN,PROBABLE,CES d'ALME,ADAMAOUA,2EI1GSFD100832108
AD12209A05,CES DE GADJIWAN,ALPHA_PREFIX,Adamaoua,CONFIRMED_BY_MATCH,ESG_OR_UNKNOWN,EXACT_IDENTITY_REGION,CES de GADJIWAN,ADAMAOUA,2EI1GSFD101984112
AD12209C12,CETIC DE MAYO-BALEO,ALPHA_PREFIX,Adamaoua,CONFIRMED_BY_MATCH,ESTP,PROBABLE,Lyce Bilingue de MAYO-BALEO,ADAMAOUA,2EI1GSFD110323106
AD12209I06,LYCEE BILINGUE DE MAYO-BALEO,ALPHA_PREFIX,Adamaoua,CONFIRMED_BY_MATCH,ESG_OR_UNKNOWN,PROBABLE,Lyce Bilingue de MAYO-BALEO,ADAMAOUA,2EI1GSFD110323106
AD12337A07,CES DE GASSANGUEL,ALPHA_PREFIX,Adamaoua,CONFIRMED_BY_MATCH,ESG_OR_UNKNOWN,EXACT_IDENTITY_REGION,CES de GASSANGUEL,ADAMAOUA,2EJ1GSFD102863115
AD12337A08,LYCEE DE LIBONG MARCHE,ALPHA_PREFIX,Adamaoua,CONFIRMED_BY_MATCH,ESG_OR_UNKNOWN,PROBABLE,CES de LIBONG-MARCHE,ADAMAOUA,2EJ1GSFD102424109
AD12337A09,CES DE SADECK,ALPHA_PREFIX,Adamaoua,CONFIRMED_BY_MATCH,ESG_OR_UNKNOWN,EXACT_IDENTITY_REGION,CES de SADECK,ADAMAOUA,2EJ1GSFD102437112
AD12337E13,ENIEG DE TIGNERE,ALPHA_PREFIX,Adamaoua,CONFIRMED_BY_MATCH,ENI,PROBABLE,Lyce Bilingue de GALIM-TIGNERE,ADAMAOUA,2EE1GSFD111932102
AD12337H10,LYCEE BILINGUE DE TIGNERE,ALPHA_PREFIX,Adamaoua,CONFIRMED_BY_MATCH,ESG_OR_UNKNOWN,PROBABLE,Lyce Bilingue de GALIM-TIGNERE,ADAMAOUA,2EE1GSFD111932102
AD12337I11,LYCEE DE DOUALAYEL,ALPHA_PREFIX,Adamaoua,CONFIRMED_BY_MATCH,ESG_OR_UNKNOWN,PROBABLE,Lyce de DOUALAYEL,ADAMAOUA,2EJ1GSFD112382112
AD12337L14,LYCEE TECHNIQUE DE TIGNERE,ALPHA_PREFIX,Adamaoua,CONFIRMED_BY_MATCH,ESTP,PROBABLE,Lyce Bilingue de GALIM-TIGNERE,ADAMAOUA,2EE1GSFD111932102
AD25041B02,LYCEE BILINGUE DE LINGAM,ALPHA_PREFIX,Adamaoua,CONFIRMED_BY_MATCH,ESG_OR_UNKNOWN,PROBABLE,Lyce Bilingue de LINGAM,ADAMAOUA,2HC1GSBD100659112
AD25041B03,CES BILINGUE DE NGOULORI,ALPHA_PREFIX,Adamaoua,CONFIRMED_BY_MATCH,ESG_OR_UNKNOWN,EXACT_IDENTITY_REGION,CES Bilingue de NGOULORI,ADAMAOUA,2HC1GSBD100219113
AD25041B01,CES BILINGUE DE NGUINKLO,ALPHA_PREFIX,Adamaoua,CONFIRMED_BY_MATCH,ESG_OR_UNKNOWN,NEW,,,
AD25041C17,CETIC DE SONGKOLONG,ALPHA_PREFIX,Adamaoua,CONFIRMED_BY_MATCH,ESTP,PROBABLE,Lyce de SONGKOLONG,ADAMAOUA,2HC1GSFD110029109
10020002,COLLEGE BILINGUE SAINT JOSEPH DE BANKIM,DIGIT_PREFIX,,,ESG_OR_UNKNOWN,PROBABLE_NO_REGION_SIGNAL,Lyce Bilingue de BANKIM,ADAMAOUA,2HC1GSBD112407107
AD25041H04,LYCEE BILINGUE DE ATTA,ALPHA_PREFIX,Adamaoua,CONFIRMED_BY_MATCH,ESG_OR_UNKNOWN,PROBABLE,Lyce Bilingue d'ATTA,ADAMAOUA,2HC1GSBD112409108
AD25041H05,LYCEE BILINGUE DE BANDAM,ALPHA_PREFIX,Adamaoua,CONFIRMED_BY_MATCH,ESG_OR_UNKNOWN,PROBABLE,Lyce Bilingue de BANDAM,ADAMAOUA,2HC1GSBD112416115
AD25041H06,LYCEE BILINGUE DE BANKIM,ALPHA_PREFIX,Adamaoua,CONFIRMED_BY_MATCH,ESG_OR_UNKNOWN,PROBABLE,Lyce Bilingue de BANKIM,ADAMAOUA,2HC1GSBD112407107
AD25041H07,LYCEE BILINGUE DE SOMIE,ALPHA_PREFIX,Adamaoua,CONFIRMED_BY_MATCH,ESG_OR_UNKNOWN,PROBABLE,Lyce Bilingue de SOMIE,ADAMAOUA,2HC1GSBD110625114
AD25041I08,LYCEE BILINGUE DE NYAMBOYA,ALPHA_PREFIX,Adamaoua,CONFIRMED_BY_MATCH,ESG_OR_UNKNOWN,PROBABLE,Lyce de NYAMBOYA,ADAMAOUA,2HC1GSFD112403112
AD25041I09,LYCEE DE SONGKOLONG,ALPHA_PREFIX,Adamaoua,CONFIRMED_BY_MATCH,ESG_OR_UNKNOWN,PROBABLE,Lyce de SONGKOLONG,ADAMAOUA,2HC1GSFD110029109
AD25041L18,LYCEE TECHNIQUE DE BANKIM,ALPHA_PREFIX,Adamaoua,CONFIRMED_BY_MATCH,ESTP,PROBABLE,Lyce Bilingue de BANKIM,ADAMAOUA,2HC1GSBD112407107
AD25043A10,LYCEE BILINGUE DE SABONGARI - BANYO,ALPHA_PREFIX,Adamaoua,CONFIRMED_BY_MATCH,ESG_OR_UNKNOWN,PROBABLE,Lyce Bilingue de BANYO,ADAMAOUA,2HE1GSBD110503107
AD25043A11,CES DE SAMBOLABO,ALPHA_PREFIX,Adamaoua,CONFIRMED_BY_MATCH,ESG_OR_UNKNOWN,EXACT_IDENTITY_REGION,CES de SAMBOLABO,ADAMAOUA,2HE1GSFD100508108
AD25043E19,ENIEG DE BANYO,ALPHA_PREFIX,Adamaoua,CONFIRMED_BY_MATCH,ENI,PROBABLE,Lyce Bilingue de BANYO,ADAMAOUA,2HE1GSBD110503107
AD25043H12,LYCEE BILINGUE D&#039;ALLAT,ALPHA_PREFIX,Adamaoua,CONFIRMED_BY_MATCH,ESG_OR_UNKNOWN,PROBABLE,Lyce Bilingue d'ALLAT,ADAMAOUA,2HE1GSBD110609115
AD25043H13,LYCEE BILINGUE DE BANYO,ALPHA_PREFIX,Adamaoua,CONFIRMED_BY_MATCH,ESG_OR_UNKNOWN,PROBABLE,Lyce Bilingue de BANYO,ADAMAOUA,2HE1GSBD110503107
AD25043I14,LYCEE DE BANYO,ALPHA_PREFIX,Adamaoua,CONFIRMED_BY_MATCH,ESG_OR_UNKNOWN,PROBABLE,Lyce Bilingue de BANYO,ADAMAOUA,2HE1GSBD110503107
AD25043L20,LYCEE TECHNIQUE DE BANYO,ALPHA_PREFIX,Adamaoua,CONFIRMED_BY_MATCH,ESTP,PROBABLE,Lyce Bilingue de BANYO,ADAMAOUA,2HE1GSBD110503107
AD25210H15,LYCEE BILINGUE DE MAYO DARLE,ALPHA_PREFIX,Adamaoua,CONFIRMED_BY_MATCH,ESG_OR_UNKNOWN,PROBABLE,Lyce Bilingue de MAYO-DARLE,ADAMAOUA,2HH1GSBD110044114
AD34091A01,CES DE BAGODO,ALPHA_PREFIX,Adamaoua,CONFIRMED_BY_MATCH,ESG_OR_UNKNOWN,EXACT_IDENTITY_REGION,CES de BAGODO,ADAMAOUA,2IC1GSFD101054112
AD34091A02,LYCEE DE KALALDI,ALPHA_PREFIX,Adamaoua,CONFIRMED_BY_MATCH,ESG_OR_UNKNOWN,NEW,,,
AD34091C19,CETIC DE DIR,ALPHA_PREFIX,Adamaoua,CONFIRMED_BY_MATCH,ESTP,NEW,,,
AD34091I03,LYCEE DE DIR,ALPHA_PREFIX,Adamaoua,CONFIRMED_BY_MATCH,ESG_OR_UNKNOWN,NEW,,,
AD34095A04,CES DE YAMBA,ALPHA_PREFIX,Adamaoua,CONFIRMED_BY_MATCH,ESG_OR_UNKNOWN,EXACT_IDENTITY_REGION,CES de YAMBA,ADAMAOUA,2IE1GSFD101263111
AD34095A05,CES DE YARMBANG,ALPHA_PREFIX,Adamaoua,CONFIRMED_BY_MATCH,ESG_OR_UNKNOWN,EXACT_IDENTITY_REGION,CES de YARMBANG,ADAMAOUA,2IE1GSFD100842113
AD34095C20,CETIC DE DJOHONG,ALPHA_PREFIX,Adamaoua,CONFIRMED_BY_MATCH,ESTP,PROBABLE,Lyce Bilingue de DJOHONG,ADAMAOUA,2IE1GSFD111184101
AD34095I06,LYCEE DE DJOHONG,ALPHA_PREFIX,Adamaoua,CONFIRMED_BY_MATCH,ESG_OR_UNKNOWN,PROBABLE,Lyce Bilingue de DJOHONG,ADAMAOUA,2IE1GSFD111184101
AD34226A07,CES DE BEKA GUIWANG,ALPHA_PREFIX,Adamaoua,CONFIRMED_BY_MATCH,ESG_OR_UNKNOWN,PROBABLE,CES de BEKA,ADAMAOUA,2IH1GSFD100239113
AD34226A08,CES DE FADA,ALPHA_PREFIX,Adamaoua,CONFIRMED_BY_MATCH,ESG_OR_UNKNOWN,EXACT_IDENTITY_REGION,CES de FADA,ADAMAOUA,2IH1GSFD102855115
AD34226A09,LYCEE DE GARGA-LIMBONA,ALPHA_PREFIX,Adamaoua,CONFIRMED_BY_MATCH,ESG_OR_UNKNOWN,PROBABLE,CES de GARGA-LIMBONA,ADAMAOUA,2IH1GSFD102190110
AD34226A10,CES DE MBARANG,ALPHA_PREFIX,Adamaoua,CONFIRMED_BY_MATCH,ESG_OR_UNKNOWN,EXACT_IDENTITY_REGION,CES de MBARANG,ADAMAOUA,2IH1GSFD102854115
AD34226A11,CES DE MIKILA,ALPHA_PREFIX,Adamaoua,CONFIRMED_BY_MATCH,ESG_OR_UNKNOWN,EXACT_IDENTITY_REGION,CES de MIKILA,ADAMAOUA,2IH1GSFD102912114
AD34226C21,CETIC DE KOMBO-LAKA,ALPHA_PREFIX,Adamaoua,CONFIRMED_BY_MATCH,ESTP,NEW,,,
10010003,COURS DU SOIR BILINGUE LA PROVIDENCE,DIGIT_PREFIX,,,ADULT_EVENING,NEW,,,
AD34226E22,ENIEG DE MEIGANGA,ALPHA_PREFIX,Adamaoua,CONFIRMED_BY_MATCH,ENI,PROBABLE,Lyce Bilingue de MEIGANGA,ADAMAOUA,2IH1GSBD111861107
AD34226H12,LYCEE BILINGUE DE MEIGANGA,ALPHA_PREFIX,Adamaoua,CONFIRMED_BY_MATCH,ESG_OR_UNKNOWN,PROBABLE,Lyce Bilingue de MEIGANGA,ADAMAOUA,2IH1GSBD111861107
AD34226I13,LYCEE CLASSIQUE ET MODERNE DE MEIGANGA,ALPHA_PREFIX,Adamaoua,CONFIRMED_BY_MATCH,ESG_OR_UNKNOWN,PROBABLE,Lyce Classique et Moderne de MEIGANGA,ADAMAOUA,2IH1GSFD112450088
AD34226I14,LYCEE DE BATOUA GODOLE,ALPHA_PREFIX,Adamaoua,CONFIRMED_BY_MATCH,ESG_OR_UNKNOWN,PROBABLE,Lyce de BATOUA-GODOLE,ADAMAOUA,2IH1GSFD111152111
AD34226I15,LYCEE DE GUNBELA,ALPHA_PREFIX,Adamaoua,CONFIRMED_BY_MATCH,ESG_OR_UNKNOWN,PROBABLE,Lyce de GUNBELA,ADAMAOUA,2IH1GSFD110796115
AD34226I16,LYCEE DE LOKOTI,ALPHA_PREFIX,Adamaoua,CONFIRMED_BY_MATCH,ESG_OR_UNKNOWN,PROBABLE,Lyce de LOKOTI,ADAMAOUA,2IH1GSFD110030109
AD34226I17,LYCEE DE MEIDOUGOU,ALPHA_PREFIX,Adamaoua,CONFIRMED_BY_MATCH,ESG_OR_UNKNOWN,PROBABLE,Lyce de MEIDOUGOU,ADAMAOUA,2IH1GSFD110515115
AD34226L23,LYCEE TECHNIQUE DE MEIGANGA,ALPHA_PREFIX,Adamaoua,CONFIRMED_BY_MATCH,ESTP,PROBABLE,Lyce Bilingue de MEIGANGA,ADAMAOUA,2IH1GSBD111861107
AD34269I18,LYCEE BILINGUE DE NGAOUI,ALPHA_PREFIX,Adamaoua,CONFIRMED_BY_MATCH,ESG_OR_UNKNOWN,PROBABLE,Lyce de NGAOUI,ADAMAOUA,2II1GSFD110040112
AD57056I03,LYCEE DE BEKA MODIBO,ALPHA_PREFIX,Adamaoua,CONFIRMED_BY_MATCH,ESG_OR_UNKNOWN,PROBABLE,CES de BEKA,ADAMAOUA,2IH1GSFD100239113
AD57056A01,CES DE DJILOUGOU,ALPHA_PREFIX,Adamaoua,CONFIRMED_BY_MATCH,ESG_OR_UNKNOWN,EXACT_IDENTITY_REGION,CES de DJILOUGOU,ADAMAOUA,2JC1GSFD100338111
AD57056C39,CETIC DE BELEL,ALPHA_PREFIX,Adamaoua,CONFIRMED_BY_MATCH,ESTP,PROBABLE,Lyce Bilingue de BELEL,ADAMAOUA,2JC1GSFD111884099
AD57056I04,LYCEE BILINGUE DE BELEL,ALPHA_PREFIX,Adamaoua,CONFIRMED_BY_MATCH,ESG_OR_UNKNOWN,PROBABLE,Lyce Bilingue de BELEL,ADAMAOUA,2JC1GSFD111884099
AD57056I05,LYCEE DE TELLO,ALPHA_PREFIX,Adamaoua,CONFIRMED_BY_MATCH,ESG_OR_UNKNOWN,PROBABLE,Lyce de TELLO,ADAMAOUA,2JC1GSFD110780113
AD57056I06,LYCEE DE TOURNINGAL,ALPHA_PREFIX,Adamaoua,CONFIRMED_BY_MATCH,ESG_OR_UNKNOWN,PROBABLE,Lyce de TOURNINGAL,ADAMAOUA,2JC1GSFD110634113
AD57056I02,LYCEE D&#039;IDOOL,ALPHA_PREFIX,Adamaoua,CONFIRMED_BY_MATCH,ESG_OR_UNKNOWN,PROBABLE,Lyce d'IDOOL,ADAMAOUA,2JC1GSFD110093108
AD57205A07,CES DE HANGLOA,ALPHA_PREFIX,Adamaoua,CONFIRMED_BY_MATCH,ESG_OR_UNKNOWN,EXACT_IDENTITY_REGION,CES d'HANGLOA,ADAMAOUA,2JE1GSFD102679114
AD57205A08,CES DE LIKOK,ALPHA_PREFIX,Adamaoua,CONFIRMED_BY_MATCH,ESG_OR_UNKNOWN,EXACT_IDENTITY_REGION,CES de LIKOK,ADAMAOUA,2JE1GSFD100774113
AD57205I09,LYCEE DE MARTAP,ALPHA_PREFIX,Adamaoua,CONFIRMED_BY_MATCH,ESG_OR_UNKNOWN,PROBABLE,Lyce de MARTAP,ADAMAOUA,2JE1GSFD111147111
AD57220A10,CES DE MANN,ALPHA_PREFIX,Adamaoua,CONFIRMED_BY_MATCH,ESG_OR_UNKNOWN,NEW,,,
AD57220A11,CES DE SASSA MBERSI,ALPHA_PREFIX,Adamaoua,CONFIRMED_BY_MATCH,ESG_OR_UNKNOWN,EXACT_IDENTITY_REGION,CES de SASSA-MBERSI,ADAMAOUA,2JH1GSFD100095100
AD57220A12,LYCEE DE TAGBOUM,ALPHA_PREFIX,Adamaoua,CONFIRMED_BY_MATCH,ESG_OR_UNKNOWN,PROBABLE,CES de TAGBOUM,ADAMAOUA,2JH1GSFD102121110
AD57220C40,CETIC DE TOUBAKA,ALPHA_PREFIX,Adamaoua,CONFIRMED_BY_MATCH,ESTP,NEW,,,
AD57220H13,LYCEE BILINGUE DE MBE,ALPHA_PREFIX,Adamaoua,CONFIRMED_BY_MATCH,ESG_OR_UNKNOWN,NEW,,,
AD57220I14,LYCEE DE KARNA MANGA,ALPHA_PREFIX,Adamaoua,CONFIRMED_BY_MATCH,ESG_OR_UNKNOWN,PROBABLE,Lyce de KARNA-MANGA,ADAMAOUA,2JH1GSFD111480114
AD57220I15,LYCEE DE NGAOUYANGA,ALPHA_PREFIX,Adamaoua,CONFIRMED_BY_MATCH,ESG_OR_UNKNOWN,PROBABLE,Lyce de NGAOUYANGA,ADAMAOUA,2JH1GSFD111237115
AD57220I16,LYCEE DE WACK,ALPHA_PREFIX,Adamaoua,CONFIRMED_BY_MATCH,ESG_OR_UNKNOWN,PROBABLE,Lyce de WACK,ADAMAOUA,2JH1GSFD111140113
AD57220L41,LYCEE TECHNIQUE DE MBE,ALPHA_PREFIX,Adamaoua,CONFIRMED_BY_MATCH,ESTP,NEW,,,
AD57268A17,CES DE MBANG-MBOUM,ALPHA_PREFIX,Adamaoua,CONFIRMED_BY_MATCH,ESG_OR_UNKNOWN,EXACT_IDENTITY_REGION,CES de MBANG-MBOUM,ADAMAOUA,2JI1GSFD100700112
AD57268A18,CES DE NYASSAR,ALPHA_PREFIX,Adamaoua,CONFIRMED_BY_MATCH,ESG_OR_UNKNOWN,EXACT_IDENTITY_REGION,CES de NYASSAR,ADAMAOUA,2JI1GSFD100611113
AD57268C42,CETIC DE BEREM-GOP,ALPHA_PREFIX,Adamaoua,CONFIRMED_BY_MATCH,ESTP,PROBABLE,Lyce de BEREM,ADAMAOUA,2JI1GSFD110018111
AD57268C43,LYCEE TECHNIQUE DE MBANG-BOUHARI,ALPHA_PREFIX,Adamaoua,CONFIRMED_BY_MATCH,ESTP,PROBABLE,CES de MBANG-MBOUM,ADAMAOUA,2JI1GSFD100700112
AD57268I19,LYCEE DE BEREM,ALPHA_PREFIX,Adamaoua,CONFIRMED_BY_MATCH,ESG_OR_UNKNOWN,PROBABLE,Lyce de BEREM,ADAMAOUA,2JI1GSFD110018111
AD57268I20,LYCEE BILINGUE DE GANGASSAOU,ALPHA_PREFIX,Adamaoua,CONFIRMED_BY_MATCH,ESG_OR_UNKNOWN,PROBABLE,Lyce Bilingue de GANGASSAOU,ADAMAOUA,2JI1GSFD110089108
AD57268I21,LYCEE DE NGAN-HA,ALPHA_PREFIX,Adamaoua,CONFIRMED_BY_MATCH,ESG_OR_UNKNOWN,PROBABLE,Lyce de NGAN-HA,ADAMAOUA,2JI1GSFD110422108
AD57272B27,CES BILINGUE DE MARZA,ALPHA_PREFIX,Adamaoua,CONFIRMED_BY_MATCH,ESG_OR_UNKNOWN,EXACT_IDENTITY_REGION,CES Bilingue de MARZA,ADAMAOUA,2JK1GSBD102853115
AD57271A22,LYCEE DE BAMYANGA HAMADJANGUI,ALPHA_PREFIX,Adamaoua,CONFIRMED_BY_MATCH,ESG_OR_UNKNOWN,PROBABLE,CES de BAMYANGA-HAMADJANGUI,ADAMAOUA,2JJ1GSFD101476112
AD57271C44,LYCEE TECHNIQUE DE BEKA HOSSERE,ALPHA_PREFIX,Adamaoua,CONFIRMED_BY_MATCH,ESTP,PROBABLE,CES de BEKA,ADAMAOUA,2IH1GSFD100239113
10040004,COLLEGE BILINGUE DE MAZENOD,DIGIT_PREFIX,,,ESG_OR_UNKNOWN,NEW,,,
10040005,COLLEGE BILINGUE LA DISTINCTION,DIGIT_PREFIX,,,ESG_OR_UNKNOWN,NEW,,,
10040006,COLLEGE MODERNE LE SEPTENTRION,DIGIT_PREFIX,,,ESG_OR_UNKNOWN,PROBABLE_NO_REGION_SIGNAL,Lyce Classique et Moderne de BAFIA,CENTRE,5HC1GSFD112342106
10040007,COLLEGE PROTESTANT DE NGAOUNDERE,DIGIT_PREFIX,,,ESG_OR_UNKNOWN,PROBABLE_NO_REGION_SIGNAL,Lyce Bilingue de NGAOUNDERE,ADAMAOUA,2JK1GSBD112472091
10040008,COURS DU SOIR ADAM EXCELLENCE,DIGIT_PREFIX,,,ADULT_EVENING,NEW,,,
10040009,COURS DU SOIR LA CONFIANCE,DIGIT_PREFIX,,,ADULT_EVENING,NEW,,,
10040010,ENIEG PRIVEE LAIQUE LES PINTADEAUX DE NGAOUNDERE,DIGIT_PREFIX,,,ENI,PROBABLE_NO_REGION_SIGNAL,Lyce Bilingue de NGAOUNDERE,ADAMAOUA,2JK1GSBD112472091
AD57271G46,ENIET DE NGAOUNDERE,ALPHA_PREFIX,Adamaoua,CONFIRMED_BY_MATCH,ENI,PROBABLE,Lyce Bilingue de NGAOUNDERE,ADAMAOUA,2JK1GSBD112472091
10040011,ENIEG PRIVEE BILINGUE LES ARCHANGES,DIGIT_PREFIX,,,ENI,NEW,,,
10040012,GRACE COMPREHENSIVE BILINGUAL HIGH SCHOOL NGAOUNDERE,DIGIT_PREFIX,,,ESG_OR_UNKNOWN,PROBABLE_NO_REGION_SIGNAL,Lyce Bilingue de NGAOUNDERE,ADAMAOUA,2JK1GSBD112472091
10040013,INSTITUT POLYVALENT BILINGUE LES PINTADES,DIGIT_PREFIX,,,ESG_OR_UNKNOWN,NEW,,,
AD57271H23,LYCEE BILINGUE DE BAMYANGA,ALPHA_PREFIX,Adamaoua,CONFIRMED_BY_MATCH,ESG_OR_UNKNOWN,PROBABLE,CES de BAMYANGA-HAMADJANGUI,ADAMAOUA,2JJ1GSFD101476112
AD57271I24,LYCEE CLASSIQUE ET MODERNE DE NGAOUNDERE,ALPHA_PREFIX,Adamaoua,CONFIRMED_BY_MATCH,ESG_OR_UNKNOWN,PROBABLE,Lyce Classique et Moderne de MEIGANGA,ADAMAOUA,2IH1GSFD112450088
AD57271I25,LYCEE DE BEKA HOSSERE,ALPHA_PREFIX,Adamaoua,CONFIRMED_BY_MATCH,ESG_OR_UNKNOWN,PROBABLE,CES de BEKA,ADAMAOUA,2IH1GSFD100239113
AD57271I26,LYCEE DE BURKINA,ALPHA_PREFIX,Adamaoua,CONFIRMED_BY_MATCH,ESG_OR_UNKNOWN,PROBABLE,Lyce de BURKINA,ADAMAOUA,2JJ1GSFD111065112
10040016,COLLEGE BIL DE MARDOCK NAFISSA ALI AL ISLAMIYAH,DIGIT_PREFIX,,,ESG_OR_UNKNOWN,PROBABLE_NO_REGION_SIGNAL,Lyce de NGAOUNDERE-MARDOCK,ADAMAOUA,2JK1GSFD112133099
10040017,COLLEGE POLYVALENT BILINGUE LA VICTOIRE,DIGIT_PREFIX,,,ESG_OR_UNKNOWN,NEW,,,
10040018,COLLEGE PRIVE ISLAMIQUE BILINGUE DE NGAOUNDERE MBIBAKLA,DIGIT_PREFIX,,,ESG_OR_UNKNOWN,PROBABLE_NO_REGION_SIGNAL,Lyce Bilingue de NGAOUNDERE,ADAMAOUA,2JK1GSBD112472091
10040019,COLLEGE PRIVE LAIC DE LA VINA,DIGIT_PREFIX,,,ESG_OR_UNKNOWN,NEW,,,
10040020,COLLEGE PRIVE LAIC POLYVALENT DE L&#039;ADAMAOUA,DIGIT_PREFIX,,,ESG_OR_UNKNOWN,NEW,,,
10040021,COURS DU SOIR LA VICTOIRE,DIGIT_PREFIX,,,ADULT_EVENING,NEW,,,
10040022,DOLPHINS BILINGUAL SECONDARY SCHOOL,DIGIT_PREFIX,,,ESG_OR_UNKNOWN,NEW,,,
AD57271F45,ENIEG BILINGUE DE NGAOUNDERE,ALPHA_PREFIX,Adamaoua,CONFIRMED_BY_MATCH,ENI,PROBABLE,Lyce Bilingue de NGAOUNDERE,ADAMAOUA,2JK1GSBD112472091
10040023,ENIEG PRIVEE LAIQUE LA VICTOIRE DE NGAOUNDERE,DIGIT_PREFIX,,,ENI,PROBABLE_NO_REGION_SIGNAL,Lyce Bilingue de NGAOUNDERE,ADAMAOUA,2JK1GSBD112472091
AD57272H28,LYCEE BILINGUE DE NGAOUNDERE,ALPHA_PREFIX,Adamaoua,CONFIRMED_BY_MATCH,ESG_OR_UNKNOWN,PROBABLE,Lyce Bilingue de NGAOUNDERE,ADAMAOUA,2JK1GSBD112472091
AD57272I29,LYCEE DE GADA MABANGA,ALPHA_PREFIX,Adamaoua,CONFIRMED_BY_MATCH,ESG_OR_UNKNOWN,PROBABLE,Lyce de GADA-MABANGA,ADAMAOUA,2JK1GSFD111274114
AD57272I30,LYCEE DE NGAOUNDERE MARDOCK,ALPHA_PREFIX,Adamaoua,CONFIRMED_BY_MATCH,ESG_OR_UNKNOWN,PROBABLE,Lyce de NGAOUNDERE-MARDOCK,ADAMAOUA,2JK1GSFD112133099
AD57272I31,LYCEE DE SABONGARI,ALPHA_PREFIX,Adamaoua,CONFIRMED_BY_MATCH,ESG_OR_UNKNOWN,PROBABLE,CES de SABONGARI-BANYO,ADAMAOUA,2HE1GSFD102708114
AD57272L47,LYCEE TECHNIQUE DE NGAOUNDERE,ALPHA_PREFIX,Adamaoua,CONFIRMED_BY_MATCH,ESTP,PROBABLE,Lyce Bilingue de NGAOUNDERE,ADAMAOUA,2JK1GSBD112472091
AD57272L48,LYCEE TECHNIQUE DE NGAOUNDERE MARDOCK,ALPHA_PREFIX,Adamaoua,CONFIRMED_BY_MATCH,ESTP,PROBABLE,Lyce de NGAOUNDERE-MARDOCK,ADAMAOUA,2JK1GSFD112133099
AD57273A33,CES de TCHABAL,ALPHA_PREFIX,Adamaoua,CONFIRMED_BY_MATCH,ESG_OR_UNKNOWN,EXACT_IDENTITY_REGION,CES de TCHABAL,ADAMAOUA,2JL1GSFD103159118
AD57273A32,CES DE BEKA NGAOUMOKONE,ALPHA_PREFIX,Adamaoua,CONFIRMED_BY_MATCH,ESG_OR_UNKNOWN,PROBABLE,CES de BEKA,ADAMAOUA,2IH1GSFD100239113
AD57273C49,CETIC DE MALANG,ALPHA_PREFIX,Adamaoua,CONFIRMED_BY_MATCH,ESTP,PROBABLE,Lyce Bilingue de MALANG,ADAMAOUA,2JL1GSBD111486106
AD57273H34,LYCEE BILINGUE DE MALANG,ALPHA_PREFIX,Adamaoua,CONFIRMED_BY_MATCH,ESG_OR_UNKNOWN,PROBABLE,Lyce Bilingue de MALANG,ADAMAOUA,2JL1GSBD111486106
AD57273I35,LYCEE DE MANWI,ALPHA_PREFIX,Adamaoua,CONFIRMED_BY_MATCH,ESG_OR_UNKNOWN,PROBABLE,Lyce de MANWI,ADAMAOUA,2JL1GSFD111268113
AD57309I38,LYCEE DE WASSANDE,ALPHA_PREFIX,Adamaoua,CONFIRMED_BY_MATCH,ESG_OR_UNKNOWN,PROBABLE,Lyce de WASSANDE,ADAMAOUA,2JM1GSFD110718115
AD57309I36,LYCEE DE DIBI,ALPHA_PREFIX,Adamaoua,CONFIRMED_BY_MATCH,ESG_OR_UNKNOWN,PROBABLE,Lyce de DIBI,ADAMAOUA,2JM1GSFD110336113
AD57309I37,LYCEE BILINGUE DE NYAMBAKA,ALPHA_PREFIX,Adamaoua,CONFIRMED_BY_MATCH,ESG_OR_UNKNOWN,PROBABLE,Lyce Bilingue de NYAMBAKA,ADAMAOUA,2JM1GSFD110731111
CE13063A01,CES DE METEP,ALPHA_PREFIX,Centre,CONFIRMED_BY_MATCH,ESG_OR_UNKNOWN,EXACT_IDENTITY_REGION,CES de METEP,CENTRE,5CC1GSFD102014103
CE13063I02,LYCEE DE BIBEY,ALPHA_PREFIX,Centre,CONFIRMED_BY_MATCH,ESG_OR_UNKNOWN,PROBABLE,Lyce de BIBEY,CENTRE,5CC1GSFD110596107
CE13182A04,CES DE ZOA,ALPHA_PREFIX,Centre,CONFIRMED_BY_MATCH,ESG_OR_UNKNOWN,EXACT_IDENTITY_REGION,CES de ZOA,CENTRE,5CE1GSFD100593111
CE13182A03,CES D&#039;ENDOUMDANE,ALPHA_PREFIX,Centre,CONFIRMED_BY_MATCH,ESG_OR_UNKNOWN,PROBABLE,CES d'ENDOUMDANE,CENTRE,5CE1GSFD100766112
CE13182C27,CETIC DE LEMBE YEZOUM,ALPHA_PREFIX,Centre,CONFIRMED_BY_MATCH,ESTP,PROBABLE,Lyce de LEMBE-YEZOUM,CENTRE,5CE1GSFD110541109
CE13182C28,CETIC DE SIMBANE,ALPHA_PREFIX,Centre,CONFIRMED_BY_MATCH,ESTP,NEW,,,
CE13182I05,LYCEE DE BANA ONDOM,ALPHA_PREFIX,Centre,CONFIRMED_BY_MATCH,ESG_OR_UNKNOWN,PROBABLE,Lyce de BANA-ONDOM,CENTRE,5CE1GSFD110124108
CE13182I06,LYCEE DE LEMBE-YEZOUM,ALPHA_PREFIX,Centre,CONFIRMED_BY_MATCH,ESG_OR_UNKNOWN,PROBABLE,Lyce de LEMBE-YEZOUM,CENTRE,5CE1GSFD110541109
CE13215A07,CES DE NDJORE,ALPHA_PREFIX,Centre,CONFIRMED_BY_MATCH,ESG_OR_UNKNOWN,EXACT_IDENTITY_REGION,CES de NDJORE,CENTRE,5CH1GSFD102443109
11090024,COLLEGE PRIVE LAIC BILINGUE SAINT PAUL,DIGIT_PREFIX,,,ESG_OR_UNKNOWN,PROBABLE_NO_REGION_SIGNAL,Lyce de SANGUERE PAUL,NORD,1CL1GSFD111465106
CE13215H08,LYCEE BILINGUE DE MBANDJOCK,ALPHA_PREFIX,Centre,CONFIRMED_BY_MATCH,ESG_OR_UNKNOWN,PROBABLE,Lyce de MBANDJOCK,CENTRE,5CH1GSFD110137113
CE13215I09,LYCEE DE MBANDJOCK,ALPHA_PREFIX,Centre,CONFIRMED_BY_MATCH,ESG_OR_UNKNOWN,PROBABLE,Lyce de MBANDJOCK,CENTRE,5CH1GSFD110137113
CE13215L29,LYCEE TECHNIQUE BILINGUE DE MBANDJOCK,ALPHA_PREFIX,Centre,CONFIRMED_BY_MATCH,ESTP,PROBABLE,Lyce de MBANDJOCK,CENTRE,5CH1GSFD110137113
CE13242A10,CES DE MEKON II,ALPHA_PREFIX,Centre,CONFIRMED_BY_MATCH,ESG_OR_UNKNOWN,EXACT_IDENTITY_REGION,CES de MEKON II,CENTRE,5CI1GSFD102464099
CE13242A11,CES DE NGO&#039;O,ALPHA_PREFIX,Centre,CONFIRMED_BY_MATCH,ESG_OR_UNKNOWN,NEW,,,
CE13242A12,CES DE VELA,ALPHA_PREFIX,Centre,CONFIRMED_BY_MATCH,ESG_OR_UNKNOWN,EXACT_IDENTITY_REGION,CES de VELA,CENTRE,5CI1GSFD100480106
CE13242C30,CETIC DE MBET,ALPHA_PREFIX,Centre,CONFIRMED_BY_MATCH,ESTP,NEW,,,
CE13242C25,CETIC DE MINTA,ALPHA_PREFIX,Centre,CONFIRMED_BY_MATCH,ESTP,PROBABLE,Lyce Bilingue de MINTA,CENTRE,5CI1GSBD112087112
CE13242C32,CETIC DE WALL,ALPHA_PREFIX,Centre,CONFIRMED_BY_MATCH,ESTP,PROBABLE,Lyce de WALL,CENTRE,5CI1GSFD110426111
CE13242H13,LYCEE BILINGUE DE MINTA,ALPHA_PREFIX,Centre,CONFIRMED_BY_MATCH,ESG_OR_UNKNOWN,PROBABLE,Lyce Bilingue de MINTA,CENTRE,5CI1GSBD112087112
CE13242I14,LYCEE DE WALL,ALPHA_PREFIX,Centre,CONFIRMED_BY_MATCH,ESG_OR_UNKNOWN,PROBABLE,Lyce de WALL,CENTRE,5CI1GSFD110426111
CE13258A16,CES DE BIBOA,ALPHA_PREFIX,Centre,CONFIRMED_BY_MATCH,ESG_OR_UNKNOWN,EXACT_IDENTITY_REGION,CES de BIBOA,CENTRE,5CJ1GSFD100415107
CE13258A17,CES DE DEA,ALPHA_PREFIX,Centre,CONFIRMED_BY_MATCH,ESG_OR_UNKNOWN,EXACT_IDENTITY_REGION,CES de DEA,CENTRE,5CJ1GSFD100378107
CE13258A15,CES DE OUASSA BAMVELE,ALPHA_PREFIX,Centre,CONFIRMED_BY_MATCH,ESG_OR_UNKNOWN,EXACT_IDENTITY_REGION,CES d'OUASSA-BAMVELE,CENTRE,5CJ1GSFD101886104
CE13258C26,CETIC DE EMTSE,ALPHA_PREFIX,Centre,CONFIRMED_BY_MATCH,ESTP,NEW,,,
11090025,COLLEGE ADVENTISTE NANGA EBOKO,DIGIT_PREFIX,,,ESG_OR_UNKNOWN,PROBABLE_NO_REGION_SIGNAL,Lyce Bilingue de NANGA-EBOKO,CENTRE,5CJ1GSBD112195111
11090026,COURS DU SOIR DE L&#039;ESPERANCE PIERRE OVONO,DIGIT_PREFIX,,,ADULT_EVENING,NEW,,,
CE13258E33,ENIEG DE NANGA EBOKO,ALPHA_PREFIX,Centre,CONFIRMED_BY_MATCH,ENI,PROBABLE,Lyce Bilingue de NANGA-EBOKO,CENTRE,5CJ1GSBD112195111
11090027,INSTITUT POLYVALENT ABBE BONIFACE MBENG,DIGIT_PREFIX,,,ESG_OR_UNKNOWN,PROBABLE_NO_REGION_SIGNAL,CES de MBENG,CENTRE,5MK1GSFD102444110
CE13258H18,LYCEE BILINGUE DE NANGA-EBOKO,ALPHA_PREFIX,Centre,CONFIRMED_BY_MATCH,ESG_OR_UNKNOWN,PROBABLE,Lyce Bilingue de NANGA-EBOKO,CENTRE,5CJ1GSBD112195111
CE13258I19,LYCEE CLASSIQUE DE NANGA EBOKO,ALPHA_PREFIX,Centre,CONFIRMED_BY_MATCH,ESG_OR_UNKNOWN,PROBABLE,Lyce Classique de NANGA-EBOKO,CENTRE,5CJ1GSFD111355078
CE13258I20,LYCEE DE NANGA-EBOKO RURAL,ALPHA_PREFIX,Centre,CONFIRMED_BY_MATCH,ESG_OR_UNKNOWN,PROBABLE,Lyce Bilingue de NANGA-EBOKO,CENTRE,5CJ1GSBD112195111
CE13258L34,LYCEE TECHNIQUE DE NANGA-EBOKO,ALPHA_PREFIX,Centre,CONFIRMED_BY_MATCH,ESTP,PROBABLE,Lyce Bilingue de NANGA-EBOKO,CENTRE,5CJ1GSBD112195111
CE13301A21,CES DE CAMP NANGAH,ALPHA_PREFIX,Centre,CONFIRMED_BY_MATCH,ESG_OR_UNKNOWN,EXACT_IDENTITY_REGION,CES de CAMP-NANGAH,CENTRE,5CK1GSFD101633112
CE13301H22,LYCEE BILINGUE DE NKOTENG,ALPHA_PREFIX,Centre,CONFIRMED_BY_MATCH,ESG_OR_UNKNOWN,PROBABLE,Lyce Bilingue de NKOTENG,CENTRE,5CK1GSBD110390109
CE13301I23,LYCEE DE NKOTENG,ALPHA_PREFIX,Centre,CONFIRMED_BY_MATCH,ESG_OR_UNKNOWN,PROBABLE,Lyce Bilingue de NKOTENG,CENTRE,5CK1GSBD110390109
CE13301L35,LYCEE TECHNIQUE DE NKOTENG,ALPHA_PREFIX,Centre,CONFIRMED_BY_MATCH,ESTP,PROBABLE,Lyce Bilingue de NKOTENG,CENTRE,5CK1GSBD110390109
CE13242C31,CETIC DE NSEM,ALPHA_PREFIX,Centre,CONFIRMED_BY_MATCH,ESTP,PROBABLE,Lyce de NSEM,CENTRE,5CL1GSFD110015112
11090028,COLLEGE DJOA ANGONI MATHESE,DIGIT_PREFIX,,,ESG_OR_UNKNOWN,NEW,,,
CE13306I24,LYCEE DE NSEM,ALPHA_PREFIX,Centre,CONFIRMED_BY_MATCH,ESG_OR_UNKNOWN,PROBABLE,Lyce de NSEM,CENTRE,5CL1GSFD110015112
CE21048A01,CES D&#039;ELON,ALPHA_PREFIX,Centre,CONFIRMED_BY_MATCH,ESG_OR_UNKNOWN,PROBABLE,CES d'ELON,CENTRE,5EC1GSFD102379110
CE21048C67,LYCEE TECHNIQUE DE BATCHENGA,ALPHA_PREFIX,Centre,CONFIRMED_BY_MATCH,ESTP,NEW,,,
CE21048I02,LYCEE DE BATCHENGA,ALPHA_PREFIX,Centre,CONFIRMED_BY_MATCH,ESG_OR_UNKNOWN,NEW,,,
CE21109A03,CES DE KOAN,ALPHA_PREFIX,Centre,CONFIRMED_BY_MATCH,ESG_OR_UNKNOWN,EXACT_IDENTITY_REGION,CES de KOAN,CENTRE,5EE1GSFD100668107
CE21109A04,CES DE LEKA,ALPHA_PREFIX,Centre,CONFIRMED_BY_MATCH,ESG_OR_UNKNOWN,EXACT_IDENTITY_REGION,CES de LEKA,CENTRE,5EE1GSFD100863110
CE21109A05,CES DE NKANG-EFOK,ALPHA_PREFIX,Centre,CONFIRMED_BY_MATCH,ESG_OR_UNKNOWN,EXACT_IDENTITY_REGION,CES de NKANG-EFOK,CENTRE,5EE1GSFD101075109
CE21109A06,CES DE NKOM,ALPHA_PREFIX,Centre,CONFIRMED_BY_MATCH,ESG_OR_UNKNOWN,EXACT_IDENTITY_REGION,CES de NKOM,CENTRE,5EE1GSFD101942112
CE21109C68,CETIC DE NGOKSA,ALPHA_PREFIX,Centre,CONFIRMED_BY_MATCH,ESTP,NEW,,,
CE21109I07,LYCEE BILINGUE D&#039;EBEBDA,ALPHA_PREFIX,Centre,CONFIRMED_BY_MATCH,ESG_OR_UNKNOWN,PROBABLE,Lyce d'EBEBDA,CENTRE,5EE1GSFD112081101
CE21118C69,CETIC D&#039;ELIG - MFOMO,ALPHA_PREFIX,Centre,CONFIRMED_BY_MATCH,ESTP,PROBABLE,Lyce d'ELIG-ESSONO,CENTRE,5LC1GSFD110189091
CE21118C70,CETIC D&#039;ENDAMA,ALPHA_PREFIX,Centre,CONFIRMED_BY_MATCH,ESTP,NEW,,,
11130029,INSTITUT POPULORUM PROGRESSIO,DIGIT_PREFIX,,,ESG_OR_UNKNOWN,NEW,,,
CE21118I09,LYCEE DE KOKODO,ALPHA_PREFIX,Centre,CONFIRMED_BY_MATCH,ESG_OR_UNKNOWN,PROBABLE,Lyce de KOKODO,CENTRE,5EH1GSFD110860112
CE21118I10,LYCEE DE NIGA,ALPHA_PREFIX,Centre,CONFIRMED_BY_MATCH,ESG_OR_UNKNOWN,PROBABLE,Lyce de NIGA,CENTRE,5EH1GSFD110627111
CE21118I08,LYCEE D&#039;ELIG-MFOMO,ALPHA_PREFIX,Centre,CONFIRMED_BY_MATCH,ESG_OR_UNKNOWN,PROBABLE,Lyce d'ELIG-ESSONO,CENTRE,5LC1GSFD110189091
CE21118L71,LYCEE TECHNIQUE DE NKOLOSSAN,ALPHA_PREFIX,Centre,CONFIRMED_BY_MATCH,ESTP,NEW,,,
CE21122A11,CES DE KOMO EVODOULA,ALPHA_PREFIX,Centre,CONFIRMED_BY_MATCH,ESG_OR_UNKNOWN,EXACT_IDENTITY_REGION,CES de KOMO-EVODOULA,CENTRE,5EI1GSFD101079110
CE21122A12,CES DE NLOUDOU,ALPHA_PREFIX,Centre,CONFIRMED_BY_MATCH,ESG_OR_UNKNOWN,EXACT_IDENTITY_REGION,CES de NLOUDOU,CENTRE,5EI1GSFD100585109
CE21122C72,CETIC DE NKOLASSA,ALPHA_PREFIX,Centre,CONFIRMED_BY_MATCH,ESTP,PROBABLE,Lyce de NKOLASSA,CENTRE,5EI1GSFD111913112
CE21122H13,LYCEE BILINGUE D&#039;EVODOULA,ALPHA_PREFIX,Centre,CONFIRMED_BY_MATCH,ESG_OR_UNKNOWN,PROBABLE,Lyce Bilingue d'EVODOULA,CENTRE,5EI1GSBD111909115
CE21122I14,LYCEE DE NKOLASSA,ALPHA_PREFIX,Centre,CONFIRMED_BY_MATCH,ESG_OR_UNKNOWN,PROBABLE,Lyce de NKOLASSA,CENTRE,5EI1GSFD111913112
CE21122I16,LYCEE DE PONGSOLO,ALPHA_PREFIX,Centre,CONFIRMED_BY_MATCH,ESG_OR_UNKNOWN,PROBABLE,Lyce de PONGSOLO,CENTRE,5EI1GSFD110176111
CE21122I15,LYCEE NKOLKOUGDA,ALPHA_PREFIX,Centre,CONFIRMED_BY_MATCH,ESG_OR_UNKNOWN,PROBABLE,Lyce de NKOLKOUGDA,CENTRE,5EI1GSFD112406111
CE21122L73,LYCEE TECHNIQUE D&#039;EVODOULA,ALPHA_PREFIX,Centre,CONFIRMED_BY_MATCH,ESTP,PROBABLE,Lyce Bilingue d'EVODOULA,CENTRE,5EI1GSBD111909115
CE21184A17,CES EKEKAM III,ALPHA_PREFIX,Centre,CONFIRMED_BY_MATCH,ESG_OR_UNKNOWN,EXACT_IDENTITY_REGION,CES d'EKEKAM III,CENTRE,5EJ1GSFD101063110
CE21184A18,CES NKOLMEYANG LOBO,ALPHA_PREFIX,Centre,CONFIRMED_BY_MATCH,ESG_OR_UNKNOWN,EXACT_IDENTITY_REGION,CES de NKOLMEYANG-LOBO,CENTRE,5EJ1GSFD100844111
CE21184C74,LYCEE TECHNIQUE D&#039;AKOK,ALPHA_PREFIX,Centre,CONFIRMED_BY_MATCH,ESTP,NEW,,,
11130030,COLLEGE PRIVE LAIC LE MAGNIFICAT,DIGIT_PREFIX,,,ESG_OR_UNKNOWN,NEW,,,
CE21184I19,LYCEE DE LOBO,ALPHA_PREFIX,Centre,CONFIRMED_BY_MATCH,ESG_OR_UNKNOWN,PROBABLE,Lyce de LOBO,CENTRE,5EJ1GSFD111068108
CE21184I20,LYCEE MODERNE DE NLONG,ALPHA_PREFIX,Centre,CONFIRMED_BY_MATCH,ESG_OR_UNKNOWN,PROBABLE,Lyce Classique et Moderne de BAFIA,CENTRE,5HC1GSFD112342106
11130031,CEGTI SAINT BENOIT DE TALA,DIGIT_PREFIX,,,ESTP,NEW,,,
CE21249B21,LYCEE BILINGUE DE MONATELE,ALPHA_PREFIX,Centre,CONFIRMED_BY_MATCH,ESG_OR_UNKNOWN,PROBABLE,Lyce Bilingue de MONATELE,CENTRE,5EK1GSBD102460112
CE21249A23,CES DE KOUGOUDA-CENTRE,ALPHA_PREFIX,Centre,CONFIRMED_BY_MATCH,ESG_OR_UNKNOWN,EXACT_IDENTITY_REGION,CES de KOUGOUDA-CENTRE,CENTRE,5EK1GSFD102362110
CE21249A22,CES D&#039;ELIG-AMBASSA,ALPHA_PREFIX,Centre,CONFIRMED_BY_MATCH,ESG_OR_UNKNOWN,PROBABLE,CES D'ELIG-AMBASSA,CENTRE,5EK1GSFD102359110
CE21249C77,CETIC D&#039;ETAKA,ALPHA_PREFIX,Centre,CONFIRMED_BY_MATCH,ESTP,NEW,,,
CE21249C75,CETIC DE NKOLKOSSE,ALPHA_PREFIX,Centre,CONFIRMED_BY_MATCH,ESTP,NEW,,,
CE21249C76,CETIC D&#039;EMANA,ALPHA_PREFIX,Centre,CONFIRMED_BY_MATCH,ESTP,PROBABLE,Lyce Bilingue d'EMANA,CENTRE,5LC1GSBD110334112
11130032,COLLEGE PRIVE LAIC DE L&#039;ESPOIR MONATELE,DIGIT_PREFIX,,,ESG_OR_UNKNOWN,PROBABLE_NO_REGION_SIGNAL,Lyce Bilingue de MONATELE,CENTRE,5EK1GSBD102460112
11130033,COLLEGE PRIVE LAIC NDOMO,DIGIT_PREFIX,,,ESG_OR_UNKNOWN,NEW,,,
CE21249E78,ENIEG DE MONATELE,ALPHA_PREFIX,Centre,CONFIRMED_BY_MATCH,ENI,PROBABLE,Lyce Bilingue de MONATELE,CENTRE,5EK1GSBD102460112
CE21249I24,LYCEE DE MONABO,ALPHA_PREFIX,Centre,CONFIRMED_BY_MATCH,ESG_OR_UNKNOWN,PROBABLE,Lyce de MONABO,CENTRE,5EK1GSFD110163112
CE21249I25,LYCEE DE MONATELE,ALPHA_PREFIX,Centre,CONFIRMED_BY_MATCH,ESG_OR_UNKNOWN,PROBABLE,Lyce Bilingue de MONATELE,CENTRE,5EK1GSBD102460112
CE21249I26,LYCEE DE MONATELE II,ALPHA_PREFIX,Centre,CONFIRMED_BY_MATCH,ESG_OR_UNKNOWN,PROBABLE,Lyce Bilingue de MONATELE,CENTRE,5EK1GSBD102460112
CE21249L64,LYCEE TECHNIQUE DE MONATELE,ALPHA_PREFIX,Centre,CONFIRMED_BY_MATCH,ESTP,PROBABLE,Lyce Bilingue de MONATELE,CENTRE,5EK1GSBD102460112
CE21311A31,CES DE NKOLMELEN,ALPHA_PREFIX,Centre,CONFIRMED_BY_MATCH,ESG_OR_UNKNOWN,EXACT_IDENTITY_REGION,CES de NKOLMELEN,CENTRE,5EL1GSFD102849115
CE21311A30,CES DE MBELE I,ALPHA_PREFIX,Centre,CONFIRMED_BY_MATCH,ESG_OR_UNKNOWN,NEW,,,
CE21311A32,CES DE NTUISSONG OBALA,ALPHA_PREFIX,Centre,CONFIRMED_BY_MATCH,ESG_OR_UNKNOWN,EXACT_IDENTITY_REGION,CES de NTUISSONG-OBALA,CENTRE,5EL1GSFD100193106
CE21311A27,CES D&#039;ELIG NGOMO,ALPHA_PREFIX,Centre,CONFIRMED_BY_MATCH,ESG_OR_UNKNOWN,PROBABLE,Lyce d'ELIG-ESSONO,CENTRE,5LC1GSFD110189091
CE21311A28,CES D&#039;ELIG NKOUMA,ALPHA_PREFIX,Centre,CONFIRMED_BY_MATCH,ESG_OR_UNKNOWN,PROBABLE,Lyce d'ELIG-ESSONO,CENTRE,5LC1GSFD110189091
CE21311A29,CES D&#039;ESSONG OBALA,ALPHA_PREFIX,Centre,CONFIRMED_BY_MATCH,ESG_OR_UNKNOWN,PROBABLE,CES d'ESSONG (Obala),CENTRE,5EL1GSFD102447106
CE21311C80,CETIC DE YEMKOUT,ALPHA_PREFIX,Centre,CONFIRMED_BY_MATCH,ESTP,NEW,,,
CE21311C65,CETIC D&#039;ENDINDING,ALPHA_PREFIX,Centre,CONFIRMED_BY_MATCH,ESTP,NEW,,,
11130034,COLLEGE BILINGUE LA PROVIDENCE,DIGIT_PREFIX,,,ESG_OR_UNKNOWN,NEW,,,
11130035,COLLEGE JEAN XXIII D&#039;EFOK2,DIGIT_PREFIX,,,ESG_OR_UNKNOWN,NEW,,,
11130036,COLLEGE JOSEPH STINTZI,DIGIT_PREFIX,,,ESG_OR_UNKNOWN,PROBABLE_NO_REGION_SIGNAL,Lyce TSF MONGO JOSEPH,LITTORAL,7IE1GSFD110002091
11130037,COLLEGE PRIVE PROTESTANT ANDJONGO NOA,DIGIT_PREFIX,,,ESG_OR_UNKNOWN,NEW,,,
11130038,COLLEGE SEPHORA,DIGIT_PREFIX,,,ESG_OR_UNKNOWN,NEW,,,
11130039,COURS DU SOIR LA CHARITE,DIGIT_PREFIX,,,ADULT_EVENING,NEW,,,
11130040,ENIEG PRIVEE BILINGUE CLASSE N°1 D&#039;OBALA,DIGIT_PREFIX,,,ENI,PROBABLE_NO_REGION_SIGNAL,CES de NTUISSONG-OBALA,CENTRE,5EL1GSFD100193106
11130041,FONDATION LE BON SAMARITAIN,DIGIT_PREFIX,,,ESG_OR_UNKNOWN,NEW,,,
11130042,INSTITUT AGRICOLE D&#039;OBALA,DIGIT_PREFIX,,,ESG_OR_UNKNOWN,PROBABLE_NO_REGION_SIGNAL,CES de NTUISSONG-OBALA,CENTRE,5EL1GSFD100193106
11130043,INSTITUT POLYVALENT LEO,DIGIT_PREFIX,,,ESG_OR_UNKNOWN,NEW,,,
11130044,INSTITUT PRIVE LA PERSEVERANCE,DIGIT_PREFIX,,,ESG_OR_UNKNOWN,NEW,,,
CE21311H33,LYCEE BILINGUE D&#039;OBALA,ALPHA_PREFIX,Centre,CONFIRMED_BY_MATCH,ESG_OR_UNKNOWN,PROBABLE,CES de NTUISSONG-OBALA,CENTRE,5EL1GSFD100193106
CE21311I37,LYCEE DE KOUDANDENG,ALPHA_PREFIX,Centre,CONFIRMED_BY_MATCH,ESG_OR_UNKNOWN,PROBABLE,Lyce de KOUDANDENG,CENTRE,5EL1GSFD110377112
CE21311I38,LYCEE DE MINKAMA,ALPHA_PREFIX,Centre,CONFIRMED_BY_MATCH,ESG_OR_UNKNOWN,PROBABLE,Lyce de MINKAMA,CENTRE,5EL1GSFD110311110
CE21311I39,LYCEE DE NKOMOTOU,ALPHA_PREFIX,Centre,CONFIRMED_BY_MATCH,ESG_OR_UNKNOWN,PROBABLE,Lyce de NKOMOTOU,CENTRE,5EL1GSFD110340097
CE21311I40,LYCEE DE YEMESSOA I,ALPHA_PREFIX,Centre,CONFIRMED_BY_MATCH,ESG_OR_UNKNOWN,PROBABLE,Lyce de YEMESSOA I,CENTRE,5EL1GSFD110017109
CE21311I34,LYCEE D&#039;EFOK,ALPHA_PREFIX,Centre,CONFIRMED_BY_MATCH,ESG_OR_UNKNOWN,PROBABLE,CES de NKANG-EFOK,CENTRE,5EE1GSFD101075109
CE21311I35,LYCEE D&#039;EZEZANG MENDOUM,ALPHA_PREFIX,Centre,CONFIRMED_BY_MATCH,ESG_OR_UNKNOWN,PROBABLE,Lyce d'EZEZANG-MENDOUM,CENTRE,5EL1GSFD110363111
CE21311I36,LYCEE D&#039;OBALA,ALPHA_PREFIX,Centre,CONFIRMED_BY_MATCH,ESG_OR_UNKNOWN,PROBABLE,CES de NTUISSONG-OBALA,CENTRE,5EL1GSFD100193106
CE21311L66,LYCEE TECHNIQUE DE NKOMETOU CENTRE,ALPHA_PREFIX,Centre,CONFIRMED_BY_MATCH,ESTP,PROBABLE,CES de KOUGOUDA-CENTRE,CENTRE,5EK1GSFD102362110
CE21311L81,LYCEE TECHNIQUE D&#039;OBALA,ALPHA_PREFIX,Centre,CONFIRMED_BY_MATCH,ESTP,PROBABLE,CES de NTUISSONG-OBALA,CENTRE,5EL1GSFD100193106
11130045,PETIT SEMINAIRE SAINT JOSEPH D&#039;EFOK,DIGIT_PREFIX,,,ESG_OR_UNKNOWN,PROBABLE_NO_REGION_SIGNAL,CES de NKANG-EFOK,CENTRE,5EE1GSFD101075109
CE21312A43,CES DE BITSINGDA,ALPHA_PREFIX,Centre,CONFIRMED_BY_MATCH,ESG_OR_UNKNOWN,EXACT_IDENTITY_REGION,CES de BITSINGDA,CENTRE,5EM1GSFD102420111
CE21312A44,CES DE MINSOA I,ALPHA_PREFIX,Centre,CONFIRMED_BY_MATCH,ESG_OR_UNKNOWN,EXACT_IDENTITY_REGION,CES de MINSOA I,CENTRE,5EM1GSFD102423111
CE21312A45,CES DE NGOYA II,ALPHA_PREFIX,Centre,CONFIRMED_BY_MATCH,ESG_OR_UNKNOWN,EXACT_IDENTITY_REGION,CES de NGOYA II,CENTRE,5EM1GSFD102386112
CE21312A46,CES DE NKOLAKIE,ALPHA_PREFIX,Centre,CONFIRMED_BY_MATCH,ESG_OR_UNKNOWN,EXACT_IDENTITY_REGION,CES de NKOLAKIE,CENTRE,5EM1GSFD102451112
CE21312A47,CES DE NKOLEKOTSING,ALPHA_PREFIX,Centre,CONFIRMED_BY_MATCH,ESG_OR_UNKNOWN,EXACT_IDENTITY_REGION,CES de NKOLEKOTSING,CENTRE,5EM1GSFD102429112
CE21312A48,CES DE VOA II,ALPHA_PREFIX,Centre,CONFIRMED_BY_MATCH,ESG_OR_UNKNOWN,EXACT_IDENTITY_REGION,CES de VOA II,CENTRE,5EM1GSFD100792109
CE21312A41,CES D&#039;EKABITA-TOM,ALPHA_PREFIX,Centre,CONFIRMED_BY_MATCH,ESG_OR_UNKNOWN,PROBABLE,CES d'EKABITA-TOM,CENTRE,5EM1GSFD100806109
CE21312A42,LYCEE D&#039;OKOUKOUDA,ALPHA_PREFIX,Centre,CONFIRMED_BY_MATCH,ESG_OR_UNKNOWN,PROBABLE,CES d'OKOUKOUDA,CENTRE,5EM1GSFD102454109
CE21312C83,CETIC DE KONABENG,ALPHA_PREFIX,Centre,CONFIRMED_BY_MATCH,ESTP,NEW,,,
CE21312C84,CETIC DE NKOLDASSA,ALPHA_PREFIX,Centre,CONFIRMED_BY_MATCH,ESTP,NEW,,,
CE21312C82,CETIC D&#039;ELIG ONANA,ALPHA_PREFIX,Centre,CONFIRMED_BY_MATCH,ESTP,PROBABLE,Lyce d'ELIG-ESSONO,CENTRE,5LC1GSFD110189091
11130046,COLLEGE CYPRIEN MBUKA DE NGOYA,DIGIT_PREFIX,,,ESG_OR_UNKNOWN,PROBABLE_NO_REGION_SIGNAL,CES de NGOYA II,CENTRE,5EM1GSFD102386112
11130047,COLLEGE NDONGO EBODE LOUIS,DIGIT_PREFIX,,,ESG_OR_UNKNOWN,PROBABLE_NO_REGION_SIGNAL,CES de NDONGO-CENTRE,CENTRE,5MI1GSFD101239107
11130048,COLLEGE NEL,DIGIT_PREFIX,,,ESG_OR_UNKNOWN,NEW,,,
11130049,COLLEGE SAINTE THERESE DE MVA&#039;A,DIGIT_PREFIX,,,ESG_OR_UNKNOWN,NEW,,,
11130050,COURS DU SOIR NANCY & FRERES,DIGIT_PREFIX,,,ADULT_EVENING,NEW,,,
CE21312I50,LYCEE DE NKOLPOBLO,ALPHA_PREFIX,Centre,CONFIRMED_BY_MATCH,ESG_OR_UNKNOWN,PROBABLE,Lyce de NKOLPOBLO,CENTRE,5EM1GSFD110549111
CE21312I51,LYCEE DE NTUISSONG-OKOLA,ALPHA_PREFIX,Centre,CONFIRMED_BY_MATCH,ESG_OR_UNKNOWN,PROBABLE,Lyce de NTUISSONG-OKOLA,CENTRE,5EM1GSFD112245109
CE21312I52,LYCEE DE ZAMENGOE,ALPHA_PREFIX,Centre,CONFIRMED_BY_MATCH,ESG_OR_UNKNOWN,NEW,,,
CE21312I49,LYCEE BILINGUE D&#039;OKOLA,ALPHA_PREFIX,Centre,CONFIRMED_BY_MATCH,ESG_OR_UNKNOWN,PROBABLE,Lyce de NTUISSONG-OKOLA,CENTRE,5EM1GSFD112245109
CE21312L85,LYCEE TECHNIQUE DE NKOLZIBI,ALPHA_PREFIX,Centre,CONFIRMED_BY_MATCH,ESTP,NEW,,,
CE21312L86,LYCEE TECHNIQUE D&#039;OKOLA,ALPHA_PREFIX,Centre,CONFIRMED_BY_MATCH,ESTP,PROBABLE,Lyce de NTUISSONG-OKOLA,CENTRE,5EM1GSFD112245109
11130051,CEGTI SAINT JEROME DE NKOLVE,DIGIT_PREFIX,,,ESTP,PROBABLE_NO_REGION_SIGNAL,Lyce de NKOLVE,CENTRE,5EN1GSFD111938106
CE21325B53,LYCEE BILINGUE DE SA&#039;A,ALPHA_PREFIX,Centre,CONFIRMED_BY_MATCH,ESG_OR_UNKNOWN,NEW,,,
CE21325A55,CES DE NKOLBOGO I,ALPHA_PREFIX,Centre,CONFIRMED_BY_MATCH,ESG_OR_UNKNOWN,EXACT_IDENTITY_REGION,CES de NKOLBOGO I,CENTRE,5EN1GSFD100139110
CE21325A56,CES DE NKOLZOA I,ALPHA_PREFIX,Centre,CONFIRMED_BY_MATCH,ESG_OR_UNKNOWN,EXACT_IDENTITY_REGION,CES de NKOLZOA I,CENTRE,5EN1GSFD100160106
CE21325A57,CES DE NLONGZOK,ALPHA_PREFIX,Centre,CONFIRMED_BY_MATCH,ESG_OR_UNKNOWN,NEW,,,
CE21325A58,CES DE POLO,ALPHA_PREFIX,Centre,CONFIRMED_BY_MATCH,ESG_OR_UNKNOWN,EXACT_IDENTITY_REGION,CES de POLO,CENTRE,5EN1GSFD100736108
CE21325A54,CES D&#039;ONDONDO I,ALPHA_PREFIX,Centre,CONFIRMED_BY_MATCH,ESG_OR_UNKNOWN,PROBABLE,CES d'ONDONDO I,CENTRE,5EN1GSFD102366109
CE21325C87,CETIC DE MENDOUGA M&#039;OKALA,ALPHA_PREFIX,Centre,CONFIRMED_BY_MATCH,ESTP,NEW,,,
CE21311C79,CETIC DE WOMKOA,ALPHA_PREFIX,Centre,CONFIRMED_BY_MATCH,ESTP,NEW,,,
11130053,ENIEG LES PEDAGOGUES REUNIS,DIGIT_PREFIX,,,ENI,NEW,,,
CE21325I60,LYCEE DE MENGAMA,ALPHA_PREFIX,Centre,CONFIRMED_BY_MATCH,ESG_OR_UNKNOWN,PROBABLE,Lyce de MENGAMA,CENTRE,5EN1GSFD110769115
CE21325I61,LYCEE DE NKOL-EBASSIMBI,ALPHA_PREFIX,Centre,CONFIRMED_BY_MATCH,ESG_OR_UNKNOWN,PROBABLE,Lyce de NKOL-EBASSIMBI,CENTRE,5EN1GSFD112128110
CE21325I62,LYCEE DE NKOLVE,ALPHA_PREFIX,Centre,CONFIRMED_BY_MATCH,ESG_OR_UNKNOWN,PROBABLE,Lyce de NKOLVE,CENTRE,5EN1GSFD111938106
CE21325I63,LYCEE DE SA&#039;A,ALPHA_PREFIX,Centre,CONFIRMED_BY_MATCH,ESG_OR_UNKNOWN,NEW,,,
CE21325I59,LYCEE D&#039;EKEKOM,ALPHA_PREFIX,Centre,CONFIRMED_BY_MATCH,ESG_OR_UNKNOWN,PROBABLE,Lyce d'EKEKOM,CENTRE,5EN1GSFD112179100
CE21325L89,LYCEE TECHNIQUE INDUSTRIEL ET COMMERCIAL DE SA&#039;A,ALPHA_PREFIX,Centre,CONFIRMED_BY_MATCH,ESTP,NEW,,,
CE21325L88,LYCEE TECHNIQUE DE LEBAMZIP,ALPHA_PREFIX,Centre,CONFIRMED_BY_MATCH,ESTP,NEW,,,
CE32019A04,CES de RIMIS-BAFIA,ALPHA_PREFIX,Centre,CONFIRMED_BY_MATCH,ESG_OR_UNKNOWN,EXACT_IDENTITY_REGION,CES de RIMIS-BAFIA,CENTRE,5HC1GSFD102850115
CE32019A01,CES DE DONENKENG,ALPHA_PREFIX,Centre,CONFIRMED_BY_MATCH,ESG_OR_UNKNOWN,EXACT_IDENTITY_REGION,CES de DONENKENG,CENTRE,5HC1GSFD100893109
CE32019A02,CES DE LABLE,ALPHA_PREFIX,Centre,CONFIRMED_BY_MATCH,ESG_OR_UNKNOWN,EXACT_IDENTITY_REGION,CES de LABLE,CENTRE,5HC1GSFD101873111
CE32019A03,CES DE MERENG,ALPHA_PREFIX,Centre,CONFIRMED_BY_MATCH,ESG_OR_UNKNOWN,EXACT_IDENTITY_REGION,CES de MERENG,CENTRE,5HC1GSFD100920104
11150054,CETI SAINT PAUL APOTRE DE LABLE,DIGIT_PREFIX,,,ESTP,PROBABLE_NO_REGION_SIGNAL,CES de LABLE,CENTRE,5HC1GSFD101873111
11150055,CETIC SAINTE THERESE DE L&#039;ENFANT JESUS DE LABLE,DIGIT_PREFIX,,,ESTP,PROBABLE_NO_REGION_SIGNAL,CES de LABLE,CENTRE,5HC1GSFD101873111
11150056,COLLEGE PRIVE CATH-SABAYA,DIGIT_PREFIX,,,ESG_OR_UNKNOWN,NEW,,,
11150057,COLLEGE PRIVE LAIC MBONO,DIGIT_PREFIX,,,ESG_OR_UNKNOWN,NEW,,,
11150058,COLLEGE PRIVE POLYVALENT BILINGUE DU MBAM,DIGIT_PREFIX,,,ESG_OR_UNKNOWN,PROBABLE_NO_REGION_SIGNAL,CES de MBAM-ESSAOBAM,SUD,8IC1GSFD100381112
CE32019E40,ENIEG DE BAFIA,ALPHA_PREFIX,Centre,CONFIRMED_BY_MATCH,ENI,PROBABLE,Lyce Classique et Moderne de BAFIA,CENTRE,5HC1GSFD112342106
CE32019H05,LYCEE BILINGUE DE BAFIA,ALPHA_PREFIX,Centre,CONFIRMED_BY_MATCH,ESG_OR_UNKNOWN,PROBABLE,Lyce Classique et Moderne de BAFIA,CENTRE,5HC1GSFD112342106
CE32019I06,LYCEE CLASSIQUE ET MODERNE DE BAFIA,ALPHA_PREFIX,Centre,CONFIRMED_BY_MATCH,ESG_OR_UNKNOWN,PROBABLE,Lyce Classique et Moderne de BAFIA,CENTRE,5HC1GSFD112342106
CE32019L41,LYCEE TECHNIQUE DE BAFIA,ALPHA_PREFIX,Centre,CONFIRMED_BY_MATCH,ESTP,PROBABLE,Lyce Classique et Moderne de BAFIA,CENTRE,5HC1GSFD112342106
CE32019L42,LYCEE TECHNIQUE DE BAFIA LAMBATA,ALPHA_PREFIX,Centre,CONFIRMED_BY_MATCH,ESTP,PROBABLE,Lyce Classique et Moderne de BAFIA,CENTRE,5HC1GSFD112342106
11150059,PETIT SEMINAIRE SAINT ANDRE DE BAFIA,DIGIT_PREFIX,,,ESG_OR_UNKNOWN,PROBABLE_NO_REGION_SIGNAL,Lyce Classique et Moderne de BAFIA,CENTRE,5HC1GSFD112342106
CE32071A08,CES DE BEGNI,ALPHA_PREFIX,Centre,CONFIRMED_BY_MATCH,ESG_OR_UNKNOWN,EXACT_IDENTITY_REGION,CES de BEGNI,CENTRE,5HE1GSFD102690114
CE32071A09,CES DE BOKAGA II,ALPHA_PREFIX,Centre,CONFIRMED_BY_MATCH,ESG_OR_UNKNOWN,EXACT_IDENTITY_REGION,CES de BOKAGA II,CENTRE,5HE1GSFD100850111
CE32071A10,CES DE GUEFIGUE,ALPHA_PREFIX,Centre,CONFIRMED_BY_MATCH,ESG_OR_UNKNOWN,EXACT_IDENTITY_REGION,CES de GUEFIGUE,CENTRE,5HE1GSFD101052110
CE32071A11,CES DE TCHEKOS,ALPHA_PREFIX,Centre,CONFIRMED_BY_MATCH,ESG_OR_UNKNOWN,EXACT_IDENTITY_REGION,CES de TCHEKOS,CENTRE,5HE1GSFD100402113
CE32071A07,CES D&#039;EDIOLOMO,ALPHA_PREFIX,Centre,CONFIRMED_BY_MATCH,ESG_OR_UNKNOWN,PROBABLE,CES d'EDIOLOMO,CENTRE,5HE1GSFD102851115
CE32071C47,CETIC DE BONGO,ALPHA_PREFIX,Centre,CONFIRMED_BY_MATCH,ESTP,NEW,,,
CE32071C44,CETIC D&#039;ASSALA 1 ET 2,ALPHA_PREFIX,Centre,CONFIRMED_BY_MATCH,ESTP,NEW,,,
CE32071C45,CETIC DE BAKOA,ALPHA_PREFIX,Centre,CONFIRMED_BY_MATCH,ESTP,NEW,,,
CE32071C46,CETIC DE BALAMBA,ALPHA_PREFIX,Centre,CONFIRMED_BY_MATCH,ESTP,PROBABLE,Lyce de BALAMBA,CENTRE,5HE1GSFD110826111
CE32071C43,CETIC DE YAMBASSA,ALPHA_PREFIX,Centre,CONFIRMED_BY_MATCH,ESTP,NEW,,,
CE32071H12,LYCEE BILINGUE DE BOKITO,ALPHA_PREFIX,Centre,CONFIRMED_BY_MATCH,ESG_OR_UNKNOWN,PROBABLE,Lyce Bilingue de BOKITO,CENTRE,5HE1GSBD111897115
CE32071I13,LYCEE DE BALAMBA,ALPHA_PREFIX,Centre,CONFIRMED_BY_MATCH,ESG_OR_UNKNOWN,PROBABLE,Lyce de BALAMBA,CENTRE,5HE1GSFD110826111
CE32071I14,LYCEE DE YANGBEN,ALPHA_PREFIX,Centre,CONFIRMED_BY_MATCH,ESG_OR_UNKNOWN,PROBABLE,Lyce de YANGBEN,CENTRE,5HE1GSFD110592111
CE32071L48,LYCEE TECHNIQUE DE BOKITO,ALPHA_PREFIX,Centre,CONFIRMED_BY_MATCH,ESTP,PROBABLE,Lyce Bilingue de BOKITO,CENTRE,5HE1GSBD111897115
CE32084A15,CES DE BANGONG,ALPHA_PREFIX,Centre,CONFIRMED_BY_MATCH,ESG_OR_UNKNOWN,EXACT_IDENTITY_REGION,CES de BANGONG,CENTRE,5HH1GSFD100136105
CE32084A16,CES DE BOKO,ALPHA_PREFIX,Centre,CONFIRMED_BY_MATCH,ESG_OR_UNKNOWN,EXACT_IDENTITY_REGION,CES de BOKO,CENTRE,5HH1GSFD100540110
CE32084C49,CETIC DE DEUK,ALPHA_PREFIX,Centre,CONFIRMED_BY_MATCH,ESTP,PROBABLE,Lyce de DEUK,CENTRE,5HH1GSFD110385110
CE32084I17,LYCEE DE DEUK,ALPHA_PREFIX,Centre,CONFIRMED_BY_MATCH,ESG_OR_UNKNOWN,PROBABLE,Lyce de DEUK,CENTRE,5HH1GSFD110385110
CE32161A18,CES DE BEP,ALPHA_PREFIX,Centre,CONFIRMED_BY_MATCH,ESG_OR_UNKNOWN,EXACT_IDENTITY_REGION,CES de BEP,CENTRE,5HI1GSFD100118110
CE32161A19,CES DE BITANG,ALPHA_PREFIX,Centre,CONFIRMED_BY_MATCH,ESG_OR_UNKNOWN,EXACT_IDENTITY_REGION,CES de BITANG,CENTRE,5HI1GSFD100383109
CE32161A20,CES GBARAM-YAKAN,ALPHA_PREFIX,Centre,CONFIRMED_BY_MATCH,ESG_OR_UNKNOWN,EXACT_IDENTITY_REGION,CES de GBARAM-YAKAN,CENTRE,5HI1GSFD101969110
CE32161C50,CETIC DE BITANG,ALPHA_PREFIX,Centre,CONFIRMED_BY_MATCH,ESTP,PROBABLE,CES de BITANG,CENTRE,5HI1GSFD100383109
CE32161C51,CETIC DE ROUM,ALPHA_PREFIX,Centre,CONFIRMED_BY_MATCH,ESTP,NEW,,,
CE32161I21,LYCEE DE MOUKO,ALPHA_PREFIX,Centre,CONFIRMED_BY_MATCH,ESG_OR_UNKNOWN,PROBABLE,Lyce de MOUKO,CENTRE,5HI1GSFD110364107
CE32161L52,LYCEE TECHNIQUE DE KIIKI,ALPHA_PREFIX,Centre,CONFIRMED_BY_MATCH,ESTP,PROBABLE,CES Bilingue de KIIKI,CENTRE,5HI1GSBD103234120
CE32167A22,CES BAPE,ALPHA_PREFIX,Centre,CONFIRMED_BY_MATCH,ESG_OR_UNKNOWN,EXACT_IDENTITY_REGION,CES de BAPE,CENTRE,5HJ1GSFD102445109
CE32167A23,LYCEE BILINGUE DE BAYOMEN,ALPHA_PREFIX,Centre,CONFIRMED_BY_MATCH,ESG_OR_UNKNOWN,PROBABLE,CES de BAYOMEN,CENTRE,5HJ1GSFD100112097
CE32167A24,CES DE BONECK,ALPHA_PREFIX,Centre,CONFIRMED_BY_MATCH,ESG_OR_UNKNOWN,EXACT_IDENTITY_REGION,CES DE BONECK,CENTRE,5HJ1GSFD101965100
CE32167I25,LYCEE DE KON-YAMBETTA,ALPHA_PREFIX,Centre,CONFIRMED_BY_MATCH,ESG_OR_UNKNOWN,PROBABLE,Lyce de KON-YAMBETTA,CENTRE,5HJ1GSFD110451113
CE32196B26,LYCEE BILINGUE DE MAKENENE,ALPHA_PREFIX,Centre,CONFIRMED_BY_MATCH,ESG_OR_UNKNOWN,PROBABLE,CES Bilingue de MAKENENE-EST,CENTRE,5HK1GSBD103235120
CE32196C53,LYCEE TECHNIQUE DE MAKENENE,ALPHA_PREFIX,Centre,CONFIRMED_BY_MATCH,ESTP,PROBABLE,CES Bilingue de MAKENENE-EST,CENTRE,5HK1GSBD103235120
11150060,CETIP DE MAKENENE,DIGIT_PREFIX,,,ESG_OR_UNKNOWN,PROBABLE_NO_REGION_SIGNAL,CES Bilingue de MAKENENE-EST,CENTRE,5HK1GSBD103235120
11150061,COLLEGE POLYVALENT BILINGUE DES CHAMPIONS,DIGIT_PREFIX,,,ESG_OR_UNKNOWN,NEW,,,
CE32196I27,LYCEE DE MAKENENE,ALPHA_PREFIX,Centre,CONFIRMED_BY_MATCH,ESG_OR_UNKNOWN,PROBABLE,CES Bilingue de MAKENENE-EST,CENTRE,5HK1GSBD103235120
CE32196I28,LYCEE DE NYOKON,ALPHA_PREFIX,Centre,CONFIRMED_BY_MATCH,ESG_OR_UNKNOWN,PROBABLE,Lyce de NYOKON,CENTRE,5HK1GSFD110446112
CE32260A29,LYCEE BILINGUE DE NDIKOKO,ALPHA_PREFIX,Centre,CONFIRMED_BY_MATCH,ESG_OR_UNKNOWN,PROBABLE,CES de NDIKOKO,CENTRE,5HL1GSFD100482108
CE32260A30,CES DE NDOKOWANEN,ALPHA_PREFIX,Centre,CONFIRMED_BY_MATCH,ESG_OR_UNKNOWN,EXACT_IDENTITY_REGION,CES de NDOKOWANEN,CENTRE,5HL1GSFD101960102
CE32260C54,CETIC D&#039;ETOUNDOU III,ALPHA_PREFIX,Centre,CONFIRMED_BY_MATCH,ESTP,NEW,,,
11150062,CETIF NOTRE-DAME DE SOMO,DIGIT_PREFIX,,,ESTP,NEW,,,
CE32260H31,LYCEE BILINGUE NDIKINIMEKI,ALPHA_PREFIX,Centre,CONFIRMED_BY_MATCH,ESG_OR_UNKNOWN,PROBABLE,Lyce Bilingue de NDIKINIMEKI,CENTRE,5HL1GSBD111917109
CE32260I32,LYCEE DE NEBOLEN,ALPHA_PREFIX,Centre,CONFIRMED_BY_MATCH,ESG_OR_UNKNOWN,PROBABLE,Lyce de NEBOLEN,CENTRE,5HL1GSFD110633107
CE32260L55,LYCEE TECHNIQUE DE NDIKINIMEKI,ALPHA_PREFIX,Centre,CONFIRMED_BY_MATCH,ESTP,PROBABLE,Lyce Bilingue de NDIKINIMEKI,CENTRE,5HL1GSBD111917109
CE32288A33,CES DE NDOGSONDEN,ALPHA_PREFIX,Centre,CONFIRMED_BY_MATCH,ESG_OR_UNKNOWN,NEW,,,
CE32288L56,LYCEE TECHNIQUE DE NITOUKOU,ALPHA_PREFIX,Centre,CONFIRMED_BY_MATCH,ESTP,PROBABLE,Lyce de NITOUKOU,CENTRE,5HM1GSFD111928102
CE32288I34,LYCEE DE NITOUKOU,ALPHA_PREFIX,Centre,CONFIRMED_BY_MATCH,ESG_OR_UNKNOWN,PROBABLE,Lyce de NITOUKOU,CENTRE,5HM1GSFD111928102
CE32315B35,LYCEE BILINGUE D&#039;OMBESSA,ALPHA_PREFIX,Centre,CONFIRMED_BY_MATCH,ESG_OR_UNKNOWN,PROBABLE,Lyce d'OMBESSA,CENTRE,5HN1GSFD110626091
CE32315C57,CETIC DE BOURAKA,ALPHA_PREFIX,Centre,CONFIRMED_BY_MATCH,ESTP,PROBABLE,Lyce de BOURAKA,CENTRE,5HN1GSFD110439118
11150063,COLLEGE CHAMPAGNAT OMBESSA,DIGIT_PREFIX,,,ESG_OR_UNKNOWN,PROBABLE_NO_REGION_SIGNAL,Lyce d'OMBESSA,CENTRE,5HN1GSFD110626091
11150064,COLLEGE PRIVE LAIC JACQUES ADIBIME,DIGIT_PREFIX,,,ESG_OR_UNKNOWN,NEW,,,
CE32315I37,LYCEE DE BALIAMA,ALPHA_PREFIX,Centre,CONFIRMED_BY_MATCH,ESG_OR_UNKNOWN,PROBABLE,Lyce de BALIAMA,CENTRE,5HN1GSFD112360112
CE32315I38,LYCEE BILINGUE DE BOURAKA,ALPHA_PREFIX,Centre,CONFIRMED_BY_MATCH,ESG_OR_UNKNOWN,PROBABLE,Lyce de BOURAKA,CENTRE,5HN1GSFD110439118
CE32315I39,LYCEE DE GUETSAMBANA OMBESSA,ALPHA_PREFIX,Centre,CONFIRMED_BY_MATCH,ESG_OR_UNKNOWN,PROBABLE,Lyce de GUETSAMBANA-OMBESSA,CENTRE,5HN1GSFD110437115
CE32315I36,LYCEE D&#039;OMBESSA,ALPHA_PREFIX,Centre,CONFIRMED_BY_MATCH,ESG_OR_UNKNOWN,PROBABLE,Lyce d'OMBESSA,CENTRE,5HN1GSFD110626091
CE32315L58,LYCEE TECHNIQUE D&#039;OMBESSA,ALPHA_PREFIX,Centre,CONFIRMED_BY_MATCH,ESTP,PROBABLE,Lyce d'OMBESSA,CENTRE,5HN1GSFD110626091
CE33218A01,LYCEE BILINGUE DE BIAKOA,ALPHA_PREFIX,Centre,CONFIRMED_BY_MATCH,ESG_OR_UNKNOWN,PROBABLE,CES de BIAKOA,CENTRE,5IC1GSFD100456111
CE33218A02,LYCEE BILINGUE DE VOUNDOU,ALPHA_PREFIX,Centre,CONFIRMED_BY_MATCH,ESG_OR_UNKNOWN,PROBABLE,CES de VOUNDOU,CENTRE,5IC1GSFD100923110
CE33218A03,CES DE YEBEKOLO,ALPHA_PREFIX,Centre,CONFIRMED_BY_MATCH,ESG_OR_UNKNOWN,EXACT_IDENTITY_REGION,CES de YEBEKOLO,CENTRE,5IC1GSFD101058107
CE33218C30,CETIC DE TALBA,ALPHA_PREFIX,Centre,CONFIRMED_BY_MATCH,ESTP,NEW,,,
CE33218C29,LYCEE TECHNIQUE De MBANGASSINA,ALPHA_PREFIX,Centre,CONFIRMED_BY_MATCH,ESTP,PROBABLE,Lyce de MBANGASSINA,CENTRE,5IC1GSFD111954106
11120065,COLLEGE BILINGUE NILI,DIGIT_PREFIX,,,ESG_OR_UNKNOWN,NEW,,,
11120066,COLLEGE D&#039;ENSEIGNEMENT GENERAL ET AGRICOLE JEAN ZOA (TALBA),DIGIT_PREFIX,,,ESG_OR_UNKNOWN,PROBABLE_NO_REGION_SIGNAL,Lyce GENERAL LECLERC,CENTRE,5LH1GSFD111715052
11120067,COLLEGE POLYVALENT MAT INTELLECT DE BIAKOA,DIGIT_PREFIX,,,ESG_OR_UNKNOWN,PROBABLE_NO_REGION_SIGNAL,CES de BIAKOA,CENTRE,5IC1GSFD100456111
CE33218I04,LYCEE DE MBANGASSINA,ALPHA_PREFIX,Centre,CONFIRMED_BY_MATCH,ESG_OR_UNKNOWN,PROBABLE,Lyce de MBANGASSINA,CENTRE,5IC1GSFD111954106
CE33218I05,LYCEE DE TEATE EBINA,ALPHA_PREFIX,Centre,CONFIRMED_BY_MATCH,ESG_OR_UNKNOWN,PROBABLE,Lyce de TEATE-EBINA,CENTRE,5IC1GSFD110132114
CE33267A06,CES DE GAH,ALPHA_PREFIX,Centre,CONFIRMED_BY_MATCH,ESG_OR_UNKNOWN,EXACT_IDENTITY_REGION,CES de GAH,CENTRE,5IE1GSFD102043112
CE33267A07,CES DE KONG,ALPHA_PREFIX,Centre,CONFIRMED_BY_MATCH,ESG_OR_UNKNOWN,EXACT_IDENTITY_REGION,CES de KONG,CENTRE,5IE1GSFD100845111
CE33267A08,CES DE NDITAM,ALPHA_PREFIX,Centre,CONFIRMED_BY_MATCH,ESG_OR_UNKNOWN,EXACT_IDENTITY_REGION,CES de NDITAM,CENTRE,5IE1GSFD100477110
CE33267A09,CES DE NGOUME,ALPHA_PREFIX,Centre,CONFIRMED_BY_MATCH,ESG_OR_UNKNOWN,EXACT_IDENTITY_REGION,CES de NGOUME,CENTRE,5IE1GSFD102983117
CE33267C26,CETIC DE NDITAM,ALPHA_PREFIX,Centre,CONFIRMED_BY_MATCH,ESTP,PROBABLE,CES de NDITAM,CENTRE,5IE1GSFD100477110
CE33267L27,LYCEE TECHNIQUE DE NGAMBE TIKAR,ALPHA_PREFIX,Centre,CONFIRMED_BY_MATCH,ESTP,PROBABLE,Lyce Bilingue de NGAMBE-TIKAR,CENTRE,5IE1GSBD111981106
CE33267H10,LYCEE BILINGUE DE NGAMBE - TIKAR,ALPHA_PREFIX,Centre,CONFIRMED_BY_MATCH,ESG_OR_UNKNOWN,PROBABLE,Lyce Bilingue de NGAMBE-TIKAR,CENTRE,5IE1GSBD111981106
CE33277B11,CES BILINGUE DE NYABIDI,ALPHA_PREFIX,Centre,CONFIRMED_BY_MATCH,ESG_OR_UNKNOWN,EXACT_IDENTITY_REGION,CES Bilingue de NYABIDI,CENTRE,5IH1GSBD100192109
CE33277A12,CES D&#039;EGONA II,ALPHA_PREFIX,Centre,CONFIRMED_BY_MATCH,ESG_OR_UNKNOWN,PROBABLE,CES d'EGONA II,CENTRE,5IH1GSFD101990109
CE33277L32,LYCEE TECHNIQUE DE NGORO,ALPHA_PREFIX,Centre,CONFIRMED_BY_MATCH,ESTP,PROBABLE,Lyce de NGORO,CENTRE,5IH1GSFD112213103
CE33277I13,LYCEE DE NGORO,ALPHA_PREFIX,Centre,CONFIRMED_BY_MATCH,ESG_OR_UNKNOWN,PROBABLE,Lyce de NGORO,CENTRE,5IH1GSFD112213103
CE33277I14,LYCEE DE YASSEM,ALPHA_PREFIX,Centre,CONFIRMED_BY_MATCH,ESG_OR_UNKNOWN,PROBABLE,Lyce de YASSEM,CENTRE,5IH1GSFD110401110
CE33307A15,CES DE BILANGA - KOMBE,ALPHA_PREFIX,Centre,CONFIRMED_BY_MATCH,ESG_OR_UNKNOWN,EXACT_IDENTITY_REGION,CES de BILANGA-KOMBE,CENTRE,5II1GSFD100113112
CE33307A16,CES DE KOUSSE,ALPHA_PREFIX,Centre,CONFIRMED_BY_MATCH,ESG_OR_UNKNOWN,PROBABLE,CES de KOUSSE II,CENTRE,5II1GSFD102032112
CE33307C33,CETIC DE NDIMI,ALPHA_PREFIX,Centre,CONFIRMED_BY_MATCH,ESTP,NEW,,,
CE33307E34,ENIEG DE NTUI,ALPHA_PREFIX,Centre,CONFIRMED_BY_MATCH,ENI,PROBABLE,Lyce Bilingue de NTUI,CENTRE,5II1GSBD110413111
11120068,INSTITUT POLYVALENT LES PYRAMIDES,DIGIT_PREFIX,,,ESG_OR_UNKNOWN,NEW,,,
CE33307H17,LYCEE BILINGUE DE NGUILA,ALPHA_PREFIX,Centre,CONFIRMED_BY_MATCH,ESG_OR_UNKNOWN,PROBABLE,Lyce Bilingue de NGUILA,CENTRE,5II1GSBD110852111
CE33307H18,LYCEE BILINGUE DE NTUI,ALPHA_PREFIX,Centre,CONFIRMED_BY_MATCH,ESG_OR_UNKNOWN,PROBABLE,Lyce Bilingue de NTUI,CENTRE,5II1GSBD110413111
CE33307I19,LYCEE DE NTUI,ALPHA_PREFIX,Centre,CONFIRMED_BY_MATCH,ESG_OR_UNKNOWN,PROBABLE,Lyce Bilingue de NTUI,CENTRE,5II1GSBD110413111
CE33307L35,LYCEE TECHNIQUE DE NTUI,ALPHA_PREFIX,Centre,CONFIRMED_BY_MATCH,ESTP,PROBABLE,Lyce Bilingue de NTUI,CENTRE,5II1GSBD110413111
CE33366A20,CES d&#039;ISSANDJA,ALPHA_PREFIX,Centre,CONFIRMED_BY_MATCH,ESG_OR_UNKNOWN,PROBABLE,CES d'ISSANDJA,CENTRE,5IJ1GSFD103027115
CE33366A21,CES DE DOUME YOKO,ALPHA_PREFIX,Centre,CONFIRMED_BY_MATCH,ESG_OR_UNKNOWN,EXACT_IDENTITY_REGION,CES de DOUME-YOKO,CENTRE,5IJ1GSFD100462110
CE33366A22,CES DE LINTE,ALPHA_PREFIX,Centre,CONFIRMED_BY_MATCH,ESG_OR_UNKNOWN,EXACT_IDENTITY_REGION,CES de LINTE,CENTRE,5IJ1GSFD100387110
CE33366A23,CES DE NDJOLE,ALPHA_PREFIX,Centre,CONFIRMED_BY_MATCH,ESG_OR_UNKNOWN,EXACT_IDENTITY_REGION,CES de NDJOLE,CENTRE,5IJ1GSFD102200110
CE33366A24,CES DE NGOUETOU,ALPHA_PREFIX,Centre,CONFIRMED_BY_MATCH,ESG_OR_UNKNOWN,EXACT_IDENTITY_REGION,CES de NGOUETOU,CENTRE,5IJ1GSFD102436111
CE33366C36,CETIC DE MANGAI,ALPHA_PREFIX,Centre,CONFIRMED_BY_MATCH,ESTP,NEW,,,
CE33366C37,CETIC DE NDJOLE,ALPHA_PREFIX,Centre,CONFIRMED_BY_MATCH,ESTP,PROBABLE,CES de NDJOLE,CENTRE,5IJ1GSFD102200110
CE33366I25,LYCEE BILINGUE DE YOKO,ALPHA_PREFIX,Centre,CONFIRMED_BY_MATCH,ESG_OR_UNKNOWN,PROBABLE,CES de DOUME-YOKO,CENTRE,5IJ1GSFD100462110
CE33366L38,LYCEE TECHNIQUE DE YOKO,ALPHA_PREFIX,Centre,CONFIRMED_BY_MATCH,ESTP,PROBABLE,CES de DOUME-YOKO,CENTRE,5IJ1GSFD100462110
CE35002A01,CES D&#039;AFANLOUM,ALPHA_PREFIX,Centre,CONFIRMED_BY_MATCH,ESG_OR_UNKNOWN,PROBABLE,CES d'AFANLOUM,CENTRE,5JC1GSFD101134100
CE35012A02,CES DE NKOLESSONG,ALPHA_PREFIX,Centre,CONFIRMED_BY_MATCH,ESG_OR_UNKNOWN,EXACT_IDENTITY_REGION,CES de NKOLESSONG,CENTRE,5JE1GSFD101629108
CE35012C47,CETIC D&#039;OLANGUINA,ALPHA_PREFIX,Centre,CONFIRMED_BY_MATCH,ESTP,PROBABLE,Lyce d'OLANGUINA,CENTRE,5JE1GSFD111845105
CE35012I03,LYCEE D&#039;OLANGUINA,ALPHA_PREFIX,Centre,CONFIRMED_BY_MATCH,ESG_OR_UNKNOWN,PROBABLE,Lyce d'OLANGUINA,CENTRE,5JE1GSFD111845105
CE35014B04,CES BILINGUE D&#039;AWAE,ALPHA_PREFIX,Centre,CONFIRMED_BY_MATCH,ESG_OR_UNKNOWN,PROBABLE,CES Bilingue d'AWAE,CENTRE,5JH1GSBD101724109
CE35014A05,CES DE MIMBANG,ALPHA_PREFIX,Centre,CONFIRMED_BY_MATCH,ESG_OR_UNKNOWN,EXACT_IDENTITY_REGION,CES de MIMBANG,CENTRE,5JH1GSFD101729108
CE35014A06,CES DE NGAT-AWAE,ALPHA_PREFIX,Centre,CONFIRMED_BY_MATCH,ESG_OR_UNKNOWN,EXACT_IDENTITY_REGION,CES de NGAT-AWAE,CENTRE,5JH1GSFD101185105
CE35014A07,CES NGUINDA (FERMÉ),ALPHA_PREFIX,Centre,CONFIRMED_BY_MATCH,ESG_OR_UNKNOWN,PROBABLE,CES de NGUINDA,CENTRE,5JH1GSFD101182108
CE35014C48,CETIC D&#039;ELAT,ALPHA_PREFIX,Centre,CONFIRMED_BY_MATCH,ESTP,PROBABLE,Lyce d'ELAT,CENTRE,5JH1GSFD111172105
CE35014C49,CETIC D&#039;OMAN,ALPHA_PREFIX,Centre,CONFIRMED_BY_MATCH,ESTP,NEW,,,
11080069,COLLEGE SAINT JOSEPH DE MESSA-MVELE,DIGIT_PREFIX,,,ESG_OR_UNKNOWN,PROBABLE_NO_REGION_SIGNAL,Lyce TSF MONGO JOSEPH,LITTORAL,7IE1GSFD110002091
CE35014I08,LYCEE D&#039;ELAT,ALPHA_PREFIX,Centre,CONFIRMED_BY_MATCH,ESG_OR_UNKNOWN,PROBABLE,Lyce d'ELAT,CENTRE,5JH1GSFD111172105
CE35014I09,LYCEE MIXTE D&#039;AWAE,ALPHA_PREFIX,Centre,CONFIRMED_BY_MATCH,ESG_OR_UNKNOWN,PROBABLE,CES Bilingue d'AWAE,CENTRE,5JH1GSBD101724109
CE35014L50,LYCEE TECHNIQUE D&#039;AWAE,ALPHA_PREFIX,Centre,CONFIRMED_BY_MATCH,ESTP,PROBABLE,CES Bilingue d'AWAE,CENTRE,5JH1GSBD101724109
CE35114I11,LYCEE DE NDZANA,ALPHA_PREFIX,Centre,CONFIRMED_BY_MATCH,ESG_OR_UNKNOWN,PROBABLE,Lyce de NDZANA,CENTRE,5JI1GSFD110672114
CE35114A10,CES D&#039;EDZENDOUAN,ALPHA_PREFIX,Centre,CONFIRMED_BY_MATCH,ESG_OR_UNKNOWN,PROBABLE,CES d'EDZENDOUAN,CENTRE,5JI1GSFD100765100
CE35114C45,CETIC D&#039;EDZENDOUAN,ALPHA_PREFIX,Centre,CONFIRMED_BY_MATCH,ESTP,PROBABLE,CES d'EDZENDOUAN,CENTRE,5JI1GSFD100765100
CE35121A12,CES D&#039;AFANETOUANA,ALPHA_PREFIX,Centre,CONFIRMED_BY_MATCH,ESG_OR_UNKNOWN,PROBABLE,CES d'AFANETOUANA,CENTRE,5JJ1GSFD100666106
CE35121A16,CES DE MVENG-ESSABOUTOU,ALPHA_PREFIX,Centre,CONFIRMED_BY_MATCH,ESG_OR_UNKNOWN,EXACT_IDENTITY_REGION,CES de MVENG-ESSABOUTOU,CENTRE,5JJ1GSFD100647107
CE35121A13,CES D&#039;EBODOUMOU,ALPHA_PREFIX,Centre,CONFIRMED_BY_MATCH,ESG_OR_UNKNOWN,PROBABLE,CES d'EBODOUMOU,CENTRE,5JJ1GSFD100688113
CE35121A14,CES D&#039;EBOLZOK,ALPHA_PREFIX,Centre,CONFIRMED_BY_MATCH,ESG_OR_UNKNOWN,PROBABLE,CES d'EBOLZOK,CENTRE,5JJ1GSFD100727110
CE35121A15,CES D&#039;EWOT,ALPHA_PREFIX,Centre,CONFIRMED_BY_MATCH,ESG_OR_UNKNOWN,PROBABLE,CES d'EWOT,CENTRE,5JJ1GSFD102187105
CE35121H17,LYCEE BILINGUE D&#039;ESSE,ALPHA_PREFIX,Centre,CONFIRMED_BY_MATCH,ESG_OR_UNKNOWN,PROBABLE,Lyce Bilingue d'ESSE,CENTRE,5JJ1GSBD111359115
CE35121L46,LYCEE TECHNIQUE D&#039;ESSE,ALPHA_PREFIX,Centre,CONFIRMED_BY_MATCH,ESTP,PROBABLE,Lyce Bilingue d'ESSE,CENTRE,5JJ1GSBD111359115
CE35239A18,CES D&#039;AWAE MFOU,ALPHA_PREFIX,Centre,CONFIRMED_BY_MATCH,ESG_OR_UNKNOWN,PROBABLE,CES Bilingue d'AWAE,CENTRE,5JH1GSBD101724109
CE35239A20,CES DE MENDONG II,ALPHA_PREFIX,Centre,CONFIRMED_BY_MATCH,ESG_OR_UNKNOWN,EXACT_IDENTITY_REGION,CES de MENDONG II,CENTRE,5JK1GSFD102432107
CE35239A22,CES DE NKASSOMO,ALPHA_PREFIX,Centre,CONFIRMED_BY_MATCH,ESG_OR_UNKNOWN,EXACT_IDENTITY_REGION,CES de NKASSOMO,CENTRE,5JK1GSFD102418106
CE35239A23,CES DE NKOLOVENG,ALPHA_PREFIX,Centre,CONFIRMED_BY_MATCH,ESG_OR_UNKNOWN,EXACT_IDENTITY_REGION,CES de NKOLOVENG,CENTRE,5JK1GSFD100126108
CE35239A19,CES D&#039;EKALI I,ALPHA_PREFIX,Centre,CONFIRMED_BY_MATCH,ESG_OR_UNKNOWN,PROBABLE,CES d'EKALI I,CENTRE,5JK1GSFD102438106
CE35239A21,CES MFOU-VILLE,ALPHA_PREFIX,Centre,CONFIRMED_BY_MATCH,ESG_OR_UNKNOWN,EXACT_IDENTITY_REGION,CES de MFOU-VILLE,CENTRE,5JK1GSFD100142107
CE35239C52,CETIC DE NKONGOA,ALPHA_PREFIX,Centre,CONFIRMED_BY_MATCH,ESTP,PROBABLE,Lyce d'ABANG-NKONGOA,CENTRE,5JK1GSFD110763107
CE35239C53,CETIC DE NLOBISSON I,ALPHA_PREFIX,Centre,CONFIRMED_BY_MATCH,ESTP,NEW,,,
CE35239C54,CETIC D&#039;EKALI,ALPHA_PREFIX,Centre,CONFIRMED_BY_MATCH,ESTP,PROBABLE,CES d'EKALI I,CENTRE,5JK1GSFD102438106
11080070,COLLEGE NOTRE DAME DE MIMETALA,DIGIT_PREFIX,,,ESG_OR_UNKNOWN,NEW,,,
11080071,COLLEGE BILINGUE ALL NATIONS SCHOOLS,DIGIT_PREFIX,,,ESG_OR_UNKNOWN,NEW,,,
11080072,COLLEGE BILINGUE LES BAMBINOS,DIGIT_PREFIX,,,ESG_OR_UNKNOWN,NEW,,,
11080073,COLLEGE CATHOLIQUE NOTRE DAME DE LA PAIX,DIGIT_PREFIX,,,ESG_OR_UNKNOWN,NEW,,,
11080074,COLLEGE POLYVALENT ADOLPH KOLPING,DIGIT_PREFIX,,,ESG_OR_UNKNOWN,NEW,,,
11080075,COLLEGE POLYVALENT MARIA GORETTI DE NKILZOK,DIGIT_PREFIX,,,ESG_OR_UNKNOWN,PROBABLE_NO_REGION_SIGNAL,CES de NKILZOK,SUD,8CM1GSFD100965103
11080076,COLLEGE POLYVALENT SAINT MICHEL ARCHANGE,DIGIT_PREFIX,,,ESG_OR_UNKNOWN,PROBABLE_NO_REGION_SIGNAL,Lyce Bilingue de PENKA-MICHEL,OUEST,4JJ1GSBD111187109
11080077,COMPLEXE SCOLAIRE BILINGUE LA SOLIDARITE,DIGIT_PREFIX,,,ESG_OR_UNKNOWN,NEW,,,
11080078,COMPLEXE SCOLAIRE BILINGUE ST GERMAIN,DIGIT_PREFIX,,,ESG_OR_UNKNOWN,NEW,,,
11080079,COUR DU SOIR LE PRESTIGIEUX,DIGIT_PREFIX,,,ESG_OR_UNKNOWN,NEW,,,
11080080,ENIEG BILINGUE SAINT MARTIN DE TOURS,DIGIT_PREFIX,,,ENI,NEW,,,
CE35239E55,ENIEG DE MFOU,ALPHA_PREFIX,Centre,CONFIRMED_BY_MATCH,ENI,PROBABLE,Lyce Classique de MFOU,CENTRE,5JK1GSFD112168079
11080081,HOLY CROSS INTERNATIONAL COLLEGE,DIGIT_PREFIX,,,ESG_OR_UNKNOWN,NEW,,,
CE35239H24,LYCEE BILINGUE DE MFOU,ALPHA_PREFIX,Centre,CONFIRMED_BY_MATCH,ESG_OR_UNKNOWN,PROBABLE,Lyce Classique de MFOU,CENTRE,5JK1GSFD112168079
CE35239I25,LYCEE CLASSIQUE DE MFOU,ALPHA_PREFIX,Centre,CONFIRMED_BY_MATCH,ESG_OR_UNKNOWN,PROBABLE,Lyce Classique de NANGA-EBOKO,CENTRE,5CJ1GSFD111355078
CE35239I26,LYCEE D&#039;ABANG-NKONGOA,ALPHA_PREFIX,Centre,CONFIRMED_BY_MATCH,ESG_OR_UNKNOWN,PROBABLE,Lyce d'ABANG-NKONGOA,CENTRE,5JK1GSFD110763107
CE35239I28,LYCEE DE MBELOA-NSIMALEN,ALPHA_PREFIX,Centre,CONFIRMED_BY_MATCH,ESG_OR_UNKNOWN,PROBABLE,Lyce de MBELOA-NSIMALEN,CENTRE,5JK1GSFD110757115
CE35239I29,LYCEE DE NKOLNDA NSIMALEN,ALPHA_PREFIX,Centre,CONFIRMED_BY_MATCH,ESG_OR_UNKNOWN,PROBABLE,Lyce de NKOLNDA,CENTRE,5JK1GSFD110726107
CE35239I27,LYCEE D&#039;ESSAZOK NSIMALEN,ALPHA_PREFIX,Centre,CONFIRMED_BY_MATCH,ESG_OR_UNKNOWN,PROBABLE,Lyce d'ESSAZOK,CENTRE,5JK1GSFD110714099
CE35239L56,LYCEE TECHNIQUE DE MFOU,ALPHA_PREFIX,Centre,CONFIRMED_BY_MATCH,ESTP,PROBABLE,Lyce Classique de MFOU,CENTRE,5JK1GSFD112168079
11080082,WISE BILINGUAL INSTITUTE MFOU,DIGIT_PREFIX,,,ESG_OR_UNKNOWN,PROBABLE_NO_REGION_SIGNAL,Lyce Classique de MFOU,CENTRE,5JK1GSFD112168079
CE35294B30,CES BILINGUE DE NKOMBASSI,ALPHA_PREFIX,Centre,CONFIRMED_BY_MATCH,ESG_OR_UNKNOWN,NEW,,,
CE35294A31,CES DE MEVEN,ALPHA_PREFIX,Centre,CONFIRMED_BY_MATCH,ESG_OR_UNKNOWN,EXACT_IDENTITY_REGION,CES de MEVEN,CENTRE,5JL1GSFD102415103
CE35294A32,LYCEE BILINGUE DE MINDICK MEHANDAN,ALPHA_PREFIX,Centre,CONFIRMED_BY_MATCH,ESG_OR_UNKNOWN,PROBABLE,CES de MINDICK,CENTRE,5JL1GSFD100761112
CE35294A33,LYCEE BILINGUE DE NKOLMEYANG NKOLAFAMBA,ALPHA_PREFIX,Centre,CONFIRMED_BY_MATCH,ESG_OR_UNKNOWN,PROBABLE,Lyce Bilingue de NKOABANG-NKOLAFAMBA,CENTRE,5JL1GSFD110746098
CE35294A34,CES DE ZOASSI,ALPHA_PREFIX,Centre,CONFIRMED_BY_MATCH,ESG_OR_UNKNOWN,EXACT_IDENTITY_REGION,CES de ZOASSI,CENTRE,5JL1GSFD100101105
CE35239C51,CETIC DE NGANG,ALPHA_PREFIX,Centre,CONFIRMED_BY_MATCH,ESTP,NEW,,,
11080083,COLLEGE BILINGUE HOREB,DIGIT_PREFIX,,,ESG_OR_UNKNOWN,NEW,,,
11080084,COLLEGE CATHOLIQUE PERE MONTI,DIGIT_PREFIX,,,ESG_OR_UNKNOWN,NEW,,,
11080085,COLLEGE FRANTZ FANON LE MAJESTUEUX,DIGIT_PREFIX,,,ESG_OR_UNKNOWN,NEW,,,
11080086,COLLEGE MARIE BERNARD,DIGIT_PREFIX,,,ESG_OR_UNKNOWN,NEW,,,
11080087,COLLEGE PRIVE BILINGUE BABEN,DIGIT_PREFIX,,,ESG_OR_UNKNOWN,NEW,,,
11080088,COURS DU SOIR FRANTZ FANON,DIGIT_PREFIX,,,ADULT_EVENING,NEW,,,
11080089,ENIEG BILINGUE PAUSSIMA,DIGIT_PREFIX,,,ENI,NEW,,,
11080090,INSTITUT EBAGES,DIGIT_PREFIX,,,ESG_OR_UNKNOWN,NEW,,,
11080091,INSTITUT PRIVE LAIC ITAMBE,DIGIT_PREFIX,,,ESG_OR_UNKNOWN,NEW,,,
11080092,INSTITUT RAMCHEL DE NKOABANG,DIGIT_PREFIX,,,ESG_OR_UNKNOWN,PROBABLE_NO_REGION_SIGNAL,Lyce Bilingue de NKOABANG-NKOLAFAMBA,CENTRE,5JL1GSFD110746098
11080093,INSTITUT SACRE CHARLEMAGNE,DIGIT_PREFIX,,,ESG_OR_UNKNOWN,NEW,,,
CE35294I35,LYCEE BILINGUE DE NKOABANG-NKOLAFAMBA,ALPHA_PREFIX,Centre,CONFIRMED_BY_MATCH,ESG_OR_UNKNOWN,PROBABLE,Lyce Bilingue de NKOABANG-NKOLAFAMBA,CENTRE,5JL1GSFD110746098
CE35294I36,LYCEE DE NKOLAFAMBA,ALPHA_PREFIX,Centre,CONFIRMED_BY_MATCH,ESG_OR_UNKNOWN,PROBABLE,Lyce Bilingue de NKOABANG-NKOLAFAMBA,CENTRE,5JL1GSFD110746098
CE35239L57,LYCEE TECHNIQUE D&#039;OMVAN,ALPHA_PREFIX,Centre,CONFIRMED_BY_MATCH,ESTP,NEW,,,
11080094,ASEC INTERNATIONAL COMPLEX NKOZOA,DIGIT_PREFIX,,,ESG_OR_UNKNOWN,PROBABLE_NO_REGION_SIGNAL,Lyce Bilingue de NKOZOA,CENTRE,5JN1GSBD102705114
CE35330B37,CES BILINGUE D&#039;AKOUGOU,ALPHA_PREFIX,Centre,CONFIRMED_BY_MATCH,ESG_OR_UNKNOWN,PROBABLE,CES Bilingue d'AKOUGOU,CENTRE,5JN1GSBD102810115
CE35330B38,LYCEE BILINGUE DE NKOZOA,ALPHA_PREFIX,Centre,CONFIRMED_BY_MATCH,ESG_OR_UNKNOWN,PROBABLE,Lyce Bilingue de NKOZOA,CENTRE,5JN1GSBD102705114
CE35330A39,CES DE NTOUESSONG V,ALPHA_PREFIX,Centre,CONFIRMED_BY_MATCH,ESG_OR_UNKNOWN,EXACT_IDENTITY_REGION,CES de NTOUESSONG V,CENTRE,5JN1GSFD100695113
CE35330C58,CETIC DE NGALI,ALPHA_PREFIX,Centre,CONFIRMED_BY_MATCH,ESTP,NEW,,,
CE35330C59,CETIC D&#039;EBANG,ALPHA_PREFIX,Centre,CONFIRMED_BY_MATCH,ESTP,NEW,,,
11080095,COLLEGE BILINGUE ATHENEE DE LA SAPIENCE,DIGIT_PREFIX,,,ESG_OR_UNKNOWN,NEW,,,
11080096,COLLEGE BILINGUE LES CITOYENS,DIGIT_PREFIX,,,ESG_OR_UNKNOWN,NEW,,,
11080097,COLLEGE NOTRE DAME DE LOURDES,DIGIT_PREFIX,,,ESG_OR_UNKNOWN,NEW,,,
11080098,COLLEGE ST FRANCOIS D ASSISES,DIGIT_PREFIX,,,ESG_OR_UNKNOWN,NEW,,,
11080099,COMPLEXE EDUCATIF DU CASE,DIGIT_PREFIX,,,ESG_OR_UNKNOWN,NEW,,,
11080100,ENIEG BILINGUE PRIVEE LES CITOYENS,DIGIT_PREFIX,,,ENI,NEW,,,
11080101,ENIEG PRIVEE BILINGUE LES STARS,DIGIT_PREFIX,,,ENI,NEW,,,
CE35330G60,ENIET DE SOA,ALPHA_PREFIX,Centre,CONFIRMED_BY_MATCH,ENI,NEW,,,
11080102,INSTITUT POLYVALENT WAGUE,DIGIT_PREFIX,,,ESG_OR_UNKNOWN,NEW,,,
11080103,INSTITUT PRIVE LAIC D&#039;ELITES DE SOA,DIGIT_PREFIX,,,ESG_OR_UNKNOWN,NEW,,,
11080104,KAMGAI INTERNATIONAL BILINGUAL SECONDARY SCHOOL,DIGIT_PREFIX,,,ESG_OR_UNKNOWN,NEW,,,
CE35330I40,LYCEE D&#039;ABONDO,ALPHA_PREFIX,Centre,CONFIRMED_BY_MATCH,ESG_OR_UNKNOWN,PROBABLE,Lyce d'ABONDO,CENTRE,5JN1GSFD110417111
CE35330I41,LYCEE DE MBANSAN,ALPHA_PREFIX,Centre,CONFIRMED_BY_MATCH,ESG_OR_UNKNOWN,PROBABLE,Lyce de MBANSAN,CENTRE,5JN1GSFD110333112
CE35330I42,LYCEE DE NKOMETOU I,ALPHA_PREFIX,Centre,CONFIRMED_BY_MATCH,ESG_OR_UNKNOWN,PROBABLE,Lyce de NKOMETOU I,CENTRE,5JN1GSFD110425115
CE35330I43,LYCEE DE SOA,ALPHA_PREFIX,Centre,CONFIRMED_BY_MATCH,ESG_OR_UNKNOWN,NEW,,,
CE35330I44,LYCEE MODERNE DE NKOZOA,ALPHA_PREFIX,Centre,CONFIRMED_BY_MATCH,ESG_OR_UNKNOWN,PROBABLE,Lyce Classique et Moderne de BAFIA,CENTRE,5HC1GSFD112342106
CE35330L61,LYCEE TECHNIQUE DE SOA,ALPHA_PREFIX,Centre,CONFIRMED_BY_MATCH,ESTP,NEW,,,
11080105,NEW CENTURY INSTITUTE OF LEARNING,DIGIT_PREFIX,,,ESG_OR_UNKNOWN,NEW,,,
CE36006A01,CES DE MFIDA,ALPHA_PREFIX,Centre,CONFIRMED_BY_MATCH,ESG_OR_UNKNOWN,EXACT_IDENTITY_REGION,CES de MFIDA,CENTRE,5KC1GSFD102449110
CE36006A02,CES DE NKOLNLONG I,ALPHA_PREFIX,Centre,CONFIRMED_BY_MATCH,ESG_OR_UNKNOWN,NEW,,,
11140106,COLLEGE STOLL-AKONO,DIGIT_PREFIX,,,ESG_OR_UNKNOWN,PROBABLE_NO_REGION_SIGNAL,Lyce Bilingue d'AKONO,CENTRE,5KC1GSBD110298113
CE36006H03,LYCEE BILINGUE D&#039;AKONO,ALPHA_PREFIX,Centre,CONFIRMED_BY_MATCH,ESG_OR_UNKNOWN,PROBABLE,Lyce Bilingue d'AKONO,CENTRE,5KC1GSBD110298113
CE36006L23,LYCEE TECHNIQUE D&#039;AKONO,ALPHA_PREFIX,Centre,CONFIRMED_BY_MATCH,ESTP,PROBABLE,Lyce Bilingue d'AKONO,CENTRE,5KC1GSBD110298113
CE36064A06,CES DE BIKOP,ALPHA_PREFIX,Centre,CONFIRMED_BY_MATCH,ESG_OR_UNKNOWN,EXACT_IDENTITY_REGION,CES de BIKOP,CENTRE,5KE1GSFD100455100
CE36064A07,CES DE NYOMO,ALPHA_PREFIX,Centre,CONFIRMED_BY_MATCH,ESG_OR_UNKNOWN,EXACT_IDENTITY_REGION,CES de NYOMO,CENTRE,5KE1GSFD100274110
CE36064A08,CES DE ZOATOUPSI-BIKOK,ALPHA_PREFIX,Centre,CONFIRMED_BY_MATCH,ESG_OR_UNKNOWN,PROBABLE,CES de BIKOK-BI-MBOUI,CENTRE,5MM1GSFD102172110
CE36064A04,CES D&#039;EBOUG-MENYOU,ALPHA_PREFIX,Centre,CONFIRMED_BY_MATCH,ESG_OR_UNKNOWN,PROBABLE,CES d'EBOUG-MENYOU,CENTRE,5KE1GSFD102430111
CE36064A05,CES D&#039;EVINDISSI,ALPHA_PREFIX,Centre,CONFIRMED_BY_MATCH,ESG_OR_UNKNOWN,PROBABLE,CES d'EVINDISSI,CENTRE,5KE1GSFD100261099
CE36064C25,LYCEE TECHNIQUE DE BIKOK,ALPHA_PREFIX,Centre,CONFIRMED_BY_MATCH,ESTP,PROBABLE,CES de BIKOK-BI-MBOUI,CENTRE,5MM1GSFD102172110
CE36064C24,CETIC D&#039;ABANG MINDI,ALPHA_PREFIX,Centre,CONFIRMED_BY_MATCH,ESTP,PROBABLE,Lyce d'ABANG-NKONGOA,CENTRE,5JK1GSFD110763107
CE36064H09,LYCEE BILINGUE DE BIKOK,ALPHA_PREFIX,Centre,CONFIRMED_BY_MATCH,ESG_OR_UNKNOWN,PROBABLE,CES de BIKOK-BI-MBOUI,CENTRE,5MM1GSFD102172110
CE36064I10,LYCEE DE MEYILA,ALPHA_PREFIX,Centre,CONFIRMED_BY_MATCH,ESG_OR_UNKNOWN,PROBABLE,Lyce de MEYILA,CENTRE,5KE1GSFD110254111
CE36219C27,LYCEE TECHNIQUE DE MEFOMO,ALPHA_PREFIX,Centre,CONFIRMED_BY_MATCH,ESTP,PROBABLE,Lyce de MEFOMO,CENTRE,5KH1GSFD110374106
CE36219C28,CETIC DE NKOLBIYEN,ALPHA_PREFIX,Centre,CONFIRMED_BY_MATCH,ESTP,PROBABLE,Lyce de NKOLBIYEN,CENTRE,5KH1GSFD110143111
CE36219C29,CETIC DE NKONG ONDOUA,ALPHA_PREFIX,Centre,CONFIRMED_BY_MATCH,ESTP,PROBABLE,CES de NKONG-ABOK,CENTRE,5KI1GSFD100281106
11140107,COLLEGE CHEDOM LA REUSSITE,DIGIT_PREFIX,,,ESG_OR_UNKNOWN,NEW,,,
11140108,COLLEGE OBANA D&#039;OVENG,DIGIT_PREFIX,,,ESG_OR_UNKNOWN,PROBABLE_NO_REGION_SIGNAL,CES de MINDI-MI-OVENG,SUD,8IC1GSFD100827109
CE36219H11,LYCEE BILINGUE DE MBALNGONG,ALPHA_PREFIX,Centre,CONFIRMED_BY_MATCH,ESG_OR_UNKNOWN,PROBABLE,Lyce Bilingue de MBALNGONG,CENTRE,5KH1GSBD110309112
CE36219H12,LYCEE BILINGUE DE MBANKOMO,ALPHA_PREFIX,Centre,CONFIRMED_BY_MATCH,ESG_OR_UNKNOWN,PROBABLE,Lyce d'OVENG-MBANKOMO,CENTRE,5KH1GSFD111947107
CE36219I13,LYCEE D&#039;ANGONGO,ALPHA_PREFIX,Centre,CONFIRMED_BY_MATCH,ESG_OR_UNKNOWN,PROBABLE,Lyce d'ANGONGO,CENTRE,5KH1GSFD112410111
CE36219I16,LYCEE DE BINGUELA,ALPHA_PREFIX,Centre,CONFIRMED_BY_MATCH,ESG_OR_UNKNOWN,PROBABLE,Lyce de BINGUELA,CENTRE,5KH1GSFD112422115
CE36219I17,LYCEE DE MEFOMO,ALPHA_PREFIX,Centre,CONFIRMED_BY_MATCH,ESG_OR_UNKNOWN,PROBABLE,Lyce de MEFOMO,CENTRE,5KH1GSFD110374106
CE36219I18,LYCEE DE NKOLBIYEN,ALPHA_PREFIX,Centre,CONFIRMED_BY_MATCH,ESG_OR_UNKNOWN,PROBABLE,Lyce de NKOLBIYEN,CENTRE,5KH1GSFD110143111
CE36219I15,LYCEE D&#039;OVENG MBANKOMO,ALPHA_PREFIX,Centre,CONFIRMED_BY_MATCH,ESG_OR_UNKNOWN,PROBABLE,Lyce d'OVENG-MBANKOMO,CENTRE,5KH1GSFD111947107
CE36219I14,LYCEE MODERNE D&#039;ONGOT,ALPHA_PREFIX,Centre,CONFIRMED_BY_MATCH,ESG_OR_UNKNOWN,PROBABLE,Lyce Classique et Moderne de BAFIA,CENTRE,5HC1GSFD112342106
CE36219L30,LYCEE TECHNIQUE DE MBANKOMO,ALPHA_PREFIX,Centre,CONFIRMED_BY_MATCH,ESTP,PROBABLE,Lyce d'OVENG-MBANKOMO,CENTRE,5KH1GSFD111947107
11140109,SILOH SPECIAL EDUCATION AND INCLUSIVE BILINGUAL TEACHER TRAINING INSTITUTE,DIGIT_PREFIX,,,ESG_OR_UNKNOWN,NEW,,,
CE36279B19,CES BILINGUE DE NKONGZOK II,ALPHA_PREFIX,Centre,CONFIRMED_BY_MATCH,ESG_OR_UNKNOWN,EXACT_IDENTITY_REGION,CES Bilingue de NKONGZOK II,CENTRE,5KI1GSBD100285112
CE36279A20,CES DE NKONG-ABOK,ALPHA_PREFIX,Centre,CONFIRMED_BY_MATCH,ESG_OR_UNKNOWN,EXACT_IDENTITY_REGION,CES de NKONG-ABOK,CENTRE,5KI1GSFD100281106
CE36279C31,CETIC DE NKOLMESSI,ALPHA_PREFIX,Centre,CONFIRMED_BY_MATCH,ESTP,NEW,,,
CE36279E32,ENIEG DE NGOUMOU,ALPHA_PREFIX,Centre,CONFIRMED_BY_MATCH,ENI,PROBABLE,Lyce de NGOUMOU,CENTRE,5KI1GSFD112473074
CE36279I22,LYCEE DE NGOUMOU,ALPHA_PREFIX,Centre,CONFIRMED_BY_MATCH,ESG_OR_UNKNOWN,PROBABLE,Lyce de NGOUMOU,CENTRE,5KI1GSFD112473074
CE36279I21,LYCEE D&#039;OTELE,ALPHA_PREFIX,Centre,CONFIRMED_BY_MATCH,ESG_OR_UNKNOWN,PROBABLE,Lyce d'OTELE,CENTRE,5KI1GSFD110250107
CE36279L33,LYCEE TECHNIQUE DE NGOUMOU,ALPHA_PREFIX,Centre,CONFIRMED_BY_MATCH,ESTP,PROBABLE,Lyce de NGOUMOU,CENTRE,5KI1GSFD112473074
11060110,ACADEMIC COLLEGE OF EXCELLENCE,DIGIT_PREFIX,,,ESG_OR_UNKNOWN,NEW,,,
11060111,AMITY INTERNATIONAL COLLEGE YAOUNDE,DIGIT_PREFIX,,,ESG_OR_UNKNOWN,PROBABLE_NO_REGION_SIGNAL,Lyce Bilingue de YAOUNDE,CENTRE,5LJ1GSBD110162077
11060112,BILIK-CITY BILINGUAL COLLEGE,DIGIT_PREFIX,,,ESG_OR_UNKNOWN,NEW,,,
11060113,CENTRE EDUCATIF D&#039;EKOUDOU-BASTOS,DIGIT_PREFIX,,,ESG_OR_UNKNOWN,PROBABLE_NO_REGION_SIGNAL,Lyce de MELONG-CENTRE,LITTORAL,7CM1GSFD111655107
11060114,CEPIET II NKOLONDOM,DIGIT_PREFIX,,,ESG_OR_UNKNOWN,PROBABLE_NO_REGION_SIGNAL,Lyce de NKOLONDOM,CENTRE,5LC1GSFD110699105
CE41357A02,LYCEE de TSINGA-VILLAGE,ALPHA_PREFIX,Centre,CONFIRMED_BY_MATCH,ESG_OR_UNKNOWN,PROBABLE,CES de TSINGA-VILLAGE,CENTRE,5LC1GSFD102847115
CE41357A01,CES D&#039;EMANA-VILLAGE,ALPHA_PREFIX,Centre,CONFIRMED_BY_MATCH,ESG_OR_UNKNOWN,PROBABLE,Lyce Bilingue d'EMANA,CENTRE,5LC1GSBD110334112
11060115,CHRISTIAN COMPREHENSIVE SECONDARY SCHOOL-ETOUDI,DIGIT_PREFIX,,,ESG_OR_UNKNOWN,NEW,,,
11060116,COLLEGE PRIVEE LAIC ENFANT D&#039;AFRIQUE,DIGIT_PREFIX,,,ESG_OR_UNKNOWN,NEW,,,
11060117,COLLEGE ADVENTISTE YAOUNDE,DIGIT_PREFIX,,,ESG_OR_UNKNOWN,PROBABLE_NO_REGION_SIGNAL,Lyce Bilingue de YAOUNDE,CENTRE,5LJ1GSBD110162077
11060118,COLLEGE BENIGNA D&#039;ETOUDI,DIGIT_PREFIX,,,ESG_OR_UNKNOWN,NEW,,,
11060119,COLLEGE BILINGUE LES PIERRES PRECIEUSES,DIGIT_PREFIX,,,ESG_OR_UNKNOWN,NEW,,,
11060120,COLLEGE BILINGUE SIBAFO,DIGIT_PREFIX,,,ESG_OR_UNKNOWN,NEW,,,
11060121,COLLEGE BILINGUE WILLIAM BOOTH,DIGIT_PREFIX,,,ESG_OR_UNKNOWN,NEW,,,
11060123,COLLEGE CHARLES ET THERESE MBAKOP,DIGIT_PREFIX,,,ESG_OR_UNKNOWN,PROBABLE_NO_REGION_SIGNAL,CES de MBAKOP,OUEST,4MK1GSFD100790110
11060124,COLLEGE DE LA RETRAITE,DIGIT_PREFIX,,,ESG_OR_UNKNOWN,NEW,,,
11060125,COLLEGE D&#039;ENSEIGNEMENT TECHNIQUE ET GENERAL DE L&#039;UNITE,DIGIT_PREFIX,,,ESG_OR_UNKNOWN,PROBABLE_NO_REGION_SIGNAL,Lyce GENERAL LECLERC,CENTRE,5LH1GSFD111715052
11060126,COLLEGE ELEBSON,DIGIT_PREFIX,,,ESG_OR_UNKNOWN,NEW,,,
11060127,COLLEGE FIDO,DIGIT_PREFIX,,,ESG_OR_UNKNOWN,NEW,,,
11060128,COLLEGE FRANCO ARABE FONDATION NABO,DIGIT_PREFIX,,,ESG_OR_UNKNOWN,NEW,,,
11060129,COLLEGE ILE EDUCATIVE,DIGIT_PREFIX,,,ESG_OR_UNKNOWN,NEW,,,
11060130,COLLEGE JEAN TABI ETOUDI,DIGIT_PREFIX,,,ESG_OR_UNKNOWN,NEW,,,
11060131,COLLEGE NFANDJA,DIGIT_PREFIX,,,ESG_OR_UNKNOWN,NEW,,,
11060132,COLLEGE OLIVERAIE DE NYOM,DIGIT_PREFIX,,,ESG_OR_UNKNOWN,PROBABLE_NO_REGION_SIGNAL,Lyce Bilingue de NYOM,CENTRE,5LC1GSFD110673115
11060133,COLLEGE OMGBA-NDONGO,DIGIT_PREFIX,,,ESG_OR_UNKNOWN,PROBABLE_NO_REGION_SIGNAL,CES de NDONGO-CENTRE,CENTRE,5MI1GSFD101239107
11060134,COLLEGE PENIEL,DIGIT_PREFIX,,,ESG_OR_UNKNOWN,NEW,,,
11060135,COLLEGE POLYVALENT AUGUSTINE MEUYOU,DIGIT_PREFIX,,,ESG_OR_UNKNOWN,NEW,,,
11060136,COLLEGE PRIVE LAIC FAPO,DIGIT_PREFIX,,,ESG_OR_UNKNOWN,NEW,,,
11060137,COLLEGE PRIVE LAIC LA FORGE,DIGIT_PREFIX,,,ESG_OR_UNKNOWN,NEW,,,
11060138,COLLEGE PRIVE LAIC LA MEFOU,DIGIT_PREFIX,,,ESG_OR_UNKNOWN,NEW,,,
11060139,COLLEGE PRIVE LAIC LA VICTOIRE,DIGIT_PREFIX,,,ESG_OR_UNKNOWN,NEW,,,
11060140,COLLEGE PRIVE LAIC L&#039;EMERGENCE,DIGIT_PREFIX,,,ESG_OR_UNKNOWN,NEW,,,
11060141,COLLEGE PRIVE LAIC LES ARMANDINS,DIGIT_PREFIX,,,ESG_OR_UNKNOWN,NEW,,,
11060142,COLLEGE PRIVE LAIC MVOM NNAM,DIGIT_PREFIX,,,ESG_OR_UNKNOWN,NEW,,,
11060143,COLLEGE PRIVE LAIC SAINTE FAMILLE,DIGIT_PREFIX,,,ESG_OR_UNKNOWN,NEW,,,
11060144,COLLEGE PROTESTANT JOHNSTON,DIGIT_PREFIX,,,ESG_OR_UNKNOWN,NEW,,,
11060145,COLLEGE SOCRATE ELANDI,DIGIT_PREFIX,,,ESG_OR_UNKNOWN,NEW,,,
11060146,COLLEGE TANA AHANDA,DIGIT_PREFIX,,,ESG_OR_UNKNOWN,NEW,,,
11060147,COLLEGE TECHNIQUE INDUSTRIEL ET GENERAL (CTIG) NYOM,DIGIT_PREFIX,,,ESG_OR_UNKNOWN,PROBABLE_NO_REGION_SIGNAL,Lyce GENERAL LECLERC,CENTRE,5LH1GSFD111715052
11060148,COMPLEXE ACADEMIQUE AMBADA NGONO,DIGIT_PREFIX,,,ESG_OR_UNKNOWN,NEW,,,
11060149,COMPLEXE INTERNATIONAL LA GAIETE,DIGIT_PREFIX,,,ESG_OR_UNKNOWN,NEW,,,
11060150,COMPLEXE POLYVALENT BILINGUE LES POSHIGUEK,DIGIT_PREFIX,,,ESG_OR_UNKNOWN,NEW,,,
11060151,COMPLEXE SCOLAIRE BILINGUE METENOU,DIGIT_PREFIX,,,ESG_OR_UNKNOWN,NEW,,,
11060152,COURS DU SOIR,DIGIT_PREFIX,,,ADULT_EVENING,NEW,,,
11060153,ENIEG ORNEL,DIGIT_PREFIX,,,ENI,NEW,,,
11060154,ENIEG PRIVEE DE NYOM,DIGIT_PREFIX,,,ENI,PROBABLE_NO_REGION_SIGNAL,Lyce Bilingue de NYOM,CENTRE,5LC1GSFD110673115
CE41357F33,ENIEG BILINGUE DE YAOUNDE,ALPHA_PREFIX,Centre,CONFIRMED_BY_MATCH,ENI,PROBABLE,Lyce Bilingue de YAOUNDE,CENTRE,5LJ1GSBD110162077
11060155,ENIEG BILINGUE PRIVEE LAIQUE LES PIERRES PRECIEUSES,DIGIT_PREFIX,,,ENI,NEW,,,
11060156,ENIEG BRIBEAU,DIGIT_PREFIX,,,ENI,NEW,,,
11060157,ENIEG EPC DJOUNGOLO,DIGIT_PREFIX,,,ENI,NEW,,,
11060158,ENIEG LA GAIETE,DIGIT_PREFIX,,,ENI,NEW,,,
11060159,ENIEG PRIVEE BILINGUE LES ECOLIERS NOIRS,DIGIT_PREFIX,,,ENI,NEW,,,
11060160,ENIEG PRIVEE BILINGUE MONICA,DIGIT_PREFIX,,,ENI,NEW,,,
11060161,ENIET DE NYOM,DIGIT_PREFIX,,,ENI,PROBABLE_NO_REGION_SIGNAL,Lyce Bilingue de NYOM,CENTRE,5LC1GSFD110673115
11060162,FONDATION TSOUNGUI,DIGIT_PREFIX,,,ESG_OR_UNKNOWN,NEW,,,
11060163,GERLINDE EDUCATION CENTER GED CENTER,DIGIT_PREFIX,,,ESG_OR_UNKNOWN,NEW,,,
11060164,GOPAL BILINGUAL INTERNATIONAL COLLEGE,DIGIT_PREFIX,,,ESG_OR_UNKNOWN,NEW,,,
11060165,HONOR BILINGUAL HIGH SCHOOL,DIGIT_PREFIX,,,ESG_OR_UNKNOWN,NEW,,,
11060166,INSTITUT NATIONAL PRIVE DE FORMATION PEDAGOGIQUE,DIGIT_PREFIX,,,ESG_OR_UNKNOWN,NEW,,,
11060167,INSTITUT BILINGUE D&#039;ETOUDI,DIGIT_PREFIX,,,ESG_OR_UNKNOWN,NEW,,,
11060168,INSTITUT BILINGUE LE CHANCELIER,DIGIT_PREFIX,,,ESG_OR_UNKNOWN,NEW,,,
11060169,INSTITUT BILINGUE MARCEL BAYARDON,DIGIT_PREFIX,,,ESG_OR_UNKNOWN,NEW,,,
11060170,INSTITUT BILINGUE TOUMWA,DIGIT_PREFIX,,,ESG_OR_UNKNOWN,NEW,,,
11060171,INSTITUT BLAISE PASCAL,DIGIT_PREFIX,,,ESG_OR_UNKNOWN,NEW,,,
11060172,INSTITUT MATAMFEN,DIGIT_PREFIX,,,ESG_OR_UNKNOWN,NEW,,,
11060173,INSTITUT MODERNE MBASSI,DIGIT_PREFIX,,,ESG_OR_UNKNOWN,PROBABLE_NO_REGION_SIGNAL,Lyce Classique et Moderne de BAFIA,CENTRE,5HC1GSFD112342106
11060174,INSTITUT POLYVALENT JUNIOR DE YAOUNDE,DIGIT_PREFIX,,,ESG_OR_UNKNOWN,PROBABLE_NO_REGION_SIGNAL,Lyce Bilingue de YAOUNDE,CENTRE,5LJ1GSBD110162077
11060175,INSTITUT SAINTE MARTHE,DIGIT_PREFIX,,,ESG_OR_UNKNOWN,NEW,,,
11060176,INSTITUT TAGA,DIGIT_PREFIX,,,ESG_OR_UNKNOWN,NEW,,,
11060177,IPLEX EDUCATION,DIGIT_PREFIX,,,ESG_OR_UNKNOWN,NEW,,,
11060178,ISDIG,DIGIT_PREFIX,,,ESG_OR_UNKNOWN,NEW,,,
CE41357H04,LYCEE BILINGUE DE NKOL-ETON,ALPHA_PREFIX,Centre,CONFIRMED_BY_MATCH,ESG_OR_UNKNOWN,PROBABLE,Lyce Bilingue de NKOL-ETON,CENTRE,5LC1GSBD112381112
CE41357H03,LYCEE BILINGUE D&#039;EMANA,ALPHA_PREFIX,Centre,CONFIRMED_BY_MATCH,ESG_OR_UNKNOWN,PROBABLE,Lyce Bilingue d'EMANA,CENTRE,5LC1GSBD110334112
CE41357I05,LYCEE D&#039; ELIG-ESSONO,ALPHA_PREFIX,Centre,CONFIRMED_BY_MATCH,ESG_OR_UNKNOWN,PROBABLE,Lyce d'ELIG-ESSONO,CENTRE,5LC1GSFD110189091
CE41357I06,LYCEE DE MBALLA II,ALPHA_PREFIX,Centre,CONFIRMED_BY_MATCH,ESG_OR_UNKNOWN,PROBABLE,Lyce de MBALLA II,CENTRE,5LC1GSFD111859091
CE41357I07,LYCEE DE NKOLONDOM,ALPHA_PREFIX,Centre,CONFIRMED_BY_MATCH,ESG_OR_UNKNOWN,PROBABLE,Lyce de NKOLONDOM,CENTRE,5LC1GSFD110699105
CE41357I08,LYCEE BILINGUE DE NYOM,ALPHA_PREFIX,Centre,CONFIRMED_BY_MATCH,ESG_OR_UNKNOWN,PROBABLE,Lyce Bilingue de NYOM,CENTRE,5LC1GSFD110673115
CE41357L34,LYCEE TECHNIQUE CHARLES ATANGANA,ALPHA_PREFIX,Centre,CONFIRMED_BY_MATCH,ESTP,NEW,,,
CE41357L35,LYCEE TECHNIQUE BILINGUE DE NSAM,ALPHA_PREFIX,Centre,CONFIRMED_BY_MATCH,ESTP,PROBABLE,Lyce de NSAM-EFOULAN,CENTRE,5LH1GSFD110108097
11060179,MACMILLAN BILINGUAL ACADEMY,DIGIT_PREFIX,,,ESG_OR_UNKNOWN,NEW,,,
11060180,NIL INTERNATIONAL ANGLO-SAXON COLLEGE,DIGIT_PREFIX,,,ESG_OR_UNKNOWN,NEW,,,
11060181,ORNEL BILINGUAL ACADEMY,DIGIT_PREFIX,,,ESG_OR_UNKNOWN,NEW,,,
11060182,PROFORME IPHT,DIGIT_PREFIX,,,ESG_OR_UNKNOWN,NEW,,,
CE41358A09,CES de FEBE-VILLAGE,ALPHA_PREFIX,Centre,CONFIRMED_BY_MATCH,ESG_OR_UNKNOWN,PROBABLE,CES de TSINGA-VILLAGE,CENTRE,5LC1GSFD102847115
11060183,CETIG SACRE-COEUR MOKOLO,DIGIT_PREFIX,,,ESG_OR_UNKNOWN,PROBABLE_NO_REGION_SIGNAL,Lyce Bilingue de MOKOLO,EXTREME-NORD,0KK1GSBD110253106
11060184,CHRIST&#039;S WINNERS ACADEMY,DIGIT_PREFIX,,,ESG_OR_UNKNOWN,NEW,,,
11060185,CHUO BILINGUAL COMPREHENSIVE COLLEGE,DIGIT_PREFIX,,,ESG_OR_UNKNOWN,NEW,,,
11060186,COLLEGE BILINGUE BETHLEHEM LEGRAND,DIGIT_PREFIX,,,ESG_OR_UNKNOWN,NEW,,,
11060187,COLLEGE BILINGUE LINCOLN,DIGIT_PREFIX,,,ESG_OR_UNKNOWN,NEW,,,
11060188,COLLEGE ELOHIM,DIGIT_PREFIX,,,ESG_OR_UNKNOWN,NEW,,,
11060189,COLLEGE PRIVE LAIC LA GRACE,DIGIT_PREFIX,,,ESG_OR_UNKNOWN,NEW,,,
11060190,COLLEGE ROSA PARKS,DIGIT_PREFIX,,,ESG_OR_UNKNOWN,NEW,,,
11060191,COLLEGE SCOLAIRE INTERNATIONAL LES COCCINELLES,DIGIT_PREFIX,,,ESG_OR_UNKNOWN,NEW,,,
11060192,ENIEG SPECIALISÉE POUR DEFICIENT AUDITIFS ET LA LANGUES DES SIGNES,DIGIT_PREFIX,,,ENI,NEW,,,
11060193,ENPCIEG LA RETRAITE,DIGIT_PREFIX,,,ESG_OR_UNKNOWN,NEW,,,
11060194,INSTITUT BILINGUE BLAINA,DIGIT_PREFIX,,,ESG_OR_UNKNOWN,NEW,,,
11060195,INSTITUT JEAN BODY ZIBI,DIGIT_PREFIX,,,ESG_OR_UNKNOWN,NEW,,,
11060196,INSTITUT NOTRE DAME DE LA PAIX,DIGIT_PREFIX,,,ESG_OR_UNKNOWN,NEW,,,
11060197,INTITUT BILINGUE MICHELANN,DIGIT_PREFIX,,,ESG_OR_UNKNOWN,NEW,,,
CE41358I10,LYCEE DE LA CITE VERTE,ALPHA_PREFIX,Centre,CONFIRMED_BY_MATCH,ESG_OR_UNKNOWN,PROBABLE,Lyce de LA CITE-VERTE,CENTRE,5LE1GSFD110141092
CE41358I11,LYCEE DE TSINGA,ALPHA_PREFIX,Centre,CONFIRMED_BY_MATCH,ESG_OR_UNKNOWN,PROBABLE,CES de TSINGA-VILLAGE,CENTRE,5LC1GSFD102847115
CE41358L36,LYCEE TECHNIQUE DE YAOUNDE II,ALPHA_PREFIX,Centre,CONFIRMED_BY_MATCH,ESTP,PROBABLE,Lyce Bilingue de YAOUNDE,CENTRE,5LJ1GSBD110162077
11060198,REFUGE BILINGUAL HIGH SCHOOL,DIGIT_PREFIX,,,ESG_OR_UNKNOWN,NEW,,,
11060199,ST MARCELLIN BILINGUAL ACADEMY,DIGIT_PREFIX,,,ESG_OR_UNKNOWN,NEW,,,
11060200,BILINGUAL TEACHERS GRADE I TRAINING COLLEGE (BTTC MELEN),DIGIT_PREFIX,,,ESG_OR_UNKNOWN,NEW,,,
11060201,CENTRE EDUCATIF BILINGUE DAVID LAVOISIER,DIGIT_PREFIX,,,ESG_OR_UNKNOWN,PROBABLE_NO_REGION_SIGNAL,Lyce de MELONG-CENTRE,LITTORAL,7CM1GSFD111655107
11060202,CETI JEANNE ALEGUE MESSI,DIGIT_PREFIX,,,ESTP,NEW,,,
CE41359L39,LYCEE TECHNIQUE D&#039;AFANOYOA,ALPHA_PREFIX,Centre,CONFIRMED_BY_MATCH,ESTP,PROBABLE,Lyce d'AFANOYOA,CENTRE,5LH1GSFD110685106
CE41359C37,CETIC DE NGOA EKELE,ALPHA_PREFIX,Centre,CONFIRMED_BY_MATCH,ESTP,PROBABLE,Lyce de NGOA-EKELLE,CENTRE,5LH1GSFD111749110
CE41359C38,LYCEE TECHNIQUE DE YAOUNDE 3,ALPHA_PREFIX,Centre,CONFIRMED_BY_MATCH,ESTP,PROBABLE,Lyce Bilingue de YAOUNDE,CENTRE,5LJ1GSBD110162077
11060203,COLLEGE BILINGUE SERGE ET LES ANGES,DIGIT_PREFIX,,,ESG_OR_UNKNOWN,NEW,,,
11060204,COLLEGE BILINGUE CHERUBS,DIGIT_PREFIX,,,ESG_OR_UNKNOWN,NEW,,,
11060205,COLLEGE BILINGUE LA GLOIRE,DIGIT_PREFIX,,,ESG_OR_UNKNOWN,NEW,,,
11060206,COLLEGE BILINGUE LA ROSIERE,DIGIT_PREFIX,,,ESG_OR_UNKNOWN,NEW,,,
11060207,COLLEGE CATHOLIQUE BILINGUE SAINT BENOIT,DIGIT_PREFIX,,,ESG_OR_UNKNOWN,NEW,,,
11060208,COLLEGE DIDEROT,DIGIT_PREFIX,,,ESG_OR_UNKNOWN,NEW,,,
11060209,COLLEGE JEANNE ALEGUE MESSI,DIGIT_PREFIX,,,ESG_OR_UNKNOWN,NEW,,,
11060210,COLLEGE LES FUTURS BOSS,DIGIT_PREFIX,,,ESG_OR_UNKNOWN,NEW,,,
11060211,COLLEGE MGR FRANÇOIS XAVIER VOGT,DIGIT_PREFIX,,,ESG_OR_UNKNOWN,NEW,,,
11060213,COLLEGE PRIVE ATANGANA FOUDA ALBERT l&#039;ENSEIGNANT,DIGIT_PREFIX,,,ESG_OR_UNKNOWN,NEW,,,
11060214,COLLEGE PRIVE LAIC BILINGUE LES BAMBIS,DIGIT_PREFIX,,,ESG_OR_UNKNOWN,NEW,,,
11060215,COLLEGE PRIVE LAIC LES SAPINS,DIGIT_PREFIX,,,ESG_OR_UNKNOWN,NEW,,,
11060216,COLLEGE PRIVEE LAIC LA COLOMBE,DIGIT_PREFIX,,,ESG_OR_UNKNOWN,NEW,,,
11060217,COMPLEXE SCOLAIRE EVANGELIQUE DE PENTECOTE,DIGIT_PREFIX,,,ESG_OR_UNKNOWN,NEW,,,
11060218,COMPLEXE SCOLAIRE POLYVALENT BILINGUE LE FLEURON,DIGIT_PREFIX,,,ESG_OR_UNKNOWN,NEW,,,
11060219,ENGLISH HIGH SCHOOL (EHS) YAOUNDE,DIGIT_PREFIX,,,ESG_OR_UNKNOWN,PROBABLE_NO_REGION_SIGNAL,Lyce Bilingue de YAOUNDE,CENTRE,5LJ1GSBD110162077
11060220,ENIEG PRIVEE BILINGUE LES ROSSIGNOLS MAJORS,DIGIT_PREFIX,,,ENI,NEW,,,
11060221,ENIEG EXCELLENCE,DIGIT_PREFIX,,,ENI,NEW,,,
11060222,ENIEG PRIVE BILINGUE LE TREMPLIN,DIGIT_PREFIX,,,ENI,NEW,,,
11060223,ENIEG PRIVEE BILINGUE BERYLA,DIGIT_PREFIX,,,ENI,NEW,,,
11060224,ENIEG PRIVEE BILINGUE MATSIAZE,DIGIT_PREFIX,,,ENI,NEW,,,
11060225,ENIEG PRIVEE D INSTITUTEURS DES NATIONS,DIGIT_PREFIX,,,ENI,NEW,,,
11060226,ENIEG PRIVEE LES MOINILLONS,DIGIT_PREFIX,,,ENI,NEW,,,
11060227,ENIET PAUL MOMO,DIGIT_PREFIX,,,ENI,PROBABLE_NO_REGION_SIGNAL,Lyce de SANGUERE PAUL,NORD,1CL1GSFD111465106
11060228,ENPIEG BILINGUE MAGAWATI,DIGIT_PREFIX,,,ESG_OR_UNKNOWN,NEW,,,
11060229,ENPIEG BILINGUE SENTI IBES YAOUNDE,DIGIT_PREFIX,,,ESG_OR_UNKNOWN,PROBABLE_NO_REGION_SIGNAL,Lyce Bilingue de YAOUNDE,CENTRE,5LJ1GSBD110162077
11060230,FONDATION SCOLAIRE AA,DIGIT_PREFIX,,,ESG_OR_UNKNOWN,NEW,,,
11060231,FRAZATI BILINGUAL COLLEGE,DIGIT_PREFIX,,,ESG_OR_UNKNOWN,NEW,,,
11060232,GREEN HILLS ACADEMY HIGH SCHOOL,DIGIT_PREFIX,,,ESG_OR_UNKNOWN,NEW,,,
11060233,INSTITUT PASCAL,DIGIT_PREFIX,,,ESG_OR_UNKNOWN,NEW,,,
11060234,INSTITUT MAK-MBE,DIGIT_PREFIX,,,ESG_OR_UNKNOWN,NEW,,,
11060235,INSTITUT PAUL MOMO,DIGIT_PREFIX,,,ESG_OR_UNKNOWN,PROBABLE_NO_REGION_SIGNAL,Lyce de SANGUERE PAUL,NORD,1CL1GSFD111465106
11060236,INSTITUT POLYVALENT BILINGUE DES NATIONS,DIGIT_PREFIX,,,ESG_OR_UNKNOWN,NEW,,,
11060237,COLLEGE DE LA RENOVATION,DIGIT_PREFIX,,,ESG_OR_UNKNOWN,NEW,,,
11060238,INSTITUT VICTOR HUGO,DIGIT_PREFIX,,,ESG_OR_UNKNOWN,NEW,,,
CE41359H12,LYCEE BILINGUE D&#039;APPLICATION YAOUNDE,ALPHA_PREFIX,Centre,CONFIRMED_BY_MATCH,ESG_OR_UNKNOWN,PROBABLE,Lyce Bilingue d'APPLICATION,CENTRE,5LH1GSBD112399092
CE41359I13,LYCEE D&#039;AFANOYOA,ALPHA_PREFIX,Centre,CONFIRMED_BY_MATCH,ESG_OR_UNKNOWN,PROBABLE,Lyce d'AFANOYOA,CENTRE,5LH1GSFD110685106
CE41359I14,LYCEE D&#039;AHALA,ALPHA_PREFIX,Centre,CONFIRMED_BY_MATCH,ESG_OR_UNKNOWN,PROBABLE,Lyce d'AHALA II,CENTRE,5LH1GSFD111196113
CE41359I15,LYCEE DE BIYEM-ASSI,ALPHA_PREFIX,Centre,CONFIRMED_BY_MATCH,ESG_OR_UNKNOWN,PROBABLE,Lyce de BIYEM-ASSI,CENTRE,5LH1GSFD111709087
CE41359I17,LYCEE DE NSAM EFOULAN,ALPHA_PREFIX,Centre,CONFIRMED_BY_MATCH,ESG_OR_UNKNOWN,PROBABLE,Lyce de NSAM-EFOULAN,CENTRE,5LH1GSFD110108097
CE41359I16,LYCEE DE YAOUNDE NGOA EKELE,ALPHA_PREFIX,Centre,CONFIRMED_BY_MATCH,ESG_OR_UNKNOWN,PROBABLE,Lyce de NGOA-EKELLE,CENTRE,5LH1GSFD111749110
CE41359I18,LYCEE GENERAL LECLERC,ALPHA_PREFIX,Centre,CONFIRMED_BY_MATCH,ESG_OR_UNKNOWN,PROBABLE,Lyce GENERAL LECLERC,CENTRE,5LH1GSFD111715052
CE41359L40,LYCEE TECHNIQUE INDUSTRIEL ET COMMERCIAL YAOUNDE,ALPHA_PREFIX,Centre,CONFIRMED_BY_MATCH,ESTP,PROBABLE,Lyce Bilingue de YAOUNDE,CENTRE,5LJ1GSBD110162077
11060239,SAINT BENEDICT BILINGUAL COLLEGE,DIGIT_PREFIX,,,ESG_OR_UNKNOWN,NEW,,,
11060240,SAINT JOSEPH&#039;S COMPREHENSIVE COLLEGE,DIGIT_PREFIX,,,ESG_OR_UNKNOWN,PROBABLE_NO_REGION_SIGNAL,Lyce TSF MONGO JOSEPH,LITTORAL,7IE1GSFD110002091
11060241,SAINT STEPHEN&#039;S INTERNATIONAL COLLEGE,DIGIT_PREFIX,,,ESG_OR_UNKNOWN,NEW,,,
11060242,SEMINAIRE SAINTE THERESE DE MVOLYE,DIGIT_PREFIX,,,ESG_OR_UNKNOWN,NEW,,,
11060243,WECARE SECONDARY SCHOOL,DIGIT_PREFIX,,,ESG_OR_UNKNOWN,NEW,,,
11060244,BAPTIST HIGH SCHOOL YAOUNDE,DIGIT_PREFIX,,,ESG_OR_UNKNOWN,PROBABLE_NO_REGION_SIGNAL,Lyce Bilingue de YAOUNDE,CENTRE,5LJ1GSBD110162077
11060245,BRIGTH YOUTH BILINGUAL COLLEGE,DIGIT_PREFIX,,,ESG_OR_UNKNOWN,NEW,,,
11060246,CENTRE EDUCATIF LE BON BERGER,DIGIT_PREFIX,,,ESG_OR_UNKNOWN,PROBABLE_NO_REGION_SIGNAL,Lyce de MELONG-CENTRE,LITTORAL,7CM1GSFD111655107
11060247,CETIC BALLA BERNADETTE,DIGIT_PREFIX,,,ESTP,NEW,,,
11060248,COL POLYVALENT BILINGUE DOMINIQUE SAVIO,DIGIT_PREFIX,,,ESG_OR_UNKNOWN,NEW,,,
11060249,COLLEGE B. OLIVE,DIGIT_PREFIX,,,ESG_OR_UNKNOWN,NEW,,,
11060250,COLLEGE BILINGUE AMASIA MAHANAIM,DIGIT_PREFIX,,,ESG_OR_UNKNOWN,NEW,,,
11060251,COLLEGE BILINGUE INFIRMA MUNDI,DIGIT_PREFIX,,,ESG_OR_UNKNOWN,NEW,,,
11060252,COLLEGE BILINGUE INTERNATIONAL LA FIERTE,DIGIT_PREFIX,,,ESG_OR_UNKNOWN,NEW,,,
11060253,COLLEGE BILINGUE JEUNESSE-LUMIERE,DIGIT_PREFIX,,,ESG_OR_UNKNOWN,NEW,,,
11060254,COLLEGE BILINGUE LES ANGES,DIGIT_PREFIX,,,ESG_OR_UNKNOWN,NEW,,,
11060255,COLLEGE BILINGUE MAISON DOLA,DIGIT_PREFIX,,,ESG_OR_UNKNOWN,NEW,,,
11060256,COLLEGE BILINGUE M-H,DIGIT_PREFIX,,,ESG_OR_UNKNOWN,NEW,,,
11060257,COLLEGE BILINGUE NONO,DIGIT_PREFIX,,,ESG_OR_UNKNOWN,NEW,,,
11060258,COLLEGE BILINGUE PAUL MESSI,DIGIT_PREFIX,,,ESG_OR_UNKNOWN,PROBABLE_NO_REGION_SIGNAL,Lyce de SANGUERE PAUL,NORD,1CL1GSFD111465106
11060259,COLLEGE BILINGUE SHAKESPEARE,DIGIT_PREFIX,,,ESG_OR_UNKNOWN,NEW,,,
11060260,COLLEGE BILINGUE YONDO,DIGIT_PREFIX,,,ESG_OR_UNKNOWN,NEW,,,
11060261,COLLEGE BRAUNSCHWEIG,DIGIT_PREFIX,,,ESG_OR_UNKNOWN,NEW,,,
11060263,COLLEGE INTERNATIONAL DE REFERENCE LA FARANDOLE,DIGIT_PREFIX,,,ESG_OR_UNKNOWN,NEW,,,
11060264,COLLEGE MARIE ALBERT II,DIGIT_PREFIX,,,ESG_OR_UNKNOWN,NEW,,,
11060265,COLLEGE POLYVALENT LES LAUREATS,DIGIT_PREFIX,,,ESG_OR_UNKNOWN,NEW,,,
11060266,COLLEGE POLYVALENT BILINGUE MONT VALERIEN,DIGIT_PREFIX,,,ESG_OR_UNKNOWN,NEW,,,
11060267,COLLEGE POLYVALENT LA SAINTETE,DIGIT_PREFIX,,,ESG_OR_UNKNOWN,NEW,,,
11060268,COLLEGE POLYVALENT PERE MATTHIEU,DIGIT_PREFIX,,,ESG_OR_UNKNOWN,NEW,,,
11060269,COLLEGE POLYVALENT SAINT PIERRE,DIGIT_PREFIX,,,ESG_OR_UNKNOWN,NEW,,,
11060270,COLLEGE PRIVE CATHOLIQUE DON BOSCO,DIGIT_PREFIX,,,ESG_OR_UNKNOWN,NEW,,,
11060271,COLLEGE PRIVE IBISCAM,DIGIT_PREFIX,,,ESG_OR_UNKNOWN,NEW,,,
11060272,COLLEGE PRIVE LAIC ATANGANA ESSOMBA,DIGIT_PREFIX,,,ESG_OR_UNKNOWN,NEW,,,
11060273,COLLEGE PRIVE LAIC BILINGUE LES PHARAONS 2,DIGIT_PREFIX,,,ESG_OR_UNKNOWN,NEW,,,
11060274,COLLEGE PRIVE LAIC DOLTA,DIGIT_PREFIX,,,ESG_OR_UNKNOWN,NEW,,,
11060275,COLLEGE PRIVE LAIC EFFA GASTON,DIGIT_PREFIX,,,ESG_OR_UNKNOWN,NEW,,,
11060276,COLLEGE PRIVE LAIC LES PHARAONS,DIGIT_PREFIX,,,ESG_OR_UNKNOWN,NEW,,,
11060277,COLLEGE PRIVE MADELEINE,DIGIT_PREFIX,,,ESG_OR_UNKNOWN,NEW,,,
11060278,COLLEGE PRIVEE LAIC JARDIN D&#039;EDEN,DIGIT_PREFIX,,,ESG_OR_UNKNOWN,NEW,,,
11060279,COLLEGE PROTESTANT DES FRERES UNIS,DIGIT_PREFIX,,,ESG_OR_UNKNOWN,NEW,,,
11060280,COLLEGE SAINT JOSEPH DE MIMBOMAN,DIGIT_PREFIX,,,ESG_OR_UNKNOWN,PROBABLE_NO_REGION_SIGNAL,Lyce TSF MONGO JOSEPH,LITTORAL,7IE1GSFD110002091
11060281,COLLEGE SIMON PIERRE,DIGIT_PREFIX,,,ESG_OR_UNKNOWN,NEW,,,
11060282,COMPLEXE ACADEMIQUE BILINGUE BENISUZA,DIGIT_PREFIX,,,ESG_OR_UNKNOWN,NEW,,,
11060283,COMPLEXE SCOLAIRE ADVENTISTE DE ODZA,DIGIT_PREFIX,,,ESG_OR_UNKNOWN,PROBABLE_NO_REGION_SIGNAL,Lyce d'ODZA,CENTRE,5LI1GSFD110412112
11060285,COMPLEXE SCOLAIRE EEKO DE L&#039;ESPOIR,DIGIT_PREFIX,,,ESG_OR_UNKNOWN,NEW,,,
11060286,COMPLEXE SCOLAIRE L&#039;EXCELLENCE DE MESSAMENDONGO,DIGIT_PREFIX,,,ESG_OR_UNKNOWN,NEW,,,
11060287,COUR DU SOIR ACADEMIA,DIGIT_PREFIX,,,ESG_OR_UNKNOWN,NEW,,,
11060288,CPL BILINGUE LES MIGNONS,DIGIT_PREFIX,,,ESG_OR_UNKNOWN,NEW,,,
11060289,DIVINE INTERNATIONAL COLLEGE,DIGIT_PREFIX,,,ESG_OR_UNKNOWN,NEW,,,
11060290,ENIEG TAGA,DIGIT_PREFIX,,,ENI,NEW,,,
11060291,ENIEG EFFORT DES NATIONS (EFFNA),DIGIT_PREFIX,,,ENI,NEW,,,
11060292,ENIEG FRANTZ FANON,DIGIT_PREFIX,,,ENI,NEW,,,
11060293,ENIEG LA PENSEE,DIGIT_PREFIX,,,ENI,NEW,,,
11060294,ENIEG PRIVEE AIME-CESAIRE,DIGIT_PREFIX,,,ENI,NEW,,,
11060295,ENIEG PRIVEE LA FIERTE,DIGIT_PREFIX,,,ENI,NEW,,,
11060296,ENIEG PRIVEE TCHEB&#039;S,DIGIT_PREFIX,,,ENI,NEW,,,
11060297,ENIEG SIANTOU,DIGIT_PREFIX,,,ENI,NEW,,,
11060298,ENIET SIANTOU,DIGIT_PREFIX,,,ENI,NEW,,,
11060299,INSTITUT BILINGUE LA CONFIANCE,DIGIT_PREFIX,,,ESG_OR_UNKNOWN,NEW,,,
11060300,INSTITUT FOTSO,DIGIT_PREFIX,,,ESG_OR_UNKNOWN,NEW,,,
11060301,INSTITUT GASOLENT D&#039;EKOUNOU,DIGIT_PREFIX,,,ESG_OR_UNKNOWN,PROBABLE_NO_REGION_SIGNAL,Lyce Bilingue d'EKOUNOU,CENTRE,5LI1GSBD110009112
11060302,INSTITUT INTERNATIONAL AIME CESAIRE,DIGIT_PREFIX,,,ESG_OR_UNKNOWN,NEW,,,
11060303,INSTITUT JEAN BOCCHI,DIGIT_PREFIX,,,ESG_OR_UNKNOWN,NEW,,,
11060304,INSTITUT MBE,DIGIT_PREFIX,,,ESG_OR_UNKNOWN,NEW,,,
11060306,INSTITUT POLYVALENT BILINGUE CECILE ET GABRIEL DIPITO,DIGIT_PREFIX,,,ESG_OR_UNKNOWN,NEW,,,
11060307,INSTITUT POLYVALENT DU SUCCES,DIGIT_PREFIX,,,ESG_OR_UNKNOWN,NEW,,,
11060308,INSTITUT POLYVALENT LA METHODE,DIGIT_PREFIX,,,ESG_OR_UNKNOWN,NEW,,,
11060309,INSTITUT PRIVE LAIC ZANG MEBENGA,DIGIT_PREFIX,,,ESG_OR_UNKNOWN,NEW,,,
11060310,INSTITUT RENE PHILOMBE,DIGIT_PREFIX,,,ESG_OR_UNKNOWN,NEW,,,
11060311,INSTITUT SIANTOU SECONDAIRE,DIGIT_PREFIX,,,ESG_OR_UNKNOWN,NEW,,,
11060312,INSTITUT TECHNIQUE PRIVE CATHOLIQUE DON BOSCO,DIGIT_PREFIX,,,ESG_OR_UNKNOWN,NEW,,,
CE41360I22,LYCEE BILINGUE D&#039;ODZA,ALPHA_PREFIX,Centre,CONFIRMED_BY_MATCH,ESG_OR_UNKNOWN,PROBABLE,Lyce d'ODZA,CENTRE,5LI1GSFD110412112
CE41360H20,LYCEE BILINGUE DE MIMBOMAN,ALPHA_PREFIX,Centre,CONFIRMED_BY_MATCH,ESG_OR_UNKNOWN,PROBABLE,Lyce Bilingue de MIMBOMAN,CENTRE,5LI1GSBD110135110
CE41360H19,LYCEE BILINGUE D&#039;EKOUNOU,ALPHA_PREFIX,Centre,CONFIRMED_BY_MATCH,ESG_OR_UNKNOWN,PROBABLE,Lyce Bilingue d'EKOUNOU,CENTRE,5LI1GSBD110009112
CE41360I21,LYCEE D&#039;ANGUISSA,ALPHA_PREFIX,Centre,CONFIRMED_BY_MATCH,ESG_OR_UNKNOWN,PROBABLE,Lyce d'ANGUISSA,CENTRE,5LI1GSFD112295089
CE41360I23,LYCEE DE MINKAN,ALPHA_PREFIX,Centre,CONFIRMED_BY_MATCH,ESG_OR_UNKNOWN,PROBABLE,Lyce de MINKAN,CENTRE,5LI1GSFD110155106
CE41360I24,LYCEE BILINGUE DE NKOLNDONGO,ALPHA_PREFIX,Centre,CONFIRMED_BY_MATCH,ESG_OR_UNKNOWN,PROBABLE,Lyce Bilingue de NKOLNDONGO,CENTRE,5LI1GSFD110382091
CE41360L41,LYCEE TECHNIQUE D&#039;EKOUNOU,ALPHA_PREFIX,Centre,CONFIRMED_BY_MATCH,ESTP,PROBABLE,Lyce Bilingue d'EKOUNOU,CENTRE,5LI1GSBD110009112
11060313,MEVICK BILINGUAL GRAMMAR SCHOOL,DIGIT_PREFIX,,,ESG_OR_UNKNOWN,NEW,,,
11060314,PI AND JU ANGLO-SAXON INTERNATIONAL COLLEGE,DIGIT_PREFIX,,,ESG_OR_UNKNOWN,NEW,,,
11060315,SIDIFEL BILINGUAL COLLEGE,DIGIT_PREFIX,,,ESG_OR_UNKNOWN,NEW,,,
11060316,ST JOSEPH&#039;S FOUNDATION ANGLO - SAXON SECONDARY SCHOOL,DIGIT_PREFIX,,,ESG_OR_UNKNOWN,PROBABLE_NO_REGION_SIGNAL,Lyce TSF MONGO JOSEPH,LITTORAL,7IE1GSFD110002091
11060317,TASSAH COMPREHENSIVE SECONDARY SCHOOL,DIGIT_PREFIX,,,ESG_OR_UNKNOWN,NEW,,,
11060318,BODIO BILINGUAL COMPLEX,DIGIT_PREFIX,,,ESG_OR_UNKNOWN,NEW,,,
11060319,CAMEROON SCHOOL OF EXCELLENCE,DIGIT_PREFIX,,,ESG_OR_UNKNOWN,NEW,,,
11060320,CETIF SORAWELL,DIGIT_PREFIX,,,ESTP,NEW,,,
11060321,COLEGE PRIVE LAIC LES LILAS,DIGIT_PREFIX,,,ESG_OR_UNKNOWN,NEW,,,
11060322,COLL PRIVE LAIC LAROUSSE,DIGIT_PREFIX,,,ESG_OR_UNKNOWN,NEW,,,
11060323,COLLEGE BILINGUE AYUNGHA NGOUSSO,DIGIT_PREFIX,,,ESG_OR_UNKNOWN,PROBABLE_NO_REGION_SIGNAL,Lyce de NGOUSSO-NGOULMEKONG,CENTRE,5LJ1GSFD110037104
11060324,COLLEGE BILINGUE LAIC LES CHANTERELLES,DIGIT_PREFIX,,,ESG_OR_UNKNOWN,NEW,,,
11060325,COLLEGE DE LA DIGNITE,DIGIT_PREFIX,,,ESG_OR_UNKNOWN,NEW,,,
11060326,COLLEGE FADIMATOU HADJA,DIGIT_PREFIX,,,ESG_OR_UNKNOWN,NEW,,,
11060327,COLLEGE FOCHE,DIGIT_PREFIX,,,ESG_OR_UNKNOWN,NEW,,,
11060328,COLLEGE GEORGES BRASSENS,DIGIT_PREFIX,,,ESG_OR_UNKNOWN,NEW,,,
11060329,COLLEGE MATHIEU ET CLAIRE,DIGIT_PREFIX,,,ESG_OR_UNKNOWN,NEW,,,
11060330,COLLEGE NOTRE DAME DES VICTOIRES,DIGIT_PREFIX,,,ESG_OR_UNKNOWN,NEW,,,
11060331,COLLEGE PLB DJA&#039;ANKEU,DIGIT_PREFIX,,,ESG_OR_UNKNOWN,NEW,,,
11060332,COLLEGE POLYVALENT BIL LES COLOMBES D&#039;OR,DIGIT_PREFIX,,,ESG_OR_UNKNOWN,NEW,,,
11060333,COLLEGE POLYVALENT BON TEMPS,DIGIT_PREFIX,,,ESG_OR_UNKNOWN,NEW,,,
11060334,COLLEGE POLYVALENT SAINT AUGUSTIN,DIGIT_PREFIX,,,ESG_OR_UNKNOWN,NEW,,,
11060335,COLLEGE POLYVALENT SAINTE GRACE,DIGIT_PREFIX,,,ESG_OR_UNKNOWN,NEW,,,
11060336,COLLEGE PRIVE LAIC ALBERTO,DIGIT_PREFIX,,,ESG_OR_UNKNOWN,NEW,,,
11060337,COLLEGE PRIVE LAIC DE L&#039;ESPERANCE,DIGIT_PREFIX,,,ESG_OR_UNKNOWN,NEW,,,
11060338,COLLEGE PRIVE LAIC DU SUCCES DE NGOUSSO,DIGIT_PREFIX,,,ESG_OR_UNKNOWN,PROBABLE_NO_REGION_SIGNAL,Lyce de NGOUSSO-NGOULMEKONG,CENTRE,5LJ1GSFD110037104
11060339,COLLEGE PRIVE LAIC INTERNATIONAL PYTHAGORE,DIGIT_PREFIX,,,ESG_OR_UNKNOWN,NEW,,,
11060341,COLLEGE PRIVE LAIC LE FANION,DIGIT_PREFIX,,,ESG_OR_UNKNOWN,NEW,,,
11060342,COLLEGE PRIVE LAIC MONGO BETI,DIGIT_PREFIX,,,ESG_OR_UNKNOWN,PROBABLE_NO_REGION_SIGNAL,Lyce TSF MONGO JOSEPH,LITTORAL,7IE1GSFD110002091
11060343,COLLEGE PRIVE LES LILAS,DIGIT_PREFIX,,,ESG_OR_UNKNOWN,NEW,,,
11060344,COLLEGE PRIVE MONTESQUIEU,DIGIT_PREFIX,,,ESG_OR_UNKNOWN,NEW,,,
11060345,COLLEGE SAINT EXUPERY,DIGIT_PREFIX,,,ESG_OR_UNKNOWN,NEW,,,
11060346,COLLEGE TOUSSAINT ANTOINE,DIGIT_PREFIX,,,ESG_OR_UNKNOWN,NEW,,,
11060347,COMPLEX ROMEC (ROBEN MEMORIAL),DIGIT_PREFIX,,,ESG_OR_UNKNOWN,NEW,,,
11060348,COMPLEXE SCOLAIRE SAINT ANDRE,DIGIT_PREFIX,,,ESG_OR_UNKNOWN,NEW,,,
11060349,COURS DU SOIR BILINGUE FADIMATOU HADJA,DIGIT_PREFIX,,,ADULT_EVENING,NEW,,,
11060350,CS FONDATION DE VIE VOLTARIENNE,DIGIT_PREFIX,,,ESG_OR_UNKNOWN,NEW,,,
11060351,CS LE PROGRES SOCIAL,DIGIT_PREFIX,,,ESG_OR_UNKNOWN,NEW,,,
11060352,ENIEG PRIVEE MERE THERESA,DIGIT_PREFIX,,,ENI,NEW,,,
11060353,ENIEG BILINGUE VIVA EDUCATION,DIGIT_PREFIX,,,ENI,NEW,,,
11060354,ENIEG GOLDEN,DIGIT_PREFIX,,,ENI,NEW,,,
11060355,ENIEG PRIVEE BILINGUE LE GRAND,DIGIT_PREFIX,,,ENI,PROBABLE_NO_REGION_SIGNAL,Lyce Bilingue de GRAND-SOUZA,LITTORAL,7CI1GSBD111669109
11060357,GOLDEN INSTITUTE,DIGIT_PREFIX,,,ESG_OR_UNKNOWN,NEW,,,
11060358,INSTITUT DE LA REFERENCE,DIGIT_PREFIX,,,ESG_OR_UNKNOWN,NEW,,,
11060359,INSTITUT ESSOMBA,DIGIT_PREFIX,,,ESG_OR_UNKNOWN,NEW,,,
11060360,INSTITUT POLYTECHNIQUE LANKE DIPITO,DIGIT_PREFIX,,,ESG_OR_UNKNOWN,NEW,,,
11060361,INSTITUT PRIVE LAIC MBEUKAM,DIGIT_PREFIX,,,ESG_OR_UNKNOWN,NEW,,,
CE41361H25,LYCEE BILINGUE DE YAOUNDE,ALPHA_PREFIX,Centre,CONFIRMED_BY_MATCH,ESG_OR_UNKNOWN,PROBABLE,Lyce Bilingue de YAOUNDE,CENTRE,5LJ1GSBD110162077
CE41361I27,LYCEE DE NKOLMESSENG,ALPHA_PREFIX,Centre,CONFIRMED_BY_MATCH,ESG_OR_UNKNOWN,PROBABLE,Lyce de NKOLMESSENG,CENTRE,5LJ1GSFD112791114
CE41361I26,LYCEE DE NGOUSSO NGOULMEKONG,ALPHA_PREFIX,Centre,CONFIRMED_BY_MATCH,ESG_OR_UNKNOWN,PROBABLE,Lyce de NGOUSSO-NGOULMEKONG,CENTRE,5LJ1GSFD110037104
11060363,QUEENSWAY INTERNATIONAL COLLEGE YAOUNDE,DIGIT_PREFIX,,,ESG_OR_UNKNOWN,PROBABLE_NO_REGION_SIGNAL,Lyce Bilingue de YAOUNDE,CENTRE,5LJ1GSBD110162077
11060364,ASEC FOUNDATION SECONDARY SCHOOL ETOUG - EBE,DIGIT_PREFIX,,,ESG_OR_UNKNOWN,PROBABLE_NO_REGION_SIGNAL,Lyce Bilingue d'ETOUG-EBE,CENTRE,5LK1GSBD110117098
CE41362A28,CES de MENDONG,ALPHA_PREFIX,Centre,CONFIRMED_BY_MATCH,ESG_OR_UNKNOWN,EXACT_IDENTITY_REGION,CES de MENDONG,CENTRE,5LK1GSFD103118118
CE41362C42,lYCEE TECHNIQUE BILINGUE DE MEWOULOU,ALPHA_PREFIX,Centre,CONFIRMED_BY_MATCH,ESTP,NEW,,,
11060366,CITY BILINGUAL ACADEMY,DIGIT_PREFIX,,,ESG_OR_UNKNOWN,NEW,,,
11060367,INSTITUT POLYVALENT DE LA RENOVATION PEDAGOGIQUE,DIGIT_PREFIX,,,ESG_OR_UNKNOWN,NEW,,,
11060368,COLLE GE PRIVE LAIC LES PIGEONS,DIGIT_PREFIX,,,ESG_OR_UNKNOWN,NEW,,,
11060369,COLLEGE BILINGUE LA LUMIERE,DIGIT_PREFIX,,,ESG_OR_UNKNOWN,NEW,,,
11060370,COLLEGE BILINGUE LA PENSEE,DIGIT_PREFIX,,,ESG_OR_UNKNOWN,NEW,,,
11060371,COLLEGE BILINGUE LES OISILLONS,DIGIT_PREFIX,,,ESG_OR_UNKNOWN,NEW,,,
11060372,COLLEGE BILINGUE MOKALA,DIGIT_PREFIX,,,ESG_OR_UNKNOWN,NEW,,,
11060374,COLLEGE D&#039;ENSEIGNEMENT TECHNIQUE DJONOU,DIGIT_PREFIX,,,ESG_OR_UNKNOWN,NEW,,,
11060375,COLLEGE DES SCIENCES ET TECHNIQUES INDUSTRIELLES,DIGIT_PREFIX,,,ESG_OR_UNKNOWN,NEW,,,
11060376,COLLEGE DU SAVOIR,DIGIT_PREFIX,,,ESG_OR_UNKNOWN,NEW,,,
11060377,COLLEGE EBANDA,DIGIT_PREFIX,,,ESG_OR_UNKNOWN,NEW,,,
11060378,COLLEGE JESUS MARIE SIMBOCK,DIGIT_PREFIX,,,ESG_OR_UNKNOWN,NEW,,,
11060379,COLLEGE JULES FERRY,DIGIT_PREFIX,,,ESG_OR_UNKNOWN,NEW,,,
11060380,COLLEGE LE CHAMPS DES LYS,DIGIT_PREFIX,,,ESG_OR_UNKNOWN,NEW,,,
11060381,COLLEGE NOTRE DAME DES BEATITUDES,DIGIT_PREFIX,,,ESG_OR_UNKNOWN,NEW,,,
11060382,COLLEGE POLYVALENT BILINGUE LES AIGLONS,DIGIT_PREFIX,,,ESG_OR_UNKNOWN,NEW,,,
11060383,COLLEGE POLYVALENT LA MUTUELLE COMMUNAUTAIRE DE DEVELOPPEMENT (MCD),DIGIT_PREFIX,,,ESG_OR_UNKNOWN,NEW,,,
11060384,COLLEGE POLYVALENT SAINTE-MERE,DIGIT_PREFIX,,,ESG_OR_UNKNOWN,NEW,,,
11060385,COLLEGE PRIVE BILINGUE LA FLORINA,DIGIT_PREFIX,,,ESG_OR_UNKNOWN,NEW,,,
11060386,COLLEGE PRIVE LAIC ELOUNDOU MARGUERITE,DIGIT_PREFIX,,,ESG_OR_UNKNOWN,NEW,,,
11060387,COLLEGE PRIVE LAIC FLEMING,DIGIT_PREFIX,,,ESG_OR_UNKNOWN,NEW,,,
11060388,COLLEGE PRIVE LAIC JEAN JAURES,DIGIT_PREFIX,,,ESG_OR_UNKNOWN,NEW,,,
11060389,COLLEGE PRIVE LAIC LA FONTAINE,DIGIT_PREFIX,,,ESG_OR_UNKNOWN,NEW,,,
11060391,COLLEGE PRIVE MODERNE DE L&#039;ESPERANCE,DIGIT_PREFIX,,,ESG_OR_UNKNOWN,PROBABLE_NO_REGION_SIGNAL,Lyce Classique et Moderne de BAFIA,CENTRE,5HC1GSFD112342106
11060392,COMPLEXE SCOLAIRE BILINGUE EMMAUS (COSBIE),DIGIT_PREFIX,,,ESG_OR_UNKNOWN,NEW,,,
11060393,COMPLEXE SCOLAIRE LA VISION,DIGIT_PREFIX,,,ESG_OR_UNKNOWN,NEW,,,
11060394,COMPLEXE SCOLAIRE LES AS DE MVAN,DIGIT_PREFIX,,,ESG_OR_UNKNOWN,NEW,,,
11060395,COURS DU SOIR FI AND BE,DIGIT_PREFIX,,,ADULT_EVENING,NEW,,,
11060396,CPL LA GRACE DE TCHETGNA,DIGIT_PREFIX,,,ESG_OR_UNKNOWN,NEW,,,
11060397,ENI PRIVEE LAIQUE,DIGIT_PREFIX,,,ENI,NEW,,,
11060398,ENIEG STAR,DIGIT_PREFIX,,,ENI,NEW,,,
11060399,ENIEG PRIVEE BILINGUE MEVEC,DIGIT_PREFIX,,,ENI,NEW,,,
11060400,ENIEG PRIVEE BILINGUE COSBIE,DIGIT_PREFIX,,,ENI,NEW,,,
11060401,ENIEG PRIVÉE BILINGUE LES FRANCHINETS,DIGIT_PREFIX,,,ENI,NEW,,,
11060402,ENIEG PRIVEE LE BERCEAU DES ANGES,DIGIT_PREFIX,,,ENI,NEW,,,
11060403,ENIET DJONOU,DIGIT_PREFIX,,,ENI,NEW,,,
11060404,FRANKY COMPREHENSIVE SECONDARY SCHOOL,DIGIT_PREFIX,,,ESG_OR_UNKNOWN,NEW,,,
11060405,GROUPE SCOLAIRE FUSEE,DIGIT_PREFIX,,,ESG_OR_UNKNOWN,NEW,,,
11060406,HARVARD SCHOOL COMPLEX ETOUG-EBE (AKOK NDOE),DIGIT_PREFIX,,,ESG_OR_UNKNOWN,PROBABLE_NO_REGION_SIGNAL,Lyce Bilingue d'ETOUG-EBE,CENTRE,5LK1GSBD110117098
11060407,HOLY INFANT HIGH SCHOOL,DIGIT_PREFIX,,,ESG_OR_UNKNOWN,NEW,,,
11060408,INSTITUT BAUDELAIRE BILINGUE,DIGIT_PREFIX,,,ESG_OR_UNKNOWN,NEW,,,
11060409,INSTITUT DES TECHNIQUES INDUSTRIELLES (ITIE) ETOUG-EBE,DIGIT_PREFIX,,,ESG_OR_UNKNOWN,PROBABLE_NO_REGION_SIGNAL,Lyce Bilingue d'ETOUG-EBE,CENTRE,5LK1GSBD110117098
11060410,INSTITUT POLYVALENT NIBERT (IPONI),DIGIT_PREFIX,,,ESG_OR_UNKNOWN,NEW,,,
11060411,ISEIG SECONDAIRE,DIGIT_PREFIX,,,ESG_OR_UNKNOWN,NEW,,,
11060412,KAD-NDAP BILINGUAL SECONDARY SCHOOL,DIGIT_PREFIX,,,ESG_OR_UNKNOWN,NEW,,,
CE41362H30,LYCEE BILINGUE DE MENDONG,ALPHA_PREFIX,Centre,CONFIRMED_BY_MATCH,ESG_OR_UNKNOWN,PROBABLE,Lyce Bilingue de MENDONG,CENTRE,5LK1GSBD111628110
CE41362H29,LYCEE BILINGUE ETOUG EBE,ALPHA_PREFIX,Centre,CONFIRMED_BY_MATCH,ESG_OR_UNKNOWN,PROBABLE,Lyce Bilingue d'ETOUG-EBE,CENTRE,5LK1GSBD110117098
11060413,MARIO ACADEMIC COMPLEX MENDONG,DIGIT_PREFIX,,,ESG_OR_UNKNOWN,PROBABLE_NO_REGION_SIGNAL,Lyce Bilingue de MENDONG,CENTRE,5LK1GSBD111628110
11060414,NATIONAL EDUCATIONAL SERVICE COLLEGE OF ARTS AND SCIENCE,DIGIT_PREFIX,,,ESG_OR_UNKNOWN,NEW,,,
11060415,OXFORD HIGH SCHOOL,DIGIT_PREFIX,,,ESG_OR_UNKNOWN,NEW,,,
11060416,QUALITY INTERNATIONAL SCHOOL YAOUNDE,DIGIT_PREFIX,,,ESG_OR_UNKNOWN,PROBABLE_NO_REGION_SIGNAL,Lyce Bilingue de YAOUNDE,CENTRE,5LJ1GSBD110162077
11060418,CENTRE EDUCATIF MEYON MEYEME,DIGIT_PREFIX,,,ESG_OR_UNKNOWN,PROBABLE_NO_REGION_SIGNAL,Lyce de MELONG-CENTRE,LITTORAL,7CM1GSFD111655107
11060419,CETI EKANI EYENGA,DIGIT_PREFIX,,,ESTP,NEW,,,
11060420,COLLEGE BILINGUE KIATABALA,DIGIT_PREFIX,,,ESG_OR_UNKNOWN,NEW,,,
11060421,COLLEGE BILINGUE LES AGNEAUX,DIGIT_PREFIX,,,ESG_OR_UNKNOWN,NEW,,,
11060422,COLLEGE DE LA PAIX,DIGIT_PREFIX,,,ESG_OR_UNKNOWN,NEW,,,
11060423,COLLEGE LE SAMARITAIN YAOUNDE,DIGIT_PREFIX,,,ESG_OR_UNKNOWN,PROBABLE_NO_REGION_SIGNAL,Lyce Bilingue de YAOUNDE,CENTRE,5LJ1GSBD110162077
11061065,COLLEGE POLYVALENT LA PERLE PLUS,DIGIT_PREFIX,,,ESG_OR_UNKNOWN,NEW,,,
11060425,COLLEGE PRIVE LAIC XAVIER EBOMO,DIGIT_PREFIX,,,ESG_OR_UNKNOWN,NEW,,,
11060427,COLLEGE STELLA-MARIS,DIGIT_PREFIX,,,ESG_OR_UNKNOWN,NEW,,,
11060428,COLLEGE VENUS,DIGIT_PREFIX,,,ESG_OR_UNKNOWN,NEW,,,
11060429,COMPLEXE SCOLAIRE THECLA,DIGIT_PREFIX,,,ESG_OR_UNKNOWN,NEW,,,
11060430,COMPLEXE SCOLAIRE YONA,DIGIT_PREFIX,,,ESG_OR_UNKNOWN,NEW,,,
11060431,EDEN COLLEGE OF COMMERCE ARTS SCIENCES TECHNOLOGY,DIGIT_PREFIX,,,ESG_OR_UNKNOWN,NEW,,,
11060432,ENIEG BILINGUE IBAY,DIGIT_PREFIX,,,ENI,NEW,,,
11060433,ENIEG LUCKY KIDS,DIGIT_PREFIX,,,ENI,NEW,,,
11060434,ENIEG PRIVEE BILINGUE THECLA,DIGIT_PREFIX,,,ENI,NEW,,,
11060435,INSTITUT DES TECHNIQUES DES SCIENCES ET DES ENSEIGNEMENTS,DIGIT_PREFIX,,,ESG_OR_UNKNOWN,NEW,,,
11060436,INSTITUT MGR RENE GRAFFIN,DIGIT_PREFIX,,,ESG_OR_UNKNOWN,NEW,,,
11060437,INSTITUT POUSSI,DIGIT_PREFIX,,,ESG_OR_UNKNOWN,NEW,,,
11060438,INSTITUT PRIVE LAIC LE JOURDAIN,DIGIT_PREFIX,,,ESG_OR_UNKNOWN,NEW,,,
11060439,INTERNATIONAL BILINGUAL ACADEMY YAOUNDE,DIGIT_PREFIX,,,ESG_OR_UNKNOWN,PROBABLE_NO_REGION_SIGNAL,Lyce Bilingue de YAOUNDE,CENTRE,5LJ1GSBD110162077
11060440,LADYBIRD SECONDARY SCHOOL YAOUNDE,DIGIT_PREFIX,,,ESG_OR_UNKNOWN,PROBABLE_NO_REGION_SIGNAL,Lyce Bilingue de YAOUNDE,CENTRE,5LJ1GSBD110162077
CE41363H31,LYCEE BILINGUE D&#039;EKOREZOK,ALPHA_PREFIX,Centre,CONFIRMED_BY_MATCH,ESG_OR_UNKNOWN,PROBABLE,Lyce Bilingue d'EKOREZOK,CENTRE,5LL1GSBD110373110
CE41363I32,LYCEE CLASSIQUE DE NKOLBISSON,ALPHA_PREFIX,Centre,CONFIRMED_BY_MATCH,ESG_OR_UNKNOWN,PROBABLE,Lyce Classique de NANGA-EBOKO,CENTRE,5CJ1GSFD111355078
CE41362L43,LYCEE TECHNIQUE BILINGUE DE NKOLBISSON,ALPHA_PREFIX,Centre,CONFIRMED_BY_MATCH,ESTP,PROBABLE,Lyce Classique de NKOLBISSON,CENTRE,5LL1GSFD112162098
11060441,THE GENIUS TRILINGUAL COLLEGE,DIGIT_PREFIX,,,ESG_OR_UNKNOWN,NEW,,,
CE51068C48,CETIC HEYE,ALPHA_PREFIX,Centre,CONFIRMED_BY_MATCH,ESTP,NEW,,,
CE51068I01,LYCEE DE BIYOUHA,ALPHA_PREFIX,Centre,CONFIRMED_BY_MATCH,ESG_OR_UNKNOWN,PROBABLE,Lyce de BIYOUHA,CENTRE,5MC1GSFD111676112
CE51073A02,CES DE LINDOI,ALPHA_PREFIX,Centre,CONFIRMED_BY_MATCH,ESG_OR_UNKNOWN,EXACT_IDENTITY_REGION,CES de LINDOI,CENTRE,5ME1GSFD100552107A
CE51073C49,CETIC DE BAGBA,ALPHA_PREFIX,Centre,CONFIRMED_BY_MATCH,ESTP,NEW,,,
CE51073C50,CETIC DE LOLA,ALPHA_PREFIX,Centre,CONFIRMED_BY_MATCH,ESTP,NEW,,,
CE51073I03,LYCEE DE BONDJOCK,ALPHA_PREFIX,Centre,CONFIRMED_BY_MATCH,ESG_OR_UNKNOWN,PROBABLE,Lyce de BONDJOCK,CENTRE,5ME1GSFD112151110
CE51074A04,CES DE BISSOMBE,ALPHA_PREFIX,Centre,CONFIRMED_BY_MATCH,ESG_OR_UNKNOWN,EXACT_IDENTITY_REGION,CES de BISSOMBE,CENTRE,5MH1GSFD100129109
CE51074A05,CES DE BOBOG I,ALPHA_PREFIX,Centre,CONFIRMED_BY_MATCH,ESG_OR_UNKNOWN,EXACT_IDENTITY_REGION,CES de BOBOG I,CENTRE,5MH1GSFD102197110
CE51074A06,CES DE MANDJACK BOT- MAKAK,ALPHA_PREFIX,Centre,CONFIRMED_BY_MATCH,ESG_OR_UNKNOWN,EXACT_IDENTITY_REGION,CES de MANDJACK (Bot-Makak),CENTRE,5MH1GSFD100438111
CE51074A07,CES DE MBANDA,ALPHA_PREFIX,Centre,CONFIRMED_BY_MATCH,ESG_OR_UNKNOWN,EXACT_IDENTITY_REGION,CES de MBANDA,CENTRE,5MH1GSFD102365107
CE51074A08,CES DE MBEBE,ALPHA_PREFIX,Centre,CONFIRMED_BY_MATCH,ESG_OR_UNKNOWN,EXACT_IDENTITY_REGION,CES de MBEBE,CENTRE,5MH1GSFD102448108
CE51074A09,CES DE MOMLELEP II,ALPHA_PREFIX,Centre,CONFIRMED_BY_MATCH,ESG_OR_UNKNOWN,NEW,,,
CE51074A10,CES DE PAN MAKAK,ALPHA_PREFIX,Centre,CONFIRMED_BY_MATCH,ESG_OR_UNKNOWN,EXACT_IDENTITY_REGION,CES de PAN-MAKAK,CENTRE,5MH1GSFD100403109
CE51074C51,CETIC DE BOT-MAKAK,ALPHA_PREFIX,Centre,CONFIRMED_BY_MATCH,ESTP,PROBABLE,Lyce Bilingue de MAKAK,CENTRE,5MK1GSFD110111092
CE51074C52,CETIC DE HEGBA,ALPHA_PREFIX,Centre,CONFIRMED_BY_MATCH,ESTP,PROBABLE,Lyce de HEGBA,CENTRE,5MH1GSFD110519107
CE51074C53,CETIC DE LAMAL-NGUIBASSAL,ALPHA_PREFIX,Centre,CONFIRMED_BY_MATCH,ESTP,PROBABLE,Lyce de LAMAL-POUGUE,CENTRE,5ML1GSFD112243111
11110442,COLLEGE LE MAILLOUX,DIGIT_PREFIX,,,ESG_OR_UNKNOWN,NEW,,,
CE51074I11,LYCEE DE BOT-MAKAK,ALPHA_PREFIX,Centre,CONFIRMED_BY_MATCH,ESG_OR_UNKNOWN,PROBABLE,Lyce Bilingue de MAKAK,CENTRE,5MK1GSFD110111092
CE51074I12,LYCEE DE HEGBA,ALPHA_PREFIX,Centre,CONFIRMED_BY_MATCH,ESG_OR_UNKNOWN,PROBABLE,Lyce de HEGBA,CENTRE,5MH1GSFD110519107
CE51074I13,LYCEE DE NTOULENG,ALPHA_PREFIX,Centre,CONFIRMED_BY_MATCH,ESG_OR_UNKNOWN,PROBABLE,Lyce de NTOULENG,CENTRE,5MH1GSFD111175111
CE51074L54,LYCEE TECHNIQUE DE MINSE,ALPHA_PREFIX,Centre,CONFIRMED_BY_MATCH,ESTP,NEW,,,
CE51087A14,CES DE NDONGO CENTRE,ALPHA_PREFIX,Centre,CONFIRMED_BY_MATCH,ESG_OR_UNKNOWN,EXACT_IDENTITY_REGION,CES de NDONGO-CENTRE,CENTRE,5MI1GSFD101239107
CE51087C55,CETIC DE DINGOMBI,ALPHA_PREFIX,Centre,CONFIRMED_BY_MATCH,ESTP,NEW,,,
11110443,COLLEGE POLYVALENT DEO GRATIAS DIBANG,DIGIT_PREFIX,,,ESG_OR_UNKNOWN,PROBABLE_NO_REGION_SIGNAL,Lyce de DIBANG,CENTRE,5MI1GSFD111830092
CE51087L56,LYCEE TECHNIQUE DE DIBANG,ALPHA_PREFIX,Centre,CONFIRMED_BY_MATCH,ESTP,PROBABLE,Lyce de DIBANG,CENTRE,5MI1GSFD111830092
CE51087H15,LYCEE BILINGUE DE SOMBO,ALPHA_PREFIX,Centre,CONFIRMED_BY_MATCH,ESG_OR_UNKNOWN,PROBABLE,Lyce Bilingue de SOMBO,CENTRE,5MI1GSBD111665112
CE51087I16,LYCEE DE DIBANG,ALPHA_PREFIX,Centre,CONFIRMED_BY_MATCH,ESG_OR_UNKNOWN,PROBABLE,Lyce de DIBANG,CENTRE,5MI1GSFD111830092
CE51120A17,CES DE MANDJACK ESEKA,ALPHA_PREFIX,Centre,CONFIRMED_BY_MATCH,ESG_OR_UNKNOWN,PROBABLE,Lyce Bilingue d'ESEKA,CENTRE,5MJ1GSBD111670107
CE51120C57,CETIC DE MOUANDA,ALPHA_PREFIX,Centre,CONFIRMED_BY_MATCH,ESTP,NEW,,,
CE51120C58,CETIC DE SOMBADJECK,ALPHA_PREFIX,Centre,CONFIRMED_BY_MATCH,ESTP,NEW,,,
11110444,COLLEGE MARIE ALBERT D ESEKA,DIGIT_PREFIX,,,ESG_OR_UNKNOWN,PROBABLE_NO_REGION_SIGNAL,Lyce Bilingue d'ESEKA,CENTRE,5MJ1GSBD111670107
CE51120E59,ENIEG D&#039;ESEKA,ALPHA_PREFIX,Centre,CONFIRMED_BY_MATCH,ENI,PROBABLE,Lyce Bilingue d'ESEKA,CENTRE,5MJ1GSBD111670107
CE51120L60,LYCEE TECHNIQUE ESEKA,ALPHA_PREFIX,Centre,CONFIRMED_BY_MATCH,ESTP,PROBABLE,Lyce Bilingue d'ESEKA,CENTRE,5MJ1GSBD111670107
CE51120H18,LYCEE BILINGUE D&#039;ESEKA,ALPHA_PREFIX,Centre,CONFIRMED_BY_MATCH,ESG_OR_UNKNOWN,PROBABLE,Lyce Bilingue d'ESEKA,CENTRE,5MJ1GSBD111670107
CE51120I20,LYCEE DE BOGSO,ALPHA_PREFIX,Centre,CONFIRMED_BY_MATCH,ESG_OR_UNKNOWN,PROBABLE,Lyce de BOGSO,CENTRE,5MJ1GSFD111234112
CE51120I19,LYCEE D&#039;ESEKA,ALPHA_PREFIX,Centre,CONFIRMED_BY_MATCH,ESG_OR_UNKNOWN,PROBABLE,Lyce Bilingue d'ESEKA,CENTRE,5MJ1GSBD111670107
CE51194A21,CES DE MBEMNDJOCK,ALPHA_PREFIX,Centre,CONFIRMED_BY_MATCH,ESG_OR_UNKNOWN,EXACT_IDENTITY_REGION,CES de MBEMNDJOCK,CENTRE,5MK1GSFD101903103
CE51194A22,CES DE MBENG,ALPHA_PREFIX,Centre,CONFIRMED_BY_MATCH,ESG_OR_UNKNOWN,EXACT_IDENTITY_REGION,CES de MBENG,CENTRE,5MK1GSFD102444110
CE51194A23,LYCEE BILINGUE DE MINKA,ALPHA_PREFIX,Centre,CONFIRMED_BY_MATCH,ESG_OR_UNKNOWN,PROBABLE,CES de MINKA,CENTRE,5MK1GSFD102377113
CE51194A24,CES DE NGWATE POHE,ALPHA_PREFIX,Centre,CONFIRMED_BY_MATCH,ESG_OR_UNKNOWN,EXACT_IDENTITY_REGION,CES de NGWATE-POHE,CENTRE,5MK1GSFD102019111
CE51194A25,CES DE SEPP,ALPHA_PREFIX,Centre,CONFIRMED_BY_MATCH,ESG_OR_UNKNOWN,EXACT_IDENTITY_REGION,CES de SEPP,CENTRE,5MK1GSFD100433112
CE51194C61,CETIC DE BOUMNKOCK,ALPHA_PREFIX,Centre,CONFIRMED_BY_MATCH,ESTP,NEW,,,
11110445,COLLEGE EVANGELIQUE DE LIBAMBA,DIGIT_PREFIX,,,ESG_OR_UNKNOWN,NEW,,,
11110446,COLLEGE SACRE COEUR DE MAKAK,DIGIT_PREFIX,,,ESG_OR_UNKNOWN,PROBABLE_NO_REGION_SIGNAL,Lyce Bilingue de MAKAK,CENTRE,5MK1GSFD110111092
CE51194I26,LYCEE BILINGUE DE MAKAK,ALPHA_PREFIX,Centre,CONFIRMED_BY_MATCH,ESG_OR_UNKNOWN,PROBABLE,Lyce Bilingue de MAKAK,CENTRE,5MK1GSFD110111092
CE51194I27,LYCEE DE MOM-GARE,ALPHA_PREFIX,Centre,CONFIRMED_BY_MATCH,ESG_OR_UNKNOWN,PROBABLE,Lyce de MOM-GARE,CENTRE,5MK1GSFD111347111
CE51194L62,LYCEE TECHNIQUE DE MAKAK,ALPHA_PREFIX,Centre,CONFIRMED_BY_MATCH,ESTP,PROBABLE,Lyce Bilingue de MAKAK,CENTRE,5MK1GSFD110111092
CE51208A28,CES DE MAWEL,ALPHA_PREFIX,Centre,CONFIRMED_BY_MATCH,ESG_OR_UNKNOWN,EXACT_IDENTITY_REGION,CES de MAWEL,CENTRE,5ML1GSFD102247110
CE51208A29,CES DE NKENG LIKOCK,ALPHA_PREFIX,Centre,CONFIRMED_BY_MATCH,ESG_OR_UNKNOWN,PROBABLE,CES de NKENG-LIKOK,CENTRE,5ML1GSFD102383113
CE51208C63,CETIC DE LAMAL-POUGUE,ALPHA_PREFIX,Centre,CONFIRMED_BY_MATCH,ESTP,PROBABLE,Lyce de LAMAL-POUGUE,CENTRE,5ML1GSFD112243111
CE51208C64,CETIC DE MALMINANG,ALPHA_PREFIX,Centre,CONFIRMED_BY_MATCH,ESTP,NEW,,,
CE51208C65,CETIC DE MAPAN (VIDE),ALPHA_PREFIX,Centre,CONFIRMED_BY_MATCH,ESTP,NEW,,,
CE51208C66,CETIC NKENG LIKOCK,ALPHA_PREFIX,Centre,CONFIRMED_BY_MATCH,ESTP,PROBABLE,CES de NKENG-LIKOK,CENTRE,5ML1GSFD102383113
CE51208H30,LYCEE BILINGUE DE MANGUEN II,ALPHA_PREFIX,Centre,CONFIRMED_BY_MATCH,ESG_OR_UNKNOWN,PROBABLE,Lyce Bilingue de MANGUEN II,CENTRE,5ML1GSBD112204110
CE51208I31,LYCEE DE LAMAL-POUGUE,ALPHA_PREFIX,Centre,CONFIRMED_BY_MATCH,ESG_OR_UNKNOWN,PROBABLE,Lyce de LAMAL-POUGUE,CENTRE,5ML1GSFD112243111
CE51208I32,LYCEE DE MANDOUMBA,ALPHA_PREFIX,Centre,CONFIRMED_BY_MATCH,ESG_OR_UNKNOWN,PROBABLE,Lyce de MANDOUMBA,CENTRE,5ML1GSFD112391108
CE51208I33,LYCEE CLASSIQUE DE MATOMB,ALPHA_PREFIX,Centre,CONFIRMED_BY_MATCH,ESG_OR_UNKNOWN,PROBABLE,Lyce Classique de NANGA-EBOKO,CENTRE,5CJ1GSFD111355078
CE51208L67,LYCEE TECHNIQUE DE MATOMB,ALPHA_PREFIX,Centre,CONFIRMED_BY_MATCH,ESTP,PROBABLE,Lyce de MATOMB,CENTRE,5ML1GSFD112468095
CE51236A34,CES DE BIKOK-BI-MBOUI,ALPHA_PREFIX,Centre,CONFIRMED_BY_MATCH,ESG_OR_UNKNOWN,EXACT_IDENTITY_REGION,CES de BIKOK-BI-MBOUI,CENTRE,5MM1GSFD102172110
CE51236A35,CES DE NDOGBESSOL GARE,ALPHA_PREFIX,Centre,CONFIRMED_BY_MATCH,ESG_OR_UNKNOWN,EXACT_IDENTITY_REGION,CES de NDOGBESSOL-GARE,CENTRE,5MM1GSFD102404110
CE51236A36,CES DE SONG MBONG,ALPHA_PREFIX,Centre,CONFIRMED_BY_MATCH,ESG_OR_UNKNOWN,EXACT_IDENTITY_REGION,CES de SONG-MBONG,CENTRE,5MM1GSFD102049106
CE51236C47,CETIC DE MBENGUE CENTRE,ALPHA_PREFIX,Centre,CONFIRMED_BY_MATCH,ESTP,PROBABLE,CES de KOUGOUDA-CENTRE,CENTRE,5EK1GSFD102362110
CE51236C68,CETIC DE MESSONDO,ALPHA_PREFIX,Centre,CONFIRMED_BY_MATCH,ESTP,PROBABLE,Lyce de MESSONDO,CENTRE,5MM1GSFD111350097
CE51236I37,LYCEE DE BADJOB,ALPHA_PREFIX,Centre,CONFIRMED_BY_MATCH,ESG_OR_UNKNOWN,PROBABLE,Lyce de BADJOB,CENTRE,5MM1GSFD110510111
CE51236I38,LYCEE DE MESSONDO,ALPHA_PREFIX,Centre,CONFIRMED_BY_MATCH,ESG_OR_UNKNOWN,PROBABLE,Lyce de MESSONDO,CENTRE,5MM1GSFD111350097
CE51275A39,CES DE MAMB,ALPHA_PREFIX,Centre,CONFIRMED_BY_MATCH,ESG_OR_UNKNOWN,EXACT_IDENTITY_REGION,CES de MAMB,CENTRE,5MN1GSFD101826109
CE51275C69,CETIC DE MODE,ALPHA_PREFIX,Centre,CONFIRMED_BY_MATCH,ESTP,NEW,,,
CE51275H40,LYCEE BILINGUE DE MAKAI,ALPHA_PREFIX,Centre,CONFIRMED_BY_MATCH,ESG_OR_UNKNOWN,PROBABLE,Lyce Bilingue de MAKAI,CENTRE,5MN1GSBD110834110
CE51275I41,LYCEE DE BOUMNYEBEL,ALPHA_PREFIX,Centre,CONFIRMED_BY_MATCH,ESG_OR_UNKNOWN,PROBABLE,Lyce de BOUMNYEBEL,CENTRE,5MN1GSFD112141111
CE51275I42,LYCEE DE NGOG-MAPUBI,ALPHA_PREFIX,Centre,CONFIRMED_BY_MATCH,ESG_OR_UNKNOWN,PROBABLE,Lyce de NGOG-MAPUBI,CENTRE,5MN1GSFD112457071
CE51275L70,LYCEE TECHNIQUE NGOG-MAPUBI,ALPHA_PREFIX,Centre,CONFIRMED_BY_MATCH,ESTP,PROBABLE,Lyce de NGOG-MAPUBI,CENTRE,5MN1GSFD112457071
CE51284A44,CES DE BOUMNDJACK,ALPHA_PREFIX,Centre,CONFIRMED_BY_MATCH,ESG_OR_UNKNOWN,EXACT_IDENTITY_REGION,CES de BOUMNDJACK,CENTRE,5MQ1GSFD101247108
CE51284A45,CES DE SOMAKAI,ALPHA_PREFIX,Centre,CONFIRMED_BY_MATCH,ESG_OR_UNKNOWN,NEW,,,
CE51284A43,CES D&#039;ELALE,ALPHA_PREFIX,Centre,CONFIRMED_BY_MATCH,ESG_OR_UNKNOWN,PROBABLE,CES d'ELALE,CENTRE,5MQ1GSFD101254106
CE51284I46,LYCEE DE NGUIBASSAL,ALPHA_PREFIX,Centre,CONFIRMED_BY_MATCH,ESG_OR_UNKNOWN,PROBABLE,Lyce de NGUIBASSAL,CENTRE,5MQ1GSFD110557109
CE52007A01,CES D&#039;ABEM,ALPHA_PREFIX,Centre,CONFIRMED_BY_MATCH,ESG_OR_UNKNOWN,PROBABLE,CES d'ABEM,CENTRE,5NC1GSFD101275109
CE52007A02,CES D&#039;ANDOM-YEMBAMA,ALPHA_PREFIX,Centre,CONFIRMED_BY_MATCH,ESG_OR_UNKNOWN,PROBABLE,CES d'ANDOM-YEMBAMA,CENTRE,5NC1GSFD100874113
CE52007A04,CES DE MEDZEK,ALPHA_PREFIX,Centre,CONFIRMED_BY_MATCH,ESG_OR_UNKNOWN,EXACT_IDENTITY_REGION,CES de MEDZEK,CENTRE,5NC1GSFD101257110
CE52007A05,CES DE MENGUEME -SY,ALPHA_PREFIX,Centre,CONFIRMED_BY_MATCH,ESG_OR_UNKNOWN,EXACT_IDENTITY_REGION,CES de MENGUEME-SY,CENTRE,5NC1GSFD101267099
CE52007A06,CES DE NKOLEBOTAN,ALPHA_PREFIX,Centre,CONFIRMED_BY_MATCH,ESG_OR_UNKNOWN,NEW,,,
CE52007A07,CES DE TOMBA II,ALPHA_PREFIX,Centre,CONFIRMED_BY_MATCH,ESG_OR_UNKNOWN,EXACT_IDENTITY_REGION,CES de TOMBA II,CENTRE,5NC1GSFD101521112
CE52007A08,CES DE ZALOM,ALPHA_PREFIX,Centre,CONFIRMED_BY_MATCH,ESG_OR_UNKNOWN,EXACT_IDENTITY_REGION,CES de ZALOM,CENTRE,5NC1GSFD101262108
CE52007A03,CES D&#039;EMVANESSO,ALPHA_PREFIX,Centre,CONFIRMED_BY_MATCH,ESG_OR_UNKNOWN,PROBABLE,CES d'EMVANESSO,CENTRE,5NC1GSFD101973102
11100447,CETI DUPONT AKONOLINGA,DIGIT_PREFIX,,,ESTP,PROBABLE_NO_REGION_SIGNAL,Lyce Mixte d'AKONOLINGA,CENTRE,5NC1GSFD111002076
CE52007C29,CETIC EBOLAKOUNOU,ALPHA_PREFIX,Centre,CONFIRMED_BY_MATCH,ESTP,NEW,,,
11100448,CETIC MISSION CATHOLIQUE AKONOLINGA,DIGIT_PREFIX,,,ESTP,PROBABLE_NO_REGION_SIGNAL,Lyce Mixte d'AKONOLINGA,CENTRE,5NC1GSFD111002076
CE52007C30,CETIC D&#039;EFOGO,ALPHA_PREFIX,Centre,CONFIRMED_BY_MATCH,ESTP,NEW,,,
11100449,COLLEGE PRIVE CATHOLIQUE DUPONT,DIGIT_PREFIX,,,ESG_OR_UNKNOWN,NEW,,,
11100450,COLLEGE PROTESTANT REMY BIDJA,DIGIT_PREFIX,,,ESG_OR_UNKNOWN,NEW,,,
CE52007E31,ENIEG D&#039;AKONOLINGA,ALPHA_PREFIX,Centre,CONFIRMED_BY_MATCH,ENI,PROBABLE,Lyce Mixte d'AKONOLINGA,CENTRE,5NC1GSFD111002076
11100451,INSTITUT POLYVALENT EUGENE JAMOT,DIGIT_PREFIX,,,ESG_OR_UNKNOWN,NEW,,,
CE52007H09,LYCEE BILINGUE D&#039;AKONOLINGA,ALPHA_PREFIX,Centre,CONFIRMED_BY_MATCH,ESG_OR_UNKNOWN,PROBABLE,Lyce Mixte d'AKONOLINGA,CENTRE,5NC1GSFD111002076
CE52007I10,LYCEE D&#039;ANDOM EBOA,ALPHA_PREFIX,Centre,CONFIRMED_BY_MATCH,ESG_OR_UNKNOWN,PROBABLE,CES d'ANDOM-YEMBAMA,CENTRE,5NC1GSFD100874113
CE52007I11,LYCEE MIXTE D&#039;AKONOLINGA,ALPHA_PREFIX,Centre,CONFIRMED_BY_MATCH,ESG_OR_UNKNOWN,PROBABLE,Lyce Mixte d'AKONOLINGA,CENTRE,5NC1GSFD111002076
CE52007L32,LYCEE TECHNIQUE D&#039;AKONOLINGA,ALPHA_PREFIX,Centre,CONFIRMED_BY_MATCH,ESTP,PROBABLE,Lyce Mixte d'AKONOLINGA,CENTRE,5NC1GSFD111002076
CE52015B12,LYCEE BILINGUE D&#039;AYOS EBABODO,ALPHA_PREFIX,Centre,CONFIRMED_BY_MATCH,ESG_OR_UNKNOWN,PROBABLE,Lyce Bilingue d'AYOS,CENTRE,5NE1GSBD112139114
CE52015A13,CES DE MBEKA-AYOS,ALPHA_PREFIX,Centre,CONFIRMED_BY_MATCH,ESG_OR_UNKNOWN,EXACT_IDENTITY_REGION,CES de MBEKA-AYOS,CENTRE,5NE1GSFD100749108
CE52015A14,CES DE NNEMEYONG,ALPHA_PREFIX,Centre,CONFIRMED_BY_MATCH,ESG_OR_UNKNOWN,EXACT_IDENTITY_REGION,CES de NNEMEYONG,CENTRE,5NE1GSFD101192110
CE52015A15,CES DE NYAMVOUDOU,ALPHA_PREFIX,Centre,CONFIRMED_BY_MATCH,ESG_OR_UNKNOWN,EXACT_IDENTITY_REGION,CES de NYAMVOUDOU,CENTRE,5NE1GSFD100651110
CE52015C33,CETIC DE SOBIA,ALPHA_PREFIX,Centre,CONFIRMED_BY_MATCH,ESTP,NEW,,,
11100452,COLLEGE ADVENTISTE NIAMVOUDOU,DIGIT_PREFIX,,,ESG_OR_UNKNOWN,NEW,,,
11100453,COLLEGE PROTESTANT BILINGUE BETHANIE AYOS,DIGIT_PREFIX,,,ESG_OR_UNKNOWN,PROBABLE_NO_REGION_SIGNAL,Lyce Bilingue d'AYOS,CENTRE,5NE1GSBD112139114
CE52015H16,LYCEE BILINGUE D&#039;AYOS,ALPHA_PREFIX,Centre,CONFIRMED_BY_MATCH,ESG_OR_UNKNOWN,PROBABLE,Lyce Bilingue d'AYOS,CENTRE,5NE1GSBD112139114
CE52015I17,LYCEE DE KOMBO,ALPHA_PREFIX,Centre,CONFIRMED_BY_MATCH,ESG_OR_UNKNOWN,PROBABLE,Lyce de KOMBO,CENTRE,5NE1GSFD110756113
CE52015I18,LYCEE DE NDELLE AYOS,ALPHA_PREFIX,Centre,CONFIRMED_BY_MATCH,ESG_OR_UNKNOWN,PROBABLE,Lyce Bilingue d'AYOS,CENTRE,5NE1GSBD112139114
CE52015L34,LYCEE TECHNIQUE D&#039;AYOS,ALPHA_PREFIX,Centre,CONFIRMED_BY_MATCH,ESTP,PROBABLE,Lyce Bilingue d'AYOS,CENTRE,5NE1GSBD112139114
CE52119A20,CES DE KPWAMENDJING,ALPHA_PREFIX,Centre,CONFIRMED_BY_MATCH,ESG_OR_UNKNOWN,EXACT_IDENTITY_REGION,CES de KPWAMENDJING,CENTRE,5NH1GSFD100615110
CE52119A22,CES DE NKOLTOM,ALPHA_PREFIX,Centre,CONFIRMED_BY_MATCH,ESG_OR_UNKNOWN,EXACT_IDENTITY_REGION,CES de NKOLTOM,CENTRE,5NH1GSFD100601112
CE52119A21,CES DE NKO&#039;OVENG,ALPHA_PREFIX,Centre,CONFIRMED_BY_MATCH,ESG_OR_UNKNOWN,PROBABLE,Lyce d'OVENG-MBANKOMO,CENTRE,5KH1GSFD111947107
CE52119A19,CES D&#039;EYEK,ALPHA_PREFIX,Centre,CONFIRMED_BY_MATCH,ESG_OR_UNKNOWN,PROBABLE,CES d'EYEK,CENTRE,5NH1GSFD100631109
CE52119C36,CETIC D&#039;EDJOM,ALPHA_PREFIX,Centre,CONFIRMED_BY_MATCH,ESTP,NEW,,,
CE52119I23,LYCEE BILINGUE D&#039;ENDOM,ALPHA_PREFIX,Centre,CONFIRMED_BY_MATCH,ESG_OR_UNKNOWN,PROBABLE,Lyce Mixte d'ENDOM,CENTRE,5NH1GSFD111933091
CE52119L39,LYCEE TECHNIQUE DE ENDOM,ALPHA_PREFIX,Centre,CONFIRMED_BY_MATCH,ESTP,PROBABLE,Lyce Mixte d'ENDOM,CENTRE,5NH1GSFD111933091
CE52229A24,CES DE NKOLESSONG-MENGANG,ALPHA_PREFIX,Centre,CONFIRMED_BY_MATCH,ESG_OR_UNKNOWN,EXACT_IDENTITY_REGION,CES de NKOLESSONG-MENGANG,CENTRE,5NI1GSFD100821109
CE52229C37,CETIC DE NSENANG EDOU,ALPHA_PREFIX,Centre,CONFIRMED_BY_MATCH,ESTP,NEW,,,
CE52229I25,LYCEE bILINGUE DE MENGANG,ALPHA_PREFIX,Centre,CONFIRMED_BY_MATCH,ESG_OR_UNKNOWN,PROBABLE,Lyce Bilingue de MENGANG,CENTRE,5NI1GSFD110662104
CE52162A26,CES D&#039;AWAE-AYOS,ALPHA_PREFIX,Centre,CONFIRMED_BY_MATCH,ESG_OR_UNKNOWN,PROBABLE,CES Bilingue d'AWAE,CENTRE,5JH1GSBD101724109
CE52162A27,CES DE YENASSA,ALPHA_PREFIX,Centre,CONFIRMED_BY_MATCH,ESG_OR_UNKNOWN,EXACT_IDENTITY_REGION,CES de YENASSA,CENTRE,5NJ1GSFD100650109
CE52162C38,CETIC KOBDOMBO VILLE,ALPHA_PREFIX,Centre,CONFIRMED_BY_MATCH,ESTP,PROBABLE,Lyce Bilingue de KOBDOMBO,CENTRE,5NJ1GSBD112206111
CE52162H28,LYCEE BILINGUE DE KOBDOMBO,ALPHA_PREFIX,Centre,CONFIRMED_BY_MATCH,ESG_OR_UNKNOWN,PROBABLE,Lyce Bilingue de KOBDOMBO,CENTRE,5NJ1GSBD112206111
CE53004C25,CETIC DE MANENGOMBO,ALPHA_PREFIX,Centre,CONFIRMED_BY_MATCH,ESTP,NEW,,,
CE53004I01,LYCEE D&#039;AKOEMAN,ALPHA_PREFIX,Centre,CONFIRMED_BY_MATCH,ESG_OR_UNKNOWN,PROBABLE,Lyce d'AKOEMAN,CENTRE,5QC1GSFD102064097
CE53107A02,CES DE KOMASSI,ALPHA_PREFIX,Centre,CONFIRMED_BY_MATCH,ESG_OR_UNKNOWN,EXACT_IDENTITY_REGION,CES de KOMASSI,CENTRE,5QE1GSFD102250100
CE53107A03,CES DE MBANGA DZENG,ALPHA_PREFIX,Centre,CONFIRMED_BY_MATCH,ESG_OR_UNKNOWN,EXACT_IDENTITY_REGION,CES de MBANGA-DZENG,CENTRE,5QE1GSFD101997108
CE53107A04,CES DE NGAT-I - DZENG,ALPHA_PREFIX,Centre,CONFIRMED_BY_MATCH,ESG_OR_UNKNOWN,PROBABLE,Lyce Bilingue de DZENG,CENTRE,5QE1GSBD111854098
CE53107C26,CETIC D&#039;ASSOK DZENG,ALPHA_PREFIX,Centre,CONFIRMED_BY_MATCH,ESTP,PROBABLE,Lyce Bilingue de DZENG,CENTRE,5QE1GSBD111854098
CE53107C27,CETIC DE MINLABA,ALPHA_PREFIX,Centre,CONFIRMED_BY_MATCH,ESTP,NEW,,,
11070454,INSTITUT PRIVE CATHOLIQUE DES ARTS ET METIERS DE ZOASSI,DIGIT_PREFIX,,,ESG_OR_UNKNOWN,PROBABLE_NO_REGION_SIGNAL,CES de ZOASSI,CENTRE,5JL1GSFD100101105
CE53107H05,LYCEE BILINGUE DE DZENG,ALPHA_PREFIX,Centre,CONFIRMED_BY_MATCH,ESG_OR_UNKNOWN,PROBABLE,Lyce Bilingue de DZENG,CENTRE,5QE1GSBD111854098
CE53214A07,CES de MVOG ZOUGA,ALPHA_PREFIX,Centre,CONFIRMED_BY_MATCH,ESG_OR_UNKNOWN,EXACT_IDENTITY_REGION,CES de MVOG-ZOUGA,CENTRE,5QH1GSFD102988117
CE53214A08,CES DE NKOLNYAMA,ALPHA_PREFIX,Centre,CONFIRMED_BY_MATCH,ESG_OR_UNKNOWN,EXACT_IDENTITY_REGION,CES de NKOLNYAMA,CENTRE,5QH1GSFD100349109
CE53214A06,CES D&#039;EKOMBITIE MBALMAYO,ALPHA_PREFIX,Centre,CONFIRMED_BY_MATCH,ESG_OR_UNKNOWN,PROBABLE,CES d'EKOMBITIE-MBALMAYO,CENTRE,5QH1GSFD100623110
CE53214C28,CETIC DE KOMASSI,ALPHA_PREFIX,Centre,CONFIRMED_BY_MATCH,ESTP,PROBABLE,CES de KOMASSI,CENTRE,5QE1GSFD102250100
CE53214C24,CETIC DE MEKOMO CENTRE,ALPHA_PREFIX,Centre,CONFIRMED_BY_MATCH,ESTP,PROBABLE,CES de KOUGOUDA-CENTRE,CENTRE,5EK1GSFD102362110
11070455,COLLEGE INSTITUTION DJILO,DIGIT_PREFIX,,,ESG_OR_UNKNOWN,NEW,,,
11070456,COLLEGE JEAN PAUL II MBALMAYO,DIGIT_PREFIX,,,ESG_OR_UNKNOWN,PROBABLE_NO_REGION_SIGNAL,Lyce de MBALMAYO-OYACK,CENTRE,5QH1GSFD111879099
11070457,COLLEGE NINA GIANETTI,DIGIT_PREFIX,,,ESG_OR_UNKNOWN,NEW,,,
11070458,COLLEGE NOA SAP GEN,DIGIT_PREFIX,,,ESG_OR_UNKNOWN,NEW,,,
11070459,COLLEGE SAINT MUTIEN-MARIE,DIGIT_PREFIX,,,ESG_OR_UNKNOWN,NEW,,,
11070460,COLLEGE SAINT-COEUR DE MARIE MBALMAYO,DIGIT_PREFIX,,,ESG_OR_UNKNOWN,PROBABLE_NO_REGION_SIGNAL,Lyce de MBALMAYO-OYACK,CENTRE,5QH1GSFD111879099
11070461,COLLEGE SOREN EKETE,DIGIT_PREFIX,,,ESG_OR_UNKNOWN,NEW,,,
CE53214E29,ENIEG DE MBALMAYO,ALPHA_PREFIX,Centre,CONFIRMED_BY_MATCH,ENI,PROBABLE,Lyce de MBALMAYO-OYACK,CENTRE,5QH1GSFD111879099
11070462,INSTITUT DE FORMATION ARTISTIQUE,DIGIT_PREFIX,,,ESG_OR_UNKNOWN,NEW,,,
11070463,JORDAN SECONDARY HIGH SCHOOL MBALMAYO,DIGIT_PREFIX,,,ESG_OR_UNKNOWN,PROBABLE_NO_REGION_SIGNAL,Lyce de MBALMAYO-OYACK,CENTRE,5QH1GSFD111879099
CE53214H09,LYCEE BILINGUE DE MBALMAYO,ALPHA_PREFIX,Centre,CONFIRMED_BY_MATCH,ESG_OR_UNKNOWN,PROBABLE,Lyce de MBALMAYO-OYACK,CENTRE,5QH1GSFD111879099
CE53214I11,LYCEE DE MBALMAYO RURAL,ALPHA_PREFIX,Centre,CONFIRMED_BY_MATCH,ESG_OR_UNKNOWN,PROBABLE,Lyce de MBALMAYO-OYACK,CENTRE,5QH1GSFD111879099
CE53214I10,LYCEE BILINGUE DE MBALMAYO OYACK,ALPHA_PREFIX,Centre,CONFIRMED_BY_MATCH,ESG_OR_UNKNOWN,PROBABLE,Lyce de MBALMAYO-OYACK,CENTRE,5QH1GSFD111879099
CE53214L30,LYCEE TECHNIQUE DE MBALMAYO,ALPHA_PREFIX,Centre,CONFIRMED_BY_MATCH,ESTP,PROBABLE,Lyce de MBALMAYO-OYACK,CENTRE,5QH1GSFD111879099
CE53214L31,LYCEE TECHNIQUE DE MBALMAYO NEW-TOWN,ALPHA_PREFIX,Centre,CONFIRMED_BY_MATCH,ESTP,PROBABLE,Lyce de MBALMAYO-OYACK,CENTRE,5QH1GSFD111879099
11070464,SEMINAIRE SAINT PAUL DE MBALMAYO,DIGIT_PREFIX,,,ESG_OR_UNKNOWN,PROBABLE_NO_REGION_SIGNAL,Lyce de MBALMAYO-OYACK,CENTRE,5QH1GSFD111879099
11070465,STEMAF SECONDARY SCHOOL,DIGIT_PREFIX,,,ESG_OR_UNKNOWN,NEW,,,
CE53231A12,CES D&#039;OSSOESSAM,ALPHA_PREFIX,Centre,CONFIRMED_BY_MATCH,ESG_OR_UNKNOWN,PROBABLE,CES d'OSSOESSAM,CENTRE,5QI1GSFD101862098
CE53231I13,LYCEE DE MENGUEME,ALPHA_PREFIX,Centre,CONFIRMED_BY_MATCH,ESG_OR_UNKNOWN,PROBABLE,Lyce de MENGUEME,CENTRE,5QI1GSFD111958098
CE53276A15,CES ASSIE,ALPHA_PREFIX,Centre,CONFIRMED_BY_MATCH,ESG_OR_UNKNOWN,EXACT_IDENTITY_REGION,CES d'ASSIE,CENTRE,5QJ1GSFD100345107
CE53276A14,CES D&#039;AKONGO,ALPHA_PREFIX,Centre,CONFIRMED_BY_MATCH,ESG_OR_UNKNOWN,PROBABLE,CES d'AKONGO,CENTRE,5QJ1GSFD102055100
CE53276A17,CES DE NKOLBEWA III,ALPHA_PREFIX,Centre,CONFIRMED_BY_MATCH,ESG_OR_UNKNOWN,EXACT_IDENTITY_REGION,CES de NKOLBEWA III,CENTRE,5QJ1GSFD100408111
CE53276A18,CES DE NKOLMEYANG - NGOMEDZAP,ALPHA_PREFIX,Centre,CONFIRMED_BY_MATCH,ESG_OR_UNKNOWN,EXACT_IDENTITY_REGION,CES de NKOLMEYANG-NGOMEDZAP,CENTRE,5QJ1GSFD102038112
CE53276A16,CES D&#039;OSSOE-BIKOBO,ALPHA_PREFIX,Centre,CONFIRMED_BY_MATCH,ESG_OR_UNKNOWN,PROBABLE,CES d'OSSOE-BIKOBO,CENTRE,5QJ1GSFD100119111
CE53276C32,CETIC D&#039;AKONGO,ALPHA_PREFIX,Centre,CONFIRMED_BY_MATCH,ESTP,PROBABLE,CES d'AKONGO,CENTRE,5QJ1GSFD102055100
CE53276C33,CETIC D&#039;EKOUDENDI,ALPHA_PREFIX,Centre,CONFIRMED_BY_MATCH,ESTP,PROBABLE,Lyce d'EKOUDENDI,CENTRE,5QJ1GSFD110429112
11070466,COLLEGE TOBIE ATANGANA,DIGIT_PREFIX,,,ESG_OR_UNKNOWN,NEW,,,
CE53276H19,LYCEE BILINGUE DE NGOMEDZAP,ALPHA_PREFIX,Centre,CONFIRMED_BY_MATCH,ESG_OR_UNKNOWN,PROBABLE,Lyce Bilingue de NGOMEDZAP,CENTRE,5QJ1GSBD112090111
CE53276I20,LYCEE D&#039;EKOUDENDI,ALPHA_PREFIX,Centre,CONFIRMED_BY_MATCH,ESG_OR_UNKNOWN,PROBABLE,Lyce d'EKOUDENDI,CENTRE,5QJ1GSFD110429112
CE53276L34,LYCEE TECHNIQUE NGOMEDZAP,ALPHA_PREFIX,Centre,CONFIRMED_BY_MATCH,ESTP,PROBABLE,Lyce Bilingue de NGOMEDZAP,CENTRE,5QJ1GSBD112090111
CE53295A21,CES D&#039;AWAE NKOLMETET,ALPHA_PREFIX,Centre,CONFIRMED_BY_MATCH,ESG_OR_UNKNOWN,PROBABLE,CES Bilingue d'AWAE,CENTRE,5JH1GSBD101724109
CE53295A22,CES D&#039;AYENE,ALPHA_PREFIX,Centre,CONFIRMED_BY_MATCH,ESG_OR_UNKNOWN,PROBABLE,CES d'AYENE,CENTRE,5QK1GSFD102005109
CE53295C35,CETIC DE NKOLMETET,ALPHA_PREFIX,Centre,CONFIRMED_BY_MATCH,ESTP,PROBABLE,CES d'AWAE-NKOLMETET,CENTRE,5QK1GSFD100388109
11070467,COLLEGE CHRIST ROI D&#039;OBOUT,DIGIT_PREFIX,,,ESG_OR_UNKNOWN,NEW,,,
11070468,COLLEGE PROTESTANT DE METET,DIGIT_PREFIX,,,ESG_OR_UNKNOWN,NEW,,,
CE53295I23,LYCEE DE NKOLMETET,ALPHA_PREFIX,Centre,CONFIRMED_BY_MATCH,ESG_OR_UNKNOWN,PROBABLE,CES d'AWAE-NKOLMETET,CENTRE,5QK1GSFD100388109
ES03137A01,CES DE GRIBI,ALPHA_PREFIX,Est,CONFIRMED_BY_MATCH,ESG_OR_UNKNOWN,EXACT_IDENTITY_REGION,CES de GRIBI,EST,9CC1GSFD102000108
ES03137C20,CETIC GARI GOMBO,ALPHA_PREFIX,Est,CONFIRMED_BY_MATCH,ESTP,PROBABLE,Lyce Bilingue de GARI-GOMBO,EST,9CC1GSFD110202103
ES03137I02,LYCEE BILINGUE DE GARI GOMBO,ALPHA_PREFIX,Est,CONFIRMED_BY_MATCH,ESG_OR_UNKNOWN,PROBABLE,Lyce Bilingue de GARI-GOMBO,EST,9CC1GSFD110202103
ES03247A04,CES DE NDONGO,ALPHA_PREFIX,Est,CONFIRMED_BY_MATCH,ESG_OR_UNKNOWN,EXACT_IDENTITY_REGION,CES de NDONGO,EST,9CE1GSFD102194113
ES03247A03,CES DE KIKA,ALPHA_PREFIX,Est,CONFIRMED_BY_MATCH,ESG_OR_UNKNOWN,EXACT_IDENTITY_REGION,CES de KIKA,EST,9CC1GSFD102047112
ES03247A05,CES DE YENGA,ALPHA_PREFIX,Est,CONFIRMED_BY_MATCH,ESG_OR_UNKNOWN,EXACT_IDENTITY_REGION,CES de YENGA,EST,9CE1GSFD100578109
ES03247H06,LYCEE BILINGUE DE MOLOUNDOU,ALPHA_PREFIX,Est,CONFIRMED_BY_MATCH,ESG_OR_UNKNOWN,PROBABLE,Lyce Bilingue de MOLOUNDOU,EST,9CE1GSBD110055114
ES03247L21,LYCEE TECHNIQUE DE MOLOUNDOU,ALPHA_PREFIX,Est,CONFIRMED_BY_MATCH,ESTP,PROBABLE,Lyce Bilingue de MOLOUNDOU,EST,9CE1GSBD110055114
ES03326A08,CES de MIKEL,ALPHA_PREFIX,Est,CONFIRMED_BY_MATCH,ESG_OR_UNKNOWN,EXACT_IDENTITY_REGION,CES de MIKEL,EST,9CH1GSFD102846115
ES03326A07,LYCEE DE LIBONGO,ALPHA_PREFIX,Est,CONFIRMED_BY_MATCH,ESG_OR_UNKNOWN,PROBABLE,CES de LIBONGO,EST,9CH1GSFD100182110
ES03326C22,CETIC DE SALAPOUMBE,ALPHA_PREFIX,Est,CONFIRMED_BY_MATCH,ESTP,PROBABLE,Lyce de SALAPOUMBE,EST,9CH1GSFD110574108
ES03326I09,LYCEE DE SALAPOUMBE,ALPHA_PREFIX,Est,CONFIRMED_BY_MATCH,ESG_OR_UNKNOWN,PROBABLE,Lyce de SALAPOUMBE,EST,9CH1GSFD110574108
ES03365A12,CES DE MENDOUNGUE-VILLE,ALPHA_PREFIX,Est,CONFIRMED_BY_MATCH,ESG_OR_UNKNOWN,EXACT_IDENTITY_REGION,CES de MENDOUNGUE-VILLE,EST,9CI1GSFD102165112
ES03365A14,CES DE MOPOUO-BIDJOUKI,ALPHA_PREFIX,Est,CONFIRMED_BY_MATCH,ESG_OR_UNKNOWN,EXACT_IDENTITY_REGION,CES de MOPOUO-BIDJOUKI,EST,9CI1GSFD102845115
ES03365A10,CES DE MASSEA,ALPHA_PREFIX,Est,CONFIRMED_BY_MATCH,ESG_OR_UNKNOWN,EXACT_IDENTITY_REGION,CES de MASSEA,EST,9CI1GSFD100071112
ES03365A11,CES DE MBOY,ALPHA_PREFIX,Est,CONFIRMED_BY_MATCH,ESG_OR_UNKNOWN,PROBABLE,CES de MBOY I,EST,9CI1GSFD100054106
ES03365A13,CES DE MOAMPACK,ALPHA_PREFIX,Est,CONFIRMED_BY_MATCH,ESG_OR_UNKNOWN,EXACT_IDENTITY_REGION,CES de MOAMPACK,EST,9CI1GSFD102205107
ES03365A15,CES DE NGOLLA 20,ALPHA_PREFIX,Est,CONFIRMED_BY_MATCH,ESG_OR_UNKNOWN,EXACT_IDENTITY_REGION,CES de NGOLLA 20,EST,9CI1GSFD100062110
ES03365A16,CES DE YOKADOUMA-BIENEMAMA,ALPHA_PREFIX,Est,CONFIRMED_BY_MATCH,ESG_OR_UNKNOWN,EXACT_IDENTITY_REGION,CES de YOKADOUMA-BIENEMAMA,EST,9CI1GSFD100707111
ES03365C23,CETIC DE BANGUE,ALPHA_PREFIX,Est,CONFIRMED_BY_MATCH,ESTP,NEW,,,
ES03365C24,CETIC DE MANG,ALPHA_PREFIX,Est,CONFIRMED_BY_MATCH,ESTP,NEW,,,
ES03365C25,CETIC DE MBOL II,ALPHA_PREFIX,Est,CONFIRMED_BY_MATCH,ESTP,NEW,,,
ES03365C26,CETIC DE NGATTO,ALPHA_PREFIX,Est,CONFIRMED_BY_MATCH,ESTP,PROBABLE,Lyce Bilingue de NGATTO,EST,9CI1GSBD112210110
ES03365C27,CETIC DE PARNY,ALPHA_PREFIX,Est,CONFIRMED_BY_MATCH,ESTP,NEW,,,
ES03365C28,CETIC DE YOKADOUMA,ALPHA_PREFIX,Est,CONFIRMED_BY_MATCH,ESTP,PROBABLE,Lyce Bilingue de YOKADOUMA,EST,9CI1GSBD110701112
ES03365E29,ENIEG DE YOKADOUMA,ALPHA_PREFIX,Est,CONFIRMED_BY_MATCH,ENI,PROBABLE,Lyce Bilingue de YOKADOUMA,EST,9CI1GSBD110701112
ES03365H17,LYCEE BILINGUE DE NGATTO,ALPHA_PREFIX,Est,CONFIRMED_BY_MATCH,ESG_OR_UNKNOWN,PROBABLE,Lyce Bilingue de NGATTO,EST,9CI1GSBD112210110
ES03365H18,LYCEE BILINGUE DE YOKADOUMA,ALPHA_PREFIX,Est,CONFIRMED_BY_MATCH,ESG_OR_UNKNOWN,PROBABLE,Lyce Bilingue de YOKADOUMA,EST,9CI1GSBD110701112
ES03365I19,LYCEE CLASSIQUE DE YOKADOUMA,ALPHA_PREFIX,Est,CONFIRMED_BY_MATCH,ESG_OR_UNKNOWN,PROBABLE,Lyce Classique d'ABONG-MBANG,EST,9EC1GSFD111148106
ES03365L30,LYCEE TECHNIQUE DE YOKADOUMA,ALPHA_PREFIX,Est,CONFIRMED_BY_MATCH,ESTP,PROBABLE,Lyce Bilingue de YOKADOUMA,EST,9CI1GSBD110701112
ES15001A02,CES D&#039;ABONG-MBANG II,ALPHA_PREFIX,Est,CONFIRMED_BY_MATCH,ESG_OR_UNKNOWN,PROBABLE,CES d'ABONG-DOUM,EST,9EC1GSFD100024111
ES15001A01,CES D&#039;ABONG-DOUM,ALPHA_PREFIX,Est,CONFIRMED_BY_MATCH,ESG_OR_UNKNOWN,PROBABLE,CES d'ABONG-DOUM,EST,9EC1GSFD100024111
ES15001A03,CES DE MAZABE,ALPHA_PREFIX,Est,CONFIRMED_BY_MATCH,ESG_OR_UNKNOWN,EXACT_IDENTITY_REGION,CES de MAZABE,EST,9EC1GSFD100447111
ES15001C39,CETIC DE NKOUAK,ALPHA_PREFIX,Est,CONFIRMED_BY_MATCH,ESTP,NEW,,,
ES15001C38,LYCEE TECHNIQUE DE BAGOFIT,ALPHA_PREFIX,Est,CONFIRMED_BY_MATCH,ESTP,NEW,,,
12170469,COLLEGE L&#039;EXCELLENCE D&#039;ABONG MBANG,DIGIT_PREFIX,,,ESG_OR_UNKNOWN,PROBABLE_NO_REGION_SIGNAL,CES d'ABONG-DOUM,EST,9EC1GSFD100024111
12170470,COLLEGE SAINT JEAN PAUL II,DIGIT_PREFIX,,,ESG_OR_UNKNOWN,PROBABLE_NO_REGION_SIGNAL,Lyce de SANGUERE PAUL,NORD,1CL1GSFD111465106
12170471,COURS DU SOIR BILINGUE LA FRATERNITE,DIGIT_PREFIX,,,ADULT_EVENING,NEW,,,
ES15001E40,ENIEG ABONG-MBANG,ALPHA_PREFIX,Est,CONFIRMED_BY_MATCH,ENI,PROBABLE,CES d'ABONG-DOUM,EST,9EC1GSFD100024111
ES15001H04,LYCEE BILINGUE ABONG MBANG,ALPHA_PREFIX,Est,CONFIRMED_BY_MATCH,ESG_OR_UNKNOWN,PROBABLE,CES d'ABONG-DOUM,EST,9EC1GSFD100024111
ES15001I05,LYCEE CLASSIQUE D&#039;ABONG-MBANG,ALPHA_PREFIX,Est,CONFIRMED_BY_MATCH,ESG_OR_UNKNOWN,PROBABLE,CES d'ABONG-DOUM,EST,9EC1GSFD100024111
ES15001L41,LYCEE TECHNIQUE D&#039;ABONG-MBANG,ALPHA_PREFIX,Est,CONFIRMED_BY_MATCH,ESTP,PROBABLE,CES d'ABONG-DOUM,EST,9EC1GSFD100024111
ES15013A09,CES DE BIGOENS,ALPHA_PREFIX,Est,CONFIRMED_BY_MATCH,ESG_OR_UNKNOWN,EXACT_IDENTITY_REGION,CES de BIGOENS,EST,9EI1GSFD102178113
ES15013C37,CETIC D&#039;ATOK,ALPHA_PREFIX,Est,CONFIRMED_BY_MATCH,ESTP,PROBABLE,Lyce d'ATOK,EST,9EI1GSFD112408112
ES15013I10,LYCEE D&#039;ATOK,ALPHA_PREFIX,Est,CONFIRMED_BY_MATCH,ESG_OR_UNKNOWN,PROBABLE,Lyce d'ATOK,EST,9EI1GSFD112408112
ES15090I11,LYCEE BILINGUE DE DIMAKO,ALPHA_PREFIX,Est,CONFIRMED_BY_MATCH,ESG_OR_UNKNOWN,PROBABLE,Lyce Bilingue de DIMAKO,EST,9EJ1GSFD110213096
ES15090I12,LYCEE DE GRAND-POL,ALPHA_PREFIX,Est,CONFIRMED_BY_MATCH,ESG_OR_UNKNOWN,PROBABLE,Lyce de GRAND-POL,EST,9EJ1GSFD110194115
ES15090L44,LYCEE TECHNIQUE DE DIMAKO,ALPHA_PREFIX,Est,CONFIRMED_BY_MATCH,ESTP,PROBABLE,Lyce Bilingue de DIMAKO,EST,9EJ1GSFD110213096
ES15093A13,CES DE DJAPOSTEN,ALPHA_PREFIX,Est,CONFIRMED_BY_MATCH,ESG_OR_UNKNOWN,EXACT_IDENTITY_REGION,CES de DJAPOSTEN,EST,9EK1GSFD102914114
ES15241C52,LYCEE TECHNIQUE DE MINDOUROU,ALPHA_PREFIX,Est,CONFIRMED_BY_MATCH,ESTP,PROBABLE,Lyce de MINDOUROU-NDELELE,EST,9HK1GSFD110188112
ES15093I14,LYCEE BILINGUE DE MINDOUROU-DJA,ALPHA_PREFIX,Est,CONFIRMED_BY_MATCH,ESG_OR_UNKNOWN,PROBABLE,Lyce de MINDOUROU-NDELELE,EST,9HK1GSFD110188112
ES15104A15,CES DE BADITOUM,ALPHA_PREFIX,Est,CONFIRMED_BY_MATCH,ESG_OR_UNKNOWN,EXACT_IDENTITY_REGION,CES de BADITOUM,EST,9EL1GSFD100190112
ES15104C45,CETIC DE DOUMAINTANG,ALPHA_PREFIX,Est,CONFIRMED_BY_MATCH,ESTP,PROBABLE,Lyce de DOUMAINTANG,EST,9EL1GSFD111896112
ES15104I16,LYCEE DE DOUMAINTANG,ALPHA_PREFIX,Est,CONFIRMED_BY_MATCH,ESG_OR_UNKNOWN,PROBABLE,Lyce de DOUMAINTANG,EST,9EL1GSFD111896112
ES15105A17,CES D&#039;AMBAKA,ALPHA_PREFIX,Est,CONFIRMED_BY_MATCH,ESG_OR_UNKNOWN,PROBABLE,CES d'AMBAKA,EST,9EM1GSFD102989117
ES15105A18,LYCEE DE MOTCHEBOUM,ALPHA_PREFIX,Est,CONFIRMED_BY_MATCH,ESG_OR_UNKNOWN,PROBABLE,Lyce de MOTCHEBOUM,EST,9EM1GSFD110186118
ES15105C46,CETIC DE DJAGLASSI,ALPHA_PREFIX,Est,CONFIRMED_BY_MATCH,ESTP,NEW,,,
12170472,COLLEGE DE LA SALLE DE DOUME,DIGIT_PREFIX,,,ESG_OR_UNKNOWN,PROBABLE_NO_REGION_SIGNAL,CES de DOUME-YOKO,CENTRE,5IJ1GSFD100462110
ES15105H19,LYCEE BILINGUE DE DOUME,ALPHA_PREFIX,Est,CONFIRMED_BY_MATCH,ESG_OR_UNKNOWN,PROBABLE,Lyce Bilingue de DOUME,EST,9EM1GSBD110177114
ES15105L47,LYCEE TECHNIQUE DE DOUME,ALPHA_PREFIX,Est,CONFIRMED_BY_MATCH,ESTP,PROBABLE,Lyce Bilingue de DOUME,EST,9EM1GSBD110177114
ES15188A20,CES DE MINTOM-LOMIE,ALPHA_PREFIX,Est,CONFIRMED_BY_MATCH,ESG_OR_UNKNOWN,PROBABLE,Lyce Bilingue de LOMIE,EST,9EN1GSBD112239114
ES15188A21,CES DE ZOULABOT I,ALPHA_PREFIX,Est,CONFIRMED_BY_MATCH,ESG_OR_UNKNOWN,EXACT_IDENTITY_REGION,CES de ZOULABOT I,EST,9EN1GSFD100258110
ES15188H22,LYCEE BILINGUE DE LOMIE,ALPHA_PREFIX,Est,CONFIRMED_BY_MATCH,ESG_OR_UNKNOWN,PROBABLE,Lyce Bilingue de LOMIE,EST,9EN1GSBD112239114
ES15188L48,LYCEE TECHNIQUE DE LOMIE,ALPHA_PREFIX,Est,CONFIRMED_BY_MATCH,ESTP,PROBABLE,Lyce Bilingue de LOMIE,EST,9EN1GSBD112239114
ES15222B23,CES BILINGUE DE KAGNOL II (VIDE),ALPHA_PREFIX,Est,CONFIRMED_BY_MATCH,ESG_OR_UNKNOWN,PROBABLE,CES Bilingue de KAGNOL II,EST,9ER1GSBD100732112
ES15222C49,CETIC DE MBOMA,ALPHA_PREFIX,Est,CONFIRMED_BY_MATCH,ESTP,PROBABLE,Lyce de MBOMA,EST,9ER1GSFD110208107
ES15222I24,LYCEE DE MBOMA,ALPHA_PREFIX,Est,CONFIRMED_BY_MATCH,ESG_OR_UNKNOWN,PROBABLE,Lyce de MBOMA,EST,9ER1GSFD110208107
ES15011A06,CES D&#039;ANKOM,ALPHA_PREFIX,Est,CONFIRMED_BY_MATCH,ESG_OR_UNKNOWN,PROBABLE,CES d'ANKOM,EST,9EQ1GSFD100216110
ES15011A07,CES DE BEUL,ALPHA_PREFIX,Est,CONFIRMED_BY_MATCH,ESG_OR_UNKNOWN,EXACT_IDENTITY_REGION,CES de BEUL,EST,9EQ1GSFD101206111
ES15011C42,CETIC D&#039;ESSENG,ALPHA_PREFIX,Est,CONFIRMED_BY_MATCH,ESTP,NEW,,,
ES15011I08,LYCEE D&#039;ANGOSSAS,ALPHA_PREFIX,Est,CONFIRMED_BY_MATCH,ESG_OR_UNKNOWN,PROBABLE,Lyce d'ANGOSSAS,EST,9EQ1GSFD110264106
ES15011L43,LYCEE TECHNIQUE D&#039;ANGOSSAS,ALPHA_PREFIX,Est,CONFIRMED_BY_MATCH,ESTP,PROBABLE,Lyce d'ANGOSSAS,EST,9EQ1GSFD110264106
ES15234A25,CES DE DIMPAM,ALPHA_PREFIX,Est,CONFIRMED_BY_MATCH,ESG_OR_UNKNOWN,EXACT_IDENTITY_REGION,CES de DIMPAM,EST,9ES1GSFD100646111
ES15234A26,CES DE DOUMO-MAMA,ALPHA_PREFIX,Est,CONFIRMED_BY_MATCH,ESG_OR_UNKNOWN,EXACT_IDENTITY_REGION,CES de DOUMO-MAMA,EST,9ES1GSFD102681114
ES15234A27,CES DE KOA,ALPHA_PREFIX,Est,CONFIRMED_BY_MATCH,ESG_OR_UNKNOWN,EXACT_IDENTITY_REGION,CES de KOA,EST,9ES1GSFD102686114
ES15234A28,CES DE NGOULEMAKONG MESSAMEMA,ALPHA_PREFIX,Est,CONFIRMED_BY_MATCH,ESG_OR_UNKNOWN,PROBABLE,CES de NGOULEMAKONG-MESSAMENA,EST,9ES1GSFD102061113
ES15234I29,LYCEE BILINGUE DE MESSAMENA,ALPHA_PREFIX,Est,CONFIRMED_BY_MATCH,ESG_OR_UNKNOWN,PROBABLE,CES de NGOULEMAKONG-MESSAMENA,EST,9ES1GSFD102061113
ES15234L50,LYCEE TECHNIQUE DE MESSAMENA,ALPHA_PREFIX,Est,CONFIRMED_BY_MATCH,ESTP,PROBABLE,CES de NGOULEMAKONG-MESSAMENA,EST,9ES1GSFD102061113
ES15235C51,CETIC DE MESSOK,ALPHA_PREFIX,Est,CONFIRMED_BY_MATCH,ESTP,PROBABLE,Lyce de MESSOK,EST,9ET1GSFD101141104
ES15235I30,LYCEE DE MESSOK,ALPHA_PREFIX,Est,CONFIRMED_BY_MATCH,ESG_OR_UNKNOWN,PROBABLE,Lyce de MESSOK,EST,9ET1GSFD101141104
ES15281C53,CETIC DE NGOYLA,ALPHA_PREFIX,Est,CONFIRMED_BY_MATCH,ESTP,PROBABLE,Lyce de NGOYLA,EST,9EX1GSFD110591111
ES15281I31,LYCEE DE NGOYLA,ALPHA_PREFIX,Est,CONFIRMED_BY_MATCH,ESG_OR_UNKNOWN,PROBABLE,Lyce de NGOYLA,EST,9EX1GSFD110591111
ES15283A32,LYCEE D&#039;AZOMEKOUT,ALPHA_PREFIX,Est,CONFIRMED_BY_MATCH,ESG_OR_UNKNOWN,PROBABLE,Lyce d'AZOMEKOUT,EST,9EY1GSFD110587118
ES15283A33,CES DE BIKA,ALPHA_PREFIX,Est,CONFIRMED_BY_MATCH,ESG_OR_UNKNOWN,EXACT_IDENTITY_REGION,CES de BIKA,EST,9EY1GSFD102208111
ES15283A34,CES DE MVANDA 2,ALPHA_PREFIX,Est,CONFIRMED_BY_MATCH,ESG_OR_UNKNOWN,PROBABLE,CES de MVANDA II,EST,9EY1GSFD100654107
12170473,COLLEGE PRIVE LAIC EKANGA EUGENE,DIGIT_PREFIX,,,ESG_OR_UNKNOWN,NEW,,,
ES15283L54,LYCEE TECHNIQUE DE NGUELEMENDOUKA,ALPHA_PREFIX,Est,CONFIRMED_BY_MATCH,ESTP,NEW,,,
ES15283I35,LYCEE BILINGUE DE NGUELEMENDOUKA,ALPHA_PREFIX,Est,CONFIRMED_BY_MATCH,ESG_OR_UNKNOWN,NEW,,,
ES15331C55,CETIC DE SOMALOMO,ALPHA_PREFIX,Est,CONFIRMED_BY_MATCH,ESTP,PROBABLE,Lyce de SOMALOMO,EST,9EZ1GSFD111978112
ES15331I36,LYCEE DE SOMALOMO,ALPHA_PREFIX,Est,CONFIRMED_BY_MATCH,ESG_OR_UNKNOWN,PROBABLE,Lyce de SOMALOMO,EST,9EZ1GSFD111978112
ES17051A01,CES DE GADJI,ALPHA_PREFIX,Est,CONFIRMED_BY_MATCH,ESG_OR_UNKNOWN,EXACT_IDENTITY_REGION,CES de GADJI,EST,9HC1GSFD102066108
ES17051A02,CES DE MBOUNOU,ALPHA_PREFIX,Est,CONFIRMED_BY_MATCH,ESG_OR_UNKNOWN,EXACT_IDENTITY_REGION,CES de MBOUNOU,EST,9HC1GSFD102011108
ES17051A03,CES DE NYABI - BATOURI,ALPHA_PREFIX,Est,CONFIRMED_BY_MATCH,ESG_OR_UNKNOWN,PROBABLE,Lyce Bilingue de BATOURI,EST,9HC1GSBD112198099
ES17051A04,CES DE TAPARE,ALPHA_PREFIX,Est,CONFIRMED_BY_MATCH,ESG_OR_UNKNOWN,EXACT_IDENTITY_REGION,CES de TAPARE,EST,9HC1GSFD101318112
ES17051C23,CETIC DE BATOURI TRYPANO,ALPHA_PREFIX,Est,CONFIRMED_BY_MATCH,ESTP,PROBABLE,Lyce Bilingue de BATOURI,EST,9HC1GSBD112198099
ES17051C22,CETIC DE SAMBO,ALPHA_PREFIX,Est,CONFIRMED_BY_MATCH,ESTP,PROBABLE,Lyce de SAMBO,EST,9HC1GSFD110008111
ES17051C21,CETIC DE MINDOUROU-MBOUA,ALPHA_PREFIX,Est,CONFIRMED_BY_MATCH,ESTP,PROBABLE,Lyce de MINDOUROU-NDELELE,EST,9HK1GSFD110188112
12160474,COLLEGE CATHOLIQUE BARY,DIGIT_PREFIX,,,ESG_OR_UNKNOWN,NEW,,,
12160475,COLLEGE ISLAMIQUE LIMAN MALOUM,DIGIT_PREFIX,,,ESG_OR_UNKNOWN,NEW,,,
12160476,Col Tech Catho MARIA SYLVESTRA LOI,DIGIT_PREFIX,,,ESG_OR_UNKNOWN,NEW,,,
ES17051E24,ENIEG DE BATOURI,ALPHA_PREFIX,Est,CONFIRMED_BY_MATCH,ENI,PROBABLE,Lyce Bilingue de BATOURI,EST,9HC1GSBD112198099
ES17051H05,LYCEE BILINGUE DE BATOURI,ALPHA_PREFIX,Est,CONFIRMED_BY_MATCH,ESG_OR_UNKNOWN,PROBABLE,Lyce Bilingue de BATOURI,EST,9HC1GSBD112198099
ES17051I06,LYCEE DE BATOURI-TRYPANO,ALPHA_PREFIX,Est,CONFIRMED_BY_MATCH,ESG_OR_UNKNOWN,PROBABLE,Lyce Bilingue de BATOURI,EST,9HC1GSBD112198099
ES17051I07,LYCEE DE MONGO-NAM,ALPHA_PREFIX,Est,CONFIRMED_BY_MATCH,ESG_OR_UNKNOWN,PROBABLE,Lyce de MONGO-NAM,EST,9HC1GSFD110339115
ES17051I08,LYCEE DE SAMBO,ALPHA_PREFIX,Est,CONFIRMED_BY_MATCH,ESG_OR_UNKNOWN,PROBABLE,Lyce de SAMBO,EST,9HC1GSFD110008111
ES17051L25,LYCEE TECHNIQUE DE BATOURI,ALPHA_PREFIX,Est,CONFIRMED_BY_MATCH,ESTP,PROBABLE,Lyce Bilingue de BATOURI,EST,9HC1GSBD112198099
ES17051L26,LYCEE TECHNIQUE DE KENTZOU,ALPHA_PREFIX,Est,CONFIRMED_BY_MATCH,ESTP,PROBABLE,Lyce Bilingue de KENTZOU,EST,9HE1GSFD112248106
ES17159I20,LYCEE DE KENTZOU,ALPHA_PREFIX,Est,CONFIRMED_BY_MATCH,ESG_OR_UNKNOWN,PROBABLE,Lyce Bilingue de KENTZOU,EST,9HE1GSFD112248106
ES17160A09,LYCÉE BILINGUE DE GBITI,ALPHA_PREFIX,Est,CONFIRMED_BY_MATCH,ESG_OR_UNKNOWN,PROBABLE,CES de GBITI,EST,9HH1GSFD100776112
ES17160C27,LYCÉE TECHNIQUE DE KETTE,ALPHA_PREFIX,Est,CONFIRMED_BY_MATCH,ESTP,PROBABLE,Lyce Bilingue de KETTE,EST,9HH1GSBD110450107
ES17160H10,LYCEE BILINGUE DE KETTE,ALPHA_PREFIX,Est,CONFIRMED_BY_MATCH,ESG_OR_UNKNOWN,PROBABLE,Lyce Bilingue de KETTE,EST,9HH1GSBD110450107
ES17160I11,LYCEE BILINGUE DE BOUBARA,ALPHA_PREFIX,Est,CONFIRMED_BY_MATCH,ESG_OR_UNKNOWN,PROBABLE,Lyce de BOUBARA,EST,9HH1GSFD112017112
ES17216A13,CES DE KAGNOL I,ALPHA_PREFIX,Est,CONFIRMED_BY_MATCH,ESG_OR_UNKNOWN,EXACT_IDENTITY_REGION,CES de KAGNOL I,EST,9HI1GSFD102915115
ES17216A12,CES DE DJAMPIEL,ALPHA_PREFIX,Est,CONFIRMED_BY_MATCH,ESG_OR_UNKNOWN,EXACT_IDENTITY_REGION,CES de DJAMPIEL,EST,9HI1GSFD102698114
ES17216C28,LYCEE TECHNIQUE DE MBANG,ALPHA_PREFIX,Est,CONFIRMED_BY_MATCH,ESTP,PROBABLE,CES d'ABONG-MBANG II,EST,9EC1GSFD103160118
ES17216H14,LYCEE BILINGUE DE MBANG,ALPHA_PREFIX,Est,CONFIRMED_BY_MATCH,ESG_OR_UNKNOWN,PROBABLE,CES d'ABONG-MBANG II,EST,9EC1GSFD103160118
ES17316A17,CES DE OULI,ALPHA_PREFIX,Est,CONFIRMED_BY_MATCH,ESG_OR_UNKNOWN,EXACT_IDENTITY_REGION,CES d'OULI,EST,9HJ1GSFD100494107
ES17259C29,LYCEE TECHNIQUE DE NDELELE,ALPHA_PREFIX,Est,CONFIRMED_BY_MATCH,ESTP,PROBABLE,Lyce Bilingue de NDELELE,EST,9HK1GSBD111907114
ES17259C30,CETIC DE NGOTTO,ALPHA_PREFIX,Est,CONFIRMED_BY_MATCH,ESTP,NEW,,,
ES17259H15,LYCEE BILINGUE DE NDELELE,ALPHA_PREFIX,Est,CONFIRMED_BY_MATCH,ESG_OR_UNKNOWN,PROBABLE,Lyce Bilingue de NDELELE,EST,9HK1GSBD111907114
ES17259I16,LYCEE DE MINDOUROU-NDELELE,ALPHA_PREFIX,Est,CONFIRMED_BY_MATCH,ESG_OR_UNKNOWN,PROBABLE,Lyce de MINDOUROU-NDELELE,EST,9HK1GSFD110188112
ES17282A18,CES DE GOUNTE,ALPHA_PREFIX,Est,CONFIRMED_BY_MATCH,ESG_OR_UNKNOWN,EXACT_IDENTITY_REGION,CES de GOUNTE,EST,9HL1GSFD101992109
ES17282H19,LYCEE BILINGUE DE NGUELEBOK,ALPHA_PREFIX,Est,CONFIRMED_BY_MATCH,ESG_OR_UNKNOWN,PROBABLE,Lyce Bilingue de NGUELEBOK,EST,9HL1GSBD112007113
ES23055A01,CES DE DENG-DENG,ALPHA_PREFIX,Est,CONFIRMED_BY_MATCH,ESG_OR_UNKNOWN,EXACT_IDENTITY_REGION,CES de DENG-DENG,EST,9IC1GSFD100407111
ES23055A02,CES DE DONDI,ALPHA_PREFIX,Est,CONFIRMED_BY_MATCH,ESG_OR_UNKNOWN,EXACT_IDENTITY_REGION,CES de DONDI,EST,9IC1GSFD100106108
ES23055A03,CES DE GOYOUM,ALPHA_PREFIX,Est,CONFIRMED_BY_MATCH,ESG_OR_UNKNOWN,EXACT_IDENTITY_REGION,CES de GOYOUM,EST,9IC1GSFD102421111
ES23055C36,CETIC DE DENG DENG,ALPHA_PREFIX,Est,CONFIRMED_BY_MATCH,ESTP,PROBABLE,CES de DENG-DENG,EST,9IC1GSFD100407111
ES23055H04,LYCEE BILINGUE DE BELABO,ALPHA_PREFIX,Est,CONFIRMED_BY_MATCH,ESG_OR_UNKNOWN,PROBABLE,Lyce Bilingue de BELABO,EST,9IC1GSBD110069113
ES23055I05,LYCEE DE BELABO,ALPHA_PREFIX,Est,CONFIRMED_BY_MATCH,ESG_OR_UNKNOWN,PROBABLE,Lyce Bilingue de BELABO,EST,9IC1GSBD110069113
ES23055I06,LYCEE DE NDEMBA I,ALPHA_PREFIX,Est,CONFIRMED_BY_MATCH,ESG_OR_UNKNOWN,PROBABLE,Lyce de NDEMBA I,EST,9IC1GSFD110011113
ES23055L37,LYCEE TECHNIQUE BELABO,ALPHA_PREFIX,Est,CONFIRMED_BY_MATCH,ESTP,PROBABLE,Lyce Bilingue de BELABO,EST,9IC1GSBD110069113
ES23059A07,CES DE BIRPONDO,ALPHA_PREFIX,Est,CONFIRMED_BY_MATCH,ESG_OR_UNKNOWN,EXACT_IDENTITY_REGION,CES de BIRPONDO,EST,9IE1GSFD102844115
ES23059A08,LYCEE BILINGUE DE NKOLBIKON,ALPHA_PREFIX,Est,CONFIRMED_BY_MATCH,ESG_OR_UNKNOWN,PROBABLE,CES de NKOLBIKON,EST,9IE1GSFD102916114
ES23059C38,CETIC DE BONIS,ALPHA_PREFIX,Est,CONFIRMED_BY_MATCH,ESTP,PROBABLE,Lyce Bilingue de BONIS,EST,9IE1GSFD110165111
12180477,COLLEGE ADVENTISTE BILINGUE DE BERTOUA,DIGIT_PREFIX,,,ESG_OR_UNKNOWN,PROBABLE_NO_REGION_SIGNAL,CES de BERTOUA II,EST,9IH1GSFD102370113
12180478,COLLEGE BILINGUE TEERENSTRA,DIGIT_PREFIX,,,ESG_OR_UNKNOWN,NEW,,,
12180479,COLLEGE POLYVALENT DJOUFFO,DIGIT_PREFIX,,,ESG_OR_UNKNOWN,NEW,,,
12180481,CTCIEG BERTOUA,DIGIT_PREFIX,,,ESG_OR_UNKNOWN,PROBABLE_NO_REGION_SIGNAL,CES de BERTOUA II,EST,9IH1GSFD102370113
ES23059F39,ENIEG BILINGUE DE BERTOUA,ALPHA_PREFIX,Est,CONFIRMED_BY_MATCH,ENI,PROBABLE,CES de BERTOUA II,EST,9IH1GSFD102370113
ES23059G40,ENIET DE BERTOUA,ALPHA_PREFIX,Est,CONFIRMED_BY_MATCH,ENI,PROBABLE,CES de BERTOUA II,EST,9IH1GSFD102370113
12180482,INSTITUT BILINGUE LE LEVANT,DIGIT_PREFIX,,,ESG_OR_UNKNOWN,NEW,,,
12180483,INSTITUT PRIVE POLYVALENT ZUTOCHIE,DIGIT_PREFIX,,,ESG_OR_UNKNOWN,NEW,,,
ES23059I09,LYCEE BILINGUE DE BONIS,ALPHA_PREFIX,Est,CONFIRMED_BY_MATCH,ESG_OR_UNKNOWN,PROBABLE,Lyce Bilingue de BONIS,EST,9IE1GSFD110165111
ES23059I11,LYCEE DE TIGAZA,ALPHA_PREFIX,Est,CONFIRMED_BY_MATCH,ESG_OR_UNKNOWN,PROBABLE,Lyce de TIGAZA,EST,9IE1GSFD110314111
ES23059I10,LYCEE MOKOLO 4 - BERTOUA,ALPHA_PREFIX,Est,CONFIRMED_BY_MATCH,ESG_OR_UNKNOWN,PROBABLE,CES de BERTOUA II,EST,9IH1GSFD102370113
ES23059L41,LYCEE TECHNIQUE BILINGUE DE BERTOUA,ALPHA_PREFIX,Est,CONFIRMED_BY_MATCH,ESTP,PROBABLE,CES de BERTOUA II,EST,9IH1GSFD102370113
ES23059L50,LYCEE TECHNIQUE DE NKOLBIKON,ALPHA_PREFIX,Est,CONFIRMED_BY_MATCH,ESTP,PROBABLE,CES de NKOLBIKON,EST,9IE1GSFD102916114
ES23060A12,LYCEE DE BERTOUA 2,ALPHA_PREFIX,Est,CONFIRMED_BY_MATCH,ESG_OR_UNKNOWN,PROBABLE,CES de BERTOUA II,EST,9IH1GSFD102370113
ES23060A13,LYCEE BILINGUE DE NGAIKADA,ALPHA_PREFIX,Est,CONFIRMED_BY_MATCH,ESG_OR_UNKNOWN,PROBABLE,CES de NGAIKADA,EST,9IH1GSFD102394113
ES23060C42,LYCEE TECHNIQUE DE NGAIKADA MONENKOUBO,ALPHA_PREFIX,Est,CONFIRMED_BY_MATCH,ESTP,PROBABLE,CES de NGAIKADA,EST,9IH1GSFD102394113
12180484,COLLEGE BILINGUE DE L&#039;ORIENT DE BERTOUA,DIGIT_PREFIX,,,ESG_OR_UNKNOWN,PROBABLE_NO_REGION_SIGNAL,CES de BERTOUA II,EST,9IH1GSFD102370113
12180485,COLLEGE BILINGUE SAINT GABRIEL,DIGIT_PREFIX,,,ESG_OR_UNKNOWN,NEW,,,
12180486,COLLEGE PRIVE ISLAMIQUE ANNOUR,DIGIT_PREFIX,,,ESG_OR_UNKNOWN,NEW,,,
12180487,COURS DU SOIR DE BERTOUA,DIGIT_PREFIX,,,ADULT_EVENING,PROBABLE_NO_REGION_SIGNAL,CES de BERTOUA II,EST,9IH1GSFD102370113
12180488,COURS DU SOIR BILINGUE DE L&#039;IPPZ,DIGIT_PREFIX,,,ADULT_EVENING,NEW,,,
12180489,INSTITUT POLYVALENT DE L&#039;ORIENT LADY L,DIGIT_PREFIX,,,ESG_OR_UNKNOWN,NEW,,,
ES23060H14,LYCEE BILINGUE DE BERTOUA,ALPHA_PREFIX,Est,CONFIRMED_BY_MATCH,ESG_OR_UNKNOWN,PROBABLE,CES de BERTOUA II,EST,9IH1GSFD102370113
ES23060I15,LYCEE SCIENTIFIQUE DE BERTOUA,ALPHA_PREFIX,Est,CONFIRMED_BY_MATCH,ESG_OR_UNKNOWN,PROBABLE,CES de BERTOUA II,EST,9IH1GSFD102370113
ES23060L43,LYCEE TECHNIQUE DE BERTOUA KPOKOLOTA,ALPHA_PREFIX,Est,CONFIRMED_BY_MATCH,ESTP,PROBABLE,CES de BERTOUA II,EST,9IH1GSFD102370113
ES23061A17,CES DE DANG-PATOU,ALPHA_PREFIX,Est,CONFIRMED_BY_MATCH,ESG_OR_UNKNOWN,EXACT_IDENTITY_REGION,CES de DANG-PATOU,EST,
ES23061A16,CES DE BORONGO,ALPHA_PREFIX,Est,CONFIRMED_BY_MATCH,ESG_OR_UNKNOWN,EXACT_IDENTITY_REGION,CES de BORONGO,EST,9II1GSFD100773108
ES23061A18,LYCEE DE NDOKAYO,ALPHA_PREFIX,Est,CONFIRMED_BY_MATCH,ESG_OR_UNKNOWN,PROBABLE,CES de NDOKAYO,EST,9II1GSFD102051113
ES23061H19,LYCEE BILINGUE DE BETARE OYA,ALPHA_PREFIX,Est,CONFIRMED_BY_MATCH,ESG_OR_UNKNOWN,PROBABLE,Lyce Bilingue de BETARE-OYA,EST,9II1GSBD112396114
ES23061I20,LYCEE DE BOULI,ALPHA_PREFIX,Est,CONFIRMED_BY_MATCH,ESG_OR_UNKNOWN,PROBABLE,Lyce de BOULI,EST,9II1GSFD110064111
ES23061I21,LYCEE DE MBITOM,ALPHA_PREFIX,Est,CONFIRMED_BY_MATCH,ESG_OR_UNKNOWN,PROBABLE,Lyce de MBITOM,EST,9II1GSFD110335115
ES23061L44,LYCEE TECHNIQUE DE BETARE-OYA,ALPHA_PREFIX,Est,CONFIRMED_BY_MATCH,ESTP,PROBABLE,Lyce Bilingue de BETARE-OYA,EST,9II1GSBD112396114
ES23085A22,CES DE BOUAM,ALPHA_PREFIX,Est,CONFIRMED_BY_MATCH,ESG_OR_UNKNOWN,EXACT_IDENTITY_REGION,CES de BOUAM,EST,9IJ1GSFD100065111
12180490,CETI SAINT JOSEPH DE DIANG,DIGIT_PREFIX,,,ESTP,PROBABLE_NO_REGION_SIGNAL,Lyce de DIANG,EST,9IJ1GSFD110196100
12180491,CETIF SAINT LAMBERT DE NDOUMBI,DIGIT_PREFIX,,,ESTP,NEW,,,
12180492,COLLEGE D&#039;ENSEIGNEMENT TECHNIQUE ET INDUSTRIEL DES FILLES,DIGIT_PREFIX,,,ESG_OR_UNKNOWN,NEW,,,
ES23085I23,LYCEE DE DIANG,ALPHA_PREFIX,Est,CONFIRMED_BY_MATCH,ESG_OR_UNKNOWN,PROBABLE,Lyce de DIANG,EST,9IJ1GSFD110196100
ES23085L45,LYCEE TECHNIQUE DE DIANG,ALPHA_PREFIX,Est,CONFIRMED_BY_MATCH,ESTP,PROBABLE,Lyce de DIANG,EST,9IJ1GSFD110196100
ES23138A25,CES DE BINDIBA,ALPHA_PREFIX,Est,CONFIRMED_BY_MATCH,ESG_OR_UNKNOWN,EXACT_IDENTITY_REGION,CES de BINDIBA,EST,9IK1GSFD102724114
ES23138B24,LYCEE BILINGUE DE GAROUA-BOULAI,ALPHA_PREFIX,Est,CONFIRMED_BY_MATCH,ESG_OR_UNKNOWN,PROBABLE,Lyce Bilingue de GAROUA-BOULAI,EST,9IK1GSBD102376113
ES23138A26,CES DE GADO - BADJERE,ALPHA_PREFIX,Est,CONFIRMED_BY_MATCH,ESG_OR_UNKNOWN,EXACT_IDENTITY_REGION,CES de GADO-BADJERE,EST,9IK1GSFD102228109
ES23138C46,CETIC DE MADONGUE,ALPHA_PREFIX,Est,CONFIRMED_BY_MATCH,ESTP,NEW,,,
ES23138L47,LYCEE TECHNIQUE DE GAROUA BOULAI,ALPHA_PREFIX,Est,CONFIRMED_BY_MATCH,ESTP,PROBABLE,Lyce Bilingue de GAROUA-BOULAI,EST,9IK1GSBD102376113
12180493,COLLEGE CATHOLIQUE VAN HEYGEN,DIGIT_PREFIX,,,ESG_OR_UNKNOWN,NEW,,,
12180494,COLLEGE FRANCO ISLAMIQUE DOUBLA AVALY,DIGIT_PREFIX,,,ESG_OR_UNKNOWN,NEW,,,
ES23138I27,LYCEE DE GAROUA BOULAI,ALPHA_PREFIX,Est,CONFIRMED_BY_MATCH,ESG_OR_UNKNOWN,PROBABLE,Lyce Bilingue de GAROUA-BOULAI,EST,9IK1GSBD102376113
ES23199A28,CES DE BAZZAMA,ALPHA_PREFIX,Est,CONFIRMED_BY_MATCH,ESG_OR_UNKNOWN,EXACT_IDENTITY_REGION,CES de BAZZAMA,EST,9IL1GSFD102027113
ES23199A29,CES DE LETTA,ALPHA_PREFIX,Est,CONFIRMED_BY_MATCH,ESG_OR_UNKNOWN,EXACT_IDENTITY_REGION,CES de LETTA,EST,9IL1GSFD100522104
ES23199C48,LYCEE TECHNIQUE DE MANDJOU,ALPHA_PREFIX,Est,CONFIRMED_BY_MATCH,ESTP,PROBABLE,Lyce de MANDJOU,EST,9IL1GSFD112411111
ES23199I30,LYCEE DE MANDJOU,ALPHA_PREFIX,Est,CONFIRMED_BY_MATCH,ESG_OR_UNKNOWN,PROBABLE,Lyce de MANDJOU,EST,9IL1GSFD112411111
ES23280A31,CES DE BOHANTO,ALPHA_PREFIX,Est,CONFIRMED_BY_MATCH,ESG_OR_UNKNOWN,EXACT_IDENTITY_REGION,CES de BOHANTO,EST,9IM1GSFD100532110
ES23280A32,CES DE COLOMINE,ALPHA_PREFIX,Est,CONFIRMED_BY_MATCH,ESG_OR_UNKNOWN,NEW,,,
ES23280A33,CES DE NGOURA,ALPHA_PREFIX,Est,CONFIRMED_BY_MATCH,ESG_OR_UNKNOWN,EXACT_IDENTITY_REGION,CES de NGOURA,EST,9IM1GSFD102115102
ES23280C49,CETIC TONGO GANDIMA,ALPHA_PREFIX,Est,CONFIRMED_BY_MATCH,ESTP,NEW,,,
ES23280I34,LYCEE DE YANGAMO,ALPHA_PREFIX,Est,CONFIRMED_BY_MATCH,ESG_OR_UNKNOWN,PROBABLE,Lyce de YANGAMO,EST,9IM1GSFD110151111
EN06070A03,CES de MADAKA,ALPHA_PREFIX,Extrême-Nord,CONFIRMED_BY_MATCH,ESG_OR_UNKNOWN,EXACT_IDENTITY_REGION,CES de MADAKA,EXTREME-NORD,0CC1GSFD102861115
EN06070A01,CES DE BALDA,ALPHA_PREFIX,Extrême-Nord,CONFIRMED_BY_MATCH,ESG_OR_UNKNOWN,EXACT_IDENTITY_REGION,CES de BALDA,EXTREME-NORD,0CC1GSFD100366111
EN06070A02,CES DE GUINLAYE,ALPHA_PREFIX,Extrême-Nord,CONFIRMED_BY_MATCH,ESG_OR_UNKNOWN,EXACT_IDENTITY_REGION,CES de GUINLAYE,EXTREME-NORD,0CC1GSFD100554112
EN06070A04,CES DE SEDEK,ALPHA_PREFIX,Extrême-Nord,CONFIRMED_BY_MATCH,ESG_OR_UNKNOWN,EXACT_IDENTITY_REGION,CES de SEDEK,EXTREME-NORD,0CC1GSFD100779111
EN06070C44,CETIC DE BOGO,ALPHA_PREFIX,Extrême-Nord,CONFIRMED_BY_MATCH,ESTP,PROBABLE,Lyce Bilingue de BOGO,EXTREME-NORD,0CC1GSFD110078092
EN06070I05,LYCEE BILINGUE DE BOGO,ALPHA_PREFIX,Extrême-Nord,CONFIRMED_BY_MATCH,ESG_OR_UNKNOWN,PROBABLE,Lyce Bilingue de BOGO,EXTREME-NORD,0CC1GSFD110078092
EN06080A07,LYCEE DE KAHEO,ALPHA_PREFIX,Extrême-Nord,CONFIRMED_BY_MATCH,ESG_OR_UNKNOWN,PROBABLE,CES de KAHEO,EXTREME-NORD,0CE1GSFD100544111
EN06080A08,CES DE YOLDEO,ALPHA_PREFIX,Extrême-Nord,CONFIRMED_BY_MATCH,ESG_OR_UNKNOWN,EXACT_IDENTITY_REGION,CES de YOLDEO,EXTREME-NORD,0CE1GSFD100547111
EN06080A06,CES D&#039;OURO - ZANGUI,ALPHA_PREFIX,Extrême-Nord,CONFIRMED_BY_MATCH,ESG_OR_UNKNOWN,PROBABLE,CES d'OURO-ZANGUI,EXTREME-NORD,0CE1GSFD102700114
EN06080C45,CETIC DE DARGALA,ALPHA_PREFIX,Extrême-Nord,CONFIRMED_BY_MATCH,ESTP,PROBABLE,Lyce de DARGALA,EXTREME-NORD,0CE1GSFD110595110
EN06080I09,LYCEE BILINGUE DE DARGALA,ALPHA_PREFIX,Extrême-Nord,CONFIRMED_BY_MATCH,ESG_OR_UNKNOWN,PROBABLE,Lyce de DARGALA,EXTREME-NORD,0CE1GSFD110595110
EN06142C46,LYCEE TECHINIQUE DE GAZAWA,ALPHA_PREFIX,Extrême-Nord,CONFIRMED_BY_MATCH,ESG_OR_UNKNOWN,PROBABLE,Lyce de GAZAWA,EXTREME-NORD,0CH1GSFD110296107
EN06142I10,LYCEE BILINGUE DE GAZAWA,ALPHA_PREFIX,Extrême-Nord,CONFIRMED_BY_MATCH,ESG_OR_UNKNOWN,PROBABLE,Lyce de GAZAWA,EXTREME-NORD,0CH1GSFD110296107
EN06142I11,LYCEE DE MASSAKAL,ALPHA_PREFIX,Extrême-Nord,CONFIRMED_BY_MATCH,ESG_OR_UNKNOWN,PROBABLE,Lyce de MASSAKAL,EXTREME-NORD,0CH1GSFD110567115
EN06202A12,LYCEE d&#039;HARDE-MAROUA,ALPHA_PREFIX,Extrême-Nord,CONFIRMED_BY_MATCH,ESG_OR_UNKNOWN,PROBABLE,CES d'HARDE-MAROUA,EXTREME-NORD,0CI1GSFD102215113
EN06202A13,CES DE NGASSA,ALPHA_PREFIX,Extrême-Nord,CONFIRMED_BY_MATCH,ESG_OR_UNKNOWN,EXACT_IDENTITY_REGION,CES de NGASSA,EXTREME-NORD,0CI1GSFD102045112
EN06202A14,CES DE PALAR,ALPHA_PREFIX,Extrême-Nord,CONFIRMED_BY_MATCH,ESG_OR_UNKNOWN,EXACT_IDENTITY_REGION,CES de PALAR,EXTREME-NORD,0CI1GSFD102220113
EN06202C47,CETIC DE DOGBA,ALPHA_PREFIX,Extrême-Nord,CONFIRMED_BY_MATCH,ESTP,PROBABLE,Lyce de DOGBA,EXTREME-NORD,0CJ1GSFD111506112
EN27154C60,LYCEE TECHNIQUE DE MESKINE,ALPHA_PREFIX,Extrême-Nord,CONFIRMED_BY_MATCH,ESTP,PROBABLE,Lyce de MESKINE,EXTREME-NORD,0CI1GSFD112039107
13230495,COLLEGE JACQUES DE BERNON,DIGIT_PREFIX,,,ESG_OR_UNKNOWN,NEW,,,
13230496,COLLEGE PRIVE ADVENTISTE DE MAROUA,DIGIT_PREFIX,,,ESG_OR_UNKNOWN,PROBABLE_NO_REGION_SIGNAL,Lyce Bilingue de MAROUA,EXTREME-NORD,0CK1GSBD111236092
13230498,COLLEGE PRIVE LAIC SIDDI DJAOURO,DIGIT_PREFIX,,,ESG_OR_UNKNOWN,NEW,,,
13230499,COURS DU SOIR DE L&#039;ESPOIR MAROUA,DIGIT_PREFIX,,,ADULT_EVENING,PROBABLE_NO_REGION_SIGNAL,Lyce Bilingue de MAROUA,EXTREME-NORD,0CK1GSBD111236092
13230500,INSTITUT ISLAMIQUE SABIL EL-FALAH EL-HAIRI,DIGIT_PREFIX,,,ESG_OR_UNKNOWN,NEW,,,
EN06202I16,LYCEE DE KATOUAL,ALPHA_PREFIX,Extrême-Nord,CONFIRMED_BY_MATCH,ESG_OR_UNKNOWN,PROBABLE,Lyce de KATOUAL,EXTREME-NORD,0CI1GSFD111303114
EN06202I17,LYCEE DE MAKABAYE,ALPHA_PREFIX,Extrême-Nord,CONFIRMED_BY_MATCH,ESG_OR_UNKNOWN,PROBABLE,Lyce de MAKABAYE,EXTREME-NORD,0CI1GSFD110534115
EN06202I18,LYCEE bILINGUE DE MAROUA DOMAYO,ALPHA_PREFIX,Extrême-Nord,CONFIRMED_BY_MATCH,ESG_OR_UNKNOWN,PROBABLE,Lyce Bilingue de MAROUA-DOMAYO,EXTREME-NORD,0CI1GSFD112009092
EN06202I19,LYCEE DE MAROUA SALAK,ALPHA_PREFIX,Extrême-Nord,CONFIRMED_BY_MATCH,ESG_OR_UNKNOWN,PROBABLE,Lyce Bilingue de MAROUA,EXTREME-NORD,0CK1GSBD111236092
EN06202I20,LYCEE DE MESKINE,ALPHA_PREFIX,Extrême-Nord,CONFIRMED_BY_MATCH,ESG_OR_UNKNOWN,PROBABLE,Lyce de MESKINE,EXTREME-NORD,0CI1GSFD112039107
EN06202I15,LYCEE DE OURO TCHEDE,ALPHA_PREFIX,Extrême-Nord,CONFIRMED_BY_MATCH,ESG_OR_UNKNOWN,PROBABLE,CES d'OURO-ZANGUI,EXTREME-NORD,0CE1GSFD102700114
EN06202L43,LYCEE TECHNIQUE DE SALAK,ALPHA_PREFIX,Extrême-Nord,CONFIRMED_BY_MATCH,ESTP,PROBABLE,Lyce de MAROUA-SALAK,EXTREME-NORD,0CI1GSFD111902103
EN06203C48,LYCEE TECHNIQUE DE DOUALARE,ALPHA_PREFIX,Extrême-Nord,CONFIRMED_BY_MATCH,ESTP,PROBABLE,Lyce de DOUALARE,EXTREME-NORD,0CJ1GSFD111936113
13230502,COLLEGE PRIVE BILINGUE MOUNIA,DIGIT_PREFIX,,,ESG_OR_UNKNOWN,NEW,,,
13230503,COURS DU SOIR DE LA PROMOTION COLLECTIVE,DIGIT_PREFIX,,,ADULT_EVENING,NEW,,,
EN06203G49,ENIET DE MAROUA,ALPHA_PREFIX,Extrême-Nord,CONFIRMED_BY_MATCH,ENI,PROBABLE,Lyce Bilingue de MAROUA,EXTREME-NORD,0CK1GSBD111236092
EN06203I21,LYCEE DE DOGBA,ALPHA_PREFIX,Extrême-Nord,CONFIRMED_BY_MATCH,ESG_OR_UNKNOWN,PROBABLE,Lyce de DOGBA,EXTREME-NORD,0CJ1GSFD111506112
EN06203I22,LYCEE DE MAROUA DOUALARE,ALPHA_PREFIX,Extrême-Nord,CONFIRMED_BY_MATCH,ESG_OR_UNKNOWN,PROBABLE,Lyce de DOUALARE,EXTREME-NORD,0CJ1GSFD111936113
EN06203I23,LYCEE DE GAYAK,ALPHA_PREFIX,Extrême-Nord,CONFIRMED_BY_MATCH,ESG_OR_UNKNOWN,PROBABLE,Lyce de GAYAK,EXTREME-NORD,0CJ1GSFD111240114
EN06203I24,LYCEE DE KAKATARE-MAROUA,ALPHA_PREFIX,Extrême-Nord,CONFIRMED_BY_MATCH,ESG_OR_UNKNOWN,PROBABLE,Lyce de KAKATARE-MAROUA,EXTREME-NORD,0CJ1GSFD111231110
13230504,COLLEGE PRIVE D&#039;ENSEIGNEMENT TECHNIQUE INDUSTRIEL maroua,DIGIT_PREFIX,,,ESG_OR_UNKNOWN,PROBABLE_NO_REGION_SIGNAL,Lyce Bilingue de MAROUA,EXTREME-NORD,0CK1GSBD111236092
EN06204A25,CES DE GUINADJI,ALPHA_PREFIX,Extrême-Nord,CONFIRMED_BY_MATCH,ESG_OR_UNKNOWN,EXACT_IDENTITY_REGION,CES de GUINADJI,EXTREME-NORD,0CK1GSFD102689114
EN06204A26,CES DE KODEK,ALPHA_PREFIX,Extrême-Nord,CONFIRMED_BY_MATCH,ESG_OR_UNKNOWN,EXACT_IDENTITY_REGION,CES de KODEK,EXTREME-NORD,0CK1GSFD102216113
EN06204C50,CETIC DE KONGOLA,ALPHA_PREFIX,Extrême-Nord,CONFIRMED_BY_MATCH,ESTP,PROBABLE,Lyce de MAROUA-KONGOLA,EXTREME-NORD,0CK1GSFD111684107
13230505,COLLEGE PRIVE ISLAMIQUE ABOU DAOUD MRA,DIGIT_PREFIX,,,ESG_OR_UNKNOWN,NEW,,,
13230506,COLLEGE PRIVE ISLAMIQUE ZAID BIN SULTANE,DIGIT_PREFIX,,,ESG_OR_UNKNOWN,NEW,,,
EN06204F51,ENIEG BILINGUE DE MAROUA,ALPHA_PREFIX,Extrême-Nord,CONFIRMED_BY_MATCH,ENI,PROBABLE,Lyce Bilingue de MAROUA,EXTREME-NORD,0CK1GSBD111236092
EN06204H27,LYCEE BILINGUE DE MAROUA,ALPHA_PREFIX,Extrême-Nord,CONFIRMED_BY_MATCH,ESG_OR_UNKNOWN,PROBABLE,Lyce Bilingue de MAROUA,EXTREME-NORD,0CK1GSBD111236092
EN06204I28,LYCEE CLASSIQUE ET MODERNE DE MAROUA,ALPHA_PREFIX,Extrême-Nord,CONFIRMED_BY_MATCH,ESG_OR_UNKNOWN,PROBABLE,Lyce Classique et Moderne de MAROUA,EXTREME-NORD,0CK1GSFD112456078
EN06204I29,LYCEE DE BALAZA ALCALI,ALPHA_PREFIX,Extrême-Nord,CONFIRMED_BY_MATCH,ESG_OR_UNKNOWN,PROBABLE,Lyce de BALAZA-ALCALI,EXTREME-NORD,0CK1GSFD111222112
EN06204I30,LYCEE DE MAROUA-KONGOLA,ALPHA_PREFIX,Extrême-Nord,CONFIRMED_BY_MATCH,ESG_OR_UNKNOWN,PROBABLE,Lyce de MAROUA-KONGOLA,EXTREME-NORD,0CK1GSFD111684107
EN06204L52,LYCEE TECHNIQUE BILINGUE DE MAROUA,ALPHA_PREFIX,Extrême-Nord,CONFIRMED_BY_MATCH,ESTP,PROBABLE,Lyce Bilingue de MAROUA,EXTREME-NORD,0CK1GSBD111236092
EN06233A31,LYCEE DE MANGUIRDLA,ALPHA_PREFIX,Extrême-Nord,CONFIRMED_BY_MATCH,ESG_OR_UNKNOWN,PROBABLE,CES de MANGUIRDLA,EXTREME-NORD,0CL1GSFD102682114
EN06233C53,CETIC DE GODOLA,ALPHA_PREFIX,Extrême-Nord,CONFIRMED_BY_MATCH,ESTP,PROBABLE,Lyce de GODOLA,EXTREME-NORD,0CL1GSFD111672110
EN06233C54,CETIC DE OUAZZANG,ALPHA_PREFIX,Extrême-Nord,CONFIRMED_BY_MATCH,ESTP,NEW,,,
EN06233I32,LYCEE DE DOULEK MERI,ALPHA_PREFIX,Extrême-Nord,CONFIRMED_BY_MATCH,ESG_OR_UNKNOWN,PROBABLE,Lyce de DOULEK,EXTREME-NORD,0CL1GSFD112076115
EN06233I33,LYCEE DE DOUROUM (DIAMARE),ALPHA_PREFIX,Extrême-Nord,CONFIRMED_BY_MATCH,ESG_OR_UNKNOWN,PROBABLE,Lyce de DOUROUM (Meri),EXTREME-NORD,0CL1GSFD111217108
EN06233I34,LYCEE DE GODOLA,ALPHA_PREFIX,Extrême-Nord,CONFIRMED_BY_MATCH,ESG_OR_UNKNOWN,PROBABLE,Lyce de GODOLA,EXTREME-NORD,0CL1GSFD111672110
EN06233I35,LYCEE DE KALLIAO,ALPHA_PREFIX,Extrême-Nord,CONFIRMED_BY_MATCH,ESG_OR_UNKNOWN,PROBABLE,Lyce de KALLIAO,EXTREME-NORD,0CL1GSFD111200114
EN06233I36,LYCEE DE MERI,ALPHA_PREFIX,Extrême-Nord,CONFIRMED_BY_MATCH,ESG_OR_UNKNOWN,PROBABLE,Lyce de DOUROUM (Meri),EXTREME-NORD,0CL1GSFD111217108
EN06233L55,LYCEE TECHNIQUE DE MERI,ALPHA_PREFIX,Extrême-Nord,CONFIRMED_BY_MATCH,ESTP,PROBABLE,Lyce de DOUROUM (Meri),EXTREME-NORD,0CL1GSFD111217108
EN06264A37,LYCEE DE LOULOU,ALPHA_PREFIX,Extrême-Nord,CONFIRMED_BY_MATCH,ESG_OR_UNKNOWN,PROBABLE,CES de LOULOU,EXTREME-NORD,0CM1GSFD102219113
EN06264C56,LYCEE TECHNIQUE DE LOULOU,ALPHA_PREFIX,Extrême-Nord,CONFIRMED_BY_MATCH,ESTP,PROBABLE,CES de LOULOU,EXTREME-NORD,0CM1GSFD102219113
EN06264I38,LYCEE DE DAGAI-KOLA,ALPHA_PREFIX,Extrême-Nord,CONFIRMED_BY_MATCH,ESG_OR_UNKNOWN,PROBABLE,Lyce de DAGAI-KOLA,EXTREME-NORD,0CM1GSFD111362115
EN06264I39,LYCEE DE GAWEL,ALPHA_PREFIX,Extrême-Nord,CONFIRMED_BY_MATCH,ESG_OR_UNKNOWN,PROBABLE,Lyce de GAWEL,EXTREME-NORD,0CM1GSFD111256111
EN06264I40,LYCEE DE NDOUKOULA,ALPHA_PREFIX,Extrême-Nord,CONFIRMED_BY_MATCH,ESG_OR_UNKNOWN,PROBABLE,Lyce de NDOUKOULA,EXTREME-NORD,0CM1GSFD112452107
EN06319A41,LYCCEE DE DOUBBEL,ALPHA_PREFIX,Extrême-Nord,CONFIRMED_BY_MATCH,ESG_OR_UNKNOWN,PROBABLE,CES de DOUBBEL,EXTREME-NORD,0CN1GSFD101836112
EN06319C57,CETIC DE PETTE,ALPHA_PREFIX,Extrême-Nord,CONFIRMED_BY_MATCH,ESTP,PROBABLE,Lyce de PETTE,EXTREME-NORD,0CN1GSFD111492110
EN06319I42,LYCEE DE PETTE,ALPHA_PREFIX,Extrême-Nord,CONFIRMED_BY_MATCH,ESG_OR_UNKNOWN,PROBABLE,Lyce de PETTE,EXTREME-NORD,0CN1GSFD111492110
EN22069I01,LYCEE DE BLANGOUA,ALPHA_PREFIX,Extrême-Nord,CONFIRMED_BY_MATCH,ESG_OR_UNKNOWN,PROBABLE,Lyce de BLANGOUA,EXTREME-NORD,0EC1GSFD111266112
EN22079B02,CES BILINGUE DE DARAK,ALPHA_PREFIX,Extrême-Nord,CONFIRMED_BY_MATCH,ESG_OR_UNKNOWN,EXACT_IDENTITY_REGION,CES Bilingue de DARAK,EXTREME-NORD,0EE1GSBD101923109
EN22129I03,LYCEE DE FOTOKOL,ALPHA_PREFIX,Extrême-Nord,CONFIRMED_BY_MATCH,ESG_OR_UNKNOWN,PROBABLE,Lyce de FOTOKOL,EXTREME-NORD,0EH1GSFD110288111
EN22144C22,CETIC DE GOULFEY,ALPHA_PREFIX,Extrême-Nord,CONFIRMED_BY_MATCH,ESTP,PROBABLE,Lyce de GOULFEY,EXTREME-NORD,0EI1GSFD112412099
EN22144I04,LYCEE DE GOULFEY,ALPHA_PREFIX,Extrême-Nord,CONFIRMED_BY_MATCH,ESG_OR_UNKNOWN,PROBABLE,Lyce de GOULFEY,EXTREME-NORD,0EI1GSFD112412099
EN22149A05,CES DE HILE-ALIFA,ALPHA_PREFIX,Extrême-Nord,CONFIRMED_BY_MATCH,ESG_OR_UNKNOWN,EXACT_IDENTITY_REGION,CES d'HILE-ALIFA,EXTREME-NORD,0EJ1GSFD101282092
EN22170A06,CES D&#039;AJAINE,ALPHA_PREFIX,Extrême-Nord,CONFIRMED_BY_MATCH,ESG_OR_UNKNOWN,PROBABLE,CES d'AJAINE,EXTREME-NORD,0EK1GSFD103230120
13250507,COLLEGE CATH BIL LOUIS CHARPENET,DIGIT_PREFIX,,,ESG_OR_UNKNOWN,NEW,,,
13250508,COLLEGE PRIVE CENTRE TAIBAH ISLAMIQUE,DIGIT_PREFIX,,,ESG_OR_UNKNOWN,PROBABLE_NO_REGION_SIGNAL,Lyce de MELONG-CENTRE,LITTORAL,7CM1GSFD111655107
13250509,COLLEGE PRIVE LAIC DE L&#039;ITTIFACK,DIGIT_PREFIX,,,ESG_OR_UNKNOWN,NEW,,,
13250510,COLLEGE PRIVE MOUDJAMAL-HOR,DIGIT_PREFIX,,,ESG_OR_UNKNOWN,NEW,,,
EN22170E23,ENIEG DE KOUSSERI,ALPHA_PREFIX,Extrême-Nord,CONFIRMED_BY_MATCH,ENI,PROBABLE,Lyce Bilingue de KOUSSERI,EXTREME-NORD,0EK1GSBD112144104
EN22170I08,LYCEE D&#039;AMCHEDIRE,ALPHA_PREFIX,Extrême-Nord,CONFIRMED_BY_MATCH,ESG_OR_UNKNOWN,PROBABLE,Lyce d'AMCHEDIRE,EXTREME-NORD,0EK1GSFD111193113
EN22170H07,LYCEE BILINGUE DE KOUSSERI,ALPHA_PREFIX,Extrême-Nord,CONFIRMED_BY_MATCH,ESG_OR_UNKNOWN,PROBABLE,Lyce Bilingue de KOUSSERI,EXTREME-NORD,0EK1GSBD112144104
EN22170I09,LYCEE DE LAKA,ALPHA_PREFIX,Extrême-Nord,CONFIRMED_BY_MATCH,ESG_OR_UNKNOWN,PROBABLE,Lyce de LAKA,EXTREME-NORD,0EK1GSFD110464115
EN22170I10,LYCEE MIXTE DE KOUSSERI,ALPHA_PREFIX,Extrême-Nord,CONFIRMED_BY_MATCH,ESG_OR_UNKNOWN,PROBABLE,Lyce Bilingue de KOUSSERI,EXTREME-NORD,0EK1GSBD112144104
EN22170L24,LYCEE TECHNIQUE BILINGUE DE KOUSSERI,ALPHA_PREFIX,Extrême-Nord,CONFIRMED_BY_MATCH,ESTP,PROBABLE,Lyce Bilingue de KOUSSERI,EXTREME-NORD,0EK1GSBD112144104
EN22185A11,CES DE KIDAM,ALPHA_PREFIX,Extrême-Nord,CONFIRMED_BY_MATCH,ESG_OR_UNKNOWN,EXACT_IDENTITY_REGION,CES de KIDAM,EXTREME-NORD,0EL1GSFD100393111
EN22185A12,CES DE ZIMADO,ALPHA_PREFIX,Extrême-Nord,CONFIRMED_BY_MATCH,ESG_OR_UNKNOWN,EXACT_IDENTITY_REGION,CES de ZIMADO,EXTREME-NORD,0EL1GSFD102078111
EN22185C25,LYCEE TECHNIQUE DE LOGONE-BIRNI,ALPHA_PREFIX,Extrême-Nord,CONFIRMED_BY_MATCH,ESTP,PROBABLE,Lyce de LOGONE-BIRNI,EXTREME-NORD,0EL1GSFD110353111
EN22185I13,LYCEE DE LOGONE-BIRNI,ALPHA_PREFIX,Extrême-Nord,CONFIRMED_BY_MATCH,ESG_OR_UNKNOWN,PROBABLE,Lyce de LOGONE-BIRNI,EXTREME-NORD,0EL1GSFD110353111
EN22195A14,CES AFADE,ALPHA_PREFIX,Extrême-Nord,CONFIRMED_BY_MATCH,ESG_OR_UNKNOWN,EXACT_IDENTITY_REGION,CES d'AFADE,EXTREME-NORD,0EM1GSFD102074099
EN22195A15,LYCEE BILINGUE DE BODO,ALPHA_PREFIX,Extrême-Nord,CONFIRMED_BY_MATCH,ESG_OR_UNKNOWN,PROBABLE,CES de BODO,EXTREME-NORD,0EM1GSFD100330107
EN22195A16,CES DE MALTAM,ALPHA_PREFIX,Extrême-Nord,CONFIRMED_BY_MATCH,ESG_OR_UNKNOWN,EXACT_IDENTITY_REGION,CES de MALTAM,EXTREME-NORD,0EM1GSFD100702110
EN22195A17,CES de WOULKY,ALPHA_PREFIX,Extrême-Nord,CONFIRMED_BY_MATCH,ESG_OR_UNKNOWN,EXACT_IDENTITY_REGION,CES de WOULKY,EXTREME-NORD,0EM1GSFD102987117
EN22195C26,CETIC DE MAKARY,ALPHA_PREFIX,Extrême-Nord,CONFIRMED_BY_MATCH,ESTP,PROBABLE,Lyce de MAKARY,EXTREME-NORD,0EM1GSFD111870096
EN22195I18,LYCEE DE MAKARY,ALPHA_PREFIX,Extrême-Nord,CONFIRMED_BY_MATCH,ESG_OR_UNKNOWN,PROBABLE,Lyce de MAKARY,EXTREME-NORD,0EM1GSFD111870096
EN22350I19,LYCEE DE WAZA,ALPHA_PREFIX,Extrême-Nord,CONFIRMED_BY_MATCH,ESG_OR_UNKNOWN,PROBABLE,Lyce de WAZA,EXTREME-NORD,0EN1GSFD110302111
EN22367A20,CES DE MAZERA,ALPHA_PREFIX,Extrême-Nord,CONFIRMED_BY_MATCH,ESG_OR_UNKNOWN,EXACT_IDENTITY_REGION,CES de MAZERA,EXTREME-NORD,0EQ1GSFD102425112
EN22367I21,LYCEE DE ZINA,ALPHA_PREFIX,Extrême-Nord,CONFIRMED_BY_MATCH,ESG_OR_UNKNOWN,PROBABLE,Lyce de ZINA,EXTREME-NORD,0EQ1GSFD100362100
EN26081A01,CES DE GANGALANG,ALPHA_PREFIX,Extrême-Nord,CONFIRMED_BY_MATCH,ESG_OR_UNKNOWN,EXACT_IDENTITY_REGION,CES de GANGALANG,EXTREME-NORD,0HC1GSFD100006112
EN26081C82,CETIC DE YOUAYE-BLAM LAALE,ALPHA_PREFIX,Extrême-Nord,CONFIRMED_BY_MATCH,ESTP,NEW,,,
EN26081L83,LYCEE TECHNIQUE DE DATCHEKA,ALPHA_PREFIX,Extrême-Nord,CONFIRMED_BY_MATCH,ESTP,PROBABLE,Lyce Bilingue de DATCHEKA,EXTREME-NORD,0HC1GSBD112164114
EN26081H02,LYCEE BILINGUE DE DATCHEKA,ALPHA_PREFIX,Extrême-Nord,CONFIRMED_BY_MATCH,ESG_OR_UNKNOWN,PROBABLE,Lyce Bilingue de DATCHEKA,EXTREME-NORD,0HC1GSBD112164114
EN26081I03,LYCEE DE GOUIN-TAALA,ALPHA_PREFIX,Extrême-Nord,CONFIRMED_BY_MATCH,ESG_OR_UNKNOWN,PROBABLE,Lyce de GOUIN-TAALA,EXTREME-NORD,0HC1GSFD112124114
EN26081I04,LYCEE DE KONKORONG,ALPHA_PREFIX,Extrême-Nord,CONFIRMED_BY_MATCH,ESG_OR_UNKNOWN,PROBABLE,Lyce de KONKORONG,EXTREME-NORD,0HC1GSFD112052115
EN26081I05,LYCEE DE ZOUAYE,ALPHA_PREFIX,Extrême-Nord,CONFIRMED_BY_MATCH,ESG_OR_UNKNOWN,PROBABLE,Lyce de ZOUAYE,EXTREME-NORD,0HC1GSFD112082108
EN26143A06,LYCEE BILINGUE DE GALAM,ALPHA_PREFIX,Extrême-Nord,CONFIRMED_BY_MATCH,ESG_OR_UNKNOWN,PROBABLE,CES de GALAM,EXTREME-NORD,0HE1GSFD102709114
EN26143A07,LYCEE DE GUIRIOU,ALPHA_PREFIX,Extrême-Nord,CONFIRMED_BY_MATCH,ESG_OR_UNKNOWN,PROBABLE,CES de GUIRIOU,EXTREME-NORD,0HE1GSFD102235113
EN26143A08,CES DE MASSA-KOUWEITA,ALPHA_PREFIX,Extrême-Nord,CONFIRMED_BY_MATCH,ESG_OR_UNKNOWN,EXACT_IDENTITY_REGION,CES de MASSA-KOUWEITA,EXTREME-NORD,0HE1GSFD102103112
EN26143A09,CES DE POLGUE,ALPHA_PREFIX,Extrême-Nord,CONFIRMED_BY_MATCH,ESG_OR_UNKNOWN,EXACT_IDENTITY_REGION,CES de POLGUE,EXTREME-NORD,0HE1GSFD102838116
EN26143L85,LYCEE TECHNIQUE DE GOBO,ALPHA_PREFIX,Extrême-Nord,CONFIRMED_BY_MATCH,ESTP,PROBABLE,Lyce Bilingue de GOBO,EXTREME-NORD,0HE1GSFD112086107
EN26143I10,LYCEE DE DOM-PYA,ALPHA_PREFIX,Extrême-Nord,CONFIRMED_BY_MATCH,ESG_OR_UNKNOWN,NEW,,,
EN26143I11,LYCEE DE GOBO,ALPHA_PREFIX,Extrême-Nord,CONFIRMED_BY_MATCH,ESG_OR_UNKNOWN,PROBABLE,Lyce Bilingue de GOBO,EXTREME-NORD,0HE1GSFD112086107
EN26143I12,LYCEE DE NOULDAINA,ALPHA_PREFIX,Extrême-Nord,CONFIRMED_BY_MATCH,ESG_OR_UNKNOWN,PROBABLE,Lyce de NOULDAINA,EXTREME-NORD,0HE1GSFD110346111
EN26146A13,CES DE BOUROU,ALPHA_PREFIX,Extrême-Nord,CONFIRMED_BY_MATCH,ESG_OR_UNKNOWN,EXACT_IDENTITY_REGION,CES de BOUROU,EXTREME-NORD,0HH1GSFD100620109
EN26146A14,CES DE DANIGUE,ALPHA_PREFIX,Extrême-Nord,CONFIRMED_BY_MATCH,ESG_OR_UNKNOWN,EXACT_IDENTITY_REGION,CES de DANIGUE,EXTREME-NORD,0HH1GSFD102161112
EN26146A15,CES DE KELLE PATANG,ALPHA_PREFIX,Extrême-Nord,CONFIRMED_BY_MATCH,ESG_OR_UNKNOWN,EXACT_IDENTITY_REGION,CES de KELLE-PATANG,EXTREME-NORD,0HH1GSFD102865116
EN26146A16,CES DE LOKO,ALPHA_PREFIX,Extrême-Nord,CONFIRMED_BY_MATCH,ESG_OR_UNKNOWN,EXACT_IDENTITY_REGION,CES de LOKO,EXTREME-NORD,0HH1GSFD102839116
EN26146C86,CETIC DE BANGANA,ALPHA_PREFIX,Extrême-Nord,CONFIRMED_BY_MATCH,ESTP,PROBABLE,Lyce de BANGANA,EXTREME-NORD,0HH1GSFD112088111
EN26146C87,LYCEE TECHNIQUE DE GUERE,ALPHA_PREFIX,Extrême-Nord,CONFIRMED_BY_MATCH,ESTP,PROBABLE,Lyce Bilingue de GUERE,EXTREME-NORD,0HH1GSFD112080107
EN26146I17,LYCEE DE BANGANA,ALPHA_PREFIX,Extrême-Nord,CONFIRMED_BY_MATCH,ESG_OR_UNKNOWN,PROBABLE,Lyce de BANGANA,EXTREME-NORD,0HH1GSFD112088111
EN26146I18,LYCEE DE DJOUGOUMTA,ALPHA_PREFIX,Extrême-Nord,CONFIRMED_BY_MATCH,ESG_OR_UNKNOWN,PROBABLE,Lyce de DJOUGOUMTA,EXTREME-NORD,0HH1GSFD101379110
EN26146I19,LYCEE DE GUERE,ALPHA_PREFIX,Extrême-Nord,CONFIRMED_BY_MATCH,ESG_OR_UNKNOWN,PROBABLE,Lyce Bilingue de GUERE,EXTREME-NORD,0HH1GSFD112080107
EN26155A20,CES DE DAMA,ALPHA_PREFIX,Extrême-Nord,CONFIRMED_BY_MATCH,ESG_OR_UNKNOWN,EXACT_IDENTITY_REGION,CES de DAMA,EXTREME-NORD,0HI1GSFD102860115
EN26155A21,CES DE DOUKROYE,ALPHA_PREFIX,Extrême-Nord,CONFIRMED_BY_MATCH,ESG_OR_UNKNOWN,EXACT_IDENTITY_REGION,CES de DOUKROYE,EXTREME-NORD,0HI1GSFD101014111
EN26155C88,CETIC DE DOREISSOU,ALPHA_PREFIX,Extrême-Nord,CONFIRMED_BY_MATCH,ESTP,PROBABLE,Lyce de DOREISSOU,EXTREME-NORD,0HI1GSFD110687111
EN26155C89,CETIC DE KAI-KAI,ALPHA_PREFIX,Extrême-Nord,CONFIRMED_BY_MATCH,ESTP,NEW,,,
EN26155I22,LYCEE DE BEGUE-PALAM,ALPHA_PREFIX,Extrême-Nord,CONFIRMED_BY_MATCH,ESG_OR_UNKNOWN,PROBABLE,Lyce de BEGUE-PALAM,EXTREME-NORD,0HI1GSFD110342111
EN26155I23,LYCEE DE DJAFGA,ALPHA_PREFIX,Extrême-Nord,CONFIRMED_BY_MATCH,ESG_OR_UNKNOWN,PROBABLE,Lyce de DJAFGA,EXTREME-NORD,0HI1GSFD112006109
EN26155I24,LYCEE DE DOREISSOU,ALPHA_PREFIX,Extrême-Nord,CONFIRMED_BY_MATCH,ESG_OR_UNKNOWN,PROBABLE,Lyce de DOREISSOU,EXTREME-NORD,0HI1GSFD110687111
EN26155I25,LYCEE DE KAI-KAI,ALPHA_PREFIX,Extrême-Nord,CONFIRMED_BY_MATCH,ESG_OR_UNKNOWN,NEW,,,
EN26155I26,LYCEE DE MADALAM,ALPHA_PREFIX,Extrême-Nord,CONFIRMED_BY_MATCH,ESG_OR_UNKNOWN,PROBABLE,Lyce de MADALAM,EXTREME-NORD,0HI1GSFD112020115
EN26156A27,LYCEE DE GOBIO,ALPHA_PREFIX,Extrême-Nord,CONFIRMED_BY_MATCH,ESG_OR_UNKNOWN,PROBABLE,CES de GOBIO,EXTREME-NORD,0HJ1GSFD102917114
EN26156A28,CES DE GUINANE,ALPHA_PREFIX,Extrême-Nord,CONFIRMED_BY_MATCH,ESG_OR_UNKNOWN,EXACT_IDENTITY_REGION,CES de GUINANE,EXTREME-NORD,0HJ1GSFD102840116
EN26156A29,LYCEE DE THIOU,ALPHA_PREFIX,Extrême-Nord,CONFIRMED_BY_MATCH,ESG_OR_UNKNOWN,PROBABLE,CES de THIOU,EXTREME-NORD,0HJ1GSFD100604112
EN26156A30,CES DE ZARIA,ALPHA_PREFIX,Extrême-Nord,CONFIRMED_BY_MATCH,ESG_OR_UNKNOWN,EXACT_IDENTITY_REGION,CES de ZARIA,EXTREME-NORD,0HJ1GSFD102859115
EN26156C90,LYCÉE TECHNIQUE DE KALFOU,ALPHA_PREFIX,Extrême-Nord,CONFIRMED_BY_MATCH,ESTP,PROBABLE,Lyce Bilingue de KALFOU,EXTREME-NORD,0HJ1GSFD112091097
EN26156I31,LYCEE DE BOUGAYE,ALPHA_PREFIX,Extrême-Nord,CONFIRMED_BY_MATCH,ESG_OR_UNKNOWN,PROBABLE,Lyce de BOUGAYE,EXTREME-NORD,0HJ1GSFD112109109
EN26156I32,LYCEE BILINGUE DE KALFOU,ALPHA_PREFIX,Extrême-Nord,CONFIRMED_BY_MATCH,ESG_OR_UNKNOWN,PROBABLE,Lyce Bilingue de KALFOU,EXTREME-NORD,0HJ1GSFD112091097
EN26156I33,LYCEE DE LOKORO,ALPHA_PREFIX,Extrême-Nord,CONFIRMED_BY_MATCH,ESG_OR_UNKNOWN,PROBABLE,Lyce de LOKORO,EXTREME-NORD,0HJ1GSFD110600111
EN26157A34,CES DE BOUZAR,ALPHA_PREFIX,Extrême-Nord,CONFIRMED_BY_MATCH,ESG_OR_UNKNOWN,EXACT_IDENTITY_REGION,CES de BOUZAR,EXTREME-NORD,0HK1GSFD102841116
EN26157A35,CES DE DATCHEKA-YOLDEO,ALPHA_PREFIX,Extrême-Nord,CONFIRMED_BY_MATCH,ESG_OR_UNKNOWN,EXACT_IDENTITY_REGION,CES de DATCHEKA-YOLDEO,EXTREME-NORD,0HK1GSFD100245111
EN26157A36,LYCEE DE SIRLAWE,ALPHA_PREFIX,Extrême-Nord,CONFIRMED_BY_MATCH,ESG_OR_UNKNOWN,PROBABLE,CES de SIRLAWE,EXTREME-NORD,0HK1GSFD102214113
EN26157I39,LYCEE DE DADJAMKA,ALPHA_PREFIX,Extrême-Nord,CONFIRMED_BY_MATCH,ESG_OR_UNKNOWN,PROBABLE,Lyce de DADJAMKA,EXTREME-NORD,0HK1GSFD112096114
EN26157H37,LYCEE BILINGUE DE DOUKOULA,ALPHA_PREFIX,Extrême-Nord,CONFIRMED_BY_MATCH,ESG_OR_UNKNOWN,PROBABLE,Lyce Bilingue de DOUKOULA,EXTREME-NORD,0HK1GSBD110247113
EN26157I38,LYCEE D&#039; OULARGO,ALPHA_PREFIX,Extrême-Nord,CONFIRMED_BY_MATCH,ESG_OR_UNKNOWN,PROBABLE,Lyce d'OULARGO,EXTREME-NORD,0HK1GSFD110240112
EN26157I40,LYCEE DE DOUKOULA,ALPHA_PREFIX,Extrême-Nord,CONFIRMED_BY_MATCH,ESG_OR_UNKNOWN,PROBABLE,Lyce Bilingue de DOUKOULA,EXTREME-NORD,0HK1GSBD110247113
EN26157I41,LYCEE DE GUISSIA,ALPHA_PREFIX,Extrême-Nord,CONFIRMED_BY_MATCH,ESG_OR_UNKNOWN,PROBABLE,Lyce Bilingue de GUISSIA,EXTREME-NORD,0HK1GSFD110145111
EN26157I42,LYCEE DE MOGOM KAR-HAY,ALPHA_PREFIX,Extrême-Nord,CONFIRMED_BY_MATCH,ESG_OR_UNKNOWN,PROBABLE,Lyce de MOGOM-KAR-HAY,EXTREME-NORD,0HK1GSFD111963108
EN26103L84,LYCEE TECHNIQUE DE DOUKOULA,ALPHA_PREFIX,Extrême-Nord,CONFIRMED_BY_MATCH,ESTP,PROBABLE,Lyce Bilingue de DOUKOULA,EXTREME-NORD,0HK1GSBD110247113
EN26192A43,LYCEE DE MAGA - MADIOGO,ALPHA_PREFIX,Extrême-Nord,CONFIRMED_BY_MATCH,ESG_OR_UNKNOWN,PROBABLE,CES de MAGA-MADIOGO,EXTREME-NORD,0HL1GSFD102100112
EN26192A44,LYCEE DE MIHIRIA,ALPHA_PREFIX,Extrême-Nord,CONFIRMED_BY_MATCH,ESG_OR_UNKNOWN,PROBABLE,CES de MIHIRIA,EXTREME-NORD,0HL1GSFD102236113
EN26192A45,CES DE NGOULMOUNG,ALPHA_PREFIX,Extrême-Nord,CONFIRMED_BY_MATCH,ESG_OR_UNKNOWN,EXACT_IDENTITY_REGION,CES de NGOULMOUNG,EXTREME-NORD,0HL1GSFD102120112
EN26192C91,CETIC DE GUIRVIDIG,ALPHA_PREFIX,Extrême-Nord,CONFIRMED_BY_MATCH,ESTP,PROBABLE,Lyce de GUIRVIDIG,EXTREME-NORD,0HL1GSFD111980109
EN26192C92,CETIC DE MAOUDA,ALPHA_PREFIX,Extrême-Nord,CONFIRMED_BY_MATCH,ESTP,NEW,,,
EN26192I50,LYCEE DE TEKELE,ALPHA_PREFIX,Extrême-Nord,CONFIRMED_BY_MATCH,ESG_OR_UNKNOWN,PROBABLE,Lyce de TEKELE,EXTREME-NORD,0HL1GSFD112183113
EN26192I46,LYCEE DE GUIRVIDIG,ALPHA_PREFIX,Extrême-Nord,CONFIRMED_BY_MATCH,ESG_OR_UNKNOWN,PROBABLE,Lyce de GUIRVIDIG,EXTREME-NORD,0HL1GSFD111980109
EN26192I47,LYCEE BILINGUE DE MAGA,ALPHA_PREFIX,Extrême-Nord,CONFIRMED_BY_MATCH,ESG_OR_UNKNOWN,PROBABLE,CES de MAGA-MADIOGO,EXTREME-NORD,0HL1GSFD102100112
EN26192I48,LYCEE DE MOURLA,ALPHA_PREFIX,Extrême-Nord,CONFIRMED_BY_MATCH,ESG_OR_UNKNOWN,PROBABLE,Lyce de MOURLA,EXTREME-NORD,0HL1GSFD112217114
EN26192I49,LYCEE DE POUSS,ALPHA_PREFIX,Extrême-Nord,CONFIRMED_BY_MATCH,ESG_OR_UNKNOWN,PROBABLE,Lyce de POUSS,EXTREME-NORD,0HL1GSFD112150107
EN26192I51,LYCEE DE YANGAH,ALPHA_PREFIX,Extrême-Nord,CONFIRMED_BY_MATCH,ESG_OR_UNKNOWN,PROBABLE,Lyce de YANGAH,EXTREME-NORD,0HL1GSFD111541115
EN26192L102,LYCEE TECHNIQUE DE MAGA,ALPHA_PREFIX,Extrême-Nord,CONFIRMED_BY_MATCH,ESTP,PROBABLE,CES de MAGA-MADIOGO,EXTREME-NORD,0HL1GSFD102100112
EN26333B52,LYCEE BILINGUE DE TCHATIBALI,ALPHA_PREFIX,Extrême-Nord,CONFIRMED_BY_MATCH,ESG_OR_UNKNOWN,PROBABLE,Lyce Bilingue de TCHATIBALI,EXTREME-NORD,0HM1GSBD102199113
EN26333A53,CES DE BAIGA,ALPHA_PREFIX,Extrême-Nord,CONFIRMED_BY_MATCH,ESG_OR_UNKNOWN,EXACT_IDENTITY_REGION,CES de BAIGA,EXTREME-NORD,0HM1GSFD102843115
EN26333C93,LYCEE TECHNIQUE DE TCHATIBALI,ALPHA_PREFIX,Extrême-Nord,CONFIRMED_BY_MATCH,ESTP,PROBABLE,Lyce Bilingue de TCHATIBALI,EXTREME-NORD,0HM1GSBD102199113
EN26333I54,LYCEE DE DOUAYE,ALPHA_PREFIX,Extrême-Nord,CONFIRMED_BY_MATCH,ESG_OR_UNKNOWN,PROBABLE,Lyce de DOUAYE,EXTREME-NORD,0HM1GSFD112118114
EN26333I55,LYCEE DE KADA&#039;A,ALPHA_PREFIX,Extrême-Nord,CONFIRMED_BY_MATCH,ESG_OR_UNKNOWN,PROBABLE,Lyce de KADA'A,EXTREME-NORD,0HM1GSFD112126113
EN26333I56,LYCEE DE TCHATIBALI,ALPHA_PREFIX,Extrême-Nord,CONFIRMED_BY_MATCH,ESG_OR_UNKNOWN,PROBABLE,Lyce Bilingue de TCHATIBALI,EXTREME-NORD,0HM1GSBD102199113
EN26333I57,LYCEE DE WERFEO WIBIWA,ALPHA_PREFIX,Extrême-Nord,CONFIRMED_BY_MATCH,ESG_OR_UNKNOWN,PROBABLE,Lyce de WERFEO-WIBIWA,EXTREME-NORD,0HM1GSFD112072113
EN26348A58,CES D&#039;AGOLLA,ALPHA_PREFIX,Extrême-Nord,CONFIRMED_BY_MATCH,ESG_OR_UNKNOWN,PROBABLE,CES d'AGOLLA,EXTREME-NORD,0HN1GSFD102152110
EN26348A59,CES DE DABAYE,ALPHA_PREFIX,Extrême-Nord,CONFIRMED_BY_MATCH,ESG_OR_UNKNOWN,EXACT_IDENTITY_REGION,CES de DABAYE,EXTREME-NORD,0HN1GSFD102131110
EN26348A60,CES DE WIDIGUE,ALPHA_PREFIX,Extrême-Nord,CONFIRMED_BY_MATCH,ESG_OR_UNKNOWN,EXACT_IDENTITY_REGION,CES de WIDIGUE,EXTREME-NORD,0HN1GSFD101495109
EN26348C94,CETIC DE KARTOUA,ALPHA_PREFIX,Extrême-Nord,CONFIRMED_BY_MATCH,ESTP,PROBABLE,Lyce Bilingue de KARTOUA,EXTREME-NORD,0HN1GSBD111478115
EN26348C95,CETIC DE VELE,ALPHA_PREFIX,Extrême-Nord,CONFIRMED_BY_MATCH,ESTP,PROBABLE,Lyce de VELE,EXTREME-NORD,0HN1GSFD112094107
EN26348H61,LYCEE BILINGUE DE KARTOUA,ALPHA_PREFIX,Extrême-Nord,CONFIRMED_BY_MATCH,ESG_OR_UNKNOWN,PROBABLE,Lyce Bilingue de KARTOUA,EXTREME-NORD,0HN1GSBD111478115
EN26348I62,LYCEE DE GABARAYE,ALPHA_PREFIX,Extrême-Nord,CONFIRMED_BY_MATCH,ESG_OR_UNKNOWN,PROBABLE,Lyce de GABARAYE,EXTREME-NORD,0HN1GSFD111481111
EN26348I63,LYCEE DE VELE,ALPHA_PREFIX,Extrême-Nord,CONFIRMED_BY_MATCH,ESG_OR_UNKNOWN,PROBABLE,Lyce de VELE,EXTREME-NORD,0HN1GSFD112094107
EN26353A64,CES DE KAMARKI,ALPHA_PREFIX,Extrême-Nord,CONFIRMED_BY_MATCH,ESG_OR_UNKNOWN,EXACT_IDENTITY_REGION,CES de KAMARKI,EXTREME-NORD,0HQ1GSFD102148112
EN26353A65,LYCÉE DE KOURBI-WINA,ALPHA_PREFIX,Extrême-Nord,CONFIRMED_BY_MATCH,ESG_OR_UNKNOWN,PROBABLE,CES de KOURBI-WINA,EXTREME-NORD,0HQ1GSFD102212113
EN26353C96,LYCEE TECHNIQUE DE DJONDONG,ALPHA_PREFIX,Extrême-Nord,CONFIRMED_BY_MATCH,ESTP,NEW,,,
EN26353I67,LYCEE DE DJENGRENG,ALPHA_PREFIX,Extrême-Nord,CONFIRMED_BY_MATCH,ESG_OR_UNKNOWN,PROBABLE,Lyce de DJENGRENG,EXTREME-NORD,0HQ1GSFD112169113
EN26353I68,LYCEE DE DJONGDONG,ALPHA_PREFIX,Extrême-Nord,CONFIRMED_BY_MATCH,ESG_OR_UNKNOWN,PROBABLE,Lyce Bilingue de DJONGDONG,EXTREME-NORD,0HQ1GSFD111093107
EN26353I66,LYCEE DE HOUGNO,ALPHA_PREFIX,Extrême-Nord,CONFIRMED_BY_MATCH,ESG_OR_UNKNOWN,PROBABLE,Lyce d'HOUGNO,EXTREME-NORD,0HQ1GSFD111100113
EN26356A69,CES DE DANAY DIGUISSI,ALPHA_PREFIX,Extrême-Nord,CONFIRMED_BY_MATCH,ESG_OR_UNKNOWN,EXACT_IDENTITY_REGION,CES de DANAY-DIGUISSI,EXTREME-NORD,0HR1GSFD102129109
EN26356A70,CES DE DJOGOIDI DAMDAM,ALPHA_PREFIX,Extrême-Nord,CONFIRMED_BY_MATCH,ESG_OR_UNKNOWN,EXACT_IDENTITY_REGION,CES de DJOGOIDI-DAMDAM,EXTREME-NORD,0HR1GSFD102238113
EN26356A71,CES DE MASGAYA,ALPHA_PREFIX,Extrême-Nord,CONFIRMED_BY_MATCH,ESG_OR_UNKNOWN,EXACT_IDENTITY_REGION,CES de MASGAYA,EXTREME-NORD,0HR1GSFD102192110
EN26356A72,CES DE NGAYA HOUNOU,ALPHA_PREFIX,Extrême-Nord,CONFIRMED_BY_MATCH,ESG_OR_UNKNOWN,EXACT_IDENTITY_REGION,CES de NGAYA-HOUNOU,EXTREME-NORD,0HR1GSFD102864116
EN26356A73,CES DE WOUDATA-KOTKONG,ALPHA_PREFIX,Extrême-Nord,CONFIRMED_BY_MATCH,ESG_OR_UNKNOWN,PROBABLE,CES de WOUDATA-KOTKON,EXTREME-NORD,0HR1GSFD102720114
EN26356C97,CETIC DE DANA,ALPHA_PREFIX,Extrême-Nord,CONFIRMED_BY_MATCH,ESTP,PROBABLE,Lyce de DANA,EXTREME-NORD,0HR1GSFD111959109
EN26356C98,CETIC DE VADA,ALPHA_PREFIX,Extrême-Nord,CONFIRMED_BY_MATCH,ESTP,NEW,,,
EN26356E99,ENIEG DE YAGOUA,ALPHA_PREFIX,Extrême-Nord,CONFIRMED_BY_MATCH,ENI,PROBABLE,Lyce Bilingue de YAGOUA,EXTREME-NORD,0HR1GSBD111689105
13240511,ENIEG PRIVEE WALYA,DIGIT_PREFIX,,,ENI,NEW,,,
13240512,ENIET PRIVEE WALYA DE YAGOUA,DIGIT_PREFIX,,,ENI,PROBABLE_NO_REGION_SIGNAL,Lyce Bilingue de YAGOUA,EXTREME-NORD,0HR1GSBD111689105
EN26356H74,LYCEE BILINGUE DE YAGOUA,ALPHA_PREFIX,Extrême-Nord,CONFIRMED_BY_MATCH,ESG_OR_UNKNOWN,PROBABLE,Lyce Bilingue de YAGOUA,EXTREME-NORD,0HR1GSBD111689105
EN26356I75,LYCEE CLASSIQUE ET MODERNE DE YAGOUA,ALPHA_PREFIX,Extrême-Nord,CONFIRMED_BY_MATCH,ESG_OR_UNKNOWN,PROBABLE,Lyce Classique et Moderne de MAROUA,EXTREME-NORD,0CK1GSFD112456078
EN26356I76,LYCEE DE DANA,ALPHA_PREFIX,Extrême-Nord,CONFIRMED_BY_MATCH,ESG_OR_UNKNOWN,PROBABLE,Lyce de DANA,EXTREME-NORD,0HR1GSFD111959109
EN26356I77,LYCEE DE DOMO,ALPHA_PREFIX,Extrême-Nord,CONFIRMED_BY_MATCH,ESG_OR_UNKNOWN,PROBABLE,Lyce de DOMO,EXTREME-NORD,0HR1GSFD111082115
EN26356I78,LYCEE DE GUIDANMOUTOU,ALPHA_PREFIX,Extrême-Nord,CONFIRMED_BY_MATCH,ESG_OR_UNKNOWN,PROBABLE,Lyce de GUIDANMOUTOU,EXTREME-NORD,0HR1GSFD111086111
EN26356I79,LYCEE DE TOUKOU,ALPHA_PREFIX,Extrême-Nord,CONFIRMED_BY_MATCH,ESG_OR_UNKNOWN,PROBABLE,Lyce de TOUKOU,EXTREME-NORD,0HR1GSFD111089111
EN26356I80,LYCEE DE VOUNALOUM,ALPHA_PREFIX,Extrême-Nord,CONFIRMED_BY_MATCH,ESG_OR_UNKNOWN,PROBABLE,Lyce de VOUNALOUM,EXTREME-NORD,0HR1GSFD112146114
EN26356I81,LYCEE DE ZEBE,ALPHA_PREFIX,Extrême-Nord,CONFIRMED_BY_MATCH,ESG_OR_UNKNOWN,PROBABLE,Lyce de ZEBE,EXTREME-NORD,0HR1GSFD112107112
EN26356L100,LYCEE TECHNIQUE DE YAGOUA,ALPHA_PREFIX,Extrême-Nord,CONFIRMED_BY_MATCH,ESTP,PROBABLE,Lyce Bilingue de YAGOUA,EXTREME-NORD,0HR1GSBD111689105
EN27148B01,LYCEE BILINGUE DE GUIDIGUIS,ALPHA_PREFIX,Extrême-Nord,CONFIRMED_BY_MATCH,ESG_OR_UNKNOWN,PROBABLE,CES Bilingue de GUIDIGUIS,EXTREME-NORD,0IC1GSBD102837116
EN27148A02,CES DE GUEREME,ALPHA_PREFIX,Extrême-Nord,CONFIRMED_BY_MATCH,ESG_OR_UNKNOWN,EXACT_IDENTITY_REGION,CES de GUEREME,EXTREME-NORD,0IC1GSFD102732114
EN27148A03,LYCEE BILINGUE DE MANDAIGOUM,ALPHA_PREFIX,Extrême-Nord,CONFIRMED_BY_MATCH,ESG_OR_UNKNOWN,PROBABLE,CES de MANDAIGOUM,EXTREME-NORD,0IC1GSFD100441112
EN27148C54,LYCEE TECHNIQUE DE GUIDIGUIS,ALPHA_PREFIX,Extrême-Nord,CONFIRMED_BY_MATCH,ESTP,PROBABLE,CES Bilingue de GUIDIGUIS,EXTREME-NORD,0IC1GSBD102837116
EN27148I04,LYCEE DE DOUBANE,ALPHA_PREFIX,Extrême-Nord,CONFIRMED_BY_MATCH,ESG_OR_UNKNOWN,PROBABLE,Lyce de DOUBANE,EXTREME-NORD,0IC1GSFD110242109
EN27148I05,LYCEE DE GUIDIGUIS,ALPHA_PREFIX,Extrême-Nord,CONFIRMED_BY_MATCH,ESG_OR_UNKNOWN,PROBABLE,CES Bilingue de GUIDIGUIS,EXTREME-NORD,0IC1GSBD102837116
EN27148I06,LYCEE DE KOURBI,ALPHA_PREFIX,Extrême-Nord,CONFIRMED_BY_MATCH,ESG_OR_UNKNOWN,PROBABLE,CES de KOURBI-WINA,EXTREME-NORD,0HQ1GSFD102212113
EN27154A07,LYCEE DE GALA-TCHEODE,ALPHA_PREFIX,Extrême-Nord,CONFIRMED_BY_MATCH,ESG_OR_UNKNOWN,PROBABLE,CES de GALA-TCHEODE,EXTREME-NORD,0IE1GSFD102918112
EN27154A08,CES DE MOUMOUR,ALPHA_PREFIX,Extrême-Nord,CONFIRMED_BY_MATCH,ESG_OR_UNKNOWN,EXACT_IDENTITY_REGION,CES de MOUMOUR,EXTREME-NORD,0IE1GSFD100454112
EN27154A09,CES DE POUDAM,ALPHA_PREFIX,Extrême-Nord,CONFIRMED_BY_MATCH,ESG_OR_UNKNOWN,EXACT_IDENTITY_REGION,CES de POUDAM,EXTREME-NORD,0IE1GSFD100518111
EN27154A10,CES DE ZAKALANG,ALPHA_PREFIX,Extrême-Nord,CONFIRMED_BY_MATCH,ESG_OR_UNKNOWN,NEW,,,
EN27154C55,CETIC DE GADAS,ALPHA_PREFIX,Extrême-Nord,CONFIRMED_BY_MATCH,ESTP,NEW,,,
EN27154C56,CETIC DE GAREY,ALPHA_PREFIX,Extrême-Nord,CONFIRMED_BY_MATCH,ESTP,PROBABLE,Lyce de GAREY,EXTREME-NORD,0IE1GSFD111699108
EN27154C57,CETIC DE KANI,ALPHA_PREFIX,Extrême-Nord,CONFIRMED_BY_MATCH,ESTP,NEW,,,
EN27154C58,CETIC DE KEO KEO,ALPHA_PREFIX,Extrême-Nord,CONFIRMED_BY_MATCH,ESTP,NEW,,,
EN27154C59,CETIC DE LARA,ALPHA_PREFIX,Extrême-Nord,CONFIRMED_BY_MATCH,ESTP,PROBABLE,CES Bilingue de LARA-WARSAYE,EXTREME-NORD,0HC1GSBD103236120
EN27154C61,CETIC DE ZOUZOUI,ALPHA_PREFIX,Extrême-Nord,CONFIRMED_BY_MATCH,ESTP,NEW,,,
EN27154E62,ENIEG DE KAELE,ALPHA_PREFIX,Extrême-Nord,CONFIRMED_BY_MATCH,ENI,PROBABLE,Lyce Classique et Moderne de KAELE,EXTREME-NORD,0IE1GSFD112211078
EN27154H11,LYCEE BILINGUE DE KAELE,ALPHA_PREFIX,Extrême-Nord,CONFIRMED_BY_MATCH,ESG_OR_UNKNOWN,PROBABLE,Lyce Classique et Moderne de KAELE,EXTREME-NORD,0IE1GSFD112211078
EN27154I12,LYCEE CLASSIQUE ET MODERNE DE KAELE,ALPHA_PREFIX,Extrême-Nord,CONFIRMED_BY_MATCH,ESG_OR_UNKNOWN,PROBABLE,Lyce Classique et Moderne de MAROUA,EXTREME-NORD,0CK1GSFD112456078
EN27154I13,LYCEE DE BIPAING,ALPHA_PREFIX,Extrême-Nord,CONFIRMED_BY_MATCH,ESG_OR_UNKNOWN,PROBABLE,Lyce de BIPAING,EXTREME-NORD,0IE1GSFD112142113
EN27154I14,LYCEE DE BOBOYO,ALPHA_PREFIX,Extrême-Nord,CONFIRMED_BY_MATCH,ESG_OR_UNKNOWN,PROBABLE,Lyce de BOBOYO,EXTREME-NORD,0IE1GSFD112174110
EN27154I15,LYCEE DE DJIDOMA,ALPHA_PREFIX,Extrême-Nord,CONFIRMED_BY_MATCH,ESG_OR_UNKNOWN,PROBABLE,Lyce de DJIDOMA,EXTREME-NORD,0IE1GSFD110166109
EN27154I16,LYCEE DE DOUMROU,ALPHA_PREFIX,Extrême-Nord,CONFIRMED_BY_MATCH,ESG_OR_UNKNOWN,PROBABLE,Lyce de DOUMROU,EXTREME-NORD,0IE1GSFD110561111
EN27154I17,LYCEE DE FOULOU,ALPHA_PREFIX,Extrême-Nord,CONFIRMED_BY_MATCH,ESG_OR_UNKNOWN,PROBABLE,Lyce de FOULOU,EXTREME-NORD,0IE1GSFD112031114
EN27154I18,LYCEE DE GABAN-LARA,ALPHA_PREFIX,Extrême-Nord,CONFIRMED_BY_MATCH,ESG_OR_UNKNOWN,PROBABLE,Lyce de GABAN-LARA,EXTREME-NORD,0IE1GSFD111946112
EN27154I19,LYCEE DE GAREY,ALPHA_PREFIX,Extrême-Nord,CONFIRMED_BY_MATCH,ESG_OR_UNKNOWN,PROBABLE,Lyce de GAREY,EXTREME-NORD,0IE1GSFD111699108
EN27154I20,LYCEE DE GOING,ALPHA_PREFIX,Extrême-Nord,CONFIRMED_BY_MATCH,ESG_OR_UNKNOWN,PROBABLE,Lyce de GOING-LARA,EXTREME-NORD,0IE1GSFD112056114
EN27154I21,LYCEE DE LARA,ALPHA_PREFIX,Extrême-Nord,CONFIRMED_BY_MATCH,ESG_OR_UNKNOWN,PROBABLE,CES Bilingue de LARA-WARSAYE,EXTREME-NORD,0HC1GSBD103236120
EN27154I22,LYCEE DE MIDJIVIN,ALPHA_PREFIX,Extrême-Nord,CONFIRMED_BY_MATCH,ESG_OR_UNKNOWN,PROBABLE,Lyce de MIDJIVIN,EXTREME-NORD,0IE1GSFD112116107
EN27154I23,LYCEE DE MINDJIL,ALPHA_PREFIX,Extrême-Nord,CONFIRMED_BY_MATCH,ESG_OR_UNKNOWN,PROBABLE,Lyce de MINDJIL,EXTREME-NORD,0IE1GSFD111703107
EN27154L63,LYCEE TECHNIQUE DE KAELE,ALPHA_PREFIX,Extrême-Nord,CONFIRMED_BY_MATCH,ESTP,PROBABLE,Lyce Classique et Moderne de KAELE,EXTREME-NORD,0IE1GSFD112211078
EN27240A24,LYCEE DE DJAPPAI,ALPHA_PREFIX,Extrême-Nord,CONFIRMED_BY_MATCH,ESG_OR_UNKNOWN,NEW,,,
EN27240A25,CES DE DOYANG,ALPHA_PREFIX,Extrême-Nord,CONFIRMED_BY_MATCH,ESG_OR_UNKNOWN,EXACT_IDENTITY_REGION,CES de DOYANG,EXTREME-NORD,0IH1GSFD100225108
EN27240A26,CES DE MODJOMBODI,ALPHA_PREFIX,Extrême-Nord,CONFIRMED_BY_MATCH,ESG_OR_UNKNOWN,EXACT_IDENTITY_REGION,CES de MODJOMBODI,EXTREME-NORD,0IH1GSFD100220110
EN27240C64,LYCEE TECHNIQUE DE MINDIF,ALPHA_PREFIX,Extrême-Nord,CONFIRMED_BY_MATCH,ESTP,PROBABLE,Lyce Bilingue de MINDIF,EXTREME-NORD,0IH1GSBD112105114
EN27240H27,LYCEE BILINGUE DE MINDIF,ALPHA_PREFIX,Extrême-Nord,CONFIRMED_BY_MATCH,ESG_OR_UNKNOWN,PROBABLE,Lyce Bilingue de MINDIF,EXTREME-NORD,0IH1GSBD112105114
EN27240I28,LYCEE DE MOGOM,ALPHA_PREFIX,Extrême-Nord,CONFIRMED_BY_MATCH,ESG_OR_UNKNOWN,PROBABLE,Lyce de MOGOM-KAR-HAY,EXTREME-NORD,0HK1GSFD111963108
EN27252A29,CES DE DARAM,ALPHA_PREFIX,Extrême-Nord,CONFIRMED_BY_MATCH,ESG_OR_UNKNOWN,EXACT_IDENTITY_REGION,CES de DARAM,EXTREME-NORD,0II1GSFD102201113
EN27252A30,CES DE GOUDOUM-GOUDOUM,ALPHA_PREFIX,Extrême-Nord,CONFIRMED_BY_MATCH,ESG_OR_UNKNOWN,EXACT_IDENTITY_REGION,CES de GOUDOUM-GOUDOUM,EXTREME-NORD,0II1GSFD101269107
EN27252A31,CES DE GUIRLING,ALPHA_PREFIX,Extrême-Nord,CONFIRMED_BY_MATCH,ESG_OR_UNKNOWN,EXACT_IDENTITY_REGION,CES de GUIRLING,EXTREME-NORD,0II1GSFD102919114
EN27252A32,LYCEE DE KORRE,ALPHA_PREFIX,Extrême-Nord,CONFIRMED_BY_MATCH,ESG_OR_UNKNOWN,PROBABLE,CES de KORRE,EXTREME-NORD,0II1GSFD102227113
EN27252C65,CETIC DE MOULVOUDAYE,ALPHA_PREFIX,Extrême-Nord,CONFIRMED_BY_MATCH,ESTP,PROBABLE,Lyce de MOULVOUDAYE,EXTREME-NORD,0II1GSFD111285100
EN27252I34,LYCEE DE KOLARA,ALPHA_PREFIX,Extrême-Nord,CONFIRMED_BY_MATCH,ESG_OR_UNKNOWN,PROBABLE,Lyce de KOLARA,EXTREME-NORD,0II1GSFD112137110
EN27252I33,LYCEE DE HORLONG,ALPHA_PREFIX,Extrême-Nord,CONFIRMED_BY_MATCH,ESG_OR_UNKNOWN,PROBABLE,Lyce d'HORLONG,EXTREME-NORD,0II1GSFD111273115
EN27252I35,LYCEE BILINGUE DE MOULVOUDAYE,ALPHA_PREFIX,Extrême-Nord,CONFIRMED_BY_MATCH,ESG_OR_UNKNOWN,PROBABLE,Lyce de MOULVOUDAYE,EXTREME-NORD,0II1GSFD111285100
EN27253A36,LYCÉE DE DAMAI,ALPHA_PREFIX,Extrême-Nord,CONFIRMED_BY_MATCH,ESG_OR_UNKNOWN,NEW,,,
EN27253C66,CETIC DE MOUGOUDOU,ALPHA_PREFIX,Extrême-Nord,CONFIRMED_BY_MATCH,ESTP,NEW,,,
EN27253C67,LYCEE TECHNIQUE DE MOUTOURWA,ALPHA_PREFIX,Extrême-Nord,CONFIRMED_BY_MATCH,ESTP,PROBABLE,Lyce de MOUTOURWA,EXTREME-NORD,0IJ1GSFD112070098
EN27253I37,LYCEE DE MOUDA,ALPHA_PREFIX,Extrême-Nord,CONFIRMED_BY_MATCH,ESG_OR_UNKNOWN,PROBABLE,Lyce de MOUDA,EXTREME-NORD,0IJ1GSFD110427107
EN27253I38,LYCEE BILINGUE DE MOUTOURWA,ALPHA_PREFIX,Extrême-Nord,CONFIRMED_BY_MATCH,ESG_OR_UNKNOWN,PROBABLE,Lyce de MOUTOURWA,EXTREME-NORD,0IJ1GSFD112070098
EN27253I39,LYCEE DE NOUBOU,ALPHA_PREFIX,Extrême-Nord,CONFIRMED_BY_MATCH,ESG_OR_UNKNOWN,PROBABLE,Lyce de NOUBOU,EXTREME-NORD,0IJ1GSFD112015113
EN27253I40,LYCEE DE TITING,ALPHA_PREFIX,Extrême-Nord,CONFIRMED_BY_MATCH,ESG_OR_UNKNOWN,PROBABLE,Lyce de TITING,EXTREME-NORD,0IJ1GSFD110174111
EN27344A77,LYCEE DE BITCHARE DARGALA,ALPHA_PREFIX,Extrême-Nord,CONFIRMED_BY_MATCH,ESG_OR_UNKNOWN,PROBABLE,CES de BITCHARE-DARGALA,EXTREME-NORD,0IK1GSFD102842116
EN27344A76,LYCEE BILINGUE GOLONG DAKRI,ALPHA_PREFIX,Extrême-Nord,CONFIRMED_BY_MATCH,ESG_OR_UNKNOWN,PROBABLE,CES de GOLONG-DAKRI,EXTREME-NORD,0IK1GSFD102240113
EN27344A75,LYCEE DE NENBAKRI TOULOUM,ALPHA_PREFIX,Extrême-Nord,CONFIRMED_BY_MATCH,ESG_OR_UNKNOWN,PROBABLE,CES de NENBAKRI-TOULOUM,EXTREME-NORD,0IK1GSFD102726114
EN27344I74,LYCEE DE BIZILI,ALPHA_PREFIX,Extrême-Nord,CONFIRMED_BY_MATCH,ESG_OR_UNKNOWN,PROBABLE,Lyce de BIZILI,EXTREME-NORD,0IK1GSFD112343113
EN27344I73,LYCEE DE KOFIDE,ALPHA_PREFIX,Extrême-Nord,CONFIRMED_BY_MATCH,ESG_OR_UNKNOWN,PROBABLE,Lyce de KOFIDE,EXTREME-NORD,0IK1GSFD111497115
EN27344I72,LYCEE BILINGUE DE TOULOUM,ALPHA_PREFIX,Extrême-Nord,CONFIRMED_BY_MATCH,ESG_OR_UNKNOWN,PROBABLE,CES de NENBAKRI-TOULOUM,EXTREME-NORD,0IK1GSFD102726114
EN27148C53,CETIC DE TOULOUM,ALPHA_PREFIX,Extrême-Nord,CONFIRMED_BY_MATCH,ESTP,PROBABLE,CES de NENBAKRI-TOULOUM,EXTREME-NORD,0IK1GSFD102726114
EN27108A48,LYCEE DE SOUEYE,ALPHA_PREFIX,Extrême-Nord,CONFIRMED_BY_MATCH,ESG_OR_UNKNOWN,PROBABLE,CES de SOUEYE,EXTREME-NORD,0IL1GSFD102738114
EN27108A47,LYCEE DONGROSSE,ALPHA_PREFIX,Extrême-Nord,CONFIRMED_BY_MATCH,ESG_OR_UNKNOWN,PROBABLE,CES de DONGROSSE,EXTREME-NORD,0IL1GSFD101915110
EN27108C70,LYCEE TECHNIQUE DE DZIGUILAO,ALPHA_PREFIX,Extrême-Nord,CONFIRMED_BY_MATCH,ESTP,PROBABLE,Lyce de DZIGUILAO,EXTREME-NORD,0IL1GSFD112114106
EN27108C71,LYCEE TECHNIQUE DE GOUNDAYE,ALPHA_PREFIX,Extrême-Nord,CONFIRMED_BY_MATCH,ESTP,PROBABLE,Lyce de GOUNDAYE,EXTREME-NORD,0IL1GSFD111227110
EN27108I49,LYCEE DE BARLANG,ALPHA_PREFIX,Extrême-Nord,CONFIRMED_BY_MATCH,ESG_OR_UNKNOWN,PROBABLE,Lyce de BARLANG,EXTREME-NORD,0IL1GSFD110154114
EN27108I50,LYCEE DE DZIGUILAO,ALPHA_PREFIX,Extrême-Nord,CONFIRMED_BY_MATCH,ESG_OR_UNKNOWN,PROBABLE,Lyce de DZIGUILAO,EXTREME-NORD,0IL1GSFD112114106
EN27108I51,LYCEE DE GOLONGHINI,ALPHA_PREFIX,Extrême-Nord,CONFIRMED_BY_MATCH,ESG_OR_UNKNOWN,PROBABLE,Lyce de GOLONGHINI,EXTREME-NORD,0IL1GSFD111499113
EN27108I52,LYCEE DE GOUNDAYE,ALPHA_PREFIX,Extrême-Nord,CONFIRMED_BY_MATCH,ESG_OR_UNKNOWN,PROBABLE,Lyce de GOUNDAYE,EXTREME-NORD,0IL1GSFD111227110
EN30163A01,LYCEE DE TOLKOMARI,ALPHA_PREFIX,Extrême-Nord,CONFIRMED_BY_MATCH,ESG_OR_UNKNOWN,PROBABLE,CES de TOLKOMARI,EXTREME-NORD,0JC1GSFD102743114
EN30163C22,CETIC DE KOLOFATA,ALPHA_PREFIX,Extrême-Nord,CONFIRMED_BY_MATCH,ESTP,PROBABLE,Lyce de KOLOFATA,EXTREME-NORD,0JC1GSFD112177098
EN30163I02,LYCEE DE KERAWA,ALPHA_PREFIX,Extrême-Nord,CONFIRMED_BY_MATCH,ESG_OR_UNKNOWN,PROBABLE,Lyce de KERAWA,EXTREME-NORD,0JC1GSFD110489112
EN30163I03,LYCEE DE KOLOFATA,ALPHA_PREFIX,Extrême-Nord,CONFIRMED_BY_MATCH,ESG_OR_UNKNOWN,PROBABLE,Lyce de KOLOFATA,EXTREME-NORD,0JC1GSFD112177098
EN30250A04,LYCEE D&#039; AISSA - HARDE,ALPHA_PREFIX,Extrême-Nord,CONFIRMED_BY_MATCH,ESG_OR_UNKNOWN,PROBABLE,CES d'AISSA-HARDE,EXTREME-NORD,0JE1GSFD101880112
EN30250A05,CES DE GODIGONG,ALPHA_PREFIX,Extrême-Nord,CONFIRMED_BY_MATCH,ESG_OR_UNKNOWN,EXACT_IDENTITY_REGION,CES de GODIGONG,EXTREME-NORD,0JE1GSFD100080111
EN30250A06,CES DE GOUDJIMDELE,ALPHA_PREFIX,Extrême-Nord,CONFIRMED_BY_MATCH,ESG_OR_UNKNOWN,EXACT_IDENTITY_REGION,CES de GOUDJIMDELE,EXTREME-NORD,0JE1GSFD102363113
EN30250A07,CES DE MAKOULAHE,ALPHA_PREFIX,Extrême-Nord,CONFIRMED_BY_MATCH,ESG_OR_UNKNOWN,EXACT_IDENTITY_REGION,CES de MAKOULAHE,EXTREME-NORD,0JE1GSFD102784114
EN30250A08,LYCEE DE MORA MASSIF,ALPHA_PREFIX,Extrême-Nord,CONFIRMED_BY_MATCH,ESG_OR_UNKNOWN,PROBABLE,CES de MORA-MASSIF,EXTREME-NORD,0JE1GSFD101070112
EN30250A09,CES DE MORA SULTANAT,ALPHA_PREFIX,Extrême-Nord,CONFIRMED_BY_MATCH,ESG_OR_UNKNOWN,EXACT_IDENTITY_REGION,CES de MORA-SULTANAT,EXTREME-NORD,0JE1GSFD102835117
EN30250C24,CETIC DE MEME,ALPHA_PREFIX,Extrême-Nord,CONFIRMED_BY_MATCH,ESTP,PROBABLE,Lyce de MEME,EXTREME-NORD,0JE1GSFD110262104
13210513,COLLEGE PRIVE LAIC SCHULZENTRUM,DIGIT_PREFIX,,,ESG_OR_UNKNOWN,NEW,,,
EN30250E25,ENIEG DE MORA,ALPHA_PREFIX,Extrême-Nord,CONFIRMED_BY_MATCH,ENI,PROBABLE,CES de MORA-MASSIF,EXTREME-NORD,0JE1GSFD101070112
EN30250H10,LYCEE BILINGUE DE MORA,ALPHA_PREFIX,Extrême-Nord,CONFIRMED_BY_MATCH,ESG_OR_UNKNOWN,PROBABLE,CES de MORA-MASSIF,EXTREME-NORD,0JE1GSFD101070112
EN30250I11,LYCEE CLASSIQUE DE MORA,ALPHA_PREFIX,Extrême-Nord,CONFIRMED_BY_MATCH,ESG_OR_UNKNOWN,PROBABLE,Lyce Classique et Moderne de MAROUA,EXTREME-NORD,0CK1GSFD112456078
EN30250I12,LYCEE DE KOURGUI,ALPHA_PREFIX,Extrême-Nord,CONFIRMED_BY_MATCH,ESG_OR_UNKNOWN,PROBABLE,Lyce de KOURGUI,EXTREME-NORD,0JE1GSFD110434113
EN30250I13,LYCEE DE LIMANI,ALPHA_PREFIX,Extrême-Nord,CONFIRMED_BY_MATCH,ESG_OR_UNKNOWN,PROBABLE,Lyce de LIMANI,EXTREME-NORD,0JE1GSFD112140111
EN30250I14,LYCEE DE MEME,ALPHA_PREFIX,Extrême-Nord,CONFIRMED_BY_MATCH,ESG_OR_UNKNOWN,PROBABLE,Lyce de MEME,EXTREME-NORD,0JE1GSFD110262104
EN30250I15,LYCEE DE ZOUELVA,ALPHA_PREFIX,Extrême-Nord,CONFIRMED_BY_MATCH,ESG_OR_UNKNOWN,PROBABLE,Lyce de ZOUELVA,EXTREME-NORD,0JE1GSFD111249110
EN30250L26,LYCEE TECHNIQUE DE MORA,ALPHA_PREFIX,Extrême-Nord,CONFIRMED_BY_MATCH,ESTP,PROBABLE,CES de MORA-MASSIF,EXTREME-NORD,0JE1GSFD101070112
EN30340A16,LYCEE BILINGUE DE MAKALINGAI,ALPHA_PREFIX,Extrême-Nord,CONFIRMED_BY_MATCH,ESG_OR_UNKNOWN,PROBABLE,CES de MAKALINGAI,EXTREME-NORD,0JH1GSFD102858115
EN30340A17,LYCÉE DE MAYO PLATA,ALPHA_PREFIX,Extrême-Nord,CONFIRMED_BY_MATCH,ESG_OR_UNKNOWN,PROBABLE,CES de MAYO-PLATA,EXTREME-NORD,0JH1GSFD101243111
EN30250C23,CETIC DE DALA-ZOULGO,ALPHA_PREFIX,Extrême-Nord,CONFIRMED_BY_MATCH,ESTP,NEW,,,
EN30340C27,CETIC DE GADOUA,ALPHA_PREFIX,Extrême-Nord,CONFIRMED_BY_MATCH,ESTP,NEW,,,
13210514,COLLEGE BABA SIMON,DIGIT_PREFIX,,,ESG_OR_UNKNOWN,PROBABLE_NO_REGION_SIGNAL,Lyce de BABA I,NORD-OUEST,3LC1GSAD111076107
EN30340I18,LYCEE BILINGUE DE GALAGA MADA KOLKOCH,ALPHA_PREFIX,Extrême-Nord,CONFIRMED_BY_MATCH,ESG_OR_UNKNOWN,PROBABLE,Lyce de GALAGA-MADA-KOLKOCH,EXTREME-NORD,0JH1GSFD112156107
EN30340I19,LYCEE DE KOTRABA,ALPHA_PREFIX,Extrême-Nord,CONFIRMED_BY_MATCH,ESG_OR_UNKNOWN,PROBABLE,Lyce de KOTRABA,EXTREME-NORD,0JH1GSFD110249110
EN30340I20,LYCEE DE MOKIO,ALPHA_PREFIX,Extrême-Nord,CONFIRMED_BY_MATCH,ESG_OR_UNKNOWN,PROBABLE,Lyce de MOKIO,EXTREME-NORD,0JH1GSFD110180113
EN30340I21,LYCEE DE TOKOMBERE,ALPHA_PREFIX,Extrême-Nord,CONFIRMED_BY_MATCH,ESG_OR_UNKNOWN,PROBABLE,Lyce de TOKOMBERE,EXTREME-NORD,0JH1GSFD112154096
EN30340L28,LYCEE TECHNIQUE DE TOKOMBERE,ALPHA_PREFIX,Extrême-Nord,CONFIRMED_BY_MATCH,ESTP,PROBABLE,Lyce de TOKOMBERE,EXTREME-NORD,0JH1GSFD112154096
EN31075A01,LYCEE WATIR-GUILI,ALPHA_PREFIX,Extrême-Nord,CONFIRMED_BY_MATCH,ESG_OR_UNKNOWN,PROBABLE,CES de WATIR-GUILI,EXTREME-NORD,0KC1GSFD102920114
EN31075C54,CETIC DE BOUKOULA,ALPHA_PREFIX,Extrême-Nord,CONFIRMED_BY_MATCH,ESTP,PROBABLE,Lyce Bilingue de BOUKOULA,EXTREME-NORD,0KC1GSBD111204113
EN31075C55,LYCEE TECHNIQUE DE BOURHA,ALPHA_PREFIX,Extrême-Nord,CONFIRMED_BY_MATCH,ESTP,PROBABLE,Lyce Bilingue de BOURHA,EXTREME-NORD,0KC1GSBD111974110
EN31075H02,LYCEE BILINGUE DE BOUKOULA,ALPHA_PREFIX,Extrême-Nord,CONFIRMED_BY_MATCH,ESG_OR_UNKNOWN,PROBABLE,Lyce Bilingue de BOUKOULA,EXTREME-NORD,0KC1GSBD111204113
EN31075H03,LYCEE BILINGUE DE BOURHA,ALPHA_PREFIX,Extrême-Nord,CONFIRMED_BY_MATCH,ESG_OR_UNKNOWN,PROBABLE,Lyce Bilingue de BOURHA,EXTREME-NORD,0KC1GSBD111974110
EN31075I04,LYCEE DE GAMBOURA,ALPHA_PREFIX,Extrême-Nord,CONFIRMED_BY_MATCH,ESG_OR_UNKNOWN,PROBABLE,Lyce de GAMBOURA,EXTREME-NORD,0KC1GSFD111207113
EN31075I05,LYCEE DE GUILI,ALPHA_PREFIX,Extrême-Nord,CONFIRMED_BY_MATCH,ESG_OR_UNKNOWN,PROBABLE,CES de WATIR-GUILI,EXTREME-NORD,0KC1GSFD102920114
EN31075I06,LYCEE DE TCHEVI,ALPHA_PREFIX,Extrême-Nord,CONFIRMED_BY_MATCH,ESG_OR_UNKNOWN,PROBABLE,Lyce de TCHEVI,EXTREME-NORD,0KC1GSFD112134109
EN31150C56,CETIC DE HINA,ALPHA_PREFIX,Extrême-Nord,CONFIRMED_BY_MATCH,ESTP,PROBABLE,Lyce Bilingue de HINA,EXTREME-NORD,0KE1GSBD110280115
EN31150H07,LYCEE BILINGUE DE HINA,ALPHA_PREFIX,Extrême-Nord,CONFIRMED_BY_MATCH,ESG_OR_UNKNOWN,PROBABLE,Lyce Bilingue de HINA,EXTREME-NORD,0KE1GSBD110280115
EN31150I08,LYCEE DE GAMDOUGOUM,ALPHA_PREFIX,Extrême-Nord,CONFIRMED_BY_MATCH,ESG_OR_UNKNOWN,PROBABLE,Lyce de GAMDOUGOUM,EXTREME-NORD,0KE1GSFD110570115
EN31150I09,LYCEE BILINGUE DE ZOUVOUL,ALPHA_PREFIX,Extrême-Nord,CONFIRMED_BY_MATCH,ESG_OR_UNKNOWN,PROBABLE,Lyce de ZOUVOUL,EXTREME-NORD,0KE1GSFD111970110
EN31172A10,LYCÉE DE DZOKOURMA,ALPHA_PREFIX,Extrême-Nord,CONFIRMED_BY_MATCH,ESG_OR_UNKNOWN,PROBABLE,CES de DZOKOURMA,EXTREME-NORD,0KH1GSFD102241113
EN31172C57,CETIC DE MAKANDAI,ALPHA_PREFIX,Extrême-Nord,CONFIRMED_BY_MATCH,ESTP,NEW,,,
13220515,COLLEGE ADVENTISTE DE KOZA,DIGIT_PREFIX,,,ESG_OR_UNKNOWN,PROBABLE_NO_REGION_SIGNAL,CES de KOZA II,NORD,1CT1GSFD101179111
EN31172I12,LYCEE DE GABOUA,ALPHA_PREFIX,Extrême-Nord,CONFIRMED_BY_MATCH,ESG_OR_UNKNOWN,PROBABLE,Lyce de GABOUA,EXTREME-NORD,0KH1GSFD110583114
EN31172I13,LYCEE DE GOUZDA,ALPHA_PREFIX,Extrême-Nord,CONFIRMED_BY_MATCH,ESG_OR_UNKNOWN,PROBABLE,Lyce de GOUZDA,EXTREME-NORD,0KH1GSFD110356111
EN31172H11,LYCEE BILINGUE DE KOZA,ALPHA_PREFIX,Extrême-Nord,CONFIRMED_BY_MATCH,ESG_OR_UNKNOWN,PROBABLE,Lyce Bilingue de KOZA,EXTREME-NORD,0KH1GSBD110579110
EN31172L58,LYCEE TECHNIQUE DE KOZA,ALPHA_PREFIX,Extrême-Nord,CONFIRMED_BY_MATCH,ESTP,PROBABLE,Lyce Bilingue de KOZA,EXTREME-NORD,0KH1GSBD110579110
EN31212B14,CES BILINGUE DE ZEHLEVED,ALPHA_PREFIX,Extrême-Nord,CONFIRMED_BY_MATCH,ESG_OR_UNKNOWN,NEW,,,
EN31212A15,CES D&#039;ASSIGHASSIA,ALPHA_PREFIX,Extrême-Nord,CONFIRMED_BY_MATCH,ESG_OR_UNKNOWN,PROBABLE,CES d'ASSIGHASSIA,EXTREME-NORD,0KI1GSFD100227111
EN31212C60,CETIC D&#039;OUZAL,ALPHA_PREFIX,Extrême-Nord,CONFIRMED_BY_MATCH,ESTP,PROBABLE,Lyce d'OUZAL,EXTREME-NORD,0KI1GSFD110590110
EN31212C59,LYCEE TECHNIQUE DE MOZOGO,ALPHA_PREFIX,Extrême-Nord,CONFIRMED_BY_MATCH,ESTP,PROBABLE,Lyce de MOZOGO,EXTREME-NORD,0KI1GSFD110575108
EN31212I17,LYCEE DE MOZOGO,ALPHA_PREFIX,Extrême-Nord,CONFIRMED_BY_MATCH,ESG_OR_UNKNOWN,PROBABLE,Lyce de MOZOGO,EXTREME-NORD,0KI1GSFD110575108
EN31212I16,LYCEE DE OUZAL,ALPHA_PREFIX,Extrême-Nord,CONFIRMED_BY_MATCH,ESG_OR_UNKNOWN,PROBABLE,Lyce d'OUZAL,EXTREME-NORD,0KI1GSFD110590110
EN31245A18,LYCE DE GOURIA,ALPHA_PREFIX,Extrême-Nord,CONFIRMED_BY_MATCH,ESG_OR_UNKNOWN,PROBABLE,CES de GOURIA,EXTREME-NORD,0KJ1GSFD102834115
EN31245A19,CES DE KILA,ALPHA_PREFIX,Extrême-Nord,CONFIRMED_BY_MATCH,ESG_OR_UNKNOWN,EXACT_IDENTITY_REGION,CES de KILA,EXTREME-NORD,0KJ1GSFD102695114
EN31245A20,CES DE LDIRI,ALPHA_PREFIX,Extrême-Nord,CONFIRMED_BY_MATCH,ESG_OR_UNKNOWN,EXACT_IDENTITY_REGION,CES de LDIRI,EXTREME-NORD,0KJ1GSFD102680113
EN31245C63,CETIC DE SIR,ALPHA_PREFIX,Extrême-Nord,CONFIRMED_BY_MATCH,ESTP,NEW,,,
EN31245C61,LYCEE TECHNIQUE DE MOGODE,ALPHA_PREFIX,Extrême-Nord,CONFIRMED_BY_MATCH,ESTP,PROBABLE,Lyce Bilingue de MOGODE,EXTREME-NORD,0KJ1GSFD110325105
EN31245C62,LYCEE TECHNIQUE DE RHUMZOU,ALPHA_PREFIX,Extrême-Nord,CONFIRMED_BY_MATCH,ESTP,PROBABLE,Lyce de RHUMZOU,EXTREME-NORD,0KJ1GSFD111953114
13220516,COLLEGE SAINT FRANCOIS LWANGA DE MOGODE,DIGIT_PREFIX,,,ESG_OR_UNKNOWN,PROBABLE_NO_REGION_SIGNAL,Lyce Bilingue de MOGODE,EXTREME-NORD,0KJ1GSFD110325105
EN31245H21,LYCEE BILINGUE DE RHUMSIKI,ALPHA_PREFIX,Extrême-Nord,CONFIRMED_BY_MATCH,ESG_OR_UNKNOWN,PROBABLE,Lyce Bilingue de RHUMSIKI,EXTREME-NORD,0KJ1GSBD110275115
EN31245I22,LYCEE DE HOUPOU,ALPHA_PREFIX,Extrême-Nord,CONFIRMED_BY_MATCH,ESG_OR_UNKNOWN,PROBABLE,Lyce de HOUPOU,EXTREME-NORD,0KJ1GSFD111144115
EN31245I23,LYCEE BILINGUE DE MOGODE,ALPHA_PREFIX,Extrême-Nord,CONFIRMED_BY_MATCH,ESG_OR_UNKNOWN,PROBABLE,Lyce Bilingue de MOGODE,EXTREME-NORD,0KJ1GSFD110325105
EN31245I24,LYCEE DE RHUMZOU,ALPHA_PREFIX,Extrême-Nord,CONFIRMED_BY_MATCH,ESG_OR_UNKNOWN,PROBABLE,Lyce de RHUMZOU,EXTREME-NORD,0KJ1GSFD111953114
EN31245I25,LYCEE DE SIR,ALPHA_PREFIX,Extrême-Nord,CONFIRMED_BY_MATCH,ESG_OR_UNKNOWN,NEW,,,
EN31246A30,LYCEE de GOLIGUECHE,ALPHA_PREFIX,Extrême-Nord,CONFIRMED_BY_MATCH,ESG_OR_UNKNOWN,PROBABLE,CES de GOLIGUECHE,EXTREME-NORD,0KK1GSFD102857115
EN31246A27,LYCEE DE BOULA,ALPHA_PREFIX,Extrême-Nord,CONFIRMED_BY_MATCH,ESG_OR_UNKNOWN,PROBABLE,CES de BOULA,EXTREME-NORD,0KK1GSFD102368113
EN31246A28,LYCEE BILINGUE DE DIMEO,ALPHA_PREFIX,Extrême-Nord,CONFIRMED_BY_MATCH,ESG_OR_UNKNOWN,PROBABLE,CES de DIMEO,EXTREME-NORD,0KK1GSFD101321112
EN31246A29,LYCEE DE GAWAR,ALPHA_PREFIX,Extrême-Nord,CONFIRMED_BY_MATCH,ESG_OR_UNKNOWN,PROBABLE,CES de GAWAR,EXTREME-NORD,0KK1GSFD100696110
EN31246A31,CES DE MAGOUMAZ,ALPHA_PREFIX,Extrême-Nord,CONFIRMED_BY_MATCH,ESG_OR_UNKNOWN,EXACT_IDENTITY_REGION,CES de MAGOUMAZ,EXTREME-NORD,0KK1GSFD102196113
EN31246A32,LYCEE BILINGUE DE MANDAKA,ALPHA_PREFIX,Extrême-Nord,CONFIRMED_BY_MATCH,ESG_OR_UNKNOWN,PROBABLE,CES de MANDAKA,EXTREME-NORD,0KK1GSFD100269111
EN31246A33,CES DE SEGOULE,ALPHA_PREFIX,Extrême-Nord,CONFIRMED_BY_MATCH,ESG_OR_UNKNOWN,EXACT_IDENTITY_REGION,CES de SEGOULE,EXTREME-NORD,0KK1GSFD102231113
EN31246A34,CES DE TCHOUVOUK,ALPHA_PREFIX,Extrême-Nord,CONFIRMED_BY_MATCH,ESG_OR_UNKNOWN,EXACT_IDENTITY_REGION,CES de TCHOUVOUK,EXTREME-NORD,0KK1GSFD102685114
EN31246A26,LYCEE DE UDKIA,ALPHA_PREFIX,Extrême-Nord,CONFIRMED_BY_MATCH,ESG_OR_UNKNOWN,PROBABLE,CES d'UDKIA,EXTREME-NORD,0KK1GSFD102680114
EN31246C64,CETIC DE MOKOLA,ALPHA_PREFIX,Extrême-Nord,CONFIRMED_BY_MATCH,ESTP,PROBABLE,Lyce Bilingue de MOKOLA,EXTREME-NORD,0KK1GSFD110512111
13220517,COLLEGE PROTESTANT DE MOKOLO,DIGIT_PREFIX,,,ESG_OR_UNKNOWN,PROBABLE_NO_REGION_SIGNAL,Lyce Bilingue de MOKOLO,EXTREME-NORD,0KK1GSBD110253106
13220518,ENIEG PRIVEE BILINGUE DE MOKOLO,DIGIT_PREFIX,,,ENI,PROBABLE_NO_REGION_SIGNAL,Lyce Bilingue de MOKOLO,EXTREME-NORD,0KK1GSBD110253106
EN31246E65,ENIEG DE MOKOLO,ALPHA_PREFIX,Extrême-Nord,CONFIRMED_BY_MATCH,ENI,PROBABLE,Lyce Bilingue de MOKOLO,EXTREME-NORD,0KK1GSBD110253106
EN31246H35,LYCEE BILINGUE DE MINAWAO,ALPHA_PREFIX,Extrême-Nord,CONFIRMED_BY_MATCH,ESG_OR_UNKNOWN,PROBABLE,Lyce Bilingue de MINAWAO,EXTREME-NORD,0KK1GSBD112981114
EN31246H36,LYCEE BILINGUE DE MOKOLO,ALPHA_PREFIX,Extrême-Nord,CONFIRMED_BY_MATCH,ESG_OR_UNKNOWN,PROBABLE,Lyce Bilingue de MOKOLO,EXTREME-NORD,0KK1GSBD110253106
EN31246I37,LYCEE CLASSIQUE ET MODERNE DE MOKOLO,ALPHA_PREFIX,Extrême-Nord,CONFIRMED_BY_MATCH,ESG_OR_UNKNOWN,PROBABLE,Lyce Classique et Moderne de MAROUA,EXTREME-NORD,0CK1GSFD112456078
EN31246I38,LYCEE DE KOSSEHONE,ALPHA_PREFIX,Extrême-Nord,CONFIRMED_BY_MATCH,ESG_OR_UNKNOWN,PROBABLE,Lyce de KOSSEHONE,EXTREME-NORD,0KK1GSFD110505115
EN31246I39,LYCEE DE MOFOLE,ALPHA_PREFIX,Extrême-Nord,CONFIRMED_BY_MATCH,ESG_OR_UNKNOWN,PROBABLE,Lyce de MOFOLE,EXTREME-NORD,0KK1GSFD110284113
EN31246I40,LYCEE BILINGUE DE MOKOLA,ALPHA_PREFIX,Extrême-Nord,CONFIRMED_BY_MATCH,ESG_OR_UNKNOWN,PROBABLE,Lyce Bilingue de MOKOLA,EXTREME-NORD,0KK1GSFD110512111
EN31246I41,LYCEE DE MOKONG,ALPHA_PREFIX,Extrême-Nord,CONFIRMED_BY_MATCH,ESG_OR_UNKNOWN,PROBABLE,Lyce de MOKONG,EXTREME-NORD,0KK1GSFD111966106
EN31246I42,LYCEE DE TOUROU (VIDE),ALPHA_PREFIX,Extrême-Nord,CONFIRMED_BY_MATCH,ESG_OR_UNKNOWN,PROBABLE,Lyce de TOUROU,EXTREME-NORD,0KK1GSFD111536112
EN31246I43,LYCEE BILINGUE DE ZAMAI,ALPHA_PREFIX,Extrême-Nord,CONFIRMED_BY_MATCH,ESG_OR_UNKNOWN,NEW,,,
EN31246I44,LYCEE DE ZIDIM,ALPHA_PREFIX,Extrême-Nord,CONFIRMED_BY_MATCH,ESG_OR_UNKNOWN,PROBABLE,Lyce de ZIDIM,EXTREME-NORD,0KK1GSFD111261110
EN31246L66,LYCEE TECHNIQUE DE MOKOLO,ALPHA_PREFIX,Extrême-Nord,CONFIRMED_BY_MATCH,ESTP,PROBABLE,Lyce Bilingue de MOKOLO,EXTREME-NORD,0KK1GSBD110253106
EN31332I50,CES DE BAO GREDE,ALPHA_PREFIX,Extrême-Nord,CONFIRMED_BY_MATCH,ESG_OR_UNKNOWN,PROBABLE,Lyce de BAO-GREDE,EXTREME-NORD,0KL1GSFD112462118
EN31332A45,CES DE BAO NDEVGAI,ALPHA_PREFIX,Extrême-Nord,CONFIRMED_BY_MATCH,ESG_OR_UNKNOWN,EXACT_IDENTITY_REGION,CES de BAO-NDEVGAI,EXTREME-NORD,0KL1GSFD101306111
EN31332A46,CES DE MADAKONAI,ALPHA_PREFIX,Extrême-Nord,CONFIRMED_BY_MATCH,ESG_OR_UNKNOWN,EXACT_IDENTITY_REGION,CES de MADAKONAI,EXTREME-NORD,0KL1GSFD101292112
EN31332A47,CES DE MAZAM,ALPHA_PREFIX,Extrême-Nord,CONFIRMED_BY_MATCH,ESG_OR_UNKNOWN,EXACT_IDENTITY_REGION,CES de MAZAM,EXTREME-NORD,0KL1GSFD102234113
EN31332A48,CES DE MAZAYA,ALPHA_PREFIX,Extrême-Nord,CONFIRMED_BY_MATCH,ESG_OR_UNKNOWN,EXACT_IDENTITY_REGION,CES de MAZAYA,EXTREME-NORD,0KL1GSFD102746114
EN31332C67,CETIC DE ROUA,ALPHA_PREFIX,Extrême-Nord,CONFIRMED_BY_MATCH,ESTP,PROBABLE,Lyce Bilingue de ROUA,EXTREME-NORD,0KL1GSFD111999108
EN31332C68,CETIC DE SOULEDE WAYAM-DZOMA,ALPHA_PREFIX,Extrême-Nord,CONFIRMED_BY_MATCH,ESTP,PROBABLE,Lyce de SOULEDE,EXTREME-NORD,0KL1GSFD111259110
EN31332I49,LYCEE DE BAO DALZA,ALPHA_PREFIX,Extrême-Nord,CONFIRMED_BY_MATCH,ESG_OR_UNKNOWN,PROBABLE,Lyce de BAO-DALZA,EXTREME-NORD,0KL1GSFD111313111
EN31332I51,LYCEE DE MIDRE,ALPHA_PREFIX,Extrême-Nord,CONFIRMED_BY_MATCH,ESG_OR_UNKNOWN,PROBABLE,Lyce de MIDRE,EXTREME-NORD,0KL1GSFD111297113
EN31332I52,LYCEE BILINGUE DE ROUA,ALPHA_PREFIX,Extrême-Nord,CONFIRMED_BY_MATCH,ESG_OR_UNKNOWN,PROBABLE,Lyce Bilingue de ROUA,EXTREME-NORD,0KL1GSFD111999108
EN31332I53,LYCEE DE SOULEDE,ALPHA_PREFIX,Extrême-Nord,CONFIRMED_BY_MATCH,ESG_OR_UNKNOWN,PROBABLE,Lyce de SOULEDE,EXTREME-NORD,0KL1GSFD111259110
14290519,C.P.E.G.T.C,DIGIT_PREFIX,,,ESG_OR_UNKNOWN,NEW,,,
LT44044A01,CES DE BAKEM,ALPHA_PREFIX,Littoral,CONFIRMED_BY_MATCH,ESG_OR_UNKNOWN,EXACT_IDENTITY_REGION,CES de BAKEM,LITTORAL,7CE1GSFD102040112
LT44044C45,CETIC DE BARE,ALPHA_PREFIX,Littoral,CONFIRMED_BY_MATCH,ESTP,PROBABLE,Lyce Bilingue de BARE,LITTORAL,7CE1GSBD111326112
14290520,COLLEGE COMMERCIAL ET INDUSTRIEL (CCIG) DE MELONG II GEN,DIGIT_PREFIX,,,ESG_OR_UNKNOWN,PROBABLE_NO_REGION_SIGNAL,Lyce de MELONG-CENTRE,LITTORAL,7CM1GSFD111655107
LT44044H03,LYCEE BILINGUE DE MELONG II,ALPHA_PREFIX,Littoral,CONFIRMED_BY_MATCH,ESG_OR_UNKNOWN,PROBABLE,Lyce de MELONG-CENTRE,LITTORAL,7CM1GSFD111655107
LT44044H02,LYCEE BILINGUE DE BARE,ALPHA_PREFIX,Littoral,CONFIRMED_BY_MATCH,ESG_OR_UNKNOWN,PROBABLE,Lyce Bilingue de BARE,LITTORAL,7CE1GSBD111326112
LT44044I04,LYCEE DE BAREHOCK,ALPHA_PREFIX,Littoral,CONFIRMED_BY_MATCH,ESG_OR_UNKNOWN,PROBABLE,Lyce de BAREHOCK,LITTORAL,7CE1GSFD110282115
14290521,COLLEGE BILINGUE SAINT HERBERT DE SOUZA,DIGIT_PREFIX,,,ESG_OR_UNKNOWN,PROBABLE_NO_REGION_SIGNAL,Lyce Bilingue de GRAND-SOUZA,LITTORAL,7CI1GSBD111669109
LT44088A05,LYCEE BILINGUE DE BOMONO,ALPHA_PREFIX,Littoral,CONFIRMED_BY_MATCH,ESG_OR_UNKNOWN,PROBABLE,CES de BOMONO,LITTORAL,7CH1GSFD101821111
LT44088A06,CES DE BONAMATEKE,ALPHA_PREFIX,Littoral,CONFIRMED_BY_MATCH,ESG_OR_UNKNOWN,EXACT_IDENTITY_REGION,CES de BONAMATEKE,LITTORAL,7CH1GSFD102149098
LT44088C46,CETIC DE DIBOMBARI,ALPHA_PREFIX,Littoral,CONFIRMED_BY_MATCH,ESTP,PROBABLE,Lyce de DIBOMBARI,LITTORAL,7CH1GSFD111841092
14290522,INSTITUT POLYVALENT DE BOMONO BA-MBENGUE,DIGIT_PREFIX,,,ESG_OR_UNKNOWN,PROBABLE_NO_REGION_SIGNAL,CES de BOMONO,LITTORAL,7CH1GSFD101821111
14290523,KADJI COLLEGE,DIGIT_PREFIX,,,ESG_OR_UNKNOWN,NEW,,,
LT44088H07,LYCEE BILINGUE DE BEKOKO,ALPHA_PREFIX,Littoral,CONFIRMED_BY_MATCH,ESG_OR_UNKNOWN,PROBABLE,Lyce Bilingue de BEKOKO,LITTORAL,7CH1GSBD112034107
LT44088I08,LYCEE DE DIBOMBARI,ALPHA_PREFIX,Littoral,CONFIRMED_BY_MATCH,ESG_OR_UNKNOWN,PROBABLE,Lyce de DIBOMBARI,LITTORAL,7CH1GSFD111841092
14290524,COLLEGE POLYVALENT DARIUSTOWN,DIGIT_PREFIX,,,ESG_OR_UNKNOWN,NEW,,,
14290525,COLLEGE PRIVE LAIC DE FONDATION PIPART,DIGIT_PREFIX,,,ESG_OR_UNKNOWN,NEW,,,
LT44125B09,LYCEE BILINGUE DE KOMPINA,ALPHA_PREFIX,Littoral,CONFIRMED_BY_MATCH,ESG_OR_UNKNOWN,PROBABLE,CES Bilingue de KOMPINA,LITTORAL,7CI1GSBD102833115
14290526,EXCELLENT BILINGUAL EDUCATIONAL COMPLEX,DIGIT_PREFIX,,,ESG_OR_UNKNOWN,NEW,,,
LT44125H11,LYCEE BILINGUE DE MIANG,ALPHA_PREFIX,Littoral,CONFIRMED_BY_MATCH,ESG_OR_UNKNOWN,PROBABLE,Lyce Bilingue de MIANG,LITTORAL,7CI1GSBD112067113
LT44125H10,LYCEE BILINGUE DE GRAND-SOUZA,ALPHA_PREFIX,Littoral,CONFIRMED_BY_MATCH,ESG_OR_UNKNOWN,PROBABLE,Lyce Bilingue de GRAND-SOUZA,LITTORAL,7CI1GSBD111669109
LT44125H12,LYCEE BILINGUE DE PENDA MBOKO,ALPHA_PREFIX,Littoral,CONFIRMED_BY_MATCH,ESG_OR_UNKNOWN,PROBABLE,Lyce Bilingue de PENDA-MBOKO,LITTORAL,7CI1GSBD111996107
LT44125L47,LYCEE TECHNIQUE DE SOUZA,ALPHA_PREFIX,Littoral,CONFIRMED_BY_MATCH,ESTP,PROBABLE,Lyce Bilingue de GRAND-SOUZA,LITTORAL,7CI1GSBD111669109
LT44189A13,CES DE BABONG,ALPHA_PREFIX,Littoral,CONFIRMED_BY_MATCH,ESG_OR_UNKNOWN,EXACT_IDENTITY_REGION,CES de BABONG,LITTORAL,7CJ1GSFD101874096
14290527,COLLEGE NGAMGA ET FRERES,DIGIT_PREFIX,,,ESG_OR_UNKNOWN,NEW,,,
14290528,COLLEGE PRIVE LAIC DE L&#039;HARMONIE,DIGIT_PREFIX,,,ESG_OR_UNKNOWN,NEW,,,
14290529,COLLEGE PRIVE LAIC DES ARTS,DIGIT_PREFIX,,,ESG_OR_UNKNOWN,NEW,,,
14290530,COLLEGE PRIVE LAIC DJOMBOU,DIGIT_PREFIX,,,ESG_OR_UNKNOWN,NEW,,,
14290531,COLLEGE PRIVE LAIC LA REUSSITE,DIGIT_PREFIX,,,ESG_OR_UNKNOWN,NEW,,,
14290532,COLLEGE STS PIERRE ET PAUL,DIGIT_PREFIX,,,ESG_OR_UNKNOWN,PROBABLE_NO_REGION_SIGNAL,Lyce de SANGUERE PAUL,NORD,1CL1GSFD111465106
LT44189H14,LYCEE BILINGUE DE LOUM CHANTIER GARE,ALPHA_PREFIX,Littoral,CONFIRMED_BY_MATCH,ESG_OR_UNKNOWN,PROBABLE,Lyce Bilingue de LOUM-CHANTIER-GARE,LITTORAL,7CJ1GSBD110005110
LT44189H15,LYCEE BILINGUE DE MANENGWASSA,ALPHA_PREFIX,Littoral,CONFIRMED_BY_MATCH,ESG_OR_UNKNOWN,PROBABLE,Lyce Bilingue de MANENGWASSA,LITTORAL,7CJ1GSBD110217115
LT44189I16,LYCEE DE LOUM,ALPHA_PREFIX,Littoral,CONFIRMED_BY_MATCH,ESG_OR_UNKNOWN,PROBABLE,Lyce Bilingue de LOUM-CHANTIER-GARE,LITTORAL,7CJ1GSBD110005110
LT44189L48,LYCEE TECHNIQUE DE LOUM,ALPHA_PREFIX,Littoral,CONFIRMED_BY_MATCH,ESTP,PROBABLE,Lyce Bilingue de LOUM-CHANTIER-GARE,LITTORAL,7CJ1GSBD110005110
LT44200B17,LYCEE BILINGUE MOUMEKENG,ALPHA_PREFIX,Littoral,CONFIRMED_BY_MATCH,ESG_OR_UNKNOWN,PROBABLE,Lyce Bilingue de MOUMEKENG,LITTORAL,7CK1GSBD102062096
LT44200A18,CES DE MANENGOTENG,ALPHA_PREFIX,Littoral,CONFIRMED_BY_MATCH,ESG_OR_UNKNOWN,EXACT_IDENTITY_REGION,CES de MANENGOTENG,LITTORAL,7CK1GSFD102340113
14290533,COLLEGE DE L&#039;UNITE DE MANJO,DIGIT_PREFIX,,,ESG_OR_UNKNOWN,PROBABLE_NO_REGION_SIGNAL,Lyce de MANJO,LITTORAL,7CK1GSFD110234092
14290534,COLLEGE SAINT THOMAS,DIGIT_PREFIX,,,ESG_OR_UNKNOWN,NEW,,,
LT44200H19,LYCEE BILINGUE DE NLOHE,ALPHA_PREFIX,Littoral,CONFIRMED_BY_MATCH,ESG_OR_UNKNOWN,PROBABLE,Lyce Bilingue de NLOHE,LITTORAL,7CK1GSBD112108111
LT44200I20,LYCEE DE MANJO,ALPHA_PREFIX,Littoral,CONFIRMED_BY_MATCH,ESG_OR_UNKNOWN,PROBABLE,Lyce de MANJO,LITTORAL,7CK1GSFD110234092
LT44217B21,LYCEE BILINGUE DE KOTTO MISSION,ALPHA_PREFIX,Littoral,CONFIRMED_BY_MATCH,ESG_OR_UNKNOWN,PROBABLE,CES Bilingue de KOTTO-MISSION,LITTORAL,7CL1GSBD102688114
14290535,COLLEGE EVANGELIQUE DE MBANGA,DIGIT_PREFIX,,,ESG_OR_UNKNOWN,PROBABLE_NO_REGION_SIGNAL,CES de MBANGA-DZENG,CENTRE,5QE1GSFD101997108
14290536,COLLEGE PRIVE LAIC DE L&#039;UNITE DE MBANGA,DIGIT_PREFIX,,,ESG_OR_UNKNOWN,PROBABLE_NO_REGION_SIGNAL,CES de MBANGA-DZENG,CENTRE,5QE1GSFD101997108
14290537,COLLEGE SAINT JEAN DE MBANGA,DIGIT_PREFIX,,,ESG_OR_UNKNOWN,PROBABLE_NO_REGION_SIGNAL,CES de MBANGA-DZENG,CENTRE,5QE1GSFD101997108
14290538,EVANGEL BILINGUAL SECONDARY SCHOOL KOTTO-UP,DIGIT_PREFIX,,,ESG_OR_UNKNOWN,PROBABLE_NO_REGION_SIGNAL,CES Bilingue de KOTTO-MISSION,LITTORAL,7CL1GSBD102688114
14290539,INSTITUT SAINT BERNARD DE MBANGA,DIGIT_PREFIX,,,ESG_OR_UNKNOWN,PROBABLE_NO_REGION_SIGNAL,CES de MBANGA-DZENG,CENTRE,5QE1GSFD101997108
LT44217H22,LYCEE BILINGUE DE MBANGA,ALPHA_PREFIX,Littoral,CONFIRMED_BY_MATCH,ESG_OR_UNKNOWN,PROBABLE,Lyce Bilingue de MBANGA,LITTORAL,7CL1GSBD111678109
LT44217L49,LYCEE TECHNIQUE DE MBANGA,ALPHA_PREFIX,Littoral,CONFIRMED_BY_MATCH,ESTP,PROBABLE,Lyce Bilingue de MBANGA,LITTORAL,7CL1GSBD111678109
14290540,SAINT JOHN COLLEGE,DIGIT_PREFIX,,,ESG_OR_UNKNOWN,NEW,,,
LT44227B25,CES Bilingue de MELONG,ALPHA_PREFIX,Littoral,CONFIRMED_BY_MATCH,ESG_OR_UNKNOWN,PROBABLE,Lyce de MELONG-CENTRE,LITTORAL,7CM1GSFD111655107
LT44227B23,CES BILINGUE D&#039;ESSEKOU,ALPHA_PREFIX,Littoral,CONFIRMED_BY_MATCH,ESG_OR_UNKNOWN,PROBABLE,CES Bilingue d'ESSEKOU,LITTORAL,7CM1GSBD102921115
LT44227B24,CES BILINGUE DE MAMA,ALPHA_PREFIX,Littoral,CONFIRMED_BY_MATCH,ESG_OR_UNKNOWN,EXACT_IDENTITY_REGION,CES Bilingue de MAMA,LITTORAL,7CM1GSBD101718111
LT44227A26,CES DE NINONG,ALPHA_PREFIX,Littoral,CONFIRMED_BY_MATCH,ESG_OR_UNKNOWN,EXACT_IDENTITY_REGION,CES de NINONG,LITTORAL,7CMGSFD102683114
LT44227C50,CETIC DE MANKWA,ALPHA_PREFIX,Littoral,CONFIRMED_BY_MATCH,ESTP,NEW,,,
LT44227C51,CETIC DE MELONG,ALPHA_PREFIX,Littoral,CONFIRMED_BY_MATCH,ESTP,PROBABLE,Lyce de MELONG-CENTRE,LITTORAL,7CM1GSFD111655107
14290541,COLLEGE BILINGUE TIAKO CAROLE ET CLAUDIA,DIGIT_PREFIX,,,ESG_OR_UNKNOWN,NEW,,,
14290542,COLLEGE DE L&#039;AMITIE 3 ETOILES,DIGIT_PREFIX,,,ESG_OR_UNKNOWN,NEW,,,
14290543,COLLEGE POLYVALENT BILINGUE TECHNIQUE DE MELONG,DIGIT_PREFIX,,,ESG_OR_UNKNOWN,PROBABLE_NO_REGION_SIGNAL,Lyce de MELONG-CENTRE,LITTORAL,7CM1GSFD111655107
14290544,COLLEGE PRIVE LAIC TCHUMO AARON,DIGIT_PREFIX,,,ESG_OR_UNKNOWN,NEW,,,
14290545,INSTITUT DE L&#039;UNITE MELONG,DIGIT_PREFIX,,,ESG_OR_UNKNOWN,PROBABLE_NO_REGION_SIGNAL,Lyce de MELONG-CENTRE,LITTORAL,7CM1GSFD111655107
14290546,INSTITUT PRIVE LAIC LE PROGRES,DIGIT_PREFIX,,,ESG_OR_UNKNOWN,NEW,,,
14290547,ITA &#039;NGUENANG RENE&#039;,DIGIT_PREFIX,,,ESG_OR_UNKNOWN,NEW,,,
LT44227H30,LYCEE BILINGUE DE MOUANGUEL,ALPHA_PREFIX,Littoral,CONFIRMED_BY_MATCH,ESG_OR_UNKNOWN,PROBABLE,Lyce Bilingue de MOUANGUEL,LITTORAL,7CM1GSBD112119114
LT44227H27,LYCEE BILINGUE DE LELEM-MOUATONG,ALPHA_PREFIX,Littoral,CONFIRMED_BY_MATCH,ESG_OR_UNKNOWN,PROBABLE,Lyce Bilingue de LELEM-MOUATONG,LITTORAL,7CM1GSBD112016111
LT44227H28,LYCEE BILINGUE DE MBOKAMBO,ALPHA_PREFIX,Littoral,CONFIRMED_BY_MATCH,ESG_OR_UNKNOWN,PROBABLE,Lyce Bilingue de MBOKAMBO,LITTORAL,7CM1GSBD112101113
LT44227H29,LYCEE BILINGUE DE MELONG,ALPHA_PREFIX,Littoral,CONFIRMED_BY_MATCH,ESG_OR_UNKNOWN,PROBABLE,Lyce de MELONG-CENTRE,LITTORAL,7CM1GSFD111655107
LT44227I31,LYCEE DE MELONG-CENTRE,ALPHA_PREFIX,Littoral,CONFIRMED_BY_MATCH,ESG_OR_UNKNOWN,PROBABLE,Lyce de MELONG-CENTRE,LITTORAL,7CM1GSFD111655107
14290548,SAINT MICHAEL SEMINARY,DIGIT_PREFIX,,,ESG_OR_UNKNOWN,NEW,,,
14290549,SEMINAIRE SAINT MICHEL DE MELONG,DIGIT_PREFIX,,,ESG_OR_UNKNOWN,PROBABLE_NO_REGION_SIGNAL,Lyce de MELONG-CENTRE,LITTORAL,7CM1GSFD111655107
LT44248H32,LYCEE BILINGUE DE MOMBO,ALPHA_PREFIX,Littoral,CONFIRMED_BY_MATCH,ESG_OR_UNKNOWN,PROBABLE,Lyce Bilingue de MOMBO,LITTORAL,7CN1GSBD111713108
LT44292C44,LYCEE TECHNIQUE DE NDIANG,ALPHA_PREFIX,Littoral,CONFIRMED_BY_MATCH,ESTP,NEW,,,
LT44292C52,LYCEE TECHNIQUE DE NJOMBE-PENJA,ALPHA_PREFIX,Littoral,CONFIRMED_BY_MATCH,ESTP,PROBABLE,Lyce Bilingue de NJOMBE,LITTORAL,7CQ1GSBD111989113
14290550,COLLEGE GEORGES GARVER DE PENJA,DIGIT_PREFIX,,,ESG_OR_UNKNOWN,PROBABLE_NO_REGION_SIGNAL,Lyce Bilingue de PENJA,LITTORAL,7CQ1GSBD111831105
14290551,COLLEGE UNIVERSEL NJOMBE,DIGIT_PREFIX,,,ESG_OR_UNKNOWN,PROBABLE_NO_REGION_SIGNAL,Lyce Bilingue de NJOMBE,LITTORAL,7CQ1GSBD111989113
LT44292H33,LYCEE BILINGUE DE NJOMBE,ALPHA_PREFIX,Littoral,CONFIRMED_BY_MATCH,ESG_OR_UNKNOWN,PROBABLE,Lyce Bilingue de NJOMBE,LITTORAL,7CQ1GSBD111989113
LT44292H34,LYCEE BILINGUE DE PENJA,ALPHA_PREFIX,Littoral,CONFIRMED_BY_MATCH,ESG_OR_UNKNOWN,PROBABLE,Lyce Bilingue de PENJA,LITTORAL,7CQ1GSBD111831105
14290552,COLLEGE DE L&#039;ESPERANCE DU MOUNGO,DIGIT_PREFIX,,,ESG_OR_UNKNOWN,NEW,,,
14290553,COLLEGE MONT KOUPE,DIGIT_PREFIX,,,ESG_OR_UNKNOWN,NEW,,,
LT44298I35,LYCEE BILINGUE DE NLONAKO,ALPHA_PREFIX,Littoral,CONFIRMED_BY_MATCH,ESG_OR_UNKNOWN,PROBABLE,Lyce Bilingue de NLONAKO,LITTORAL,7CR1GSFD111891103
LT44298L53,LYCEE TECHNIQUE DE NKONGSAMBA1,ALPHA_PREFIX,Littoral,CONFIRMED_BY_MATCH,ESTP,NEW,,,
14290554,CETIF SAINTE MONIQUE,DIGIT_PREFIX,,,ESTP,NEW,,,
14290555,COLLEGE LELE NKONGSAMBA,DIGIT_PREFIX,,,ESG_OR_UNKNOWN,PROBABLE_NO_REGION_SIGNAL,Lyce Bilingue de NKONGSAMBA,LITTORAL,7CV1GSBD112022092
14290556,COLLEGE MODERNE LA GRACE,DIGIT_PREFIX,,,ESG_OR_UNKNOWN,PROBABLE_NO_REGION_SIGNAL,Lyce Classique et Moderne de BAFIA,CENTRE,5HC1GSFD112342106
14290557,COLLEGE SAINTE JEANNE D&#039;ARC,DIGIT_PREFIX,,,ESG_OR_UNKNOWN,NEW,,,
14290558,COLLEGE SOCKA BONGUE,DIGIT_PREFIX,,,ESG_OR_UNKNOWN,NEW,,,
14290559,COURS DU SOIR SAINT MARTIN,DIGIT_PREFIX,,,ADULT_EVENING,NEW,,,
14290560,ENCIEG PRIVE CATHOLIQUE BILINGUE DE NKONGSAMBA,DIGIT_PREFIX,,,ESG_OR_UNKNOWN,PROBABLE_NO_REGION_SIGNAL,Lyce Bilingue de NKONGSAMBA,LITTORAL,7CV1GSBD112022092
LT44299E54,ENIEG DE NKONGSAMBA,ALPHA_PREFIX,Littoral,CONFIRMED_BY_MATCH,ENI,PROBABLE,Lyce Bilingue de NKONGSAMBA,LITTORAL,7CV1GSBD112022092
14290562,INSTITUT POLYVALENT MITOUKEM,DIGIT_PREFIX,,,ESG_OR_UNKNOWN,NEW,,,
LT44299H36,LYCEE BILINGUE D&#039;EKANGTE,ALPHA_PREFIX,Littoral,CONFIRMED_BY_MATCH,ESG_OR_UNKNOWN,PROBABLE,Lyce Bilingue d'EKANGTE,LITTORAL,7CT1GSBD111358115
LT44299I37,LYCEE DU MANENGOUBA,ALPHA_PREFIX,Littoral,CONFIRMED_BY_MATCH,ESG_OR_UNKNOWN,PROBABLE,Lyce du MANENGOUBA,LITTORAL,7CT1GSFD112358060
LT44299L55,LYCEE TECHNIQUE DE NKONGSAMBA II,ALPHA_PREFIX,Littoral,CONFIRMED_BY_MATCH,ESTP,PROBABLE,Lyce Bilingue de NKONGSAMBA,LITTORAL,7CV1GSBD112022092
14290563,CENTRE COMMERCIAL DE COMPTABILITE ET DE SECRETARIAT (CCCS) NKONGSAMBA,DIGIT_PREFIX,,,ESG_OR_UNKNOWN,PROBABLE_NO_REGION_SIGNAL,Lyce de MELONG-CENTRE,LITTORAL,7CM1GSFD111655107
14290564,COLLEGE BILINGUE FULTANG,DIGIT_PREFIX,,,ESG_OR_UNKNOWN,NEW,,,
14290565,COLLEGE EVANGELIQUE DE NKONGSAMBA,DIGIT_PREFIX,,,ESG_OR_UNKNOWN,PROBABLE_NO_REGION_SIGNAL,Lyce Bilingue de NKONGSAMBA,LITTORAL,7CV1GSBD112022092
14290566,COLLEGE POLYVALENT BILINGUE MBAMY FOCHADA ANDRE,DIGIT_PREFIX,,,ESG_OR_UNKNOWN,NEW,,,
LT44300H38,LYCEE BILINGUE DE NKONGSAMBA,ALPHA_PREFIX,Littoral,CONFIRMED_BY_MATCH,ESG_OR_UNKNOWN,PROBABLE,Lyce Bilingue de NKONGSAMBA,LITTORAL,7CV1GSBD112022092
LT44303B39,CES BILINGUE DE NDOUNGUE,ALPHA_PREFIX,Littoral,CONFIRMED_BY_MATCH,ESG_OR_UNKNOWN,EXACT_IDENTITY_REGION,CES Bilingue de NDOUNGUE,LITTORAL,7CX1GSBD100276110
LT44303A40,CES DE BAKWAT,ALPHA_PREFIX,Littoral,CONFIRMED_BY_MATCH,ESG_OR_UNKNOWN,EXACT_IDENTITY_REGION,CES de BAKWAT,LITTORAL,7CX1GSFD102439096
LT44303A41,CES DE MANENGOUBA II,ALPHA_PREFIX,Littoral,CONFIRMED_BY_MATCH,ESG_OR_UNKNOWN,EXACT_IDENTITY_REGION,CES de MANENGOUBA II,LITTORAL,7CX1GSFD102117096
LT44303C56,CETIC DE NDOMBENG,ALPHA_PREFIX,Littoral,CONFIRMED_BY_MATCH,ESTP,NEW,,,
14290567,COLLEGE PROTESTANT POLYVALENT DE NDOUNGUE,DIGIT_PREFIX,,,ESG_OR_UNKNOWN,PROBABLE_NO_REGION_SIGNAL,CES Bilingue de NDOUNGUE,LITTORAL,7CX1GSBD100276110
LT44303H43,LYCEE BILINGUE DE MANENGOLE,ALPHA_PREFIX,Littoral,CONFIRMED_BY_MATCH,ESG_OR_UNKNOWN,PROBABLE,Lyce Bilingue de MANENGOLE,LITTORAL,7CX1GSBD110236113
LT44303H42,LYCEE BILINGUE D&#039;EBONE,ALPHA_PREFIX,Littoral,CONFIRMED_BY_MATCH,ESG_OR_UNKNOWN,PROBABLE,Lyce Bilingue d'EBONE,LITTORAL,7CX1GSBD110291113
LT44303L57,LYCEE TECHNIQUE DE MANENGOLE,ALPHA_PREFIX,Littoral,CONFIRMED_BY_MATCH,ESTP,PROBABLE,Lyce Bilingue de MANENGOLE,LITTORAL,7CX1GSBD110236113
14290568,COLLEGE PRIVE LAIC LES TISSERINS DE NJOMBE,DIGIT_PREFIX,,,ESG_OR_UNKNOWN,PROBABLE_NO_REGION_SIGNAL,Lyce Bilingue de NJOMBE,LITTORAL,7CQ1GSBD111989113
LT49296A04,CES de MAKOMBE,ALPHA_PREFIX,Littoral,CONFIRMED_BY_MATCH,ESG_OR_UNKNOWN,EXACT_IDENTITY_REGION,CES de MAKOMBE,LITTORAL,7EC1GSFD102832115
LT49296A01,CES DE BENGA,ALPHA_PREFIX,Littoral,CONFIRMED_BY_MATCH,ESG_OR_UNKNOWN,EXACT_IDENTITY_REGION,CES de BENGA,LITTORAL,7EC1GSFD100344112
LT49296A03,LYCEE DE MADIP,ALPHA_PREFIX,Littoral,CONFIRMED_BY_MATCH,ESG_OR_UNKNOWN,PROBABLE,CES de MADIP,LITTORAL,7EC1GSFD102028110
LT49296A05,CES de NDOGTIBA,ALPHA_PREFIX,Littoral,CONFIRMED_BY_MATCH,ESG_OR_UNKNOWN,EXACT_IDENTITY_REGION,CES de NDOGTIBA,LITTORAL,7EC1GSFD102046110
LT49296A02,CES de DINGANG,ALPHA_PREFIX,Littoral,CONFIRMED_BY_MATCH,ESG_OR_UNKNOWN,EXACT_IDENTITY_REGION,CES de DINGANG,LITTORAL,7EC1GSFD102371113
LT49296C24,CETIC DE KOUEDJOU CARREFOUR,ALPHA_PREFIX,Littoral,CONFIRMED_BY_MATCH,ESTP,PROBABLE,Lyce de TAM-CARREFOUR,LITTORAL,7EC1GSFD111899113
LT49296C25,CETIC DE NDOCKSAMBA MABOMBE,ALPHA_PREFIX,Littoral,CONFIRMED_BY_MATCH,ESTP,NEW,,,
14270569,CETIC PROTESTANT DE NKONDJOCK,DIGIT_PREFIX,,,ESTP,PROBABLE_NO_REGION_SIGNAL,Lyce Bilingue de NKONDJOCK,LITTORAL,7EC1GSBD110051110
14270570,COLLEGE SAINT THOMAS APOTRE DE NKONDJOCK,DIGIT_PREFIX,,,ESG_OR_UNKNOWN,PROBABLE_NO_REGION_SIGNAL,Lyce Bilingue de NKONDJOCK,LITTORAL,7EC1GSBD110051110
LT49296H06,LYCEE BILINGUE DE NKONDJOCK,ALPHA_PREFIX,Littoral,CONFIRMED_BY_MATCH,ESG_OR_UNKNOWN,PROBABLE,Lyce Bilingue de NKONDJOCK,LITTORAL,7EC1GSBD110051110
LT49296I07,LYCEE DE SOHOCK,ALPHA_PREFIX,Littoral,CONFIRMED_BY_MATCH,ESG_OR_UNKNOWN,PROBABLE,Lyce de SOHOCK,LITTORAL,7EC1GSFD110231108
LT49296I08,LYCEE DE TAM-CARREFOUR,ALPHA_PREFIX,Littoral,CONFIRMED_BY_MATCH,ESG_OR_UNKNOWN,PROBABLE,Lyce de TAM-CARREFOUR,LITTORAL,7EC1GSFD111899113
LT49296L26,LYCEE TECHNIQUE DE NKONDJOCK,ALPHA_PREFIX,Littoral,CONFIRMED_BY_MATCH,ESTP,PROBABLE,Lyce Bilingue de NKONDJOCK,LITTORAL,7EC1GSBD110051110
LT49305A09,CES DE BANGOPE,ALPHA_PREFIX,Littoral,CONFIRMED_BY_MATCH,ESG_OR_UNKNOWN,EXACT_IDENTITY_REGION,CES de BANGOPE,LITTORAL,7EE1GSFD100691110
LT49305A10,CES DE MBIAM,ALPHA_PREFIX,Littoral,CONFIRMED_BY_MATCH,ESG_OR_UNKNOWN,EXACT_IDENTITY_REGION,CES DE MBIAM,LITTORAL,7EE1GSFD101711111
LT49305A11,LYCEE DE TONGO,ALPHA_PREFIX,Littoral,CONFIRMED_BY_MATCH,ESG_OR_UNKNOWN,PROBABLE,CES de TONGO,LITTORAL,7EE1GSFD100337112
LT49305A12,LYCEE DU CARREFOUR NDOTTO KWAKWACK,ALPHA_PREFIX,Littoral,CONFIRMED_BY_MATCH,ESG_OR_UNKNOWN,PROBABLE,Lyce de TAM-CARREFOUR,LITTORAL,7EC1GSFD111899113
LT49305C27,CETIC DE BEHACK,ALPHA_PREFIX,Littoral,CONFIRMED_BY_MATCH,ESTP,NEW,,,
LT49305C28,CETIC DE NDOBIAN,ALPHA_PREFIX,Littoral,CONFIRMED_BY_MATCH,ESTP,PROBABLE,Lyce de NDOBIAN,LITTORAL,7EE1GSFD111692108
LT49305I13,LYCEE DE NDOBIAN,ALPHA_PREFIX,Littoral,CONFIRMED_BY_MATCH,ESG_OR_UNKNOWN,PROBABLE,Lyce de NDOBIAN,LITTORAL,7EE1GSFD111692108
LT49355B14,CES BILINGUE DE SOLLE,ALPHA_PREFIX,Littoral,CONFIRMED_BY_MATCH,ESG_OR_UNKNOWN,EXACT_IDENTITY_REGION,CES Bilingue de SOLLE,LITTORAL,7EH1GSBD100351114
LT49355A15,CES DE BODIMAN,ALPHA_PREFIX,Littoral,CONFIRMED_BY_MATCH,ESG_OR_UNKNOWN,EXACT_IDENTITY_REGION,CES de BODIMAN,LITTORAL,7EH1GSFD102332113
LT49355A16,CES DE DIWOM PK 34,ALPHA_PREFIX,Littoral,CONFIRMED_BY_MATCH,ESG_OR_UNKNOWN,EXACT_IDENTITY_REGION,CES de DIWOM-PK-34,LITTORAL,7EH1GSFD100045111
LT49355A17,CES de NDONDAK,ALPHA_PREFIX,Littoral,CONFIRMED_BY_MATCH,ESG_OR_UNKNOWN,EXACT_IDENTITY_REGION,CES de NDONDAK,LITTORAL,7EH1GSFD102717114
LT49355A18,CES BILINGUE DE TONDE CARREFOUR,ALPHA_PREFIX,Littoral,CONFIRMED_BY_MATCH,ESG_OR_UNKNOWN,PROBABLE,Lyce de TAM-CARREFOUR,LITTORAL,7EC1GSFD111899113
LT49355A19,CES DE WOURI BWELE,ALPHA_PREFIX,Littoral,CONFIRMED_BY_MATCH,ESG_OR_UNKNOWN,EXACT_IDENTITY_REGION,CES de WOURI-BWELE,LITTORAL,7EH1GSFD102326113
LT49355C30,CETIC DE NDALLE-BONEPOUPA,ALPHA_PREFIX,Littoral,CONFIRMED_BY_MATCH,ESTP,PROBABLE,Lyce de BONEPOUPA,LITTORAL,7EH1GSFD111595108
LT49355C29,CETIC DE MASSOUMBOU,ALPHA_PREFIX,Littoral,CONFIRMED_BY_MATCH,ESTP,NEW,,,
14270571,COLLEGE CATHOLIQUE JEAN PAUL II (COCAJEPA),DIGIT_PREFIX,,,ESG_OR_UNKNOWN,PROBABLE_NO_REGION_SIGNAL,Lyce de SANGUERE PAUL,NORD,1CL1GSFD111465106
LT49355E31,ENIEG DE YABASSI,ALPHA_PREFIX,Littoral,CONFIRMED_BY_MATCH,ENI,PROBABLE,Lyce Bilingue de YABASSI,LITTORAL,7EH1GSBD110322112
LT49355H20,LYCEE BILINGUE DE YABASSI,ALPHA_PREFIX,Littoral,CONFIRMED_BY_MATCH,ESG_OR_UNKNOWN,PROBABLE,Lyce Bilingue de YABASSI,LITTORAL,7EH1GSBD110322112
LT49355I21,LYCEE DE BONEPOUPA,ALPHA_PREFIX,Littoral,CONFIRMED_BY_MATCH,ESG_OR_UNKNOWN,PROBABLE,Lyce de BONEPOUPA,LITTORAL,7EH1GSFD111595108
LT49355L33,LYCEE TECHNIQUE ET PROFESSIONNEL AGRICOLE DE YABASSI,ALPHA_PREFIX,Littoral,CONFIRMED_BY_MATCH,ESTP,PROBABLE,Lyce Bilingue de YABASSI,LITTORAL,7EH1GSBD110322112
LT49355L32,LYCEE TECHNIQUE DE YABASSI,ALPHA_PREFIX,Littoral,CONFIRMED_BY_MATCH,ESTP,PROBABLE,Lyce Bilingue de YABASSI,LITTORAL,7EH1GSBD110322112
LT49364A22,CES DE MOSSE,ALPHA_PREFIX,Littoral,CONFIRMED_BY_MATCH,ESG_OR_UNKNOWN,EXACT_IDENTITY_REGION,CES de MOSSE,LITTORAL,7EI1GSFD102831115
LT49364C34,CETIC DE YINGUI,ALPHA_PREFIX,Littoral,CONFIRMED_BY_MATCH,ESTP,PROBABLE,Lyce de YINGUI,LITTORAL,7EI1GSFD111687095
LT49364I23,LYCEE DE YINGUI,ALPHA_PREFIX,Littoral,CONFIRMED_BY_MATCH,ESG_OR_UNKNOWN,PROBABLE,Lyce de YINGUI,LITTORAL,7EI1GSFD111687095
LT55086A01,CES DE SOMAKEK,ALPHA_PREFIX,Littoral,CONFIRMED_BY_MATCH,ESG_OR_UNKNOWN,EXACT_IDENTITY_REGION,CES de SOMAKEK,LITTORAL,7HC1GSFD102331113
LT55086C52,CETIC DE KOPONGO,ALPHA_PREFIX,Littoral,CONFIRMED_BY_MATCH,ESTP,NEW,,,
14260572,COLLEGE CATHOLIQUE BABA SIMON,DIGIT_PREFIX,,,ESG_OR_UNKNOWN,PROBABLE_NO_REGION_SIGNAL,Lyce de BABA I,NORD-OUEST,3LC1GSAD111076107
LT55086I03,LYCEE DE LOGBADJECK,ALPHA_PREFIX,Littoral,CONFIRMED_BY_MATCH,ESG_OR_UNKNOWN,PROBABLE,Lyce de LOGBADJECK,LITTORAL,7HC1GSFD110053109
LT55086H02,LYCEE BILINGUE DE MISSOLE,ALPHA_PREFIX,Littoral,CONFIRMED_BY_MATCH,ESG_OR_UNKNOWN,PROBABLE,Lyce Bilingue de MISSOLE,LITTORAL,7HC1GSBD110636113
LT55092B04,LYCEE BILINGUE DE MBAMBOU,ALPHA_PREFIX,Littoral,CONFIRMED_BY_MATCH,ESG_OR_UNKNOWN,PROBABLE,Lyce Bilingue de MBAMBOU,LITTORAL,7HE1GSBD100496111
LT55092C53,CETIC DE MBONGO,ALPHA_PREFIX,Littoral,CONFIRMED_BY_MATCH,ESTP,PROBABLE,Lyce Bilingue de MBONGO,LITTORAL,7HE1GSBD110313107
14260573,COLLEGE CATHOLIQUE SAINT GERARD DE DIZANGUE,DIGIT_PREFIX,,,ESG_OR_UNKNOWN,PROBABLE_NO_REGION_SIGNAL,Lyce Bilingue de DIZANGUE,LITTORAL,7HE1GSBD110648112
LT55092H05,LYCEE BILINGUE DE DIZANGUE,ALPHA_PREFIX,Littoral,CONFIRMED_BY_MATCH,ESG_OR_UNKNOWN,PROBABLE,Lyce Bilingue de DIZANGUE,LITTORAL,7HE1GSBD110648112
LT55092H06,LYCEE BILINGUE MBONGO,ALPHA_PREFIX,Littoral,CONFIRMED_BY_MATCH,ESG_OR_UNKNOWN,PROBABLE,Lyce Bilingue de MBONGO,LITTORAL,7HE1GSBD110313107
LT55092L54,LYCEE TECHNIQUE DE DIZANGUE,ALPHA_PREFIX,Littoral,CONFIRMED_BY_MATCH,ESTP,PROBABLE,Lyce Bilingue de DIZANGUE,LITTORAL,7HE1GSBD110648112
14260574,CERCLE DE L&#039;ENCADREMENT DES ELEVES,DIGIT_PREFIX,,,ESG_OR_UNKNOWN,NEW,,,
LT55112A07,CES de BISSEKE-MBANDA,ALPHA_PREFIX,Littoral,CONFIRMED_BY_MATCH,ESG_OR_UNKNOWN,EXACT_IDENTITY_REGION,CES de BISSEKE-MBANDA,LITTORAL,7HH1GSFD102990117
LT55112A08,CES DE YASSOUKOU,ALPHA_PREFIX,Littoral,CONFIRMED_BY_MATCH,ESG_OR_UNKNOWN,EXACT_IDENTITY_REGION,CES de YASSOUKOU,LITTORAL,7HH1GSFD100764109
LT55112C55,CETIC DE SONG MONGUE YASSOUKOU,ALPHA_PREFIX,Littoral,CONFIRMED_BY_MATCH,ESTP,PROBABLE,CES de SONG-SIMOUTH,LITTORAL,7HR1GSFD102175110
14260575,COLLEGE FONDATION PIERRE ET PAUL,DIGIT_PREFIX,,,ESG_OR_UNKNOWN,PROBABLE_NO_REGION_SIGNAL,Lyce de SANGUERE PAUL,NORD,1CL1GSFD111465106
14260576,COLLEGE INTER-NATIONS D&#039;EDEA,DIGIT_PREFIX,,,ESG_OR_UNKNOWN,PROBABLE_NO_REGION_SIGNAL,Lyce Bilingue d'EDEA,LITTORAL,7HH1GSBD110360092
14260577,COLLEGE MATIG SADRACK,DIGIT_PREFIX,,,ESG_OR_UNKNOWN,NEW,,,
14260578,COLLEGE NOTRE DAME,DIGIT_PREFIX,,,ESG_OR_UNKNOWN,NEW,,,
14260579,COLLEGE PROTESTANT GEORGES SCHWAB,DIGIT_PREFIX,,,ESG_OR_UNKNOWN,NEW,,,
14260580,COLLEGE SAINT PIE X D&#039;EDEA,DIGIT_PREFIX,,,ESG_OR_UNKNOWN,PROBABLE_NO_REGION_SIGNAL,Lyce Bilingue d'EDEA,LITTORAL,7HH1GSBD110360092
14260581,COURS DU SOIR DU CEE,DIGIT_PREFIX,,,ADULT_EVENING,NEW,,,
LT55112E56,ENIEG bILINGUE D&#039;EDEA,ALPHA_PREFIX,Littoral,CONFIRMED_BY_MATCH,ENI,PROBABLE,Lyce Bilingue d'EDEA,LITTORAL,7HH1GSBD110360092
14260582,FRATERNAL BILINGUAL GRAMMAR AND TECHNICAL COLLEGE ANG,DIGIT_PREFIX,,,ESG_OR_UNKNOWN,NEW,,,
14260583,INSTITUT DU RENOUVEAU,DIGIT_PREFIX,,,ESG_OR_UNKNOWN,NEW,,,
LT55112H10,LYCEE BILINGUE DE BEON,ALPHA_PREFIX,Littoral,CONFIRMED_BY_MATCH,ESG_OR_UNKNOWN,PROBABLE,Lyce Bilingue de BEON,LITTORAL,7HH1GSBD110332112
LT55112H09,LYCEE BILINGUE D&#039;EDEA,ALPHA_PREFIX,Littoral,CONFIRMED_BY_MATCH,ESG_OR_UNKNOWN,PROBABLE,Lyce Bilingue d'EDEA,LITTORAL,7HH1GSBD110360092
LT55112H11,LYCEE BILINGUE FERME-SUISSE,ALPHA_PREFIX,Littoral,CONFIRMED_BY_MATCH,ESG_OR_UNKNOWN,PROBABLE,Lyce Bilingue de la FERME SUISSE,LITTORAL,7HH1GSBD111952109
LT55112I12,LYCEE CLASSIQUE D&#039;EDEA,ALPHA_PREFIX,Littoral,CONFIRMED_BY_MATCH,ESG_OR_UNKNOWN,PROBABLE,Lyce Classique d'EDEA,LITTORAL,7HH1GSFD112218074
LT55112I13,LYCEE D&#039;OSSOMBAH,ALPHA_PREFIX,Littoral,CONFIRMED_BY_MATCH,ESG_OR_UNKNOWN,PROBABLE,Lyce d'OSSOMBAH,LITTORAL,7HH1GSFD110448113
LT55112L57,LYCEE TECHNIQUE EDEA,ALPHA_PREFIX,Littoral,CONFIRMED_BY_MATCH,ESTP,PROBABLE,Lyce Bilingue d'EDEA,LITTORAL,7HH1GSBD110360092
LT55113A14,CES de MALIMBA-GARE,ALPHA_PREFIX,Littoral,CONFIRMED_BY_MATCH,ESG_OR_UNKNOWN,EXACT_IDENTITY_REGION,CES de MALIMBA-GARE,LITTORAL,7HI1GSFD103028117
LT55113A15,CES DE NGONGA,ALPHA_PREFIX,Littoral,CONFIRMED_BY_MATCH,ESG_OR_UNKNOWN,EXACT_IDENTITY_REGION,CES de NGONGA,LITTORAL,7HI1GSFD101316108
LT55113C58,CETIC DE MALIMBA,ALPHA_PREFIX,Littoral,CONFIRMED_BY_MATCH,ESTP,PROBABLE,CES de MALIMBA-GARE,LITTORAL,7HI1GSFD103028117
14260584,COLLEGE CATHOLIQUE SAINTE ODILE D&#039;EKITE,DIGIT_PREFIX,,,ESG_OR_UNKNOWN,PROBABLE_NO_REGION_SIGNAL,Lyce d'EKITE,LITTORAL,7HI1GSFD111881103
14260585,COLLEGE SAINTE TRINITE(INSTITUT DINO),DIGIT_PREFIX,,,ESG_OR_UNKNOWN,NEW,,,
LT55113I16,LYCEE D&#039;EKITE,ALPHA_PREFIX,Littoral,CONFIRMED_BY_MATCH,ESG_OR_UNKNOWN,PROBABLE,Lyce d'EKITE,LITTORAL,7HI1GSFD111881103
LT55113L59,LYCEE TECHNIQUE D&#039;EKITE,ALPHA_PREFIX,Littoral,CONFIRMED_BY_MATCH,ESTP,PROBABLE,Lyce d'EKITE,LITTORAL,7HI1GSFD111881103
LT55207A17,CES DE KAHN,ALPHA_PREFIX,Littoral,CONFIRMED_BY_MATCH,ESG_OR_UNKNOWN,EXACT_IDENTITY_REGION,CES de KAHN,LITTORAL,7HJ1GSFD100492108
LT55207C60,CETIC DE PENDJOCK,ALPHA_PREFIX,Littoral,CONFIRMED_BY_MATCH,ESTP,NEW,,,
LT55207C61,CETIC SONGMBENGUE,ALPHA_PREFIX,Littoral,CONFIRMED_BY_MATCH,ESTP,PROBABLE,Lyce de SONGMBENGUE,LITTORAL,7HJ1GSFD110063106
LT55207I18,LYCEE DE MASSOCK SONG LOULOU,ALPHA_PREFIX,Littoral,CONFIRMED_BY_MATCH,ESG_OR_UNKNOWN,PROBABLE,Lyce de MASSOCK-SONGLOULOU,LITTORAL,7HJ1GSFD110070109
LT55207I19,LYCEE DE NKOM,ALPHA_PREFIX,Littoral,CONFIRMED_BY_MATCH,ESG_OR_UNKNOWN,PROBABLE,Lyce de NKOM,LITTORAL,7HJ1GSFD110052109
LT55207I20,LYCEE DE SONGMBENGUE,ALPHA_PREFIX,Littoral,CONFIRMED_BY_MATCH,ESG_OR_UNKNOWN,PROBABLE,Lyce de SONGMBENGUE,LITTORAL,7HJ1GSFD110063106
LT55251A21,CES D&#039;OLOMBE,ALPHA_PREFIX,Littoral,CONFIRMED_BY_MATCH,ESG_OR_UNKNOWN,PROBABLE,CES d'OLOMBE,LITTORAL,7HK1GSFD102375113
LT55251H22,LYCEE BILINGUE DE MOUANKO,ALPHA_PREFIX,Littoral,CONFIRMED_BY_MATCH,ESG_OR_UNKNOWN,PROBABLE,Lyce Bilingue de MOUANKO,LITTORAL,7HK1GSBD111887108
LT55251L62,LYCEE TECHNIQUE DE MOUANKO,ALPHA_PREFIX,Littoral,CONFIRMED_BY_MATCH,ESTP,PROBABLE,Lyce Bilingue de MOUANKO,LITTORAL,7HK1GSBD111887108
LT55261B23,CES BILINGUE DE NDOM,ALPHA_PREFIX,Littoral,CONFIRMED_BY_MATCH,ESG_OR_UNKNOWN,EXACT_IDENTITY_REGION,CES Bilingue de NDOM,LITTORAL,7HL1GSBD102693114
LT55261A24,CES DE BIPOCK,ALPHA_PREFIX,Littoral,CONFIRMED_BY_MATCH,ESG_OR_UNKNOWN,EXACT_IDENTITY_REGION,CES de BIPOCK,LITTORAL,7HL1GSFD101310112
LT55261A25,CES DE MBONGO - NDOM,ALPHA_PREFIX,Littoral,CONFIRMED_BY_MATCH,ESG_OR_UNKNOWN,EXACT_IDENTITY_REGION,CES de MBONGO-NDOM,LITTORAL,7HL1GSFD101320109
LT55261A26,CES DE NDOG BABEM,ALPHA_PREFIX,Littoral,CONFIRMED_BY_MATCH,ESG_OR_UNKNOWN,EXACT_IDENTITY_REGION,CES de NDOG-BABEM,LITTORAL,7HL1GSFD100226100
LT55261A27,CES DE NGOCK,ALPHA_PREFIX,Littoral,CONFIRMED_BY_MATCH,ESG_OR_UNKNOWN,EXACT_IDENTITY_REGION,CES de NGOCK,LITTORAL,7HL1GSFD101585108
LT55261A28,CES DE SO&#039;O,ALPHA_PREFIX,Littoral,CONFIRMED_BY_MATCH,ESG_OR_UNKNOWN,NEW,,,
LT55261C63,CETIC DE BODBADJANG,ALPHA_PREFIX,Littoral,CONFIRMED_BY_MATCH,ESTP,NEW,,,
LT55261C64,CETIC DE KOMBE II,ALPHA_PREFIX,Littoral,CONFIRMED_BY_MATCH,ESTP,NEW,,,
LT55261I30,LYCEE DE NDOM,ALPHA_PREFIX,Littoral,CONFIRMED_BY_MATCH,ESG_OR_UNKNOWN,PROBABLE,CES Bilingue de NDOM,LITTORAL,7HL1GSBD102693114
LT55261I29,LYCEE D&#039;OMENG,ALPHA_PREFIX,Littoral,CONFIRMED_BY_MATCH,ESG_OR_UNKNOWN,PROBABLE,Lyce d'OMENG,LITTORAL,7HL1GSFD111573107
LT55261L65,LYCEE TECHNIQUE DE NDOM,ALPHA_PREFIX,Littoral,CONFIRMED_BY_MATCH,ESTP,PROBABLE,CES Bilingue de NDOM,LITTORAL,7HL1GSBD102693114
LT55266A32,CES DE BODIPO (VIDE),ALPHA_PREFIX,Littoral,CONFIRMED_BY_MATCH,ESG_OR_UNKNOWN,PROBABLE,CES de BODIPO,LITTORAL,7HM1GSFD101555098
LT55266A31,CES DE INYOUYA,ALPHA_PREFIX,Littoral,CONFIRMED_BY_MATCH,ESG_OR_UNKNOWN,EXACT_IDENTITY_REGION,CES d'INYOUYA,LITTORAL,7HM1GSFD100977109
LT55266I33,LYCEE DE NGAMBE,ALPHA_PREFIX,Littoral,CONFIRMED_BY_MATCH,ESG_OR_UNKNOWN,PROBABLE,Lyce de NGAMBE,LITTORAL,7HM1GSFD111681092
LT55266I34,LYCEE DE NIEL,ALPHA_PREFIX,Littoral,CONFIRMED_BY_MATCH,ESG_OR_UNKNOWN,PROBABLE,Lyce de NIEL,LITTORAL,7HM1GSFD111558112
LT55266L66,LYCEE TECHNIQUE DE NGAMBE,ALPHA_PREFIX,Littoral,CONFIRMED_BY_MATCH,ESTP,PROBABLE,Lyce de NGAMBE,LITTORAL,7HM1GSFD111681092
LT55286A36,CES DE MANDJAP-GARE,ALPHA_PREFIX,Littoral,CONFIRMED_BY_MATCH,ESG_OR_UNKNOWN,EXACT_IDENTITY_REGION,CES de MANDJAP-GARE,LITTORAL,7HN1GSFD101132111
LT55286A37,CES DE NDJOCK LOUMBE,ALPHA_PREFIX,Littoral,CONFIRMED_BY_MATCH,ESG_OR_UNKNOWN,EXACT_IDENTITY_REGION,CES de NDJOCK-LOUMBE,LITTORAL,7HN1GSFD101138110
LT55286A35,CES D&#039;EBOMBE,ALPHA_PREFIX,Littoral,CONFIRMED_BY_MATCH,ESG_OR_UNKNOWN,PROBABLE,CES d'EBOMBE,LITTORAL,7HN1GSFD101549109
LT55286C67,CETIC DE MAKONDO,ALPHA_PREFIX,Littoral,CONFIRMED_BY_MATCH,ESTP,PROBABLE,Lyce de MAKONDO,LITTORAL,7HN1GSFD111155107
LT55286I38,LYCEE DE MAKONDO,ALPHA_PREFIX,Littoral,CONFIRMED_BY_MATCH,ESG_OR_UNKNOWN,PROBABLE,Lyce de MAKONDO,LITTORAL,7HN1GSFD111155107
LT55310A39,CES BAYA LOG NTOMB,ALPHA_PREFIX,Littoral,CONFIRMED_BY_MATCH,ESG_OR_UNKNOWN,EXACT_IDENTITY_REGION,CES de BAYA-LOG-NTOMB,LITTORAL,7HQ1GSFD101130108
LT55310A40,CES DE NYAHO,ALPHA_PREFIX,Littoral,CONFIRMED_BY_MATCH,ESG_OR_UNKNOWN,EXACT_IDENTITY_REGION,CES de NYAHO,LITTORAL,7HQ1GSFD101142110
LT55310A41,CES DE POCK - MAHONDA,ALPHA_PREFIX,Littoral,CONFIRMED_BY_MATCH,ESG_OR_UNKNOWN,EXACT_IDENTITY_REGION,CES de POCK-MAHONDA,LITTORAL,7HQ1GSFD102378113
LT55310C68,CETIC DE BINOUM,ALPHA_PREFIX,Littoral,CONFIRMED_BY_MATCH,ESTP,NEW,,,
LT55310C69,CETIC DE NKONGKWALLA,ALPHA_PREFIX,Littoral,CONFIRMED_BY_MATCH,ESTP,PROBABLE,Lyce de NKONGKWALLA,LITTORAL,7HQ1GSFD110970109
14260586,COLLEGE SAINT BRUNO,DIGIT_PREFIX,,,ESG_OR_UNKNOWN,NEW,,,
LT55310I45,LYCEE DE NYANON,ALPHA_PREFIX,Littoral,CONFIRMED_BY_MATCH,ESG_OR_UNKNOWN,PROBABLE,Lyce de NYANON,LITTORAL,7HQ1GSFD111979096
LT55310I42,LYCEE DE KELLENG,ALPHA_PREFIX,Littoral,CONFIRMED_BY_MATCH,ESG_OR_UNKNOWN,PROBABLE,Lyce de KELLENG,LITTORAL,7HQ1GSFD111176113
LT55310I43,LYCEE DE NDEME,ALPHA_PREFIX,Littoral,CONFIRMED_BY_MATCH,ESG_OR_UNKNOWN,PROBABLE,Lyce de NDEME,LITTORAL,7HQ1GSFD111542112
LT55310I44,LYCEE DE NKONGKWALLA,ALPHA_PREFIX,Littoral,CONFIRMED_BY_MATCH,ESG_OR_UNKNOWN,PROBABLE,Lyce de NKONGKWALLA,LITTORAL,7HQ1GSFD110970109
LT55310I46,LYCEE DE SONGMBOG,ALPHA_PREFIX,Littoral,CONFIRMED_BY_MATCH,ESG_OR_UNKNOWN,PROBABLE,Lyce de SONGMBOG,LITTORAL,7HQ1GSFD111603109
LT55310L70,LYCEE TECHNIQUE DE NYANON,ALPHA_PREFIX,Littoral,CONFIRMED_BY_MATCH,ESTP,PROBABLE,Lyce de NYANON,LITTORAL,7HQ1GSFD111979096
LT55322A47,CES DE NGOMPEM,ALPHA_PREFIX,Littoral,CONFIRMED_BY_MATCH,ESG_OR_UNKNOWN,EXACT_IDENTITY_REGION,CES de NGOMPEM,LITTORAL,7HR1GSFD102113102
LT55322A48,CES DE NKONGA,ALPHA_PREFIX,Littoral,CONFIRMED_BY_MATCH,ESG_OR_UNKNOWN,EXACT_IDENTITY_REGION,CES de NKONGA,LITTORAL,7HR1GSFD102057111
LT55322A49,CES DE SOKELLE,ALPHA_PREFIX,Littoral,CONFIRMED_BY_MATCH,ESG_OR_UNKNOWN,EXACT_IDENTITY_REGION,CES de SOKELLE,LITTORAL,7HR1GSFD101600108
LT55322A50,CES DE SONG SIMOUTH,ALPHA_PREFIX,Littoral,CONFIRMED_BY_MATCH,ESG_OR_UNKNOWN,EXACT_IDENTITY_REGION,CES de SONG-SIMOUTH,LITTORAL,7HR1GSFD102175110
LT55322C71,CETIC D&#039;ITAT MBAI,ALPHA_PREFIX,Littoral,CONFIRMED_BY_MATCH,ESTP,NEW,,,
LT55322I51,LYCEE BILINGUE DE POUMA,ALPHA_PREFIX,Littoral,CONFIRMED_BY_MATCH,ESG_OR_UNKNOWN,PROBABLE,Lyce Bilingue de POUMA,LITTORAL,7HR1GSFD111931091
LT55322L72,LYCEE TECHNIQUE DE POUMA,ALPHA_PREFIX,Littoral,CONFIRMED_BY_MATCH,ESTP,PROBABLE,Lyce Bilingue de POUMA,LITTORAL,7HR1GSFD111931091
14280587,CEGTI DE LA SALLE,DIGIT_PREFIX,,,ESTP,NEW,,,
14280588,CETI-CPFO,DIGIT_PREFIX,,,ESG_OR_UNKNOWN,NEW,,,
14280589,COLLEGE POLYVALENT DE DOUALA,DIGIT_PREFIX,,,ESG_OR_UNKNOWN,PROBABLE_NO_REGION_SIGNAL,Lyce JOSS DE DOUALA,LITTORAL,7IC1GSFD112465054
14280590,COLLEGE ALFRED SAKER,DIGIT_PREFIX,,,ESG_OR_UNKNOWN,NEW,,,
14280591,COLLEGE DORA ET DJEMBA,DIGIT_PREFIX,,,ESG_OR_UNKNOWN,NEW,,,
14280592,COLLEGE EMILIE SAKER,DIGIT_PREFIX,,,ESG_OR_UNKNOWN,NEW,,,
14280593,COLLEGE EYENGUE NKONGO,DIGIT_PREFIX,,,ESG_OR_UNKNOWN,NEW,,,
14280594,COLLEGE KING AKWA,DIGIT_PREFIX,,,ESG_OR_UNKNOWN,PROBABLE_NO_REGION_SIGNAL,Lyce d'AKWA,LITTORAL,7IC1GSFD110287091
14280595,COLLEGE LIBERMANN,DIGIT_PREFIX,,,ESG_OR_UNKNOWN,NEW,,,
14280596,COLLEGE PRIVE DE SECRETARIAT ET DE COMMERCE (COPSECO),DIGIT_PREFIX,,,ESG_OR_UNKNOWN,NEW,,,
14280597,COLLEGE PRIVE LAIC DU RENOUVEAU,DIGIT_PREFIX,,,ESG_OR_UNKNOWN,NEW,,,
14280598,COLLEGE SAINT ESPRIT DOUALA,DIGIT_PREFIX,,,ESG_OR_UNKNOWN,PROBABLE_NO_REGION_SIGNAL,Lyce JOSS DE DOUALA,LITTORAL,7IC1GSFD112465054
14280599,ECOLE DES SCIENCE APPLIQUEES ET D&#039;ORIENTATION (ESAO),DIGIT_PREFIX,,,ESG_OR_UNKNOWN,NEW,,,
14280600,ENIEG PRIVEE LAIQUE LE PETIT MONDE,DIGIT_PREFIX,,,ENI,PROBABLE_NO_REGION_SIGNAL,Lyce Bilingue de BOBONGO-PETIT-PARIS,LITTORAL,7IH1GSBD110694111
14280601,INSTITUT D&#039;ENSEIGNEMENT SECONDAIRE DE BONAJINJE (IESB),DIGIT_PREFIX,,,ESG_OR_UNKNOWN,NEW,,,
14280602,INTEG DOUALA,DIGIT_PREFIX,,,ESG_OR_UNKNOWN,PROBABLE_NO_REGION_SIGNAL,Lyce JOSS DE DOUALA,LITTORAL,7IC1GSFD112465054
LT58097H01,LYCEE BILINGUE DE DEIDO,ALPHA_PREFIX,Littoral,CONFIRMED_BY_MATCH,ESG_OR_UNKNOWN,PROBABLE,Lyce Bilingue de DEIDO,LITTORAL,7IC1GSBD110036092
LT58097I02,LYCEE D&#039;AKWA,ALPHA_PREFIX,Littoral,CONFIRMED_BY_MATCH,ESG_OR_UNKNOWN,PROBABLE,Lyce d'AKWA,LITTORAL,7IC1GSFD110287091
LT58097I03,LYCEE JOSS,ALPHA_PREFIX,Littoral,CONFIRMED_BY_MATCH,ESG_OR_UNKNOWN,PROBABLE,Lyce JOSS DE DOUALA,LITTORAL,7IC1GSFD112465054
LT58097L33,LYCEE TECHNIQUE BILINGUE BONADOUMBE,ALPHA_PREFIX,Littoral,CONFIRMED_BY_MATCH,ESTP,NEW,,,
LT58097L34,LYCEE TECHNIQUE BILINGUE DE DOUALA AKWA,ALPHA_PREFIX,Littoral,CONFIRMED_BY_MATCH,ESTP,PROBABLE,Lyce d'AKWA,LITTORAL,7IC1GSFD110287091
LT58097L32,LYCEE TECHNIQUE DOUALA KOUMASSI,ALPHA_PREFIX,Littoral,CONFIRMED_BY_MATCH,ESTP,PROBABLE,Lyce JOSS DE DOUALA,LITTORAL,7IC1GSFD112465054
LT58098B04,LYCEE BILINGUE DE DOUALA II,ALPHA_PREFIX,Littoral,CONFIRMED_BY_MATCH,ESG_OR_UNKNOWN,PROBABLE,Lyce JOSS DE DOUALA,LITTORAL,7IC1GSFD112465054
14280603,COLLEGE BILINGUE MAMDOM,DIGIT_PREFIX,,,ESG_OR_UNKNOWN,NEW,,,
14280604,COLLEGE BILINGUE SOLIDARITE,DIGIT_PREFIX,,,ESG_OR_UNKNOWN,NEW,,,
14280605,COLLEGE EVANGELIQUE DE NEW-BELL,DIGIT_PREFIX,,,ESG_OR_UNKNOWN,PROBABLE_NO_REGION_SIGNAL,Lyce Bilingue de NEW-BELL,LITTORAL,7IE1GSBD110300109
14280606,COLLEGE LES RACHETES,DIGIT_PREFIX,,,ESG_OR_UNKNOWN,NEW,,,
14280607,COLLEGE POLYVALENT MARIA GORETTI,DIGIT_PREFIX,,,ESG_OR_UNKNOWN,NEW,,,
14280608,FAITH BILINGUAL COMPLEX,DIGIT_PREFIX,,,ESG_OR_UNKNOWN,NEW,,,
LT58098H05,LYCEE BILINGUE DE NEW-BELL,ALPHA_PREFIX,Littoral,CONFIRMED_BY_MATCH,ESG_OR_UNKNOWN,PROBABLE,Lyce Bilingue de NEW-BELL,LITTORAL,7IE1GSBD110300109
LT58098I06,LYCEE MONGO JOSEPH,ALPHA_PREFIX,Littoral,CONFIRMED_BY_MATCH,ESG_OR_UNKNOWN,PROBABLE,Lyce TSF MONGO JOSEPH,LITTORAL,7IE1GSFD110002091
14280609,SACRED HEART COLLEGE DOUALA,DIGIT_PREFIX,,,ESG_OR_UNKNOWN,PROBABLE_NO_REGION_SIGNAL,Lyce JOSS DE DOUALA,LITTORAL,7IC1GSFD112465054
LT58099B07,LYCEE BILINGUE DE MBANGA PONGO,ALPHA_PREFIX,Littoral,CONFIRMED_BY_MATCH,ESG_OR_UNKNOWN,PROBABLE,Lyce Bilingue de MBANGA,LITTORAL,7CL1GSBD111678109
14280610,COLEGE BILINGUE LA PERLE,DIGIT_PREFIX,,,ESG_OR_UNKNOWN,NEW,,,
14280611,COLLEGE ANUARITE,DIGIT_PREFIX,,,ESG_OR_UNKNOWN,NEW,,,
14280612,COLLEGE BENEDICTE,DIGIT_PREFIX,,,ESG_OR_UNKNOWN,NEW,,,
14280613,COLLEGE BILINGUE EXCELLENCE TERCIO,DIGIT_PREFIX,,,ESG_OR_UNKNOWN,NEW,,,
14280614,COLLEGE BILINGUE FANON ET CESAIRE,DIGIT_PREFIX,,,ESG_OR_UNKNOWN,NEW,,,
14280615,COLLEGE BILINGUE LA BERGERE,DIGIT_PREFIX,,,ESG_OR_UNKNOWN,NEW,,,
14280616,COLLEGE BILINGUE LA BONTE,DIGIT_PREFIX,,,ESG_OR_UNKNOWN,NEW,,,
14280617,COLLEGE BILINGUE LE MIFET,DIGIT_PREFIX,,,ESG_OR_UNKNOWN,NEW,,,
14280618,COLLEGE BILINGUE SAINT LAURENT DE DOUALA,DIGIT_PREFIX,,,ESG_OR_UNKNOWN,PROBABLE_NO_REGION_SIGNAL,Lyce JOSS DE DOUALA,LITTORAL,7IC1GSFD112465054
14280619,COLLEGE BILINGUE TENFA,DIGIT_PREFIX,,,ESG_OR_UNKNOWN,NEW,,,
14280620,COLLEGE CATHOLIQUE NOTRE DAME DES NATIONS,DIGIT_PREFIX,,,ESG_OR_UNKNOWN,NEW,,,
14280621,COLLEGE CATHOLIQUE SAINT CHARLES BORROMEE,DIGIT_PREFIX,,,ESG_OR_UNKNOWN,NEW,,,
14280622,COLLEGE CHEVREUL,DIGIT_PREFIX,,,ESG_OR_UNKNOWN,NEW,,,
14280623,COLLEGE DE LA RESPONSABILITE,DIGIT_PREFIX,,,ESG_OR_UNKNOWN,NEW,,,
14280624,COLLEGE FOTSO DANIEL,DIGIT_PREFIX,,,ESG_OR_UNKNOWN,NEW,,,
14280625,COLLEGE GERMANA SOMMARUGA,DIGIT_PREFIX,,,ESG_OR_UNKNOWN,NEW,,,
14280626,COLLEGE HENRI DUMONT,DIGIT_PREFIX,,,ESG_OR_UNKNOWN,NEW,,,
14280627,COLLEGE KOUAKEU DE TONFE,DIGIT_PREFIX,,,ESG_OR_UNKNOWN,NEW,,,
14280628,COLLEGE LA PERFECTION,DIGIT_PREFIX,,,ESG_OR_UNKNOWN,NEW,,,
14280629,COLLEGE LA ROCHE,DIGIT_PREFIX,,,ESG_OR_UNKNOWN,NEW,,,
14280630,COLLEGE LE PENTAGONE,DIGIT_PREFIX,,,ESG_OR_UNKNOWN,NEW,,,
14280631,COLLEGE LE ZENITH,DIGIT_PREFIX,,,ESG_OR_UNKNOWN,NEW,,,
14280632,COLLEGE LES CONQUERANTS,DIGIT_PREFIX,,,ESG_OR_UNKNOWN,NEW,,,
14280633,COLLÈGE POLYVALENT MOHOUA-TACHOMKAM,DIGIT_PREFIX,,,ESG_OR_UNKNOWN,NEW,,,
14280634,COLLEGE NOTRE DAME DU PERPETUEL SECOURS,DIGIT_PREFIX,,,ESG_OR_UNKNOWN,NEW,,,
14280635,COLLEGE POLYVALENT BILINGUE RETI,DIGIT_PREFIX,,,ESG_OR_UNKNOWN,NEW,,,
14280636,COLLEGE POLYVALENT DEO GRATIAS GENE,DIGIT_PREFIX,,,ESG_OR_UNKNOWN,NEW,,,
14280637,COLLEGE POLYVALENT LES PRODIGES,DIGIT_PREFIX,,,ESG_OR_UNKNOWN,NEW,,,
14280638,COLLEGE POLYVALENT MBEKOU,DIGIT_PREFIX,,,ESG_OR_UNKNOWN,NEW,,,
14280639,COLLEGE POLYVALENT SAINTE LOUISE,DIGIT_PREFIX,,,ESG_OR_UNKNOWN,NEW,,,
14280640,COLLEGE POLYVALENT SUZANNA,DIGIT_PREFIX,,,ESG_OR_UNKNOWN,NEW,,,
14280641,COLLEGE POLYVALENT TCHOUMI,DIGIT_PREFIX,,,ESG_OR_UNKNOWN,NEW,,,
14280642,COLLEGE POZAM,DIGIT_PREFIX,,,ESG_OR_UNKNOWN,NEW,,,
14280643,COLLEGE PRIVE AGUESSEAU,DIGIT_PREFIX,,,ESG_OR_UNKNOWN,NEW,,,
14280644,COLLEGE PRIVE ELISABETH NKWAMEGNI,DIGIT_PREFIX,,,ESG_OR_UNKNOWN,NEW,,,
14280645,COLLEGE PRIVE LAIC ANDRE NGUEBONG (CPLAN),DIGIT_PREFIX,,,ESG_OR_UNKNOWN,NEW,,,
14280646,COLLEGE PRIVE LAIC DE LA VALLEE,DIGIT_PREFIX,,,ESG_OR_UNKNOWN,NEW,,,
14280647,COLLEGE PRIVE LAIC DE NDOG MBE,DIGIT_PREFIX,,,ESG_OR_UNKNOWN,PROBABLE_NO_REGION_SIGNAL,Lyce de NDOG-HEM,LITTORAL,7IH1GSFD111287099
14280648,COLLEGE PRIVE LAIC FONDATION KAMTCHOUM-NDAMI,DIGIT_PREFIX,,,ESG_OR_UNKNOWN,NEW,,,
14280649,COLLEGE PRIVE LAIC HERPHIL,DIGIT_PREFIX,,,ESG_OR_UNKNOWN,NEW,,,
14280650,COLLEGE PRIVE LAIC LA LIBERTE,DIGIT_PREFIX,,,ESG_OR_UNKNOWN,NEW,,,
14280651,COLLEGE PRIVE LAIC LA PREFERENCE,DIGIT_PREFIX,,,ESG_OR_UNKNOWN,NEW,,,
14280652,COLLEGE PRIVE LAIC LA PROMESSE,DIGIT_PREFIX,,,ESG_OR_UNKNOWN,NEW,,,
14280653,COLLEGE PRIVE LAIC L&#039;EDUCATEUR,DIGIT_PREFIX,,,ESG_OR_UNKNOWN,NEW,,,
14280654,COLLEGE PRIVE LAIC MAFI LOWA,DIGIT_PREFIX,,,ESG_OR_UNKNOWN,NEW,,,
14280655,COLLEGE PRIVE LAIC MAITRE FOTSO,DIGIT_PREFIX,,,ESG_OR_UNKNOWN,NEW,,,
14280656,COLLEGE PRIVE LAIC MEUKOUONTCHOU,DIGIT_PREFIX,,,ESG_OR_UNKNOWN,NEW,,,
14280657,COLLEGE PRIVE LAIC NKUIMY,DIGIT_PREFIX,,,ESG_OR_UNKNOWN,NEW,,,
14280658,COLLEGE PRIVE LAIC SAINTE MARTHE,DIGIT_PREFIX,,,ESG_OR_UNKNOWN,NEW,,,
14280659,COLLEGE PRIVE LAIC TCHOUTAT,DIGIT_PREFIX,,,ESG_OR_UNKNOWN,NEW,,,
14280660,COLLEGE PRIVE NKOUALONG ADOLPHE,DIGIT_PREFIX,,,ESG_OR_UNKNOWN,NEW,,,
14280661,COLLEGE ROGER MFUPA,DIGIT_PREFIX,,,ESG_OR_UNKNOWN,NEW,,,
14280662,COLLEGE SAINT MICHEL,DIGIT_PREFIX,,,ESG_OR_UNKNOWN,PROBABLE_NO_REGION_SIGNAL,Lyce Bilingue de PENKA-MICHEL,OUEST,4JJ1GSBD111187109
14280663,COLLEGE SANTA BARBARA,DIGIT_PREFIX,,,ESG_OR_UNKNOWN,PROBABLE_NO_REGION_SIGNAL,Lyce Bilingue de SANTA,NORD-OUEST,3JK1GSBD110215102
14280664,COMPLESE SCOLAIRE L&#039;EBENE YASSA,DIGIT_PREFIX,,,ESG_OR_UNKNOWN,NEW,,,
14280665,COMPLEXE SCOLAIRE KAMHOUA,DIGIT_PREFIX,,,ESG_OR_UNKNOWN,NEW,,,
14280666,COURS DU SOIR LA PATIENCE,DIGIT_PREFIX,,,ADULT_EVENING,NEW,,,
14280667,CPL LA MANNE,DIGIT_PREFIX,,,ESG_OR_UNKNOWN,NEW,,,
14280668,ENIET DOUALA IV,DIGIT_PREFIX,,,ENI,PROBABLE_NO_REGION_SIGNAL,Lyce JOSS DE DOUALA,LITTORAL,7IC1GSFD112465054
LT58099F35,ENIEG BILINGUE DE DOUALA,ALPHA_PREFIX,Littoral,CONFIRMED_BY_MATCH,ENI,PROBABLE,Lyce JOSS DE DOUALA,LITTORAL,7IC1GSFD112465054
14280669,ENIEG PRIVEE DE L&#039;EXCELLENCE PROFESSIONNELLE,DIGIT_PREFIX,,,ENI,NEW,,,
14280670,ENIEG PRIVEE LA SORBONNE,DIGIT_PREFIX,,,ENI,NEW,,,
LT58101G38,ENIET DE DOUALA,ALPHA_PREFIX,Littoral,CONFIRMED_BY_MATCH,ENI,PROBABLE,Lyce JOSS DE DOUALA,LITTORAL,7IC1GSFD112465054
14280671,ENIET PRIVEE DE L&#039;EXCELLENCE PROFESSIONNELLE,DIGIT_PREFIX,,,ENI,NEW,,,
14280672,FONDATION BILINGUE PIERRE MARIE DJOKO,DIGIT_PREFIX,,,ESG_OR_UNKNOWN,NEW,,,
14280673,INSTITUT AFRICAIN DES ENSEIGNEMENTS SECONDAIRES (IAES),DIGIT_PREFIX,,,ESG_OR_UNKNOWN,NEW,,,
14280674,INSTITUT BILINGUE ACHOUKA,DIGIT_PREFIX,,,ESG_OR_UNKNOWN,NEW,,,
14280675,INSTITUT BILINGUE NZIHI,DIGIT_PREFIX,,,ESG_OR_UNKNOWN,NEW,,,
14280676,INSTITUT DE TECHNOLOGIE ET DE GESTION,DIGIT_PREFIX,,,ESG_OR_UNKNOWN,NEW,,,
14280677,INSTITUT LA MADONE,DIGIT_PREFIX,,,ESG_OR_UNKNOWN,NEW,,,
14280678,INSTITUT NGASSI,DIGIT_PREFIX,,,ESG_OR_UNKNOWN,NEW,,,
14280679,INSTITUT POLYVALENT BILINGUE LA ROSE,DIGIT_PREFIX,,,ESG_OR_UNKNOWN,NEW,,,
14280680,INSTITUT POLYVALENT BILINGUE PIEDJOU,DIGIT_PREFIX,,,ESG_OR_UNKNOWN,NEW,,,
14280681,INSTITUT POLYVALENT BILINGUE TATIE,DIGIT_PREFIX,,,ESG_OR_UNKNOWN,NEW,,,
14280682,INSTITUT POLYVALENT BILINGUE WISDOM,DIGIT_PREFIX,,,ESG_OR_UNKNOWN,NEW,,,
14280683,INSTITUT POLYVALENT DE LA CITE BERGE,DIGIT_PREFIX,,,ESG_OR_UNKNOWN,PROBABLE_NO_REGION_SIGNAL,Lyce de LA CITE DES PALMIERS,LITTORAL,7IJ1GSFD110039090
14280684,INSTITUT POLYVALENT DE LA RENOVATION,DIGIT_PREFIX,,,ESG_OR_UNKNOWN,NEW,,,
14280685,INSTITUT POLYVALENT MESSA,DIGIT_PREFIX,,,ESG_OR_UNKNOWN,NEW,,,
14280686,INSTITUT POLYVALENT MINFANG,DIGIT_PREFIX,,,ESG_OR_UNKNOWN,NEW,,,
14280687,INSTITUT POLYVALENT MODERNE LES ANGES,DIGIT_PREFIX,,,ESG_OR_UNKNOWN,PROBABLE_NO_REGION_SIGNAL,Lyce Classique et Moderne de BAFIA,CENTRE,5HC1GSFD112342106
14280688,INSTITUT POLYVALENT NANA,DIGIT_PREFIX,,,ESG_OR_UNKNOWN,NEW,,,
14280689,INSTITUT POLYVALENT OUAKAM,DIGIT_PREFIX,,,ESG_OR_UNKNOWN,NEW,,,
14280690,INSTITUT PRIVE LAIC YULIANA,DIGIT_PREFIX,,,ESG_OR_UNKNOWN,NEW,,,
14280691,INSTITUT SAINT LOUIS,DIGIT_PREFIX,,,ESG_OR_UNKNOWN,NEW,,,
14280692,INSTITUT SAINTE GABRIELLE,DIGIT_PREFIX,,,ESG_OR_UNKNOWN,NEW,,,
14280693,INSTITUT SECONDAIRE DE TECHNOLOGIE,DIGIT_PREFIX,,,ESG_OR_UNKNOWN,NEW,,,
14280694,INSTITUT TECHNIQUE BILINGUE DE L&#039;AEROPORT (ITBA),DIGIT_PREFIX,,,ESG_OR_UNKNOWN,NEW,,,
14280695,INSTITUTION DES TECHNIQUES INDUSTRIELLES ET COMMERCIALES (ITIC),DIGIT_PREFIX,,,ESG_OR_UNKNOWN,NEW,,,
14280696,KING DAVID COMPREHENSIVE COLLEGE,DIGIT_PREFIX,,,ESG_OR_UNKNOWN,PROBABLE_NO_REGION_SIGNAL,CES de KING-PLACE-BATCHAM,OUEST,4CE1GSFD101616111
LT58099I17,LYCEE DE PK21,ALPHA_PREFIX,Littoral,CONFIRMED_BY_MATCH,ESG_OR_UNKNOWN,PROBABLE,Lyce de PK21,LITTORAL,7IH1GSFD110273115
LT58099H08,LYCEE BILINGUE BOBONGO PETIT PARIS,ALPHA_PREFIX,Littoral,CONFIRMED_BY_MATCH,ESG_OR_UNKNOWN,PROBABLE,Lyce Bilingue de BOBONGO-PETIT-PARIS,LITTORAL,7IH1GSBD110694111
LT58099H09,LYCEE BILINGUE DE NGODI BAKOKO,ALPHA_PREFIX,Littoral,CONFIRMED_BY_MATCH,ESG_OR_UNKNOWN,PROBABLE,Lyce Bilingue de NGODI-BAKOKO,LITTORAL,7IH1GSBD110294112
LT58099H10,LYCEE BILINGUE DE NYALLA,ALPHA_PREFIX,Littoral,CONFIRMED_BY_MATCH,ESG_OR_UNKNOWN,PROBABLE,Lyce Bilingue de NYALLA,LITTORAL,7IH1GSBD111167105
LT58099H11,LYCEE BILINGUE DE NYLON BRAZZAVILLE,ALPHA_PREFIX,Littoral,CONFIRMED_BY_MATCH,ESG_OR_UNKNOWN,PROBABLE,Lyce Bilingue de NYLON-BRAZZAVILLE,LITTORAL,7IH1GSBD111146111
LT58099I12,LYCEE BILINGUE DU GENIE MILITAIRE,ALPHA_PREFIX,Littoral,CONFIRMED_BY_MATCH,ESG_OR_UNKNOWN,PROBABLE,Lyce Bilingue du GENIE MILITAIRE,LITTORAL,7IH1GSBD110223107
LT58099I14,LYCEE BILINGUE DE JAPOMA,ALPHA_PREFIX,Littoral,CONFIRMED_BY_MATCH,ESG_OR_UNKNOWN,PROBABLE,Lyce Bilingue de JAPOMA,LITTORAL,7IH1GSFD110083099
LT58099I15,LYCEE DE NDOG-HEM,ALPHA_PREFIX,Littoral,CONFIRMED_BY_MATCH,ESG_OR_UNKNOWN,PROBABLE,Lyce de NDOG-HEM,LITTORAL,7IH1GSFD111287099
LT58099I16,LYCEE BILINGUE DE NYLON NDOGPASSI,ALPHA_PREFIX,Littoral,CONFIRMED_BY_MATCH,ESG_OR_UNKNOWN,PROBABLE,Lyce Bilingue de NYLON-NDOGPASSI,LITTORAL,7IH1GSFD112053095
LT58099I13,LYCEE D&#039;OYACK,ALPHA_PREFIX,Littoral,CONFIRMED_BY_MATCH,ESG_OR_UNKNOWN,PROBABLE,Lyce d'OYACK,LITTORAL,7IH1GSFD110305090
14280697,MENEMO BILINGUAL COLLEGE,DIGIT_PREFIX,,,ESG_OR_UNKNOWN,NEW,,,
14280698,SEMINAIRE SAINT PAUL DE NYLON,DIGIT_PREFIX,,,ESG_OR_UNKNOWN,PROBABLE_NO_REGION_SIGNAL,Lyce Bilingue de NYLON-BRAZZAVILLE,LITTORAL,7IH1GSBD111146111
14280699,ALL SAINTS BILINGUAL COLLEGE,DIGIT_PREFIX,,,ESG_OR_UNKNOWN,NEW,,,
14280700,ATLANTA BILINGUAL COMPREHENSIVE HIGH SCHOOL BONABERIE ANG,DIGIT_PREFIX,,,ESG_OR_UNKNOWN,NEW,,,
LT58100B18,LYCEE BILINGUE DE MINKWELLE,ALPHA_PREFIX,Littoral,CONFIRMED_BY_MATCH,ESG_OR_UNKNOWN,PROBABLE,CES Bilingue de MINKWELLE,LITTORAL,7II1GSBD102868116
14280701,CETI BILINGUE NGUEUGA TECH FR,DIGIT_PREFIX,,,ESTP,NEW,,,
LT58100C36,CETIC DE BONABERI,ALPHA_PREFIX,Littoral,CONFIRMED_BY_MATCH,ESTP,PROBABLE,Lyce Bilingue de BONABERI,LITTORAL,7II1GSBD110308090
14280702,COLEGE BILINGUE LUC LEGRAND,DIGIT_PREFIX,,,ESG_OR_UNKNOWN,NEW,,,
14280703,COLLEGE BILINGUE BONCHOUO,DIGIT_PREFIX,,,ESG_OR_UNKNOWN,NEW,,,
14280704,COLLEGE BILINGUE DE L&#039;EXACTITUDE,DIGIT_PREFIX,,,ESG_OR_UNKNOWN,NEW,,,
14280705,COLLEGE BILINGUE DE L&#039;HORIZON,DIGIT_PREFIX,,,ESG_OR_UNKNOWN,NEW,,,
14280706,COLLEGE BILINGUE EMERGENCE MIAFFO SOLANGE,DIGIT_PREFIX,,,ESG_OR_UNKNOWN,NEW,,,
14280707,COLLEGE BILINGUE IVAN DE SODIKO,DIGIT_PREFIX,,,ESG_OR_UNKNOWN,PROBABLE_NO_REGION_SIGNAL,Lyce Bilingue de SODIKO,LITTORAL,7II1GSBD111330112
14280708,COLLEGE BILINGUE LE PETIT ROUSSEAU,DIGIT_PREFIX,,,ESG_OR_UNKNOWN,PROBABLE_NO_REGION_SIGNAL,Lyce Bilingue de BOBONGO-PETIT-PARIS,LITTORAL,7IH1GSBD110694111
14280709,COLLEGE BILINGUE PRIVE LAIC TONGO,DIGIT_PREFIX,,,ESG_OR_UNKNOWN,PROBABLE_NO_REGION_SIGNAL,Lyce de FONGO-TONGO,OUEST,4JH1GSFD110680099
14280710,COLLEGE CATHOLIQUE SAINTE CECILE,DIGIT_PREFIX,,,ESG_OR_UNKNOWN,NEW,,,
14280711,COLLEGE D&#039;ENSEIGNEMENT TECHNIQUES COMMERCIALES (CEGET) BONABERI ANG,DIGIT_PREFIX,,,ESG_OR_UNKNOWN,PROBABLE_NO_REGION_SIGNAL,Lyce Bilingue de BONABERI,LITTORAL,7II1GSBD110308090
14280712,COLLEGE DU LEVANT,DIGIT_PREFIX,,,ESG_OR_UNKNOWN,NEW,,,
14280713,COLLEGE LAMARTINE,DIGIT_PREFIX,,,ESG_OR_UNKNOWN,NEW,,,
14280714,COLLEGE POLYVALENT BILINGUE LHES CHRISTIAN,DIGIT_PREFIX,,,ESG_OR_UNKNOWN,NEW,,,
14280715,COLLEGE PRIVE BILINGUE NEW LOOK,DIGIT_PREFIX,,,ESG_OR_UNKNOWN,NEW,,,
14280716,COLLEGE PRIVE LAIC BILINGUE TSOPBENG,DIGIT_PREFIX,,,ESG_OR_UNKNOWN,NEW,,,
14280717,COLLEGE PRIVE LAIC DE L&#039;UNITE,DIGIT_PREFIX,,,ESG_OR_UNKNOWN,NEW,,,
14280718,COLLEGE PRIVE LAIC LA ROSERAIE,DIGIT_PREFIX,,,ESG_OR_UNKNOWN,NEW,,,
14280719,COLLEGE PRIVE LAIC TCHEUFFA FILS,DIGIT_PREFIX,,,ESG_OR_UNKNOWN,NEW,,,
14280720,COLLEGE PRIVE LE DJIONE,DIGIT_PREFIX,,,ESG_OR_UNKNOWN,PROBABLE_NO_REGION_SIGNAL,CES de DJIONE,OUEST,4MH1GSFD101102108
14280721,COLLEGE PRIVE MOUNGANG,DIGIT_PREFIX,,,ESG_OR_UNKNOWN,NEW,,,
14280722,COLLEGE PRIVE NGUESSON CHARLES,DIGIT_PREFIX,,,ESG_OR_UNKNOWN,NEW,,,
14280723,COLLEGE PROGRESSIF NGOUNOU,DIGIT_PREFIX,,,ESG_OR_UNKNOWN,NEW,,,
14280724,COMPLEXE ACADEMIQUE BILINGUE DE VENISE,DIGIT_PREFIX,,,ESG_OR_UNKNOWN,NEW,,,
14280725,DOUALA ACADEMY OF ARTS AND SCIENCES (DAAS),DIGIT_PREFIX,,,ESG_OR_UNKNOWN,PROBABLE_NO_REGION_SIGNAL,Lyce JOSS DE DOUALA,LITTORAL,7IC1GSFD112465054
14280726,ENIEG PRIVEE BILINGUE DIAMONDS,DIGIT_PREFIX,,,ENI,NEW,,,
14280727,INSTITUT BILINGUE TONJI,DIGIT_PREFIX,,,ESG_OR_UNKNOWN,NEW,,,
14280728,INSTITUT POLYVALENT BILINGUE ST JACQUES,DIGIT_PREFIX,,,ESG_OR_UNKNOWN,NEW,,,
LT58100L37,LYCEE TECHNIQUE BILINGUE DE BONABERI,ALPHA_PREFIX,Littoral,CONFIRMED_BY_MATCH,ESTP,PROBABLE,Lyce Bilingue de BONABERI,LITTORAL,7II1GSBD110308090
LT58100H19,LYCEE BILINGUE BOJONGO,ALPHA_PREFIX,Littoral,CONFIRMED_BY_MATCH,ESG_OR_UNKNOWN,PROBABLE,Lyce Bilingue de BOJONGO,LITTORAL,7II1GSBD110268108
LT58100H20,LYCEE BILINGUE DE BONABERI,ALPHA_PREFIX,Littoral,CONFIRMED_BY_MATCH,ESG_OR_UNKNOWN,PROBABLE,Lyce Bilingue de BONABERI,LITTORAL,7II1GSBD110308090
LT58100H21,LYCEE BILINGUE DE BONASSAMA,ALPHA_PREFIX,Littoral,CONFIRMED_BY_MATCH,ESG_OR_UNKNOWN,PROBABLE,Lyce Bilingue de BONASSAMA,LITTORAL,7II1GSBD112333115
LT58100H22,LYCEE BILINGUE DE MAMBANDA,ALPHA_PREFIX,Littoral,CONFIRMED_BY_MATCH,ESG_OR_UNKNOWN,PROBABLE,Lyce Bilingue de MAMBANDA,LITTORAL,7II1GSBD110297110
LT58100H23,LYCEE BILINGUE DE SODIKO,ALPHA_PREFIX,Littoral,CONFIRMED_BY_MATCH,ESG_OR_UNKNOWN,PROBABLE,Lyce Bilingue de SODIKO,LITTORAL,7II1GSBD111330112
LT58100J24,LYCEE POLYVALENT DE BONABERI,ALPHA_PREFIX,Littoral,CONFIRMED_BY_MATCH,ESG_OR_UNKNOWN,PROBABLE,Lyce Bilingue de BONABERI,LITTORAL,7II1GSBD110308090
14280730,MEMORY BILINGUAL COMPREHENSIVE SECONDARY SCHOOL,DIGIT_PREFIX,,,ESG_OR_UNKNOWN,NEW,,,
14280731,MIAFFO SOLANGE BILINGUAL COLLEGE,DIGIT_PREFIX,,,ESG_OR_UNKNOWN,NEW,,,
14280732,MOTHER TERESA COLLEGE,DIGIT_PREFIX,,,ESG_OR_UNKNOWN,NEW,,,
14280733,NATIONAL BILINGUAL COLLEGE,DIGIT_PREFIX,,,ESG_OR_UNKNOWN,NEW,,,
14280734,BRITISH ISLE INTER COLLEGE,DIGIT_PREFIX,,,ESG_OR_UNKNOWN,NEW,,,
14280735,CEFTI,DIGIT_PREFIX,,,ESTP,NEW,,,
14280736,CEGT DE MALANGUE,DIGIT_PREFIX,,,ESTP,NEW,,,
LT58101A25,LYCEE DE LA CITE-SIC BASSA,ALPHA_PREFIX,Littoral,CONFIRMED_BY_MATCH,ESG_OR_UNKNOWN,PROBABLE,Lyce de LA CITE DES PALMIERS,LITTORAL,7IJ1GSFD110039090
14280737,COLLEGE FOKOUA MICHEL,DIGIT_PREFIX,,,ESG_OR_UNKNOWN,PROBABLE_NO_REGION_SIGNAL,Lyce Bilingue de PENKA-MICHEL,OUEST,4JJ1GSBD111187109
14280738,COLLEGE ANDRE MALRAUX,DIGIT_PREFIX,,,ESG_OR_UNKNOWN,NEW,,,
14280739,COLLEGE BILINGUE ADONAI,DIGIT_PREFIX,,,ESG_OR_UNKNOWN,NEW,,,
14280740,COLLEGE BILINGUE BRIQUINY,DIGIT_PREFIX,,,ESG_OR_UNKNOWN,NEW,,,
14280741,COLLEGE BILINGUE DE LA MATERNITE,DIGIT_PREFIX,,,ESG_OR_UNKNOWN,NEW,,,
14280742,COLLEGE BILINGUE DE LA MATURITE,DIGIT_PREFIX,,,ESG_OR_UNKNOWN,NEW,,,
14280743,COLLEGE BILINGUE DU CENTRE DE BEPANDA,DIGIT_PREFIX,,,ESG_OR_UNKNOWN,PROBABLE_NO_REGION_SIGNAL,Lyce Bilingue de BEPANDA,LITTORAL,7IJ1GSBD110007113
14280745,COLLEGE BILINGUE LA COTE,DIGIT_PREFIX,,,ESG_OR_UNKNOWN,NEW,,,
14280746,COLLEGE BILINGUE LA RETRAITE EDINGELE,DIGIT_PREFIX,,,ESG_OR_UNKNOWN,NEW,,,
14280747,COLLEGE BILINGUE LAVAL DE MAKEPE,DIGIT_PREFIX,,,ESG_OR_UNKNOWN,PROBABLE_NO_REGION_SIGNAL,Lyce de MAKEPE,LITTORAL,7IJ1GSFD110043100
14280748,LEADERSHIP BILINGUAL COLLEGE,DIGIT_PREFIX,,,ESG_OR_UNKNOWN,NEW,,,
14280749,COLLEGE BILINGUE ORCHIDEE,DIGIT_PREFIX,,,ESG_OR_UNKNOWN,NEW,,,
14280750,COLLEGE BILINGUE ROYAL,DIGIT_PREFIX,,,ESG_OR_UNKNOWN,NEW,,,
14280751,COLLEGE BILINGUE SOFRAN,DIGIT_PREFIX,,,ESG_OR_UNKNOWN,NEW,,,
14280752,COLLEGE CONCEVOIR-CROIRE-RECEVOIR (CCR),DIGIT_PREFIX,,,ESG_OR_UNKNOWN,NEW,,,
14280753,COLLEGE CEFOMI,DIGIT_PREFIX,,,ESG_OR_UNKNOWN,NEW,,,
14280754,COLLEGE CHARLES DE GAULLE,DIGIT_PREFIX,,,ESG_OR_UNKNOWN,NEW,,,
14280755,COLLEGE CHRISTINA,DIGIT_PREFIX,,,ESG_OR_UNKNOWN,NEW,,,
14280756,COLLEGE DE L&#039;AGAPE,DIGIT_PREFIX,,,ESG_OR_UNKNOWN,NEW,,,
14280757,COLLEGE DU SOLEIL DE LOGBESSOU,DIGIT_PREFIX,,,ESG_OR_UNKNOWN,PROBABLE_NO_REGION_SIGNAL,CES Bilingue MOUNGUI DE LOGBESSOU,LITTORAL,7IH1GSBD103239120
14280758,COLLEGE ETEUDEM,DIGIT_PREFIX,,,ESG_OR_UNKNOWN,NEW,,,
14280759,COLLEGE FRANCAIS LA FAYETTE,DIGIT_PREFIX,,,ESG_OR_UNKNOWN,NEW,,,
14280760,COLLEGE INTAC,DIGIT_PREFIX,,,ESG_OR_UNKNOWN,NEW,,,
14280761,COLLEGE LA CONQUETE,DIGIT_PREFIX,,,ESG_OR_UNKNOWN,NEW,,,
14280762,COLLEGE LE NIL,DIGIT_PREFIX,,,ESG_OR_UNKNOWN,NEW,,,
14280763,COLLEGE LES CANARIS,DIGIT_PREFIX,,,ESG_OR_UNKNOWN,NEW,,,
14280764,COLLEGE LES PEDAGOGUES,DIGIT_PREFIX,,,ESG_OR_UNKNOWN,NEW,,,
14280765,COLLEGE MODERNE BILINGUE DES LAUREATS,DIGIT_PREFIX,,,ESG_OR_UNKNOWN,PROBABLE_NO_REGION_SIGNAL,Lyce Classique et Moderne de BAFIA,CENTRE,5HC1GSFD112342106
14280766,COLLEGE MODERNE BILINGUE L&#039;ETOILE DE DOUALA,DIGIT_PREFIX,,,ESG_OR_UNKNOWN,PROBABLE_NO_REGION_SIGNAL,Lyce JOSS DE DOUALA,LITTORAL,7IC1GSFD112465054
14280767,COLLEGE OF HOPES ARTS AND SCIENCES,DIGIT_PREFIX,,,ESG_OR_UNKNOWN,NEW,,,
14280768,COLLEGE PASCAL TOHOUA KAMGA,DIGIT_PREFIX,,,ESG_OR_UNKNOWN,NEW,,,
14280769,COLLEGE PILOTE BILINGUE DE KOTTO,DIGIT_PREFIX,,,ESG_OR_UNKNOWN,PROBABLE_NO_REGION_SIGNAL,CES Bilingue de KOTTO-MISSION,LITTORAL,7CL1GSBD102688114
14280770,COLLEGE POLYVALENT BILINGUE BAHO,DIGIT_PREFIX,,,ESG_OR_UNKNOWN,NEW,,,
14280771,COLLEGE POLYVALENT BILINGUE DU VAAL,DIGIT_PREFIX,,,ESG_OR_UNKNOWN,NEW,,,
14280772,COLLEGE POLYVALENT DE BEPANDA,DIGIT_PREFIX,,,ESG_OR_UNKNOWN,PROBABLE_NO_REGION_SIGNAL,Lyce Bilingue de BEPANDA,LITTORAL,7IJ1GSBD110007113
14280773,COLLEGE POLYVALENT NTANKEU,DIGIT_PREFIX,,,ESG_OR_UNKNOWN,NEW,,,
14280774,COLLEGE PRIVE BILINGUE LA CADENELLE,DIGIT_PREFIX,,,ESG_OR_UNKNOWN,NEW,,,
14280775,COLLEGE PRIVE CLASSIQUE BONABERI,DIGIT_PREFIX,,,ESG_OR_UNKNOWN,PROBABLE_NO_REGION_SIGNAL,Lyce Bilingue de BONABERI,LITTORAL,7II1GSBD110308090
14280776,COLLEGE PRIVE LA REFERENCE DU PACIFIC,DIGIT_PREFIX,,,ESG_OR_UNKNOWN,NEW,,,
14280777,COLLEGE PRIVE LAIC DAUPHINE,DIGIT_PREFIX,,,ESG_OR_UNKNOWN,NEW,,,
14280778,COLLEGE SAINT JOSEPH BASSA PK10,DIGIT_PREFIX,,,ESG_OR_UNKNOWN,PROBABLE_NO_REGION_SIGNAL,CES de BASSA,NORD-OUEST,3KI1GSAD100949110
14280779,COMPLEXE SCOLAIRE BILINGUE NAL,DIGIT_PREFIX,,,ESG_OR_UNKNOWN,NEW,,,
14280780,ENIEG PRIVEE LAIQUE WAFO,DIGIT_PREFIX,,,ENI,NEW,,,
14280781,FAITH DISAS INTERNATIONAL COLLEGE,DIGIT_PREFIX,,,ESG_OR_UNKNOWN,NEW,,,
14280782,INSTITUT BILINGUE SAINT BENOIT,DIGIT_PREFIX,,,ESG_OR_UNKNOWN,NEW,,,
14280783,INSTITUT DES SCIENCES ET TECHNIQUES COMMERCIALES(ISTC),DIGIT_PREFIX,,,ESG_OR_UNKNOWN,NEW,,,
14280784,INSTITUT JEAN PAUL 2,DIGIT_PREFIX,,,ESG_OR_UNKNOWN,PROBABLE_NO_REGION_SIGNAL,Lyce de SANGUERE PAUL,NORD,1CL1GSFD111465106
14280785,INSTITUT NKEUNE POLYVALENT BILINGUE,DIGIT_PREFIX,,,ESG_OR_UNKNOWN,NEW,,,
14280786,INSTITUT POLYVALENT BILINGUE EMMAUS,DIGIT_PREFIX,,,ESG_OR_UNKNOWN,NEW,,,
14280787,INSTITUT POLYVALENT FOSSO,DIGIT_PREFIX,,,ESG_OR_UNKNOWN,NEW,,,
14280788,INSTITUT POLYVALENT LA SORBONNE,DIGIT_PREFIX,,,ESG_OR_UNKNOWN,NEW,,,
14280789,INSTITUT POLYVALENT MITANYOU,DIGIT_PREFIX,,,ESG_OR_UNKNOWN,NEW,,,
14280790,INSTITUT POLYVALENT NANFAH,DIGIT_PREFIX,,,ESG_OR_UNKNOWN,NEW,,,
14280791,INSTITUT PRIVE POLYVALENT DE BONAMOUSSADI (IPPB),DIGIT_PREFIX,,,ESG_OR_UNKNOWN,NEW,,,
14280792,INSTITUT PROFESSIONNEL D&#039;HOTELLERIE,DIGIT_PREFIX,,,ESG_OR_UNKNOWN,NEW,,,
14280793,INSTITUT SAINT BERNARD DE BONABERI,DIGIT_PREFIX,,,ESG_OR_UNKNOWN,PROBABLE_NO_REGION_SIGNAL,Lyce Bilingue de BONABERI,LITTORAL,7II1GSBD110308090
14280794,INSTITUT SAINT PAUL II,DIGIT_PREFIX,,,ESG_OR_UNKNOWN,PROBABLE_NO_REGION_SIGNAL,Lyce de SANGUERE PAUL,NORD,1CL1GSFD111465106
14280795,INSTITUT SIMO,DIGIT_PREFIX,,,ESG_OR_UNKNOWN,NEW,,,
LT58101H26,LYCEE BILINGUE DE BEPANDA,ALPHA_PREFIX,Littoral,CONFIRMED_BY_MATCH,ESG_OR_UNKNOWN,PROBABLE,Lyce Bilingue de BEPANDA,LITTORAL,7IJ1GSBD110007113
LT58101H27,LYCEE BILINGUE DE LOGPOM II,ALPHA_PREFIX,Littoral,CONFIRMED_BY_MATCH,ESG_OR_UNKNOWN,PROBABLE,Lyce Bilingue de LOGPOM II,LITTORAL,7IJ1GSBD111195108
LT58101I28,LYCEE D&#039;AKWA NORD,ALPHA_PREFIX,Littoral,CONFIRMED_BY_MATCH,ESG_OR_UNKNOWN,PROBABLE,Lyce d'AKWA,LITTORAL,7IC1GSFD110287091
LT58101I29,LYCEE DE LA CITE DES PALMIERS,ALPHA_PREFIX,Littoral,CONFIRMED_BY_MATCH,ESG_OR_UNKNOWN,PROBABLE,Lyce de LA CITE DES PALMIERS,LITTORAL,7IJ1GSFD110039090
LT58101I30,LYCEE DE MAKEPE,ALPHA_PREFIX,Littoral,CONFIRMED_BY_MATCH,ESG_OR_UNKNOWN,PROBABLE,Lyce de MAKEPE,LITTORAL,7IJ1GSFD110043100
LT58101L40,LYCEE TECHNIQUE DE DOUALA BASSA,ALPHA_PREFIX,Littoral,CONFIRMED_BY_MATCH,ESTP,PROBABLE,Lyce JOSS DE DOUALA,LITTORAL,7IC1GSFD112465054
LT58101L39,LYCEE TECHNIQUE DE NYLON DOUALA,ALPHA_PREFIX,Littoral,CONFIRMED_BY_MATCH,ESTP,PROBABLE,Lyce JOSS DE DOUALA,LITTORAL,7IC1GSFD112465054
14280796,RAPHA BILINGUAL SCHOOL COMPLEX,DIGIT_PREFIX,,,ESG_OR_UNKNOWN,NEW,,,
14280797,ENIEG PRIVATE BONABERI DOUALA,DIGIT_PREFIX,,,ENI,PROBABLE_NO_REGION_SIGNAL,Lyce Bilingue de BONABERI,LITTORAL,7II1GSBD110308090
LT58102H31,LYCEE BILINGUE DE MANOKA,ALPHA_PREFIX,Littoral,CONFIRMED_BY_MATCH,ESG_OR_UNKNOWN,PROBABLE,Lyce Bilingue de MANOKA,LITTORAL,7IK1GSBD110237111
NO02045A01,LYCEE DE KERZING,ALPHA_PREFIX,Nord,CONFIRMED_BY_MATCH,ESG_OR_UNKNOWN,PROBABLE,CES de KERZING,NORD,1CC1GSFD102922114
NO02045I02,LYCEE DE BASCHEO,ALPHA_PREFIX,Nord,CONFIRMED_BY_MATCH,ESG_OR_UNKNOWN,PROBABLE,Lyce de BASCHEO,NORD,1CC1GSFD110565109
NO02062A06,CES DE BOELI,ALPHA_PREFIX,Nord,CONFIRMED_BY_MATCH,ESG_OR_UNKNOWN,EXACT_IDENTITY_REGION,CES de BOELI,NORD,1CE1GSFD102985117
NO02062B03,LYCEE BILINGUE DE BIBEMI,ALPHA_PREFIX,Nord,CONFIRMED_BY_MATCH,ESG_OR_UNKNOWN,PROBABLE,Lyce Bilingue de BIBEMI,NORD,1CE1GSBD102459110
NO02062A05,LYCEE DE BIKALE,ALPHA_PREFIX,Nord,CONFIRMED_BY_MATCH,ESG_OR_UNKNOWN,PROBABLE,CES de BIKALE,NORD,1CE1GSFD102329113
NO02062A04,CES DE HAMALADE,ALPHA_PREFIX,Nord,CONFIRMED_BY_MATCH,ESG_OR_UNKNOWN,EXACT_IDENTITY_REGION,CES d'HAMALADE,NORD,1CE1GSFD102830115
NO02062A07,LYCEE DE MANDJAOLA,ALPHA_PREFIX,Nord,CONFIRMED_BY_MATCH,ESG_OR_UNKNOWN,PROBABLE,CES de MANDJAOLA,NORD,1CE1GSFD100573111
NO02062A08,CES DE NDIAM-BADI,ALPHA_PREFIX,Nord,CONFIRMED_BY_MATCH,ESG_OR_UNKNOWN,EXACT_IDENTITY_REGION,CES de NDIAM-BADI,NORD,1CE1GSFD102729114
NO02062I09,LYCEE ADOUMRI,ALPHA_PREFIX,Nord,CONFIRMED_BY_MATCH,ESG_OR_UNKNOWN,PROBABLE,Lyce d'ADOUMRI,NORD,1CE1GSFD110576113
NO02062I11,LYCEE DE BIBEMI,ALPHA_PREFIX,Nord,CONFIRMED_BY_MATCH,ESG_OR_UNKNOWN,PROBABLE,Lyce Bilingue de BIBEMI,NORD,1CE1GSBD102459110
NO02062I12,LYCEE BILINGUE DE BOULA IBIB,ALPHA_PREFIX,Nord,CONFIRMED_BY_MATCH,ESG_OR_UNKNOWN,PROBABLE,Lyce Bilingue de BOULA-IBIB,NORD,1CE1GSFD110953111
NO02062I13,LYCEE DE DJALOUMI,ALPHA_PREFIX,Nord,CONFIRMED_BY_MATCH,ESG_OR_UNKNOWN,PROBABLE,Lyce de DJALOUMI,NORD,1CE1GSFD110896110
NO02062I10,LYCEE DE HOULA,ALPHA_PREFIX,Nord,CONFIRMED_BY_MATCH,ESG_OR_UNKNOWN,PROBABLE,Lyce d'HOULA,NORD,1CE1GSFD111188112
NO02062I14,LYCEE DE MAYO LOPE,ALPHA_PREFIX,Nord,CONFIRMED_BY_MATCH,ESG_OR_UNKNOWN,PROBABLE,Lyce de MAYO-LOPE,NORD,1CE1GSFD110581113
NO02062I15,LYCEE DE PADARME,ALPHA_PREFIX,Nord,CONFIRMED_BY_MATCH,ESG_OR_UNKNOWN,PROBABLE,Lyce de PADARME,NORD,1CE1GSFD110914110
NO02062L66,LYCEE TECHNIQUE DE BIBEMI,ALPHA_PREFIX,Nord,CONFIRMED_BY_MATCH,ESTP,PROBABLE,Lyce Bilingue de BIBEMI,NORD,1CE1GSBD102459110
NO02082A16,LYCEE DE BAONIA-DJALLOU,ALPHA_PREFIX,Nord,CONFIRMED_BY_MATCH,ESG_OR_UNKNOWN,PROBABLE,CES de BAONIA-DJALLOU,NORD,1CH1GSFD100853112
NO02082I17,LYCEE BILINGUE DE DEMBO,ALPHA_PREFIX,Nord,CONFIRMED_BY_MATCH,ESG_OR_UNKNOWN,PROBABLE,Lyce de DEMBO,NORD,1CH1GSFD111939113
NO02083A18,CES DE BAMANGA,ALPHA_PREFIX,Nord,CONFIRMED_BY_MATCH,ESG_OR_UNKNOWN,EXACT_IDENTITY_REGION,CES de BAMANGA,NORD,1CI1GSFD100902112
NO02083A19,LYCEE DE MAYANI,ALPHA_PREFIX,Nord,CONFIRMED_BY_MATCH,ESG_OR_UNKNOWN,NEW,,,
NO02083C67,CETIC DE POMLA MANGA,ALPHA_PREFIX,Nord,CONFIRMED_BY_MATCH,ESTP,NEW,,,
NO02083I20,LYCEE BILINGUE DE DEMSA A GASCHIGA,ALPHA_PREFIX,Nord,CONFIRMED_BY_MATCH,ESG_OR_UNKNOWN,PROBABLE,Lyce de DEMSA-A-GASCHIGA,NORD,1CI1GSFD111877102
15320798,BAPTIST SECONDARY SCHOOL GAROUA,DIGIT_PREFIX,,,ESG_OR_UNKNOWN,PROBABLE_NO_REGION_SIGNAL,CES de SABONGARI-GAROUA,NORD,1CJ1GSFD102374112
NO02139B21,LYCEE BILINGUE DE WOURO-LABBO,ALPHA_PREFIX,Nord,CONFIRMED_BY_MATCH,ESG_OR_UNKNOWN,PROBABLE,Lyce Bilingue de WOURO-LABBO,NORD,1CJ1GSBD100941115
NO02139A22,LYCEE DE DJOUMASSI,ALPHA_PREFIX,Nord,CONFIRMED_BY_MATCH,ESG_OR_UNKNOWN,PROBABLE,CES de DJOUMASSI,NORD,1CJ1GSFD102463113
NO02139A23,LYCEE DE SABONGARI GAROUA,ALPHA_PREFIX,Nord,CONFIRMED_BY_MATCH,ESG_OR_UNKNOWN,PROBABLE,CES de SABONGARI-GAROUA,NORD,1CJ1GSFD102374112
15320799,COLLEGE BAPTISTE POL LA GRACE DU GRAND NORD,DIGIT_PREFIX,,,ESG_OR_UNKNOWN,PROBABLE_NO_REGION_SIGNAL,Lyce Bilingue de GRAND-SOUZA,LITTORAL,7CI1GSBD111669109
15320800,COLLEGE FRANCO ARABE DE GAROUA,DIGIT_PREFIX,,,ESG_OR_UNKNOWN,PROBABLE_NO_REGION_SIGNAL,CES de SABONGARI-GAROUA,NORD,1CJ1GSFD102374112
15320801,COLLEGE FRANCO ARABE DOUNIA ANDAL,DIGIT_PREFIX,,,ESG_OR_UNKNOWN,NEW,,,
15320802,COLLEGE MODERNE DE LA BENOUE,DIGIT_PREFIX,,,ESG_OR_UNKNOWN,PROBABLE_NO_REGION_SIGNAL,Lyce Classique et Moderne de BAFIA,CENTRE,5HC1GSFD112342106
15320803,COLLEGE PRIVE LAIC BILINGUE LES HIRONDELLES,DIGIT_PREFIX,,,ESG_OR_UNKNOWN,NEW,,,
15320804,COLLEGE PROTESTANT DU NORD,DIGIT_PREFIX,,,ESG_OR_UNKNOWN,PROBABLE_NO_REGION_SIGNAL,Lyce d'AKWA-NORD,LITTORAL,7IJ1GSFD112004091
15320805,COURS DU SOIR INSTITUT DE L&#039;ESPOIR,DIGIT_PREFIX,,,ADULT_EVENING,NEW,,,
15320806,COURS DU SOIR SAINT JEAN BOSCO,DIGIT_PREFIX,,,ADULT_EVENING,NEW,,,
15320807,ENIEG BILINGUE JOSEPH PERRIN,DIGIT_PREFIX,,,ENI,PROBABLE_NO_REGION_SIGNAL,Lyce TSF MONGO JOSEPH,LITTORAL,7IE1GSFD110002091
15320808,INSTITUT BILINGUE DE L&#039;ESPOIR,DIGIT_PREFIX,,,ESG_OR_UNKNOWN,NEW,,,
NO02139H24,LYCEE BILINGUE DE KOLLERE-GAROUA,ALPHA_PREFIX,Nord,CONFIRMED_BY_MATCH,ESG_OR_UNKNOWN,PROBABLE,CES de SABONGARI-GAROUA,NORD,1CJ1GSFD102374112
NO02139I26,LYCEE DE GAROUA DJAMBOUTOU,ALPHA_PREFIX,Nord,CONFIRMED_BY_MATCH,ESG_OR_UNKNOWN,PROBABLE,Lyce de DJAMBOUTOU-GUIDER,NORD,1HE1GSFD110862115
NO02139I25,LYCEE DE OURO HOURSO (DJAMBOUTOU GAROUA),ALPHA_PREFIX,Nord,CONFIRMED_BY_MATCH,ESG_OR_UNKNOWN,PROBABLE,Lyce de DJAMBOUTOU-GUIDER,NORD,1HE1GSFD110862115
NO02139L68,LYCEE TECHNIQUE DE GAROUA DJAMBOUTOU,ALPHA_PREFIX,Nord,CONFIRMED_BY_MATCH,ESTP,PROBABLE,Lyce de DJAMBOUTOU-GUIDER,NORD,1HE1GSFD110862115
15320809,PREMIER INTERNATIONAL COLLEGE GAROUA,DIGIT_PREFIX,,,ESG_OR_UNKNOWN,PROBABLE_NO_REGION_SIGNAL,CES de SABONGARI-GAROUA,NORD,1CJ1GSFD102374112
15320810,CITY COMPREHENSIVE EVENING SCHOOL GAROUA,DIGIT_PREFIX,,,ESG_OR_UNKNOWN,PROBABLE_NO_REGION_SIGNAL,CES de SABONGARI-GAROUA,NORD,1CJ1GSFD102374112
15320811,COLLEG SAINTE THERESE DE L&#039;ENFANT JESUS,DIGIT_PREFIX,,,ESG_OR_UNKNOWN,NEW,,,
15320812,COLLEGE FRANCO ARABE DU COMPLEXE ISLAMIQUE DE GAROUA,DIGIT_PREFIX,,,ESG_OR_UNKNOWN,PROBABLE_NO_REGION_SIGNAL,CES de SABONGARI-GAROUA,NORD,1CJ1GSFD102374112
15320813,COLLEGE PRIVE LAIC LAMIDO HAYATOU,DIGIT_PREFIX,,,ESG_OR_UNKNOWN,NEW,,,
15320814,COLLEGE PRIVE LAIC POLYVALENT DU NORD,DIGIT_PREFIX,,,ESG_OR_UNKNOWN,PROBABLE_NO_REGION_SIGNAL,Lyce d'AKWA-NORD,LITTORAL,7IJ1GSFD112004091
15320815,COMPLEXE BILINGUE LAMIDO AMAN SA&#039;ALY,DIGIT_PREFIX,,,ESG_OR_UNKNOWN,NEW,,,
NO02140F69,ENIEG BILINGUE DE GAROUA,ALPHA_PREFIX,Nord,CONFIRMED_BY_MATCH,ENI,PROBABLE,CES de SABONGARI-GAROUA,NORD,1CJ1GSFD102374112
15320816,ENIEG PRIVEE HARRY EMERSON(FERME),DIGIT_PREFIX,,,ENI,PROBABLE_NO_REGION_SIGNAL,Lyce Bilingue de la FERME SUISSE,LITTORAL,7HH1GSBD111952109
NO02140G70,ENIET DE GAROUA,ALPHA_PREFIX,Nord,CONFIRMED_BY_MATCH,ENI,PROBABLE,CES de SABONGARI-GAROUA,NORD,1CJ1GSFD102374112
NO02140H28,LYCEE BILINGUE DE NGALBIDJE,ALPHA_PREFIX,Nord,CONFIRMED_BY_MATCH,ESG_OR_UNKNOWN,PROBABLE,Lyce Bilingue de NGALBIDJE,NORD,1CK1GSBD111898112
NO02140H27,LYCEE BILINGUE DE GAROUA,ALPHA_PREFIX,Nord,CONFIRMED_BY_MATCH,ESG_OR_UNKNOWN,PROBABLE,CES de SABONGARI-GAROUA,NORD,1CJ1GSFD102374112
NO02140I29,LYCEE CLASSIQUE ET MODERNE DE GAROUA,ALPHA_PREFIX,Nord,CONFIRMED_BY_MATCH,ESG_OR_UNKNOWN,PROBABLE,Lyce Classique et Moderne de GAROUA,NORD,1CK1GSFD112341074
NO02140I30,LYCEE DE GAROUA NASSARAO,ALPHA_PREFIX,Nord,CONFIRMED_BY_MATCH,ESG_OR_UNKNOWN,PROBABLE,CES de SABONGARI-GAROUA,NORD,1CJ1GSFD102374112
NO02140L73,LYCEE TECHNIQUE BILINGUE DE GAROUA,ALPHA_PREFIX,Nord,CONFIRMED_BY_MATCH,ESTP,PROBABLE,CES de SABONGARI-GAROUA,NORD,1CJ1GSFD102374112
NO02140L72,LYCEE TECHNIQUE DE GAROUA NASSARAO,ALPHA_PREFIX,Nord,CONFIRMED_BY_MATCH,ESTP,PROBABLE,CES de SABONGARI-GAROUA,NORD,1CJ1GSFD102374112
NO02140L71,LYCEE TECHNIQUE GAROUA-BIBEMIRE,ALPHA_PREFIX,Nord,CONFIRMED_BY_MATCH,ESTP,PROBABLE,CES de SABONGARI-GAROUA,NORD,1CJ1GSFD102374112
NO02141A32,CES DE DENGUI,ALPHA_PREFIX,Nord,CONFIRMED_BY_MATCH,ESG_OR_UNKNOWN,EXACT_IDENTITY_REGION,CES de DENGUI,NORD,1CL1GSFD100616111
NO02141A31,CES DE HAIGA DJEWA,ALPHA_PREFIX,Nord,CONFIRMED_BY_MATCH,ESG_OR_UNKNOWN,EXACT_IDENTITY_REGION,CES d'HAIGA-DJEWA,NORD,1CL1GSFD102696114
NO02141A33,CES DE KISMATARI,ALPHA_PREFIX,Nord,CONFIRMED_BY_MATCH,ESG_OR_UNKNOWN,EXACT_IDENTITY_REGION,CES de KISMATARI,NORD,1CL1GSFD100610111
NO02141A34,LYCEE DE SANGUERE NGAL,ALPHA_PREFIX,Nord,CONFIRMED_BY_MATCH,ESG_OR_UNKNOWN,PROBABLE,CES de SANGUERE-NGAL,NORD,1CL1GSFD102867115
NO02141C74,CETIC DE TOUROUA,ALPHA_PREFIX,Nord,CONFIRMED_BY_MATCH,ESTP,PROBABLE,Lyce de TOUROUA,NORD,1CT1GSFD111213107
NO02141C75,LYCEE TECHNIQUE DE SANGUERE-NGAL,ALPHA_PREFIX,Nord,CONFIRMED_BY_MATCH,ESTP,PROBABLE,CES de SANGUERE-NGAL,NORD,1CL1GSFD102867115
NO02141H35,LYCEE BILINGUE DE BOCKLE,ALPHA_PREFIX,Nord,CONFIRMED_BY_MATCH,ESG_OR_UNKNOWN,PROBABLE,Lyce Bilingue de BOCKLE,NORD,1CL1GSBD110603115
NO02141I36,LYCEE DE DJALINGO,ALPHA_PREFIX,Nord,CONFIRMED_BY_MATCH,ESG_OR_UNKNOWN,PROBABLE,Lyce de DJALINGO,NORD,1CL1GSFD110619112
NO02141I37,LYCEE DE SANGUERE PAUL,ALPHA_PREFIX,Nord,CONFIRMED_BY_MATCH,ESG_OR_UNKNOWN,PROBABLE,Lyce de SANGUERE PAUL,NORD,1CL1GSFD111465106
NO02181A38,LYCEE DE OURO-DOUKOUDJE,ALPHA_PREFIX,Nord,CONFIRMED_BY_MATCH,ESG_OR_UNKNOWN,PROBABLE,CES d'OURO-DOUKOUDJE,NORD,1CM1GSFD101470112
NO02181A39,LYCEE DE KATE,ALPHA_PREFIX,Nord,CONFIRMED_BY_MATCH,ESG_OR_UNKNOWN,PROBABLE,CES de KATE,NORD,1CM1GSFD102923114
NO02181A40,LYCEE DE MAYO BOCKI-GOUNA,ALPHA_PREFIX,Nord,CONFIRMED_BY_MATCH,ESG_OR_UNKNOWN,PROBABLE,CES de MAYO-BOCKI-GOUNA,NORD,1CM1GSFD101885112
NO02181A41,LYCEE DE WOURO-KESSOUM,ALPHA_PREFIX,Nord,CONFIRMED_BY_MATCH,ESG_OR_UNKNOWN,PROBABLE,CES de WOURO-KESSOUM,NORD,1CM1GSFD102702114
NO02181C76,CETIC BOUMEDJE-GAROUA,ALPHA_PREFIX,Nord,CONFIRMED_BY_MATCH,ESTP,PROBABLE,CES de SABONGARI-GAROUA,NORD,1CJ1GSFD102374112
15320817,COLLEGE FRANCO ARABE DE LAGDO,DIGIT_PREFIX,,,ESG_OR_UNKNOWN,PROBABLE_NO_REGION_SIGNAL,Lyce Bilingue de LAGDO,NORD,1CM1GSBD111255112
NO02181H42,LYCEE BILINGUE DE LAGDO,ALPHA_PREFIX,Nord,CONFIRMED_BY_MATCH,ESG_OR_UNKNOWN,PROBABLE,Lyce Bilingue de LAGDO,NORD,1CM1GSBD111255112
NO02181I43,LYCEE DE BAME,ALPHA_PREFIX,Nord,CONFIRMED_BY_MATCH,ESG_OR_UNKNOWN,PROBABLE,Lyce de BAME,NORD,1CM1GSFD110224113
NO02181I44,LYCEE DE GOUNA,ALPHA_PREFIX,Nord,CONFIRMED_BY_MATCH,ESG_OR_UNKNOWN,PROBABLE,CES de MAYO-BOCKI-GOUNA,NORD,1CM1GSFD101885112
NO02181I45,LYCEE DE LAGDO,ALPHA_PREFIX,Nord,CONFIRMED_BY_MATCH,ESG_OR_UNKNOWN,PROBABLE,Lyce Bilingue de LAGDO,NORD,1CM1GSBD111255112
NO02181I46,LYCEE DE RABINGHA,ALPHA_PREFIX,Nord,CONFIRMED_BY_MATCH,ESG_OR_UNKNOWN,PROBABLE,Lyce de RABINGHA,NORD,1CM1GSFD111223110
NO02181L77,LYCEE TECHNIQUE DE LAGDO,ALPHA_PREFIX,Nord,CONFIRMED_BY_MATCH,ESTP,PROBABLE,Lyce Bilingue de LAGDO,NORD,1CM1GSBD111255112
NO02211A47,LYCEE D&#039;OURO ARDO-REY,ALPHA_PREFIX,Nord,CONFIRMED_BY_MATCH,ESG_OR_UNKNOWN,PROBABLE,CES d'OURO-ARDO-REY,NORD,1CN1GSFD102733114
NO02211C78,CETIC DE NAKONG,ALPHA_PREFIX,Nord,CONFIRMED_BY_MATCH,ESTP,NEW,,,
NO02211I48,LYCEE DE BARNDAKE,ALPHA_PREFIX,Nord,CONFIRMED_BY_MATCH,ESG_OR_UNKNOWN,PROBABLE,Lyce de BARNDAKE,NORD,1CN1GSFD111233109
NO02320A49,CES DE BADJOUMA-RADIER,ALPHA_PREFIX,Nord,CONFIRMED_BY_MATCH,ESG_OR_UNKNOWN,EXACT_IDENTITY_REGION,CES de BADJOUMA-RADIER,NORD,1CQ1GSFD101245111
NO02320A50,CES DE BE,ALPHA_PREFIX,Nord,CONFIRMED_BY_MATCH,ESG_OR_UNKNOWN,EXACT_IDENTITY_REGION,CES de BE,NORD,1CQ1GSFD102718114
NO02320A52,CES DE PENE,ALPHA_PREFIX,Nord,CONFIRMED_BY_MATCH,ESG_OR_UNKNOWN,EXACT_IDENTITY_REGION,CES de PENE,NORD,1CQ1GSFD102829115
NO02320A53,CES DE SONAYO,ALPHA_PREFIX,Nord,CONFIRMED_BY_MATCH,ESG_OR_UNKNOWN,EXACT_IDENTITY_REGION,CES de SONAYO,NORD,1CQ1GSFD102328113
NO02320A51,LYCEE DE DOLLA,ALPHA_PREFIX,Nord,CONFIRMED_BY_MATCH,ESG_OR_UNKNOWN,PROBABLE,CES de DOLLA,NORD,1CQ1GSFD102710114
NO02320E79,ENIEG DE PITOA,ALPHA_PREFIX,Nord,CONFIRMED_BY_MATCH,ENI,PROBABLE,Lyce Bilingue de PITOA,NORD,1CQ1GSBD101277110
NO02320H54,LYCEE BILINGUE DE PITOA,ALPHA_PREFIX,Nord,CONFIRMED_BY_MATCH,ESG_OR_UNKNOWN,PROBABLE,Lyce Bilingue de PITOA,NORD,1CQ1GSBD101277110
NO02320I55,LYCEE DE BADJENGO,ALPHA_PREFIX,Nord,CONFIRMED_BY_MATCH,ESG_OR_UNKNOWN,PROBABLE,Lyce de BADJENGO,NORD,1CQ1GSFD111834113
NO02320I56,LYCEE DE BADJOUMA,ALPHA_PREFIX,Nord,CONFIRMED_BY_MATCH,ESG_OR_UNKNOWN,PROBABLE,CES de BADJOUMA-RADIER,NORD,1CQ1GSFD101245111
NO02320I57,LYCEE DE PITOA,ALPHA_PREFIX,Nord,CONFIRMED_BY_MATCH,ESG_OR_UNKNOWN,PROBABLE,Lyce Bilingue de PITOA,NORD,1CQ1GSBD101277110
NO02320L80,LYCEE TECHNIQUE DE PITOA,ALPHA_PREFIX,Nord,CONFIRMED_BY_MATCH,ESTP,PROBABLE,Lyce Bilingue de PITOA,NORD,1CQ1GSBD101277110
NO02334A58,LYCEE DE LANGUI,ALPHA_PREFIX,Nord,CONFIRMED_BY_MATCH,ESG_OR_UNKNOWN,PROBABLE,CES de LANGUI,NORD,1CR1GSFD101271112
NO02334C81,LYCEE TECHNIQUE DE NGONG,ALPHA_PREFIX,Nord,CONFIRMED_BY_MATCH,ESTP,PROBABLE,Lyce Bilingue de NGONG,NORD,1CR1GSBD111260113
15320818,COLLEGE D&#039;ENSEIGNEMENT GENERAL ET TECHNIQUE LA GAZELLE DE NGONG(fERME),DIGIT_PREFIX,,,ESG_OR_UNKNOWN,PROBABLE_NO_REGION_SIGNAL,Lyce Bilingue de la FERME SUISSE,LITTORAL,7HH1GSBD111952109
15320819,COLLEGE SAINT ANDRE DE NGONG,DIGIT_PREFIX,,,ESG_OR_UNKNOWN,PROBABLE_NO_REGION_SIGNAL,Lyce Bilingue de NGONG,NORD,1CR1GSBD111260113
NO02334H59,LYCEE BILINGUE DE NGONG,ALPHA_PREFIX,Nord,CONFIRMED_BY_MATCH,ESG_OR_UNKNOWN,PROBABLE,Lyce Bilingue de NGONG,NORD,1CR1GSBD111260113
NO02334I60,LYCEE DE NDJOLA,ALPHA_PREFIX,Nord,CONFIRMED_BY_MATCH,ESG_OR_UNKNOWN,PROBABLE,Lyce de NDJOLA,NORD,1CR1GSFD111241113
NO02334I61,LYCEE DE NGONG,ALPHA_PREFIX,Nord,CONFIRMED_BY_MATCH,ESG_OR_UNKNOWN,PROBABLE,Lyce Bilingue de NGONG,NORD,1CR1GSBD111260113
NO02334I62,LYCEE DE TCHEBOA,ALPHA_PREFIX,Nord,CONFIRMED_BY_MATCH,ESG_OR_UNKNOWN,PROBABLE,Lyce de TCHEBOA,NORD,1CR1GSFD112036108
NO02345A63,LYCEE DE KOZA II,ALPHA_PREFIX,Nord,CONFIRMED_BY_MATCH,ESG_OR_UNKNOWN,PROBABLE,CES de KOZA II,NORD,1CT1GSFD101179111
NO02345A64,LYCEE DE MBAGA,ALPHA_PREFIX,Nord,CONFIRMED_BY_MATCH,ESG_OR_UNKNOWN,PROBABLE,CES de MBAGA,NORD,1CT1GSFD102725114
NO02345I65,LYCEE BILINGUE DE TOUROUA,ALPHA_PREFIX,Nord,CONFIRMED_BY_MATCH,ESG_OR_UNKNOWN,PROBABLE,Lyce de TOUROUA,NORD,1CT1GSFD111213107
NO11054B01,CES BILINGUE DE BALKOSSA,ALPHA_PREFIX,Nord,CONFIRMED_BY_MATCH,ESG_OR_UNKNOWN,EXACT_IDENTITY_REGION,CES Bilingue de BALKOSSA,NORD,1EC1GSBD101066109
NO11054A02,CES DE YELI,ALPHA_PREFIX,Nord,CONFIRMED_BY_MATCH,ESG_OR_UNKNOWN,EXACT_IDENTITY_REGION,CES de YELI,NORD,1EC1GSFD100686110
NO11054C14,CETIC WANGAI,ALPHA_PREFIX,Nord,CONFIRMED_BY_MATCH,ESTP,NEW,,,
NO11054I03,LYCEE BILINGUE DE BEKA,ALPHA_PREFIX,Nord,CONFIRMED_BY_MATCH,ESG_OR_UNKNOWN,PROBABLE,Lyce de BEKA,NORD,1EC1GSFD111154105
NO11054I04,LYCEE DE TCHAMBA,ALPHA_PREFIX,Nord,CONFIRMED_BY_MATCH,ESG_OR_UNKNOWN,PROBABLE,Lyce de TCHAMBA,NORD,1EC1GSFD111160110
NO11321B05,LYCEE BILINGUE DE POLI,ALPHA_PREFIX,Nord,CONFIRMED_BY_MATCH,ESG_OR_UNKNOWN,PROBABLE,Lyce Bilingue de POLI,NORD,1EE1GSBD100782112
NO11321A06,CES DE MAYO BANTADJE,ALPHA_PREFIX,Nord,CONFIRMED_BY_MATCH,ESG_OR_UNKNOWN,EXACT_IDENTITY_REGION,CES de MAYO-BANTADJE,NORD,1EE1GSFD102330113
NO11321A07,LYCEE BILINGUE DE PINTCHOUMBA,ALPHA_PREFIX,Nord,CONFIRMED_BY_MATCH,ESG_OR_UNKNOWN,PROBABLE,CES de PINTCHOUMBA,NORD,1EE1GSFD102737114
NO11321A08,LYCEE DE POLI RURAL,ALPHA_PREFIX,Nord,CONFIRMED_BY_MATCH,ESG_OR_UNKNOWN,PROBABLE,Lyce Bilingue de POLI,NORD,1EE1GSBD100782112
NO11321A09,CES DE VOKO,ALPHA_PREFIX,Nord,CONFIRMED_BY_MATCH,ESG_OR_UNKNOWN,EXACT_IDENTITY_REGION,CES de VOKO,NORD,1EE1GSFD100924107
NO11321A10,LYCEE DE WATE,ALPHA_PREFIX,Nord,CONFIRMED_BY_MATCH,ESG_OR_UNKNOWN,PROBABLE,CES de WATE,NORD,1EE1GSFD100866108
NO11321C15,CETIC DE FIGNOLE,ALPHA_PREFIX,Nord,CONFIRMED_BY_MATCH,ESTP,PROBABLE,Lyce de FIGNOLE,NORD,1EE1GSFD110772114
NO11321E16,ENIEG DE POLI,ALPHA_PREFIX,Nord,CONFIRMED_BY_MATCH,ENI,PROBABLE,Lyce Bilingue de POLI,NORD,1EE1GSBD100782112
NO11321I12,LYCEE DE FIGNOLE,ALPHA_PREFIX,Nord,CONFIRMED_BY_MATCH,ESG_OR_UNKNOWN,PROBABLE,Lyce de FIGNOLE,NORD,1EE1GSFD110772114
NO11321I11,LYCEE DE BOUMBA,ALPHA_PREFIX,Nord,CONFIRMED_BY_MATCH,ESG_OR_UNKNOWN,PROBABLE,Lyce de BOUMBA,NORD,1EE1GSFD111872112
NO11321I13,LYCEE DE POLI,ALPHA_PREFIX,Nord,CONFIRMED_BY_MATCH,ESG_OR_UNKNOWN,PROBABLE,Lyce Bilingue de POLI,NORD,1EE1GSBD100782112
NO11321L17,LYCEE TECHNIQUE DE POLI,ALPHA_PREFIX,Nord,CONFIRMED_BY_MATCH,ESTP,PROBABLE,Lyce Bilingue de POLI,NORD,1EE1GSBD100782112
NO28124A01,LYCEE DE BADADJI,ALPHA_PREFIX,Nord,CONFIRMED_BY_MATCH,ESG_OR_UNKNOWN,PROBABLE,CES de BADADJI,NORD,1HC1GSFD102828115
NO28124A02,LYCEE DE BOUDVA,ALPHA_PREFIX,Nord,CONFIRMED_BY_MATCH,ESG_OR_UNKNOWN,PROBABLE,CES de BOUDVA,NORD,1HC1GSFD102866115
NO28124A03,CES DE DJABE-BIOU,ALPHA_PREFIX,Nord,CONFIRMED_BY_MATCH,ESG_OR_UNKNOWN,EXACT_IDENTITY_REGION,CES de DJABE-BIOU,NORD,1HC1GSFD102678114
NO28124A04,LYCEE BILINGUE DE DJOUGUI,ALPHA_PREFIX,Nord,CONFIRMED_BY_MATCH,ESG_OR_UNKNOWN,PROBABLE,CES de DJOUGUI,NORD,1HC1GSFD100950112
NO28124C32,CETIC DE KONG-KONG,ALPHA_PREFIX,Nord,CONFIRMED_BY_MATCH,ESTP,NEW,,,
NO28124H05,LYCEE BILINGUE DE FIGUIL,ALPHA_PREFIX,Nord,CONFIRMED_BY_MATCH,ESG_OR_UNKNOWN,PROBABLE,Lyce Bilingue de FIGUIL,NORD,1HC1GSBD111071115
NO28124I06,LYCEE DE BIDZAR,ALPHA_PREFIX,Nord,CONFIRMED_BY_MATCH,ESG_OR_UNKNOWN,PROBABLE,Lyce de BIDZAR,NORD,1HC1GSFD101069110
NO28124I07,LYCEE DE BIOU,ALPHA_PREFIX,Nord,CONFIRMED_BY_MATCH,ESG_OR_UNKNOWN,PROBABLE,CES de DJABE-BIOU,NORD,1HC1GSFD102678114
NO28124I08,LYCEE DE FIGUIL,ALPHA_PREFIX,Nord,CONFIRMED_BY_MATCH,ESG_OR_UNKNOWN,PROBABLE,Lyce Bilingue de FIGUIL,NORD,1HC1GSBD111071115
NO28124I09,LYCEE BILINGUE DE LAM,ALPHA_PREFIX,Nord,CONFIRMED_BY_MATCH,ESG_OR_UNKNOWN,NEW,,,
NO28124L33,LYCEE TECHNIQUE DE BIDZAR,ALPHA_PREFIX,Nord,CONFIRMED_BY_MATCH,ESTP,PROBABLE,Lyce de BIDZAR,NORD,1HC1GSFD101069110
NO28124L34,LYCEE TECHNIQUE DE FIGUIL,ALPHA_PREFIX,Nord,CONFIRMED_BY_MATCH,ESTP,PROBABLE,Lyce Bilingue de FIGUIL,NORD,1HC1GSBD111071115
NO28147A13,LYCEE CASIER-GUIDER,ALPHA_PREFIX,Nord,CONFIRMED_BY_MATCH,ESG_OR_UNKNOWN,PROBABLE,CES de CASIER-GUIDER,NORD,1HE1GSFD102742114
NO28147A11,LYCEE DE BOUBA- DJARA,ALPHA_PREFIX,Nord,CONFIRMED_BY_MATCH,ESG_OR_UNKNOWN,PROBABLE,CES de BOUBA-DJARA,NORD,1HE1GSFD102327113
NO28147A12,LYCEE BILINGUE DE BOURWOY,ALPHA_PREFIX,Nord,CONFIRMED_BY_MATCH,ESG_OR_UNKNOWN,PROBABLE,CES de BOURWOY,NORD,1HE1GSFD102745114
NO28147A14,LYCEE DE LARBAK,ALPHA_PREFIX,Nord,CONFIRMED_BY_MATCH,ESG_OR_UNKNOWN,PROBABLE,CES de LARBAK,NORD,1HE1GSFD102827115
NO28147A15,LYCEE DE LIBE,ALPHA_PREFIX,Nord,CONFIRMED_BY_MATCH,ESG_OR_UNKNOWN,PROBABLE,CES de LIBE,NORD,1HE1GSFD101301112
NO28147A16,LYCEE DE LOUGGUERE GUIDER,ALPHA_PREFIX,Nord,CONFIRMED_BY_MATCH,ESG_OR_UNKNOWN,PROBABLE,CES de CASIER-GUIDER,NORD,1HE1GSFD102742114
NO28147A17,LYCEE DE MAYO LOUE,ALPHA_PREFIX,Nord,CONFIRMED_BY_MATCH,ESG_OR_UNKNOWN,PROBABLE,CES de MAYO-LOUE,NORD,1HE1GSFD101315112
NO28147A10,LYCEE BILINGUE DE OURO - TARA,ALPHA_PREFIX,Nord,CONFIRMED_BY_MATCH,ESG_OR_UNKNOWN,PROBABLE,CES d'OURO-DOUKOUDJE,NORD,1CM1GSFD101470112
NO28147C35,CETIC DE BISSOLI,ALPHA_PREFIX,Nord,CONFIRMED_BY_MATCH,ESTP,NEW,,,
NO28147C38,CETIC DE LAMORDE-GUIDER,ALPHA_PREFIX,Nord,CONFIRMED_BY_MATCH,ESTP,PROBABLE,CES de CASIER-GUIDER,NORD,1HE1GSFD102742114
NO28147C39,CETIC DE MATAFAL,ALPHA_PREFIX,Nord,CONFIRMED_BY_MATCH,ESTP,NEW,,,
NO28147C36,CETIC DE SOUKOUNDOU,ALPHA_PREFIX,Nord,CONFIRMED_BY_MATCH,ESTP,NEW,,,
NO28147C37,LYCEE TECHNIQUE DE TCHONTCHI GOLOMBE,ALPHA_PREFIX,Nord,CONFIRMED_BY_MATCH,ESTP,PROBABLE,Lyce de TCHONTCHI-GOLOMBE,NORD,1HE1GSFD110751108
15310820,COLLEGE ISLAMIQUE FRANCO-ARABE DE GUIDER,DIGIT_PREFIX,,,ESG_OR_UNKNOWN,PROBABLE_NO_REGION_SIGNAL,CES de CASIER-GUIDER,NORD,1HE1GSFD102742114
15310821,COLLEGE PRIVE LAIC KAWAGUI(fERME),DIGIT_PREFIX,,,ESG_OR_UNKNOWN,PROBABLE_NO_REGION_SIGNAL,Lyce Bilingue de la FERME SUISSE,LITTORAL,7HH1GSBD111952109
NO28147E40,ENIEG DE GUIDER,ALPHA_PREFIX,Nord,CONFIRMED_BY_MATCH,ENI,PROBABLE,CES de CASIER-GUIDER,NORD,1HE1GSFD102742114
NO28147I22,LYCEE DE KAKALA,ALPHA_PREFIX,Nord,CONFIRMED_BY_MATCH,ESG_OR_UNKNOWN,PROBABLE,Lyce de KAKALA,NORD,1HE1GSFD111934114
NO28147H18,LYCEE BILINGUE DE GUIDER,ALPHA_PREFIX,Nord,CONFIRMED_BY_MATCH,ESG_OR_UNKNOWN,PROBABLE,CES de CASIER-GUIDER,NORD,1HE1GSFD102742114
NO28147I19,LYCEE DE DJAMBOUTOU-GUIDER,ALPHA_PREFIX,Nord,CONFIRMED_BY_MATCH,ESG_OR_UNKNOWN,PROBABLE,Lyce de DJAMBOUTOU-GUIDER,NORD,1HE1GSFD110862115
NO28147I20,LYCEE DE DOUROUM,ALPHA_PREFIX,Nord,CONFIRMED_BY_MATCH,ESG_OR_UNKNOWN,PROBABLE,Lyce de DOUROUM (Guider),NORD,1HE1GSFD110669112
NO28147I21,LYCEE DE GUIDER,ALPHA_PREFIX,Nord,CONFIRMED_BY_MATCH,ESG_OR_UNKNOWN,PROBABLE,CES de CASIER-GUIDER,NORD,1HE1GSFD102742114
NO28147I23,LYCEE DE MOUSGOY,ALPHA_PREFIX,Nord,CONFIRMED_BY_MATCH,ESG_OR_UNKNOWN,PROBABLE,Lyce de MOUSGOY,NORD,1HE1GSFD110744111
NO28147I24,LYCEE BILINGUE DE TCHONTCHI GOLOMBE,ALPHA_PREFIX,Nord,CONFIRMED_BY_MATCH,ESG_OR_UNKNOWN,PROBABLE,Lyce de TCHONTCHI-GOLOMBE,NORD,1HE1GSFD110751108
NO28147L41,LYCEE BILINGUE TECHNIQUE DE GUIDER,ALPHA_PREFIX,Nord,CONFIRMED_BY_MATCH,ESG_OR_UNKNOWN,PROBABLE,CES de CASIER-GUIDER,NORD,1HE1GSFD102742114
15310822,SEMINAIRE SAINT PAUL DE GUIDER,DIGIT_PREFIX,,,ESG_OR_UNKNOWN,PROBABLE_NO_REGION_SIGNAL,CES de CASIER-GUIDER,NORD,1HE1GSFD102742114
NO28213A25,CES DE GUIRVIZA,ALPHA_PREFIX,Nord,CONFIRMED_BY_MATCH,ESG_OR_UNKNOWN,EXACT_IDENTITY_REGION,CES de GUIRVIZA,NORD,1HH1GSFD102986117
NO28213A26,CES DE MOUROUM,ALPHA_PREFIX,Nord,CONFIRMED_BY_MATCH,ESG_OR_UNKNOWN,EXACT_IDENTITY_REGION,CES de MOUROUM,NORD,1HH1GSFD101905110
NO28213A27,CES DE POLOGOZOM,ALPHA_PREFIX,Nord,CONFIRMED_BY_MATCH,ESG_OR_UNKNOWN,EXACT_IDENTITY_REGION,CES de POLOGOZOM,NORD,1HH1GSFD100816112
NO28213H29,LYCEE BILINGUE DE MANDAMA,ALPHA_PREFIX,Nord,CONFIRMED_BY_MATCH,ESG_OR_UNKNOWN,PROBABLE,Lyce Bilingue de MANDAMA,NORD,1HH1GSBD111073115
NO28213H28,LYCEE BILINGUE DE DOUMO,ALPHA_PREFIX,Nord,CONFIRMED_BY_MATCH,ESG_OR_UNKNOWN,PROBABLE,Lyce Bilingue de DOUMO,NORD,1HH1GSBD111084112
NO28213H30,LYCEE BILINGUE DE MAYO OULO,ALPHA_PREFIX,Nord,CONFIRMED_BY_MATCH,ESG_OR_UNKNOWN,PROBABLE,Lyce de MAYO-LOPE,NORD,1CE1GSFD110581113
NO28213I31,LYCEE DE DOURBEYE,ALPHA_PREFIX,Nord,CONFIRMED_BY_MATCH,ESG_OR_UNKNOWN,PROBABLE,Lyce de DOURBEYE,NORD,1HH1GSFD112297112
NO28213L43,LYCEE TECHNIQUE DE MANDAMA,ALPHA_PREFIX,Nord,CONFIRMED_BY_MATCH,ESTP,PROBABLE,Lyce Bilingue de MANDAMA,NORD,1HH1GSBD111073115
NO28213L42,LYCEE TECHNIQUE DE DE MAYO-OULO,ALPHA_PREFIX,Nord,CONFIRMED_BY_MATCH,ESTP,PROBABLE,Lyce de MAYO-LOPE,NORD,1CE1GSFD110581113
NO29191A01,CES DE DJEMADJOU,ALPHA_PREFIX,Nord,CONFIRMED_BY_MATCH,ESG_OR_UNKNOWN,EXACT_IDENTITY_REGION,CES de DJEMADJOU,NORD,1CI1GSFD102692114
NO29191A02,CES DE SOROMBEO,ALPHA_PREFIX,Nord,CONFIRMED_BY_MATCH,ESG_OR_UNKNOWN,EXACT_IDENTITY_REGION,CES de SOROMBEO,NORD,1IC1GSFD102336113
NO29191C32,CETIC DE MADINGRING,ALPHA_PREFIX,Nord,CONFIRMED_BY_MATCH,ESTP,NEW,,,
NO29191I03,LYCEE DE GOR,ALPHA_PREFIX,Nord,CONFIRMED_BY_MATCH,ESG_OR_UNKNOWN,NEW,,,
NO29191I04,LYCEE DE MADINGRING,ALPHA_PREFIX,Nord,CONFIRMED_BY_MATCH,ESG_OR_UNKNOWN,NEW,,,
NO29324B05,LYCEE BILINGUE DE REY BOUBA,ALPHA_PREFIX,Nord,CONFIRMED_BY_MATCH,ESG_OR_UNKNOWN,PROBABLE,CES de BOUBA-DJARA,NORD,1HE1GSFD102327113
NO29324A06,LYCEE DE KOINDERI,ALPHA_PREFIX,Nord,CONFIRMED_BY_MATCH,ESG_OR_UNKNOWN,PROBABLE,CES de KOINDERI,NORD,1IE1GSFD100719112
NO29324A07,CES MARADI,ALPHA_PREFIX,Nord,CONFIRMED_BY_MATCH,ESG_OR_UNKNOWN,EXACT_IDENTITY_REGION,CES de MARADI,NORD,1IE1GSFD102335113
NO29324C33,CETIC DE BAIKWA,ALPHA_PREFIX,Nord,CONFIRMED_BY_MATCH,ESTP,PROBABLE,Lyce de BAIKWA,NORD,1IE1GSFD110704108
NO29324I08,LYCEE DE BAIKWA,ALPHA_PREFIX,Nord,CONFIRMED_BY_MATCH,ESG_OR_UNKNOWN,PROBABLE,Lyce de BAIKWA,NORD,1IE1GSFD110704108
NO29324I09,LYCEE DE BERE,ALPHA_PREFIX,Nord,CONFIRMED_BY_MATCH,ESG_OR_UNKNOWN,PROBABLE,Lyce de BERE,NORD,1IE1GSFD110868115
NO29324I10,LYCEE DE DOBINGA,ALPHA_PREFIX,Nord,CONFIRMED_BY_MATCH,ESG_OR_UNKNOWN,PROBABLE,Lyce de DOBINGA,NORD,1IE1GSFD110710114
NO29324I11,LYCEE DE REY BOUBA,ALPHA_PREFIX,Nord,CONFIRMED_BY_MATCH,ESG_OR_UNKNOWN,PROBABLE,CES de BOUBA-DJARA,NORD,1HE1GSFD102327113
NO29324L34,LYCEE TECHNIQUE DE REY-BOUBA,ALPHA_PREFIX,Nord,CONFIRMED_BY_MATCH,ESTP,PROBABLE,CES de BOUBA-DJARA,NORD,1HE1GSFD102327113
NO29335B12,LYCEE BILINGUE DE SAKDJE,ALPHA_PREFIX,Nord,CONFIRMED_BY_MATCH,ESG_OR_UNKNOWN,PROBABLE,Lyce Bilingue de SAKDJE,NORD,1IH1GSBD100598114
NO29335A13,CES DE BOURI,ALPHA_PREFIX,Nord,CONFIRMED_BY_MATCH,ESG_OR_UNKNOWN,EXACT_IDENTITY_REGION,CES de BOURI,NORD,1IH1GSFD102706114
NO29335A14,CES DE GOUGA,ALPHA_PREFIX,Nord,CONFIRMED_BY_MATCH,ESG_OR_UNKNOWN,EXACT_IDENTITY_REGION,CES de GOUGA,NORD,1IH1GSFD102699114
NO29335A15,LYCEE DE LABOUN,ALPHA_PREFIX,Nord,CONFIRMED_BY_MATCH,ESG_OR_UNKNOWN,PROBABLE,CES de LABOUN,NORD,1IH1GSFD101156112
NO29335A16,CES DE YOUKOUT,ALPHA_PREFIX,Nord,CONFIRMED_BY_MATCH,ESG_OR_UNKNOWN,EXACT_IDENTITY_REGION,CES de YOUKOUT,NORD,1IH1GSFD102339113
NO29335C35,LYCEE TECHNIQUE DE DJABA,ALPHA_PREFIX,Nord,CONFIRMED_BY_MATCH,ESTP,NEW,,,
NO29335C36,CETIC MAYO GALKE,ALPHA_PREFIX,Nord,CONFIRMED_BY_MATCH,ESTP,PROBABLE,Lyce de MAYO-LOPE,NORD,1CE1GSFD110581113
NO29335E37,ENIEG DE TCHOLLIRE,ALPHA_PREFIX,Nord,CONFIRMED_BY_MATCH,ENI,PROBABLE,Lyce Bilingue de TCHOLLIRE,NORD,1IH1GSBD111576111
NO29335H17,LYCEE BILINGUE DE TCHOLLIRE,ALPHA_PREFIX,Nord,CONFIRMED_BY_MATCH,ESG_OR_UNKNOWN,PROBABLE,Lyce Bilingue de TCHOLLIRE,NORD,1IH1GSBD111576111
NO29335I18,LYCEE BILINGUE DE GAMBA,ALPHA_PREFIX,Nord,CONFIRMED_BY_MATCH,ESG_OR_UNKNOWN,PROBABLE,Lyce de GAMBA,NORD,1IH1GSFD111654109
NO29335I19,LYCEE DE GOP-REY,ALPHA_PREFIX,Nord,CONFIRMED_BY_MATCH,ESG_OR_UNKNOWN,NEW,,,
NO29335L38,LYCEE TECHNIQUE TCHOLLIRE,ALPHA_PREFIX,Nord,CONFIRMED_BY_MATCH,ESTP,PROBABLE,Lyce Bilingue de TCHOLLIRE,NORD,1IH1GSBD111576111
NO29343A21,CES DE DOMPLA,ALPHA_PREFIX,Nord,CONFIRMED_BY_MATCH,ESG_OR_UNKNOWN,EXACT_IDENTITY_REGION,CES de DOMPLA,NORD,1II1GSFD102826116
NO29343B20,LYCEE BILINGUE DE TOUBORO,ALPHA_PREFIX,Nord,CONFIRMED_BY_MATCH,ESG_OR_UNKNOWN,PROBABLE,Lyce Bilingue de TOUBORO,NORD,1II1GSBD102337113
NO29343A22,LYCEE DE MAYO LADDE,ALPHA_PREFIX,Nord,CONFIRMED_BY_MATCH,ESG_OR_UNKNOWN,PROBABLE,Lyce de MAYO-LOPE,NORD,1CE1GSFD110581113
NO29343A23,LYCEE DE MBAKA,ALPHA_PREFIX,Nord,CONFIRMED_BY_MATCH,ESG_OR_UNKNOWN,PROBABLE,CES de MBAKA,NORD,1II1GSFD102713114
NO29343A24,CES DE MBAKANA,ALPHA_PREFIX,Nord,CONFIRMED_BY_MATCH,ESG_OR_UNKNOWN,EXACT_IDENTITY_REGION,CES de MBAKANA,NORD,1II1GSFD100972112
NO29343A25,CES DE MBANG - REY,ALPHA_PREFIX,Nord,CONFIRMED_BY_MATCH,ESG_OR_UNKNOWN,EXACT_IDENTITY_REGION,CES de MBANG-REY,NORD,1II1GSFD101534112
NO29343A26,CES DE NGOUMI,ALPHA_PREFIX,Nord,CONFIRMED_BY_MATCH,ESG_OR_UNKNOWN,EXACT_IDENTITY_REGION,CES de NGOUMI,NORD,1II1GSFD102338113
NO29343A27,LYCEE DE SIRI N°7,ALPHA_PREFIX,Nord,CONFIRMED_BY_MATCH,ESG_OR_UNKNOWN,PROBABLE,CES de SIRI N7,NORD,1II1GSFD101538112
NO29343C40,CETIC DE KANANA,ALPHA_PREFIX,Nord,CONFIRMED_BY_MATCH,ESTP,NEW,,,
NO29343C41,CETIC DE PANDJAMA,ALPHA_PREFIX,Nord,CONFIRMED_BY_MATCH,ESTP,NEW,,,
NO29343C39,CETIC DE VOGZOM,ALPHA_PREFIX,Nord,CONFIRMED_BY_MATCH,ESTP,PROBABLE,Lyce de VOGZOM,NORD,1II1GSFD111849113
15310823,COLLEGE JEAN-PAUL II DE TOUBORO,DIGIT_PREFIX,,,ESG_OR_UNKNOWN,PROBABLE_NO_REGION_SIGNAL,Lyce de SANGUERE PAUL,NORD,1CL1GSFD111465106
15310824,COLLEGE OUMAR BEN ABDOUL AZIZ DE TOUBORO,DIGIT_PREFIX,,,ESG_OR_UNKNOWN,PROBABLE_NO_REGION_SIGNAL,Lyce Bilingue de TOUBORO,NORD,1II1GSBD102337113
NO29343I28,LYCEE DE MBAIBOUM,ALPHA_PREFIX,Nord,CONFIRMED_BY_MATCH,ESG_OR_UNKNOWN,NEW,,,
NO29343I29,LYCEE DE TOUBORO,ALPHA_PREFIX,Nord,CONFIRMED_BY_MATCH,ESG_OR_UNKNOWN,PROBABLE,Lyce Bilingue de TOUBORO,NORD,1II1GSBD102337113
NO29343I30,LYCEE DE VOGZOM,ALPHA_PREFIX,Nord,CONFIRMED_BY_MATCH,ESG_OR_UNKNOWN,PROBABLE,Lyce de VOGZOM,NORD,1II1GSFD111849113
NO29343I31,LYCEE DE YANLI,ALPHA_PREFIX,Nord,CONFIRMED_BY_MATCH,ESG_OR_UNKNOWN,PROBABLE,Lyce de YANLI,NORD,1II1GSFD111055111
NO29343L42,LYCEE TECHNIQUE DE TOUBORO,ALPHA_PREFIX,Nord,CONFIRMED_BY_MATCH,ESTP,PROBABLE,Lyce Bilingue de TOUBORO,NORD,1II1GSBD102337113
16400825,ACHA BAPTIST COLLEGE -BELO,DIGIT_PREFIX,,,ESG_OR_UNKNOWN,PROBABLE_NO_REGION_SIGNAL,Lyce d'IBAL-ACHA,NORD-OUEST,3CC1GSAD110032115
16400826,BAPTIST COMPREHENSIVE HIGH SCHOOL NJINIKEJEM,DIGIT_PREFIX,,,ESG_OR_UNKNOWN,NEW,,,
16400827,COMPREHENSIVE SECONDARY SCHOOL MBESA,DIGIT_PREFIX,,,ESG_OR_UNKNOWN,NEW,,,
NW04057H03,GBHS BELO,ALPHA_PREFIX,Nord-Ouest,INFERRED_BY_ELIMINATION,ESG_OR_UNKNOWN,PROBABLE,Lyce Bilingue de BELO,NORD-OUEST,3CC1GSBD110178110
NW04057I04,GHS ANYAJUA,ALPHA_PREFIX,Nord-Ouest,INFERRED_BY_ELIMINATION,ESG_OR_UNKNOWN,PROBABLE,Lyce d'ANYAJUA,NORD-OUEST,3CC1GSAD110899111
NW04057I05,GHS IBAL ACHA,ALPHA_PREFIX,Nord-Ouest,INFERRED_BY_ELIMINATION,ESG_OR_UNKNOWN,PROBABLE,Lyce d'IBAL-ACHA,NORD-OUEST,3CC1GSAD110032115
NW04057I06,GHS MBESSA,ALPHA_PREFIX,Nord-Ouest,INFERRED_BY_ELIMINATION,ESG_OR_UNKNOWN,PROBABLE,Lyce de MBESSA,NORD-OUEST,3CC1GSAD110161107
NW04057I07,GHS MBINGO,ALPHA_PREFIX,Nord-Ouest,INFERRED_BY_ELIMINATION,ESG_OR_UNKNOWN,PROBABLE,Lyce de MBINGO,NORD-OUEST,3CC1GSAD110892111
NW04057A02,GSS BAINGO,ALPHA_PREFIX,Nord-Ouest,INFERRED_BY_ELIMINATION,ESG_OR_UNKNOWN,PROBABLE,CES de BAINGO,NORD-OUEST,3CC1GSAD100097111
NW04057A01,GSS IBAL ANJIN,ALPHA_PREFIX,Nord-Ouest,INFERRED_BY_ELIMINATION,ESG_OR_UNKNOWN,PROBABLE,CES d'IBAL-ANJIN,NORD-OUEST,3CC1GSAD100049109
NW04057C28,GTC AFUA,ALPHA_PREFIX,Nord-Ouest,INFERRED_BY_ELIMINATION,ESG_OR_UNKNOWN,NEW,,,
NW04057C29,GTC ASUH - MBESSA,ALPHA_PREFIX,Nord-Ouest,INFERRED_BY_ELIMINATION,ESG_OR_UNKNOWN,PROBABLE,Lyce de MBESSA,NORD-OUEST,3CC1GSAD110161107
NW04057C42,GTC SHO,ALPHA_PREFIX,Nord-Ouest,INFERRED_BY_ELIMINATION,ESG_OR_UNKNOWN,NEW,,,
NW04057C30,GTC TUMUKU,ALPHA_PREFIX,Nord-Ouest,INFERRED_BY_ELIMINATION,ESG_OR_UNKNOWN,NEW,,,
NW04057L31,GTHS OF NJINIKEJEM,ALPHA_PREFIX,Nord-Ouest,INFERRED_BY_ELIMINATION,ESG_OR_UNKNOWN,NEW,,,
16400828,KOM COMPREHENSIVE HIGH SCHOOL ANYAJUA,DIGIT_PREFIX,,,ESG_OR_UNKNOWN,PROBABLE_NO_REGION_SIGNAL,Lyce d'ANYAJUA,NORD-OUEST,3CC1GSAD110899111
16400829,MEMORIAL COMPREHENSIVE COLLEGE MEJANG,DIGIT_PREFIX,,,ESG_OR_UNKNOWN,NEW,,,
16400830,SAINT BEDE&#039;S COLLEGE ASHING,DIGIT_PREFIX,,,ESG_OR_UNKNOWN,NEW,,,
NW04077H12,GBHS FONFUKA,ALPHA_PREFIX,Nord-Ouest,INFERRED_BY_ELIMINATION,ESG_OR_UNKNOWN,PROBABLE,Lyce Bilingue de FONFUKA,NORD-OUEST,3CE1GSBD110961115
NW04077A09,GSS KICHOWI,ALPHA_PREFIX,Nord-Ouest,INFERRED_BY_ELIMINATION,ESG_OR_UNKNOWN,PROBABLE,CES de KICHOWI,NORD-OUEST,3CE1GSAD102824115
NW04077A08,GSS CHONGKANG-BUABUA,ALPHA_PREFIX,Nord-Ouest,INFERRED_BY_ELIMINATION,ESG_OR_UNKNOWN,PROBABLE,CES de CHONGKANG-BUABUA,NORD-OUEST,3CE1GSAD100991110
NW04077A10,GSS KONENE-BUM,ALPHA_PREFIX,Nord-Ouest,INFERRED_BY_ELIMINATION,ESG_OR_UNKNOWN,PROBABLE,CES de KONENE,NORD-OUEST,3CE1GSAD100979107
NW04077A11,GSS SAFF,ALPHA_PREFIX,Nord-Ouest,INFERRED_BY_ELIMINATION,ESG_OR_UNKNOWN,PROBABLE,CES de SAFF,NORD-OUEST,3CE1GSAD102703114
NW04077C32,GTC FONFUKA,ALPHA_PREFIX,Nord-Ouest,INFERRED_BY_ELIMINATION,ESG_OR_UNKNOWN,PROBABLE,Lyce Bilingue de FONFUKA,NORD-OUEST,3CE1GSBD110961115
NW04077C33,GTC KIMBI,ALPHA_PREFIX,Nord-Ouest,INFERRED_BY_ELIMINATION,ESG_OR_UNKNOWN,NEW,,,
16400831,CHRIST THE KING COMPREHENSIVE HIGH SCHOOL FUNDONG,DIGIT_PREFIX,,,ESG_OR_UNKNOWN,PROBABLE_NO_REGION_SIGNAL,Lyce Bilingue de FUNDONG,NORD-OUEST,3CH1GSBD110289079
16400832,FUNDONG ANGLO-SAXON COLLEGE,DIGIT_PREFIX,,,ESG_OR_UNKNOWN,PROBABLE_NO_REGION_SIGNAL,Lyce Bilingue de FUNDONG,NORD-OUEST,3CH1GSBD110289079
NW04132H19,GBHS FUNDONG,ALPHA_PREFIX,Nord-Ouest,INFERRED_BY_ELIMINATION,ESG_OR_UNKNOWN,PROBABLE,Lyce Bilingue de FUNDONG,NORD-OUEST,3CH1GSBD110289079
NW04132I20,GHS ABUH-FUNDONG,ALPHA_PREFIX,Nord-Ouest,INFERRED_BY_ELIMINATION,ESG_OR_UNKNOWN,PROBABLE,Lyce d'ABUH-FUNDONG,NORD-OUEST,3CH1GSAD110272110
NW04132I21,GHS ADUK,ALPHA_PREFIX,Nord-Ouest,INFERRED_BY_ELIMINATION,ESG_OR_UNKNOWN,PROBABLE,Lyce d'ADUK,NORD-OUEST,3CH1GSAD110214109
NW04132I22,GHS AKEH,ALPHA_PREFIX,Nord-Ouest,INFERRED_BY_ELIMINATION,ESG_OR_UNKNOWN,PROBABLE,Lyce d'AKEH,NORD-OUEST,3CH1GSAD101646109
NW04132I23,GHS MELI,ALPHA_PREFIX,Nord-Ouest,INFERRED_BY_ELIMINATION,ESG_OR_UNKNOWN,PROBABLE,Lyce de MELI,NORD-OUEST,3CH1GSAD110204111
NW04132A13,GSS ACHAIN,ALPHA_PREFIX,Nord-Ouest,INFERRED_BY_ELIMINATION,ESG_OR_UNKNOWN,PROBABLE,CES d'ACHAIN,NORD-OUEST,3CH1GSAD101644110
NW04132A14,GSS AJUNG FUNDONG,ALPHA_PREFIX,Nord-Ouest,INFERRED_BY_ELIMINATION,ESG_OR_UNKNOWN,PROBABLE,CES d'AJUNG,NORD-OUEST,3CH1GSAD101640110
NW04132A16,GSS FUJUA LAIKOM,ALPHA_PREFIX,Nord-Ouest,INFERRED_BY_ELIMINATION,ESG_OR_UNKNOWN,PROBABLE,CES de FUJUA-LAIKOM,NORD-OUEST,3CH1GSAD102687114
NW04132A15,GSS ILUNG,ALPHA_PREFIX,Nord-Ouest,INFERRED_BY_ELIMINATION,ESG_OR_UNKNOWN,PROBABLE,CES d'ILUNG,NORD-OUEST,3CH1GSAD100938100
NW04132A17,GSS NGOLAIN,ALPHA_PREFIX,Nord-Ouest,INFERRED_BY_ELIMINATION,ESG_OR_UNKNOWN,PROBABLE,CES de NGOLAIN,NORD-OUEST,3CH1GSAD100248109
NW04132A18,GSS NGWAH EBOSUNG,ALPHA_PREFIX,Nord-Ouest,INFERRED_BY_ELIMINATION,ESG_OR_UNKNOWN,PROBABLE,CES de NGWAH-EBOSUNG,NORD-OUEST,3CH1GSAD100243110
NW04132C34,GTC AKEH,ALPHA_PREFIX,Nord-Ouest,INFERRED_BY_ELIMINATION,ESG_OR_UNKNOWN,PROBABLE,Lyce d'AKEH,NORD-OUEST,3CH1GSAD101646109
NW04132C35,GTC BOLEM,ALPHA_PREFIX,Nord-Ouest,INFERRED_BY_ELIMINATION,ESG_OR_UNKNOWN,NEW,,,
NW04132C36,GTC FUNDONG VILLAGE,ALPHA_PREFIX,Nord-Ouest,INFERRED_BY_ELIMINATION,ESG_OR_UNKNOWN,PROBABLE,Lyce Bilingue de FUNDONG,NORD-OUEST,3CH1GSBD110289079
NW04132C37,GTC METEFF,ALPHA_PREFIX,Nord-Ouest,INFERRED_BY_ELIMINATION,ESG_OR_UNKNOWN,NEW,,,
NW04132L38,GTHS FUNDONG,ALPHA_PREFIX,Nord-Ouest,INFERRED_BY_ELIMINATION,ESG_OR_UNKNOWN,PROBABLE,Lyce Bilingue de FUNDONG,NORD-OUEST,3CH1GSBD110289079
NW04132E43,GTTC FUNDONG,ALPHA_PREFIX,Nord-Ouest,INFERRED_BY_ELIMINATION,ESG_OR_UNKNOWN,PROBABLE,Lyce Bilingue de FUNDONG,NORD-OUEST,3CH1GSBD110289079
16400833,ST ANDREWS ANNEX PRIVATE TEACHER&#039;S TRAINING COLLEGE FUNDONG,DIGIT_PREFIX,,,ESG_OR_UNKNOWN,PROBABLE_NO_REGION_SIGNAL,Lyce Bilingue de FUNDONG,NORD-OUEST,3CH1GSBD110289079
16400834,GEORGIAN CITY ACADEMY WOMBONG,DIGIT_PREFIX,,,ESG_OR_UNKNOWN,NEW,,,
NW04291I27,GHS NJINIKOM,ALPHA_PREFIX,Nord-Ouest,INFERRED_BY_ELIMINATION,ESG_OR_UNKNOWN,PROBABLE,CES de YANG (Njinikom),NORD-OUEST,3CI1GSAD100968110
NW04291A24,GSS CHUAKU MULOIN,ALPHA_PREFIX,Nord-Ouest,INFERRED_BY_ELIMINATION,ESG_OR_UNKNOWN,PROBABLE,CES de CHUAKU-MULOIN,NORD-OUEST,3CI1GSAD100964109
NW04291A25,GSS KIKFUINI,ALPHA_PREFIX,Nord-Ouest,INFERRED_BY_ELIMINATION,ESG_OR_UNKNOWN,PROBABLE,CES de KIKFUINI,NORD-OUEST,3CI1GSAD100986107
NW04291C39,GTC BOBONG,ALPHA_PREFIX,Nord-Ouest,INFERRED_BY_ELIMINATION,ESG_OR_UNKNOWN,NEW,,,
NW04291C40,GTC MBUENI,ALPHA_PREFIX,Nord-Ouest,INFERRED_BY_ELIMINATION,ESG_OR_UNKNOWN,NEW,,,
NW04291L44,GTHS NJINIKOM,ALPHA_PREFIX,Nord-Ouest,INFERRED_BY_ELIMINATION,ESG_OR_UNKNOWN,PROBABLE,CES de YANG (Njinikom),NORD-OUEST,3CI1GSAD100968110
16400835,JUA MEMORIAL COLLEGE NJINIKOM,DIGIT_PREFIX,,,ESG_OR_UNKNOWN,PROBABLE_NO_REGION_SIGNAL,CES de YANG (Njinikom),NORD-OUEST,3CI1GSAD100968110
16400836,ST MARIA GORETTIS COMPREHENSIVE HIGH SCHOOL NJINIKOM ANG,DIGIT_PREFIX,,,ESG_OR_UNKNOWN,PROBABLE_NO_REGION_SIGNAL,CES de YANG (Njinikom),NORD-OUEST,3CI1GSAD100968110
16360837,CARDINAL TUMI CATHOLIC COMPREHENSIVE COLLEGE,DIGIT_PREFIX,,,ESG_OR_UNKNOWN,NEW,,,
NW05153H06,GBHS JAKIRI,ALPHA_PREFIX,Nord-Ouest,INFERRED_BY_ELIMINATION,ESG_OR_UNKNOWN,PROBABLE,Lyce Bilingue de JAKIRI,NORD-OUEST,3EC1GSBD111822105
NW05153B01,GBSS WASI-BER,ALPHA_PREFIX,Nord-Ouest,INFERRED_BY_ELIMINATION,ESG_OR_UNKNOWN,PROBABLE,CES Bilingue de WASI-BER,NORD-OUEST,3EC1GSBD101253107
NW05153I07,GHS NKAR-JAKIRI,ALPHA_PREFIX,Nord-Ouest,INFERRED_BY_ELIMINATION,ESG_OR_UNKNOWN,PROBABLE,Lyce Bilingue de JAKIRI,NORD-OUEST,3EC1GSBD111822105
NW05153I08,GHS SOB,ALPHA_PREFIX,Nord-Ouest,INFERRED_BY_ELIMINATION,ESG_OR_UNKNOWN,NEW,,,
NW05153I09,GHS WAINAMAH,ALPHA_PREFIX,Nord-Ouest,INFERRED_BY_ELIMINATION,ESG_OR_UNKNOWN,PROBABLE,Lyce de WAINAMAH,NORD-OUEST,3EC1GSAD111258113
NW05153A02,GSS MBOKAM,ALPHA_PREFIX,Nord-Ouest,INFERRED_BY_ELIMINATION,ESG_OR_UNKNOWN,PROBABLE,CES de MBOKAM,NORD-OUEST,3EC1GSAD102346113
NW05153A03,GSS NOI VISOMBO,ALPHA_PREFIX,Nord-Ouest,INFERRED_BY_ELIMINATION,ESG_OR_UNKNOWN,PROBABLE,CES de NOI-VISOMBO,NORD-OUEST,3EC1GSAD102344113
NW05153A04,GSS VEKOVI,ALPHA_PREFIX,Nord-Ouest,INFERRED_BY_ELIMINATION,ESG_OR_UNKNOWN,PROBABLE,CES de VEKOVI,NORD-OUEST,3EC1GSAD101242110
NW05153A05,GSS WUEM,ALPHA_PREFIX,Nord-Ouest,INFERRED_BY_ELIMINATION,ESG_OR_UNKNOWN,NEW,,,
NW05153C44,GTC TAAVIRER,ALPHA_PREFIX,Nord-Ouest,INFERRED_BY_ELIMINATION,ESG_OR_UNKNOWN,NEW,,,
NW05153L45,GTHS JAKIRI,ALPHA_PREFIX,Nord-Ouest,INFERRED_BY_ELIMINATION,ESG_OR_UNKNOWN,PROBABLE,Lyce Bilingue de JAKIRI,NORD-OUEST,3EC1GSBD111822105
NW05153L46,GTHS VEKOVI,ALPHA_PREFIX,Nord-Ouest,INFERRED_BY_ELIMINATION,ESG_OR_UNKNOWN,PROBABLE,CES de VEKOVI,NORD-OUEST,3EC1GSAD101242110
16360838,ISLAMIC SECONDARY SCHOOL JAKIRI,DIGIT_PREFIX,,,ESG_OR_UNKNOWN,PROBABLE_NO_REGION_SIGNAL,Lyce Bilingue de JAKIRI,NORD-OUEST,3EC1GSBD111822105
16360839,REGINA PACIS COMPREHENSIVE COLLEGE-NKAR,DIGIT_PREFIX,,,ESG_OR_UNKNOWN,PROBABLE_NO_REGION_SIGNAL,Lyce de NKAR,NORD-OUEST,3EC1GSAD111232110
16360840,ST SYLVESTER&#039;S CATHOLIC COMPREHENSIVE COLLEGE SOP,DIGIT_PREFIX,,,ESG_OR_UNKNOWN,NEW,,,
16360841,CAMEROON CHRISTIAN ACADEMY,DIGIT_PREFIX,,,ESG_OR_UNKNOWN,NEW,,,
16360842,CHAFFEE MEMORIAL COLLEGE KUMBO,DIGIT_PREFIX,,,ESG_OR_UNKNOWN,PROBABLE_NO_REGION_SIGNAL,CES de KAI-KUMBO,NORD-OUEST,3EE1GSAD101858107
16360843,CHARITY PROGRESSIVE EVENING SCHOOL,DIGIT_PREFIX,,,ESG_OR_UNKNOWN,NEW,,,
16360844,CITY COLLEGE KUMBO,DIGIT_PREFIX,,,ESG_OR_UNKNOWN,PROBABLE_NO_REGION_SIGNAL,CES de KAI-KUMBO,NORD-OUEST,3EE1GSAD101858107
16360845,ETTC KUMBO,DIGIT_PREFIX,,,ESG_OR_UNKNOWN,PROBABLE_NO_REGION_SIGNAL,CES de KAI-KUMBO,NORD-OUEST,3EE1GSAD101858107
NW05179H14,GBHS KIKAIKOM,ALPHA_PREFIX,Nord-Ouest,INFERRED_BY_ELIMINATION,ESG_OR_UNKNOWN,PROBABLE,Lyce Bilingue de KIKAIKOM,NORD-OUEST,3EE1GSBD112127107
NW05179H15,GBHS KIMBO,ALPHA_PREFIX,Nord-Ouest,INFERRED_BY_ELIMINATION,ESG_OR_UNKNOWN,PROBABLE,Lyce Bilingue de KIMBO,NORD-OUEST,3EE1GSBD111458112
NW05179H16,GBHS KUMBO,ALPHA_PREFIX,Nord-Ouest,INFERRED_BY_ELIMINATION,ESG_OR_UNKNOWN,PROBABLE,CES de KAI-KUMBO,NORD-OUEST,3EE1GSAD101858107
NW05179I17,GHS KIKAIKELAKI KUMBO,ALPHA_PREFIX,Nord-Ouest,INFERRED_BY_ELIMINATION,ESG_OR_UNKNOWN,PROBABLE,Lyce de KIKAIKELAKI,NORD-OUEST,3EE1GSAD111163112
NW05179I18,GHS KITIWUM,ALPHA_PREFIX,Nord-Ouest,INFERRED_BY_ELIMINATION,ESG_OR_UNKNOWN,PROBABLE,Lyce de KITIWUM,NORD-OUEST,3EE1GSAD111698106
NW05179I19,GHS KIYAN,ALPHA_PREFIX,Nord-Ouest,INFERRED_BY_ELIMINATION,ESG_OR_UNKNOWN,PROBABLE,Lyce de KIYAN,NORD-OUEST,3EE1GSAD111279112
NW05179I20,GHS MELIM KUMBO,ALPHA_PREFIX,Nord-Ouest,INFERRED_BY_ELIMINATION,ESG_OR_UNKNOWN,PROBABLE,CES de KAI-KUMBO,NORD-OUEST,3EE1GSAD101858107
NW05179I21,GHS SHISONG,ALPHA_PREFIX,Nord-Ouest,INFERRED_BY_ELIMINATION,ESG_OR_UNKNOWN,PROBABLE,Lyce de SHISONG,NORD-OUEST,3EE1GSAD111238114
NW05179I22,GHS TADU-KUMBO,ALPHA_PREFIX,Nord-Ouest,INFERRED_BY_ELIMINATION,ESG_OR_UNKNOWN,PROBABLE,CES de KAI-KUMBO,NORD-OUEST,3EE1GSAD101858107
NW05179A11,GSS KINGOMEN,ALPHA_PREFIX,Nord-Ouest,INFERRED_BY_ELIMINATION,ESG_OR_UNKNOWN,PROBABLE,CES de KINGOMEN,NORD-OUEST,3EE1GSAD102823115
NW05179A13,GHS MELUF,ALPHA_PREFIX,Nord-Ouest,INFERRED_BY_ELIMINATION,ESG_OR_UNKNOWN,PROBABLE,CES de MELUF,NORD-OUEST,3EE1GSAD102821115
NW05179A10,GSS KAI - KUMBO,ALPHA_PREFIX,Nord-Ouest,INFERRED_BY_ELIMINATION,ESG_OR_UNKNOWN,PROBABLE,CES de KAI-KUMBO,NORD-OUEST,3EE1GSAD101858107
NW05179A12,GBHS MBUEH,ALPHA_PREFIX,Nord-Ouest,INFERRED_BY_ELIMINATION,ESG_OR_UNKNOWN,NEW,,,
NW05179C48,GTC KALE-KITIWUM,ALPHA_PREFIX,Nord-Ouest,INFERRED_BY_ELIMINATION,ESG_OR_UNKNOWN,PROBABLE,Lyce de KITIWUM,NORD-OUEST,3EE1GSAD111698106
NW05179C49,GTC KIKAIKELAKI,ALPHA_PREFIX,Nord-Ouest,INFERRED_BY_ELIMINATION,ESG_OR_UNKNOWN,PROBABLE,Lyce de KIKAIKELAKI,NORD-OUEST,3EE1GSAD111163112
NW05179C47,GTC MBAH,ALPHA_PREFIX,Nord-Ouest,INFERRED_BY_ELIMINATION,ESG_OR_UNKNOWN,NEW,,,
NW05179C50,GTC ROBERTA,ALPHA_PREFIX,Nord-Ouest,INFERRED_BY_ELIMINATION,ESG_OR_UNKNOWN,NEW,,,
NW05179L51,GTHS KUMBO,ALPHA_PREFIX,Nord-Ouest,INFERRED_BY_ELIMINATION,ESG_OR_UNKNOWN,PROBABLE,CES de KAI-KUMBO,NORD-OUEST,3EE1GSAD101858107
NW05179E79,GTTC KUMBO,ALPHA_PREFIX,Nord-Ouest,INFERRED_BY_ELIMINATION,ESG_OR_UNKNOWN,PROBABLE,CES de KAI-KUMBO,NORD-OUEST,3EE1GSAD101858107
16360846,ISLAMIC COLLEGE OF COMMERCE ARTS AND SCIENCE KIKAIKOM,DIGIT_PREFIX,,,ESG_OR_UNKNOWN,PROBABLE_NO_REGION_SIGNAL,Lyce Bilingue de KIKAIKOM,NORD-OUEST,3EE1GSBD112127107
16360847,ISLAMIC COMPREHENSIVE COLLEGE KUMBO,DIGIT_PREFIX,,,ESG_OR_UNKNOWN,PROBABLE_NO_REGION_SIGNAL,CES de KAI-KUMBO,NORD-OUEST,3EE1GSAD101858107
16360848,ISLAMIC HIGH SCHOOL KUMBO,DIGIT_PREFIX,,,ESG_OR_UNKNOWN,PROBABLE_NO_REGION_SIGNAL,CES de KAI-KUMBO,NORD-OUEST,3EE1GSAD101858107
16360849,ISLAMIC TEACHER TRAINING COLLEGE KUMBO,DIGIT_PREFIX,,,ESG_OR_UNKNOWN,PROBABLE_NO_REGION_SIGNAL,CES de KAI-KUMBO,NORD-OUEST,3EE1GSAD101858107
16360850,KOMBAN&#039;S MEMORIAL COLLEGE KUMBO,DIGIT_PREFIX,,,ESG_OR_UNKNOWN,PROBABLE_NO_REGION_SIGNAL,CES de KAI-KUMBO,NORD-OUEST,3EE1GSAD101858107
16360851,PRESBYTERIAN COMPREHENSIVE HIGH SCHOOL KUMBO,DIGIT_PREFIX,,,ESG_OR_UNKNOWN,PROBABLE_NO_REGION_SIGNAL,CES de KAI-KUMBO,NORD-OUEST,3EE1GSAD101858107
16360852,SAINT AUGUSTINES COLLEGE NSO,DIGIT_PREFIX,,,ESG_OR_UNKNOWN,NEW,,,
16360853,SAINT CHRISTOPHER CATHOLIC COLLEGE KUMBO,DIGIT_PREFIX,,,ESG_OR_UNKNOWN,PROBABLE_NO_REGION_SIGNAL,CES de KAI-KUMBO,NORD-OUEST,3EE1GSAD101858107
16360854,SAINT PETER&#039;S CATHOLIC COMPREHENSIVE COLLEGE KUMBO,DIGIT_PREFIX,,,ESG_OR_UNKNOWN,PROBABLE_NO_REGION_SIGNAL,CES de KAI-KUMBO,NORD-OUEST,3EE1GSAD101858107
16360855,ST ALOYSIUS MINOR SEMINARY KITIWUM,DIGIT_PREFIX,,,ESG_OR_UNKNOWN,PROBABLE_NO_REGION_SIGNAL,Lyce de KITIWUM,NORD-OUEST,3EE1GSAD111698106
16360856,ST ANTHONY OF PADUA CATHOLIC COMPREHENSIVE COLLEGE,DIGIT_PREFIX,,,ESG_OR_UNKNOWN,NEW,,,
16360857,ST FRANCIS COMPREHENSIVE COLLEGE OF SHISONG,DIGIT_PREFIX,,,ESG_OR_UNKNOWN,PROBABLE_NO_REGION_SIGNAL,Lyce de SHISONG,NORD-OUEST,3EE1GSAD111238114
NW05225B23,GBSS LIP,ALPHA_PREFIX,Nord-Ouest,INFERRED_BY_ELIMINATION,ESG_OR_UNKNOWN,NEW,,,
NW05225B24,GBSS MBOHNSO,ALPHA_PREFIX,Nord-Ouest,INFERRED_BY_ELIMINATION,ESG_OR_UNKNOWN,PROBABLE,CES Bilingue de MBOHNSO,NORD-OUEST,3EH1GSBD101517106
NW05225I26,GHS MBIAME,ALPHA_PREFIX,Nord-Ouest,INFERRED_BY_ELIMINATION,ESG_OR_UNKNOWN,PROBABLE,CES de KOVKI-MBIAME,NORD-OUEST,3EH1GSAD102822115
NW05225A25,GSS KOVKI-MBIAME,ALPHA_PREFIX,Nord-Ouest,INFERRED_BY_ELIMINATION,ESG_OR_UNKNOWN,PROBABLE,CES de KOVKI-MBIAME,NORD-OUEST,3EH1GSAD102822115
NW05225C52,GTC MBIAME,ALPHA_PREFIX,Nord-Ouest,INFERRED_BY_ELIMINATION,ESG_OR_UNKNOWN,PROBABLE,CES de KOVKI-MBIAME,NORD-OUEST,3EH1GSAD102822115
NW05302H34,GBHS OF TATUM,ALPHA_PREFIX,Nord-Ouest,INFERRED_BY_ELIMINATION,ESG_OR_UNKNOWN,PROBABLE,Lyce Bilingue de TATUM,NORD-OUEST,3EI1GSBD111855101
NW05302I35,GHS MAH,ALPHA_PREFIX,Nord-Ouest,INFERRED_BY_ELIMINATION,ESG_OR_UNKNOWN,NEW,,,
NW05302I36,GHS NSEH,ALPHA_PREFIX,Nord-Ouest,INFERRED_BY_ELIMINATION,ESG_OR_UNKNOWN,PROBABLE,Lyce de NSEH,NORD-OUEST,3EI1GSAD111191110
NW05302A27,GSS BANTEN,ALPHA_PREFIX,Nord-Ouest,INFERRED_BY_ELIMINATION,ESG_OR_UNKNOWN,PROBABLE,CES de BANTEN,NORD-OUEST,3EI1GSAD101202110
NW05302A28,GSS BUH,ALPHA_PREFIX,Nord-Ouest,INFERRED_BY_ELIMINATION,ESG_OR_UNKNOWN,NEW,,,
NW05302A29,GSS DZENG,ALPHA_PREFIX,Nord-Ouest,INFERRED_BY_ELIMINATION,ESG_OR_UNKNOWN,PROBABLE,CES de DZENG-NKUM,NORD-OUEST,3EI1GSAD101149106
NW05302A30,GSS KIFEM-MBAM,ALPHA_PREFIX,Nord-Ouest,INFERRED_BY_ELIMINATION,ESG_OR_UNKNOWN,PROBABLE,CES de KIFEM-MBAM,NORD-OUEST,3EI1GSAD101205110
NW05302A31,GSS KUINTAR-MBAM,ALPHA_PREFIX,Nord-Ouest,INFERRED_BY_ELIMINATION,ESG_OR_UNKNOWN,PROBABLE,CES de KUINTAR-MBAM,NORD-OUEST,3EI1GSAD101194108
NW05302A32,GSS KUVLU-NKUM,ALPHA_PREFIX,Nord-Ouest,INFERRED_BY_ELIMINATION,ESG_OR_UNKNOWN,PROBABLE,CES de KUVLU,NORD-OUEST,3EI1GSAD101218110
NW05302A33,GSS NGENDZEN,ALPHA_PREFIX,Nord-Ouest,INFERRED_BY_ELIMINATION,ESG_OR_UNKNOWN,PROBABLE,CES de NGENDZEN,NORD-OUEST,3EI1GSAD101180110
NW05302C80,GTC NTOMNE MBAM,ALPHA_PREFIX,Nord-Ouest,INFERRED_BY_ELIMINATION,ESG_OR_UNKNOWN,PROBABLE,CES de KIFEM-MBAM,NORD-OUEST,3EI1GSAD101205110
NW05302C54,GTC MBIIM,ALPHA_PREFIX,Nord-Ouest,INFERRED_BY_ELIMINATION,ESG_OR_UNKNOWN,NEW,,,
NW05302C55,GTC NSEH-NKUM,ALPHA_PREFIX,Nord-Ouest,INFERRED_BY_ELIMINATION,ESG_OR_UNKNOWN,PROBABLE,CES de DZENG-NKUM,NORD-OUEST,3EI1GSAD101149106
NW05302C53,GTC TATUM,ALPHA_PREFIX,Nord-Ouest,INFERRED_BY_ELIMINATION,ESG_OR_UNKNOWN,PROBABLE,Lyce Bilingue de TATUM,NORD-OUEST,3EI1GSBD111855101
16360858,ISLAMIC COMPREHENSIVE COLLEGE TATUM,DIGIT_PREFIX,,,ESG_OR_UNKNOWN,PROBABLE_NO_REGION_SIGNAL,Lyce Bilingue de TATUM,NORD-OUEST,3EI1GSBD111855101
16360859,ISLAMIC SECONDARY SCHOOL NSEH,DIGIT_PREFIX,,,ESG_OR_UNKNOWN,PROBABLE_NO_REGION_SIGNAL,Lyce de NSEH,NORD-OUEST,3EI1GSAD111191110
16360860,SAINT PIUS X CATHOLIC COLLEGE TATUM,DIGIT_PREFIX,,,ESG_OR_UNKNOWN,PROBABLE_NO_REGION_SIGNAL,Lyce Bilingue de TATUM,NORD-OUEST,3EI1GSBD111855101
16360861,SAINT PIUS X CATHOLIC TEACHER TRAINING COLLEGE TATUM,DIGIT_PREFIX,,,ESG_OR_UNKNOWN,PROBABLE_NO_REGION_SIGNAL,Lyce Bilingue de TATUM,NORD-OUEST,3EI1GSBD111855101
16360862,ST PIUS X TECHNICAL TEACHER TRAINING COLLEGE (ENIET) TATUM,DIGIT_PREFIX,,,ENI,PROBABLE_NO_REGION_SIGNAL,Lyce Bilingue de TATUM,NORD-OUEST,3EI1GSBD111855101
NW05304I41,GHS LAFELE-DJOTTIN,ALPHA_PREFIX,Nord-Ouest,INFERRED_BY_ELIMINATION,ESG_OR_UNKNOWN,PROBABLE,Lyce de LAFELE-DJOTTIN,NORD-OUEST,3EJ1GSAD111463112
NW05304I42,GHS MBINON NONI BUI,ALPHA_PREFIX,Nord-Ouest,INFERRED_BY_ELIMINATION,ESG_OR_UNKNOWN,PROBABLE,Lyce de MBINON-NONI,NORD-OUEST,3EJ1GSAD111524115
NW05304I43,GHS NKOR-NONI,ALPHA_PREFIX,Nord-Ouest,INFERRED_BY_ELIMINATION,ESG_OR_UNKNOWN,PROBABLE,Lyce de NKOR-NONI,NORD-OUEST,3EJ1GSAD111829101
NW05304A37,GSS DIN-NONI,ALPHA_PREFIX,Nord-Ouest,INFERRED_BY_ELIMINATION,ESG_OR_UNKNOWN,PROBABLE,CES de DIN-NONI,NORD-OUEST,3EJ1GSAD101136106
NW05304A38,GSS LASSIN,ALPHA_PREFIX,Nord-Ouest,INFERRED_BY_ELIMINATION,ESG_OR_UNKNOWN,PROBABLE,CES de LASSIN,NORD-OUEST,3EJ1GSAD101139109
NW05304A39,GSS NGAI DIN,ALPHA_PREFIX,Nord-Ouest,INFERRED_BY_ELIMINATION,ESG_OR_UNKNOWN,PROBABLE,CES de NGAI-DIN,NORD-OUEST,3EJ1GSAD102712114
NW05304A40,GSS NGEPTANG-DIN,ALPHA_PREFIX,Nord-Ouest,INFERRED_BY_ELIMINATION,ESG_OR_UNKNOWN,PROBABLE,CES de NGEPTANG-DIN,NORD-OUEST,3EJ1GSAD101467110
NW05304C57,GTC JIHIBAI DJOTTIN,ALPHA_PREFIX,Nord-Ouest,INFERRED_BY_ELIMINATION,ESG_OR_UNKNOWN,PROBABLE,Lyce de LAFELE-DJOTTIN,NORD-OUEST,3EJ1GSAD111463112
NW05304C56,GTC NKOR-NONI,ALPHA_PREFIX,Nord-Ouest,INFERRED_BY_ELIMINATION,ESG_OR_UNKNOWN,PROBABLE,Lyce de NKOR-NONI,NORD-OUEST,3EJ1GSAD111829101
16360863,SAINT JOSEPH&#039;S CATHOLIC COMPREHENSIVE COLLEGE LASSIN,DIGIT_PREFIX,,,ESG_OR_UNKNOWN,PROBABLE_NO_REGION_SIGNAL,Lyce TSF MONGO JOSEPH,LITTORAL,7IE1GSFD110002091
16360864,ST THERESIAS COMPREHENSIVE COLLEGE DJOTTIN ANG,DIGIT_PREFIX,,,ESG_OR_UNKNOWN,PROBABLE_NO_REGION_SIGNAL,Lyce de LAFELE-DJOTTIN,NORD-OUEST,3EJ1GSAD111463112
16360865,CHRIST MEMORIAL COLLEGE ELAK OKU,DIGIT_PREFIX,,,ESG_OR_UNKNOWN,PROBABLE_NO_REGION_SIGNAL,Lyce d'ELAK-OKU,NORD-OUEST,3EK1GSAD111661097
NW05117H71,GBHS LANG OKU,ALPHA_PREFIX,Nord-Ouest,INFERRED_BY_ELIMINATION,ESG_OR_UNKNOWN,PROBABLE,Lyce Bilingue de LANG-OKU,NORD-OUEST,3EK1GSBD111177114
NW05117H72,GBHS LUI OKU,ALPHA_PREFIX,Nord-Ouest,INFERRED_BY_ELIMINATION,ESG_OR_UNKNOWN,NEW,,,
NW05117H73,GBHS TOLON,ALPHA_PREFIX,Nord-Ouest,INFERRED_BY_ELIMINATION,ESG_OR_UNKNOWN,PROBABLE,Lyce Bilingue de TOLON,NORD-OUEST,3EK1GSBD111659109
16360866,GHAM COMPREHENSIVE HIGH SCHOOL,DIGIT_PREFIX,,,ESG_OR_UNKNOWN,NEW,,,
NW05117I74,GHS ELAK-OKU,ALPHA_PREFIX,Nord-Ouest,INFERRED_BY_ELIMINATION,ESG_OR_UNKNOWN,PROBABLE,Lyce d'ELAK-OKU,NORD-OUEST,3EK1GSAD111661097
NW05117I75,GHS IBAL-OKU,ALPHA_PREFIX,Nord-Ouest,INFERRED_BY_ELIMINATION,ESG_OR_UNKNOWN,PROBABLE,Lyce d'IBAL-ACHA,NORD-OUEST,3CC1GSAD110032115
NW05117I77,GHS MBAM OKU,ALPHA_PREFIX,Nord-Ouest,INFERRED_BY_ELIMINATION,ESG_OR_UNKNOWN,PROBABLE,CES de KIFEM-MBAM,NORD-OUEST,3EI1GSAD101205110
NW05117I78,GHS SIMONKOV OKU,ALPHA_PREFIX,Nord-Ouest,INFERRED_BY_ELIMINATION,ESG_OR_UNKNOWN,PROBABLE,Lyce de SIMONKOV,NORD-OUEST,3EK1GSAD111477113
NW05117A69,GSS NGVUINKEI I,ALPHA_PREFIX,Nord-Ouest,INFERRED_BY_ELIMINATION,ESG_OR_UNKNOWN,PROBABLE,CES de NGVUINKEI I,NORD-OUEST,3EK1GSAD102811115
NW05117A65,GSS ELUNG,ALPHA_PREFIX,Nord-Ouest,INFERRED_BY_ELIMINATION,ESG_OR_UNKNOWN,PROBABLE,CES d'ELUNG,NORD-OUEST,3EK1GSAD102348113
NW05117A66,GSS ICHIM OKU,ALPHA_PREFIX,Nord-Ouest,INFERRED_BY_ELIMINATION,ESG_OR_UNKNOWN,PROBABLE,CES d'ICHIM,NORD-OUEST,3EK1GSAD101174109
NW05117I76,LYCEE DE JIYANE-OKU,ALPHA_PREFIX,Nord-Ouest,INFERRED_BY_ELIMINATION,ESG_OR_UNKNOWN,PROBABLE,Lyce de JIYANE-OKU,NORD-OUEST,3EK1GSAD111493114
NW05117A67,GSS MBOH-OKU,ALPHA_PREFIX,Nord-Ouest,INFERRED_BY_ELIMINATION,ESG_OR_UNKNOWN,PROBABLE,CES de MBOH-OKU,NORD-OUEST,3EK1GSAD101530110
NW05117A68,GSS NGEMSIBA I OKU,ALPHA_PREFIX,Nord-Ouest,INFERRED_BY_ELIMINATION,ESG_OR_UNKNOWN,PROBABLE,CES de NGEMSIBA I,NORD-OUEST,3EK1GSAD102301113
NW05117A70,GSS TANKIY-OKU,ALPHA_PREFIX,Nord-Ouest,INFERRED_BY_ELIMINATION,ESG_OR_UNKNOWN,PROBABLE,CES de TANKIY-OKU,NORD-OUEST,3EK1GSAD102143110
NW05117C58,GTC CHAK OKU,ALPHA_PREFIX,Nord-Ouest,INFERRED_BY_ELIMINATION,ESG_OR_UNKNOWN,NEW,,,
NW05117C59,GTC MBAM - OKU,ALPHA_PREFIX,Nord-Ouest,INFERRED_BY_ELIMINATION,ESG_OR_UNKNOWN,PROBABLE,CES de KIFEM-MBAM,NORD-OUEST,3EI1GSAD101205110
NW05117C61,GTC MBOCKENGHAS OKU,ALPHA_PREFIX,Nord-Ouest,INFERRED_BY_ELIMINATION,ESG_OR_UNKNOWN,NEW,,,
NW05117C62,GTC MBOCKEVU-OKU,ALPHA_PREFIX,Nord-Ouest,INFERRED_BY_ELIMINATION,ESG_OR_UNKNOWN,NEW,,,
NW05117C60,GTC NKWI-OKU,ALPHA_PREFIX,Nord-Ouest,INFERRED_BY_ELIMINATION,ESG_OR_UNKNOWN,NEW,,,
NW05117L83,GTHS OKU,ALPHA_PREFIX,Nord-Ouest,INFERRED_BY_ELIMINATION,ESG_OR_UNKNOWN,NEW,,,
NW05117L64,GTHS JIKEJEM OKU,ALPHA_PREFIX,Nord-Ouest,INFERRED_BY_ELIMINATION,ESG_OR_UNKNOWN,NEW,,,
NW05117E63,GTTTC JIKEJEM,ALPHA_PREFIX,Nord-Ouest,INFERRED_BY_ELIMINATION,ESG_OR_UNKNOWN,NEW,,,
16360867,OUR LADY OF THE IMMACULATE CONCEPTION COLLEGE KUMBO,DIGIT_PREFIX,,,ESG_OR_UNKNOWN,PROBABLE_NO_REGION_SIGNAL,CES de KAI-KUMBO,NORD-OUEST,3EE1GSAD101858107
NW09003H08,GBHS AKO,ALPHA_PREFIX,Nord-Ouest,INFERRED_BY_ELIMINATION,ESG_OR_UNKNOWN,NEW,,,
NW09003A02,GSS ASSA (Non focntionnel),ALPHA_PREFIX,Nord-Ouest,INFERRED_BY_ELIMINATION,ESG_OR_UNKNOWN,PROBABLE,CES d'ASSA,NORD-OUEST,3HC1GSAD102812115
NW09003A01,GSS AKWAJA,ALPHA_PREFIX,Nord-Ouest,INFERRED_BY_ELIMINATION,ESG_OR_UNKNOWN,PROBABLE,CES d'AKWAJA,NORD-OUEST,3HC1GSAD101835111
NW09003A03,GSS BUKU AKO,ALPHA_PREFIX,Nord-Ouest,INFERRED_BY_ELIMINATION,ESG_OR_UNKNOWN,PROBABLE,CES de BUKU,NORD-OUEST,3HC1GSAD101368110
NW09003A04,GSS DUMBO-BERABE,ALPHA_PREFIX,Nord-Ouest,INFERRED_BY_ELIMINATION,ESG_OR_UNKNOWN,PROBABLE,CES de DUMBO-BERABE,NORD-OUEST,3HC1GSAD101511109
NW09003A05,GSS KUTA,ALPHA_PREFIX,Nord-Ouest,INFERRED_BY_ELIMINATION,ESG_OR_UNKNOWN,PROBABLE,CES de KUTA,NORD-OUEST,3HC1GSAD101404106
NW09003A06,GSS MBANDE,ALPHA_PREFIX,Nord-Ouest,INFERRED_BY_ELIMINATION,ESG_OR_UNKNOWN,PROBABLE,CES de MBANDE,NORD-OUEST,3HC1GSAD101406109
NW09003A07,GSS NZIBIE,ALPHA_PREFIX,Nord-Ouest,INFERRED_BY_ELIMINATION,ESG_OR_UNKNOWN,PROBABLE,CES de NZIBIE,NORD-OUEST,3HC1GSAD101394111
NW09003C44,GTC AKWENKO,ALPHA_PREFIX,Nord-Ouest,INFERRED_BY_ELIMINATION,ESG_OR_UNKNOWN,NEW,,,
NW09003C45,GTC JEVI,ALPHA_PREFIX,Nord-Ouest,INFERRED_BY_ELIMINATION,ESG_OR_UNKNOWN,NEW,,,
NW09003C46,GTC AKO,ALPHA_PREFIX,Nord-Ouest,INFERRED_BY_ELIMINATION,ESG_OR_UNKNOWN,NEW,,,
NW09244H12,GBHS MISAJE,ALPHA_PREFIX,Nord-Ouest,INFERRED_BY_ELIMINATION,ESG_OR_UNKNOWN,PROBABLE,Lyce Bilingue de MISAJE,NORD-OUEST,3HE1GSBD111525111
NW09244I13,GHS CHUNGHE,ALPHA_PREFIX,Nord-Ouest,INFERRED_BY_ELIMINATION,ESG_OR_UNKNOWN,PROBABLE,Lyce de CHUNGHE,NORD-OUEST,3HE1GSAD111088114
NW09244I14,GHS DUMBU,ALPHA_PREFIX,Nord-Ouest,INFERRED_BY_ELIMINATION,ESG_OR_UNKNOWN,PROBABLE,Lyce de DUMBU,NORD-OUEST,3HE1GSAD111693114
NW09244A10,GSS KAMINE,ALPHA_PREFIX,Nord-Ouest,INFERRED_BY_ELIMINATION,ESG_OR_UNKNOWN,PROBABLE,CES de KAMINE,NORD-OUEST,3HE1GSAD103161118
NW09244A09,GSS AKWETO,ALPHA_PREFIX,Nord-Ouest,INFERRED_BY_ELIMINATION,ESG_OR_UNKNOWN,PROBABLE,CES d'AKWETO,NORD-OUEST,3HE1GSAD100880110
NW09244A11,GSS SABONGIDA,ALPHA_PREFIX,Nord-Ouest,INFERRED_BY_ELIMINATION,ESG_OR_UNKNOWN,PROBABLE,CES de SABONGIDA,NORD-OUEST,3HE1GSAD102716114
NW09244C61,GTC DUMBU,ALPHA_PREFIX,Nord-Ouest,INFERRED_BY_ELIMINATION,ESG_OR_UNKNOWN,PROBABLE,Lyce de DUMBU,NORD-OUEST,3HE1GSAD111693114
NW09244L47,GTHS MISAJE,ALPHA_PREFIX,Nord-Ouest,INFERRED_BY_ELIMINATION,ESG_OR_UNKNOWN,PROBABLE,Lyce Bilingue de MISAJE,NORD-OUEST,3HE1GSBD111525111
16340868,ACIC ISLAMIC HIGH SCHOOL NTUMBAW-NDU,DIGIT_PREFIX,,,ESG_OR_UNKNOWN,PROBABLE_NO_REGION_SIGNAL,Lyce de NTUMBAW,NORD-OUEST,3HH1GSAD110038107
NW09265H20,GBHS NDU,ALPHA_PREFIX,Nord-Ouest,INFERRED_BY_ELIMINATION,ESG_OR_UNKNOWN,NEW,,,
NW09265I21,GHS KAKAR NDU,ALPHA_PREFIX,Nord-Ouest,INFERRED_BY_ELIMINATION,ESG_OR_UNKNOWN,PROBABLE,Lyce de KAKAR,NORD-OUEST,3HH1GSAD111721113
NW09265I22,GHS MBIPLAH,ALPHA_PREFIX,Nord-Ouest,INFERRED_BY_ELIMINATION,ESG_OR_UNKNOWN,PROBABLE,Lyce de MBIPLAH,NORD-OUEST,3HH1GSAD111522115
NW09265I23,GHS NTUMBAW,ALPHA_PREFIX,Nord-Ouest,INFERRED_BY_ELIMINATION,ESG_OR_UNKNOWN,PROBABLE,Lyce de NTUMBAW,NORD-OUEST,3HH1GSAD110038107
NW09265I24,GHS TAKU-NDU,ALPHA_PREFIX,Nord-Ouest,INFERRED_BY_ELIMINATION,ESG_OR_UNKNOWN,PROBABLE,Lyce de TAKU,NORD-OUEST,3HH1GSAD110922110
NW09265I25,GHS TALLA,ALPHA_PREFIX,Nord-Ouest,INFERRED_BY_ELIMINATION,ESG_OR_UNKNOWN,PROBABLE,Lyce de TALLA,NORD-OUEST,3HH1GSAD110047111
NW09265A17,GSS NTABA,ALPHA_PREFIX,Nord-Ouest,INFERRED_BY_ELIMINATION,ESG_OR_UNKNOWN,PROBABLE,CES de NTABA,NORD-OUEST,3HH1GSAD102819115
NW09265A18,GSS NTAMRUH,ALPHA_PREFIX,Nord-Ouest,INFERRED_BY_ELIMINATION,ESG_OR_UNKNOWN,PROBABLE,CES de NTAMRUH,NORD-OUEST,3HH1GSAD101710108
NW09265A15,GSS MBAWRONG,ALPHA_PREFIX,Nord-Ouest,INFERRED_BY_ELIMINATION,ESG_OR_UNKNOWN,PROBABLE,CES de MBAWRONG,NORD-OUEST,3HH1GSAD101716104
NW09265A16,GSS NJILAH,ALPHA_PREFIX,Nord-Ouest,INFERRED_BY_ELIMINATION,ESG_OR_UNKNOWN,PROBABLE,CES de NJILAH,NORD-OUEST,3HH1GSAD101528109
NW09265A19,GSS NTUNDIP,ALPHA_PREFIX,Nord-Ouest,INFERRED_BY_ELIMINATION,ESG_OR_UNKNOWN,PROBABLE,CES de NTUNDIP,NORD-OUEST,3HH1GSAD101409112
NW09265C48,GTC NTUMBAW,ALPHA_PREFIX,Nord-Ouest,INFERRED_BY_ELIMINATION,ESG_OR_UNKNOWN,PROBABLE,Lyce de NTUMBAW,NORD-OUEST,3HH1GSAD110038107
NW09265C49,GTC LUH,ALPHA_PREFIX,Nord-Ouest,INFERRED_BY_ELIMINATION,ESG_OR_UNKNOWN,NEW,,,
NW09265C50,GTC MBIPGO,ALPHA_PREFIX,Nord-Ouest,INFERRED_BY_ELIMINATION,ESG_OR_UNKNOWN,NEW,,,
NW09265C51,GTC SOP,ALPHA_PREFIX,Nord-Ouest,INFERRED_BY_ELIMINATION,ESG_OR_UNKNOWN,NEW,,,
NW09265L52,GTHS NDU,ALPHA_PREFIX,Nord-Ouest,INFERRED_BY_ELIMINATION,ESG_OR_UNKNOWN,NEW,,,
16340869,JOSEPH MERRICK BAPTIST COLLEGE NDU,DIGIT_PREFIX,,,ESG_OR_UNKNOWN,PROBABLE_NO_REGION_SIGNAL,Lyce TSF MONGO JOSEPH,LITTORAL,7IE1GSFD110002091
16340870,NIGHTIGALE TEACHER TRAINING COLLEGE NDU,DIGIT_PREFIX,,,ESG_OR_UNKNOWN,NEW,,,
16340871,PRINCE OF PEACE SECONDARY SCHOOL NDU,DIGIT_PREFIX,,,ESG_OR_UNKNOWN,NEW,,,
16340873,ST ROLLAND INTERNATIONAL COLLEGE MANGU NDU,DIGIT_PREFIX,,,ESG_OR_UNKNOWN,NEW,,,
16340874,CHRIST THE KING TEACHER TRAINING COLLEGE,DIGIT_PREFIX,,,ESG_OR_UNKNOWN,PROBABLE_NO_REGION_SIGNAL,CES de KING-PLACE-BATCHAM,OUEST,4CE1GSFD101616111
16340875,CHRIST THE KING TEACHER&#039;S TRAINING COLLEGE,DIGIT_PREFIX,,,ESG_OR_UNKNOWN,PROBABLE_NO_REGION_SIGNAL,CES de KING-PLACE-BATCHAM,OUEST,4CE1GSFD101616111
NW09293H29,GBHS NKAMBE,ALPHA_PREFIX,Nord-Ouest,INFERRED_BY_ELIMINATION,ESG_OR_UNKNOWN,PROBABLE,CES de NYANJI-NKAMBE,NORD-OUEST,3HI1GSAD100901110
NW09293I30,GHS BINKA,ALPHA_PREFIX,Nord-Ouest,INFERRED_BY_ELIMINATION,ESG_OR_UNKNOWN,PROBABLE,Lyce de BINKA,NORD-OUEST,3HI1GSAD110936112
NW09293I31,GHS MBU-WARR,ALPHA_PREFIX,Nord-Ouest,INFERRED_BY_ELIMINATION,ESG_OR_UNKNOWN,NEW,,,
NW09293I32,GHS TABENKEN,ALPHA_PREFIX,Nord-Ouest,INFERRED_BY_ELIMINATION,ESG_OR_UNKNOWN,PROBABLE,Lyce de TABENKEN,NORD-OUEST,3HI1GSAD110855109
NW09293A27,GSS KUNGI,ALPHA_PREFIX,Nord-Ouest,INFERRED_BY_ELIMINATION,ESG_OR_UNKNOWN,PROBABLE,CES de KUNGI,NORD-OUEST,3HI1GSAD102820115
NW09293A26,GSS BINSHUA,ALPHA_PREFIX,Nord-Ouest,INFERRED_BY_ELIMINATION,ESG_OR_UNKNOWN,PROBABLE,CES de BINSHUA,NORD-OUEST,3HI1GSAD100107110
NW09293A28,GHS NYANJI,ALPHA_PREFIX,Nord-Ouest,INFERRED_BY_ELIMINATION,ESG_OR_UNKNOWN,PROBABLE,CES de NYANJI-NKAMBE,NORD-OUEST,3HI1GSAD100901110
NW09293C53,GTC CHUP(MBUWARR),ALPHA_PREFIX,Nord-Ouest,INFERRED_BY_ELIMINATION,ESG_OR_UNKNOWN,NEW,,,
NW09293C54,GTC MBOT,ALPHA_PREFIX,Nord-Ouest,INFERRED_BY_ELIMINATION,ESG_OR_UNKNOWN,NEW,,,
NW09293C55,GTC NJAP,ALPHA_PREFIX,Nord-Ouest,INFERRED_BY_ELIMINATION,ESG_OR_UNKNOWN,NEW,,,
NW09293L56,GTHS NKAMBE,ALPHA_PREFIX,Nord-Ouest,INFERRED_BY_ELIMINATION,ESG_OR_UNKNOWN,PROBABLE,CES de NYANJI-NKAMBE,NORD-OUEST,3HI1GSAD100901110
NW09293E62,GTTC DE NKAMBE,ALPHA_PREFIX,Nord-Ouest,INFERRED_BY_ELIMINATION,ESG_OR_UNKNOWN,PROBABLE,CES de NYANJI-NKAMBE,NORD-OUEST,3HI1GSAD100901110
16340876,PRESBYTERIAN HIGH SCHOOL NKAMBE,DIGIT_PREFIX,,,ESG_OR_UNKNOWN,PROBABLE_NO_REGION_SIGNAL,CES de NYANJI-NKAMBE,NORD-OUEST,3HI1GSAD100901110
16340877,ST RITA&#039;S CATH. TECH. AND COMM HIGH SCH. NKAMBE,DIGIT_PREFIX,,,ESG_OR_UNKNOWN,PROBABLE_NO_REGION_SIGNAL,CES de NYANJI-NKAMBE,NORD-OUEST,3HI1GSAD100901110
NW09308I40,GHS KOM-MFUMTE,ALPHA_PREFIX,Nord-Ouest,INFERRED_BY_ELIMINATION,ESG_OR_UNKNOWN,PROBABLE,Lyce de KOM-MFUMTE,NORD-OUEST,3HJ1GSAD111314112
NW09308I41,GHS LUS,ALPHA_PREFIX,Nord-Ouest,INFERRED_BY_ELIMINATION,ESG_OR_UNKNOWN,NEW,,,
NW09308I42,GHS NWA,ALPHA_PREFIX,Nord-Ouest,INFERRED_BY_ELIMINATION,ESG_OR_UNKNOWN,NEW,,,
NW09308I43,GHS SABONGARI (NWA),ALPHA_PREFIX,Nord-Ouest,INFERRED_BY_ELIMINATION,ESG_OR_UNKNOWN,PROBABLE,Lyce de SABONGARI (Nwa),NORD-OUEST,3HJ1GSAD111286111
NW09308A33,GSS DZEMBUCK MBEM,ALPHA_PREFIX,Nord-Ouest,INFERRED_BY_ELIMINATION,ESG_OR_UNKNOWN,PROBABLE,CES de DZEMBUCK,NORD-OUEST,3HJ1GSAD100818108
NW09308A34,GSS GOM,ALPHA_PREFIX,Nord-Ouest,INFERRED_BY_ELIMINATION,ESG_OR_UNKNOWN,NEW,,,
NW09308A35,GSS MBUHNGONG ROM,ALPHA_PREFIX,Nord-Ouest,INFERRED_BY_ELIMINATION,ESG_OR_UNKNOWN,NEW,,,
NW09308A36,GSS NTEM,ALPHA_PREFIX,Nord-Ouest,INFERRED_BY_ELIMINATION,ESG_OR_UNKNOWN,PROBABLE,CES de NTEM,NORD-OUEST,3HJ1GSAD101296111
NW09308A37,GSS NTONG,ALPHA_PREFIX,Nord-Ouest,INFERRED_BY_ELIMINATION,ESG_OR_UNKNOWN,PROBABLE,CES de NTONG,NORD-OUEST,3HJ1GSAD101092109
NW09308A38,GSS OF SIH,ALPHA_PREFIX,Nord-Ouest,INFERRED_BY_ELIMINATION,ESG_OR_UNKNOWN,NEW,,,
NW09308A39,GSS YANG (Nwa),ALPHA_PREFIX,Nord-Ouest,INFERRED_BY_ELIMINATION,ESG_OR_UNKNOWN,PROBABLE,CES de YANG (Njinikom),NORD-OUEST,3CI1GSAD100968110
NW09308C57,GTC KOFFA,ALPHA_PREFIX,Nord-Ouest,INFERRED_BY_ELIMINATION,ESG_OR_UNKNOWN,NEW,,,
NW09308C59,GTC NGU,ALPHA_PREFIX,Nord-Ouest,INFERRED_BY_ELIMINATION,ESG_OR_UNKNOWN,NEW,,,
NW09308C58,GTC NTONG,ALPHA_PREFIX,Nord-Ouest,INFERRED_BY_ELIMINATION,ESG_OR_UNKNOWN,PROBABLE,CES de NTONG,NORD-OUEST,3HJ1GSAD101092109
NW09308L60,GTHS NWA,ALPHA_PREFIX,Nord-Ouest,INFERRED_BY_ELIMINATION,ESG_OR_UNKNOWN,NEW,,,
NW38133I07,GHS BAFMENG,ALPHA_PREFIX,Nord-Ouest,INFERRED_BY_ELIMINATION,ESG_OR_UNKNOWN,PROBABLE,Lyce de BAFMENG,NORD-OUEST,3IC1GSAD112023100
NW38133I06,GHS ESU,ALPHA_PREFIX,Nord-Ouest,INFERRED_BY_ELIMINATION,ESG_OR_UNKNOWN,NEW,,,
NW38133I08,GHS WEH,ALPHA_PREFIX,Nord-Ouest,INFERRED_BY_ELIMINATION,ESG_OR_UNKNOWN,NEW,,,
NW38133I09,GHS ZHOA,ALPHA_PREFIX,Nord-Ouest,INFERRED_BY_ELIMINATION,ESG_OR_UNKNOWN,PROBABLE,Lyce de ZHOA,NORD-OUEST,3IC1GSAD111765111
NW38133A05,GSS LOWER FUNGOM AT ABAR,ALPHA_PREFIX,Nord-Ouest,INFERRED_BY_ELIMINATION,ESG_OR_UNKNOWN,PROBABLE,CES LOWER FUNGOM AT ABAR,NORD-OUEST,3IC1GSAD101770110
NW38133A01,GSS AKANG,ALPHA_PREFIX,Nord-Ouest,INFERRED_BY_ELIMINATION,ESG_OR_UNKNOWN,PROBABLE,CES d'AKANG,NORD-OUEST,3IC1GSAD101719111
NW38133A03,GSS BEKULANG,ALPHA_PREFIX,Nord-Ouest,INFERRED_BY_ELIMINATION,ESG_OR_UNKNOWN,PROBABLE,CES de BEKULANG,NORD-OUEST,3IC1GSAD102350113
NW38133A02,GSS ISE,ALPHA_PREFIX,Nord-Ouest,INFERRED_BY_ELIMINATION,ESG_OR_UNKNOWN,NEW,,,
NW38133A04,GSS KUK,ALPHA_PREFIX,Nord-Ouest,INFERRED_BY_ELIMINATION,ESG_OR_UNKNOWN,NEW,,,
NW38133C28,GTC BAFMENG,ALPHA_PREFIX,Nord-Ouest,INFERRED_BY_ELIMINATION,ESG_OR_UNKNOWN,PROBABLE,Lyce de BAFMENG,NORD-OUEST,3IC1GSAD112023100
NW38133C29,GTC KUMFUTU,ALPHA_PREFIX,Nord-Ouest,INFERRED_BY_ELIMINATION,ESG_OR_UNKNOWN,NEW,,,
NW38133C27,GTC KUNG,ALPHA_PREFIX,Nord-Ouest,INFERRED_BY_ELIMINATION,ESG_OR_UNKNOWN,NEW,,,
NW38133L22,GTHS ESU,ALPHA_PREFIX,Nord-Ouest,INFERRED_BY_ELIMINATION,ESG_OR_UNKNOWN,NEW,,,
NW38133L23,GTHS WEH,ALPHA_PREFIX,Nord-Ouest,INFERRED_BY_ELIMINATION,ESG_OR_UNKNOWN,NEW,,,
16380878,ST GABRIEL COLLEGE BAFMENG,DIGIT_PREFIX,,,ESG_OR_UNKNOWN,PROBABLE_NO_REGION_SIGNAL,Lyce de BAFMENG,NORD-OUEST,3IC1GSAD112023100
NW38134I11,GHS FURU-AWA,ALPHA_PREFIX,Nord-Ouest,INFERRED_BY_ELIMINATION,ESG_OR_UNKNOWN,PROBABLE,Lyce de FURU-AWA,NORD-OUEST,3IE1GSAD110146112
NW38134A10,"GSS UKPWACK-AKUM,FURU - AWA",ALPHA_PREFIX,Nord-Ouest,INFERRED_BY_ELIMINATION,ESG_OR_UNKNOWN,PROBABLE,CES d'UPKWACK-AKUM,NORD-OUEST,3IE1GSAD100847111
NW38228I15,GHS BEFANG,ALPHA_PREFIX,Nord-Ouest,INFERRED_BY_ELIMINATION,ESG_OR_UNKNOWN,PROBABLE,Lyce de BEFANG,NORD-OUEST,3IH1GSAD110927114
NW38228I16,GHS BENAKUMA,ALPHA_PREFIX,Nord-Ouest,INFERRED_BY_ELIMINATION,ESG_OR_UNKNOWN,PROBABLE,Lyce de BENAKUMA,NORD-OUEST,3IH1GSAD111972103
NW38228A12,GSS BAWORO,ALPHA_PREFIX,Nord-Ouest,INFERRED_BY_ELIMINATION,ESG_OR_UNKNOWN,PROBABLE,CES de BAWORO,NORD-OUEST,3IH1GSAD100128108
NW38228A13,GSS MBAMBA,ALPHA_PREFIX,Nord-Ouest,INFERRED_BY_ELIMINATION,ESG_OR_UNKNOWN,PROBABLE,CES de MBAMBA,NORD-OUEST,3IH1GSAD100025109
NW38228A14,GSS MODELLE,ALPHA_PREFIX,Nord-Ouest,INFERRED_BY_ELIMINATION,ESG_OR_UNKNOWN,PROBABLE,CES de MODELLE,NORD-OUEST,3IH1GSAD100798110
NW38228C26,GTC BENAGUDI,ALPHA_PREFIX,Nord-Ouest,INFERRED_BY_ELIMINATION,ESG_OR_UNKNOWN,NEW,,,
NW38228C25,GTC BAWORO,ALPHA_PREFIX,Nord-Ouest,INFERRED_BY_ELIMINATION,ESG_OR_UNKNOWN,PROBABLE,CES de BAWORO,NORD-OUEST,3IH1GSAD100128108
NW38228C24,GTC BEFANG,ALPHA_PREFIX,Nord-Ouest,INFERRED_BY_ELIMINATION,ESG_OR_UNKNOWN,PROBABLE,Lyce de BEFANG,NORD-OUEST,3IH1GSAD110927114
NW38228L30,GTHS BENAKUMA,ALPHA_PREFIX,Nord-Ouest,INFERRED_BY_ELIMINATION,ESG_OR_UNKNOWN,PROBABLE,Lyce de BENAKUMA,NORD-OUEST,3IH1GSAD111972103
NW38354H20,GBHS WUM,ALPHA_PREFIX,Nord-Ouest,INFERRED_BY_ELIMINATION,ESG_OR_UNKNOWN,NEW,,,
NW38354I21,Lycée Classique de WUM,ALPHA_PREFIX,Nord-Ouest,INFERRED_BY_ELIMINATION,ESG_OR_UNKNOWN,PROBABLE,Lyce Classique de WUM,NORD-OUEST,3II1GSAD112453091
NW38354A18,GSS BANGWE,ALPHA_PREFIX,Nord-Ouest,INFERRED_BY_ELIMINATION,ESG_OR_UNKNOWN,PROBABLE,CES de BANGWE,NORD-OUEST,3II1GSAD101044107
NW38354A19,GSS BU MENCHUM,ALPHA_PREFIX,Nord-Ouest,INFERRED_BY_ELIMINATION,ESG_OR_UNKNOWN,NEW,,,
NW38354A17,GSS UPKWA,ALPHA_PREFIX,Nord-Ouest,INFERRED_BY_ELIMINATION,ESG_OR_UNKNOWN,PROBABLE,CES d'UPKWA,NORD-OUEST,3II1GSAD100801111
NW38354C31,GTC WAINDO,ALPHA_PREFIX,Nord-Ouest,INFERRED_BY_ELIMINATION,ESG_OR_UNKNOWN,NEW,,,
NW38354L33,GTHS WUM,ALPHA_PREFIX,Nord-Ouest,INFERRED_BY_ELIMINATION,ESG_OR_UNKNOWN,NEW,,,
NW38354E32,GTTC WUM,ALPHA_PREFIX,Nord-Ouest,INFERRED_BY_ELIMINATION,ESG_OR_UNKNOWN,NEW,,,
16380879,INSTITUT OF COMMERCIAL ET INDUSTRIAL SCIENCES WUM,DIGIT_PREFIX,,,ESG_OR_UNKNOWN,NEW,,,
16380880,JOHN PAUL II COMPREHENSIVE COLLEGE WUM,DIGIT_PREFIX,,,ESG_OR_UNKNOWN,PROBABLE_NO_REGION_SIGNAL,Lyce de SANGUERE PAUL,NORD,1CL1GSFD111465106
16380881,MENCHUM BILINGUAL ACADEMY (MBA)WUM,DIGIT_PREFIX,,,ESG_OR_UNKNOWN,NEW,,,
16380882,PRESBYTERIAN HIGH SHOOL WUM,DIGIT_PREFIX,,,ESG_OR_UNKNOWN,NEW,,,
16370883,AKONGNE COMPREHENSIVE COLLEGE ACC NJINTEH BAFUT,DIGIT_PREFIX,,,ESG_OR_UNKNOWN,PROBABLE_NO_REGION_SIGNAL,Lyce de BAFUT,NORD-OUEST,3JC1GSAD110230098
16370884,COMMUNITY TECHNICAL AND COMERCIAL COLLEGE (COTECC) BAFUT,DIGIT_PREFIX,,,ESG_OR_UNKNOWN,PROBABLE_NO_REGION_SIGNAL,Lyce de BAFUT,NORD-OUEST,3JC1GSAD110230098
NW40023B01,GBSS BAWUM BAFUT,ALPHA_PREFIX,Nord-Ouest,INFERRED_BY_ELIMINATION,ESG_OR_UNKNOWN,PROBABLE,Lyce de BAFUT,NORD-OUEST,3JC1GSAD110230098
NW40023B02,GBSS MANKWI,ALPHA_PREFIX,Nord-Ouest,INFERRED_BY_ELIMINATION,ESG_OR_UNKNOWN,PROBABLE,CES Bilingue de MANKWI,NORD-OUEST,3JC1GSBD101037109
NW40023I05,GHS AGYATI,ALPHA_PREFIX,Nord-Ouest,INFERRED_BY_ELIMINATION,ESG_OR_UNKNOWN,PROBABLE,Lyce d'AGYATI,NORD-OUEST,3JC1GSAD111072115
NW40023I07,GHS BAFUT,ALPHA_PREFIX,Nord-Ouest,INFERRED_BY_ELIMINATION,ESG_OR_UNKNOWN,PROBABLE,Lyce de BAFUT,NORD-OUEST,3JC1GSAD110230098
NW40023I08,GHS MAMBU - BAFUT,ALPHA_PREFIX,Nord-Ouest,INFERRED_BY_ELIMINATION,ESG_OR_UNKNOWN,PROBABLE,Lyce de BAFUT,NORD-OUEST,3JC1GSAD110230098
NW40023I09,GHS MUNDUM,ALPHA_PREFIX,Nord-Ouest,INFERRED_BY_ELIMINATION,ESG_OR_UNKNOWN,PROBABLE,Lyce de MUNDUM,NORD-OUEST,3JC1GSAD111056108
NW40023I06,GHS OBANG,ALPHA_PREFIX,Nord-Ouest,INFERRED_BY_ELIMINATION,ESG_OR_UNKNOWN,PROBABLE,Lyce d'OBANG,NORD-OUEST,3JC1GSAD111051110
NW40023A03,GSS AKOFUNGUBA,ALPHA_PREFIX,Nord-Ouest,INFERRED_BY_ELIMINATION,ESG_OR_UNKNOWN,PROBABLE,CES d'AKOFUNGUBA,NORD-OUEST,3JC1GSAD101751111
NW40023A04,GSS NCHUM,ALPHA_PREFIX,Nord-Ouest,INFERRED_BY_ELIMINATION,ESG_OR_UNKNOWN,PROBABLE,CES de NCHUM,NORD-OUEST,3JC1GSAD101747112
NW40023C57,GTC MAMBU BAFUT,ALPHA_PREFIX,Nord-Ouest,INFERRED_BY_ELIMINATION,ESG_OR_UNKNOWN,PROBABLE,Lyce de BAFUT,NORD-OUEST,3JC1GSAD110230098
NW40023C52,GTC MANKANIKONG BAFUT,ALPHA_PREFIX,Nord-Ouest,INFERRED_BY_ELIMINATION,ESG_OR_UNKNOWN,PROBABLE,Lyce de BAFUT,NORD-OUEST,3JC1GSAD110230098
NW40023C58,GTC MANKWI BAFUT,ALPHA_PREFIX,Nord-Ouest,INFERRED_BY_ELIMINATION,ESG_OR_UNKNOWN,PROBABLE,Lyce de BAFUT,NORD-OUEST,3JC1GSAD110230098
NW40023C51,GTC MBEBALI,ALPHA_PREFIX,Nord-Ouest,INFERRED_BY_ELIMINATION,ESG_OR_UNKNOWN,NEW,,,
NW40023C54,GTC MFORYA-BAFUT,ALPHA_PREFIX,Nord-Ouest,INFERRED_BY_ELIMINATION,ESG_OR_UNKNOWN,PROBABLE,Lyce de BAFUT,NORD-OUEST,3JC1GSAD110230098
NW40023C55,GTC MUNDUM 2,ALPHA_PREFIX,Nord-Ouest,INFERRED_BY_ELIMINATION,ESG_OR_UNKNOWN,PROBABLE,Lyce de MUNDUM,NORD-OUEST,3JC1GSAD111056108
NW40023C59,GTC MUNDUM I,ALPHA_PREFIX,Nord-Ouest,INFERRED_BY_ELIMINATION,ESG_OR_UNKNOWN,PROBABLE,Lyce de MUNDUM,NORD-OUEST,3JC1GSAD111056108
NW40023C56,GTC NSOH,ALPHA_PREFIX,Nord-Ouest,INFERRED_BY_ELIMINATION,ESG_OR_UNKNOWN,NEW,,,
NW40023L60,GTHS BAFUT,ALPHA_PREFIX,Nord-Ouest,INFERRED_BY_ELIMINATION,ESG_OR_UNKNOWN,PROBABLE,Lyce de BAFUT,NORD-OUEST,3JC1GSAD110230098
16370885,PGSST BAFUT,DIGIT_PREFIX,,,ESG_OR_UNKNOWN,PROBABLE_NO_REGION_SIGNAL,Lyce de BAFUT,NORD-OUEST,3JC1GSAD110230098
16370886,PRESBYTERIAN SECONDARY SCHOOL BAFUT,DIGIT_PREFIX,,,ESG_OR_UNKNOWN,PROBABLE_NO_REGION_SIGNAL,Lyce de BAFUT,NORD-OUEST,3JC1GSAD110230098
16370887,SAINT ALBERT&#039;S COMPREHENSIVE COLLEGE BAFUT,DIGIT_PREFIX,,,ESG_OR_UNKNOWN,PROBABLE_NO_REGION_SIGNAL,Lyce de BAFUT,NORD-OUEST,3JC1GSAD110230098
16370888,SAINT JOSEPH&#039;S COMPREHENSIVE HIGH SCHOOL MAMBU-BAFUT,DIGIT_PREFIX,,,ESG_OR_UNKNOWN,PROBABLE_NO_REGION_SIGNAL,Lyce de BAFUT,NORD-OUEST,3JC1GSAD110230098
16370889,ANCILLA CATHOLIC COMPREHENSIVE COLLEGE WOSING BALI,DIGIT_PREFIX,,,ESG_OR_UNKNOWN,PROBABLE_NO_REGION_SIGNAL,Lyce Bilingue de BALI,NORD-OUEST,3JE1GSBD111754108
16370890,BALI COMMUNITY HIGH SCHOOL,DIGIT_PREFIX,,,ESG_OR_UNKNOWN,PROBABLE_NO_REGION_SIGNAL,Lyce Bilingue de BALI,NORD-OUEST,3JE1GSBD111754108
16370891,CAMEROON PROTESTANT COLLEGE BALI,DIGIT_PREFIX,,,ESG_OR_UNKNOWN,PROBABLE_NO_REGION_SIGNAL,Lyce Bilingue de BALI,NORD-OUEST,3JE1GSBD111754108
16370892,DIVINE COMPREHENSIVE HIGH SCHOOL BALI,DIGIT_PREFIX,,,ESG_OR_UNKNOWN,PROBABLE_NO_REGION_SIGNAL,Lyce Bilingue de BALI,NORD-OUEST,3JE1GSBD111754108
NW40026H12,GBHS BALI,ALPHA_PREFIX,Nord-Ouest,INFERRED_BY_ELIMINATION,ESG_OR_UNKNOWN,PROBABLE,Lyce Bilingue de BALI,NORD-OUEST,3JE1GSBD111754108
NW40026H13,GBHS BAWOCK,ALPHA_PREFIX,Nord-Ouest,INFERRED_BY_ELIMINATION,ESG_OR_UNKNOWN,PROBABLE,Lyce Bilingue de BAWOCK,NORD-OUEST,3JE1GSBD111041113
NW40026H11,GBHS ETOMA-BALI,ALPHA_PREFIX,Nord-Ouest,INFERRED_BY_ELIMINATION,ESG_OR_UNKNOWN,PROBABLE,Lyce Bilingue de BALI,NORD-OUEST,3JE1GSBD111754108
NW40026A10,GSS BOSSA,ALPHA_PREFIX,Nord-Ouest,INFERRED_BY_ELIMINATION,ESG_OR_UNKNOWN,PROBABLE,CES de BOSSA,NORD-OUEST,3JE1GSAD100066112
NW40026C61,GTC BAWOCK,ALPHA_PREFIX,Nord-Ouest,INFERRED_BY_ELIMINATION,ESG_OR_UNKNOWN,PROBABLE,Lyce Bilingue de BAWOCK,NORD-OUEST,3JE1GSBD111041113
NW40026C64,GTC NCHUSAM BALI,ALPHA_PREFIX,Nord-Ouest,INFERRED_BY_ELIMINATION,ESG_OR_UNKNOWN,PROBABLE,Lyce Bilingue de BALI,NORD-OUEST,3JE1GSBD111754108
NW40026C62,GTC GUNGONG,ALPHA_PREFIX,Nord-Ouest,INFERRED_BY_ELIMINATION,ESG_OR_UNKNOWN,NEW,,,
NW40026C63,GTC MANTUM,ALPHA_PREFIX,Nord-Ouest,INFERRED_BY_ELIMINATION,ESG_OR_UNKNOWN,NEW,,,
NW40026C70,GTC NJENKA,ALPHA_PREFIX,Nord-Ouest,INFERRED_BY_ELIMINATION,ESG_OR_UNKNOWN,NEW,,,
NW40026L65,GTHS BALI,ALPHA_PREFIX,Nord-Ouest,INFERRED_BY_ELIMINATION,ESG_OR_UNKNOWN,PROBABLE,Lyce Bilingue de BALI,NORD-OUEST,3JE1GSBD111754108
16370893,COLLEGE OF COMMERCE MENDANKWE,DIGIT_PREFIX,,,ESG_OR_UNKNOWN,PROBABLE_NO_REGION_SIGNAL,CES d'ABANGOH-MENDANKWE,NORD-OUEST,3JH1GSAD102925114
NW40028H16,GBHS BAMENDANKWE,ALPHA_PREFIX,Nord-Ouest,INFERRED_BY_ELIMINATION,ESG_OR_UNKNOWN,PROBABLE,Lyce Bilingue de BAMENDANKWE,NORD-OUEST,3JH1GSBD112147098
NW40028A14,LYCEE ABANGOH MENDANKWE,ALPHA_PREFIX,Nord-Ouest,INFERRED_BY_ELIMINATION,ESG_OR_UNKNOWN,PROBABLE,CES d'ABANGOH-MENDANKWE,NORD-OUEST,3JH1GSAD102925114
NW40028A15,GHS BANGSHIE,ALPHA_PREFIX,Nord-Ouest,INFERRED_BY_ELIMINATION,ESG_OR_UNKNOWN,PROBABLE,CES de BANGSHIE,NORD-OUEST,3JH1GSAD101062112
NW40028L66,GTHS BAMENDANKWE,ALPHA_PREFIX,Nord-Ouest,INFERRED_BY_ELIMINATION,ESG_OR_UNKNOWN,PROBABLE,Lyce Bilingue de BAMENDANKWE,NORD-OUEST,3JH1GSBD112147098
16370894,PROVIDENCE COMP.COLLEGE NOW ST FREDERICK,DIGIT_PREFIX,,,ESG_OR_UNKNOWN,NEW,,,
16370895,ALBERT TEACHERS&#039; TRAINING INSTITUTE CAMEROUN (A.T.T.I.C),DIGIT_PREFIX,,,ESG_OR_UNKNOWN,NEW,,,
16370896,ALLO COMPREHENSIVE HIGH SCHOOL MULANG-MANKO,DIGIT_PREFIX,,,ESG_OR_UNKNOWN,PROBABLE_NO_REGION_SIGNAL,CES de MULANG,NORD-OUEST,3JI1GSAD102991117
16370897,AWAH MEMORIAL COLLEGE,DIGIT_PREFIX,,,ESG_OR_UNKNOWN,NEW,,,
16370898,BAPTIST HIGH SCHOOL (BHS) MANKON,DIGIT_PREFIX,,,ESG_OR_UNKNOWN,PROBABLE_NO_REGION_SIGNAL,Lyce Bilingue de MANKON,NORD-OUEST,3JI1GSBD112041110
16370899,BRIDGET SECONDARY SCHOOL BAMENDA,DIGIT_PREFIX,,,ESG_OR_UNKNOWN,PROBABLE_NO_REGION_SIGNAL,Lyce Bilingue de BAMENDA,NORD-OUEST,3JI1GSBD112079095
16370900,COUNTY BILINGUAL COMPREHENSIVE COLLEGE M.,DIGIT_PREFIX,,,ESG_OR_UNKNOWN,NEW,,,
NW40029H20,GBHS BAMENDA,ALPHA_PREFIX,Nord-Ouest,INFERRED_BY_ELIMINATION,ESG_OR_UNKNOWN,PROBABLE,Lyce Bilingue de BAMENDA,NORD-OUEST,3JI1GSBD112079095
NW40029H22,GBHS BAMENDA MBATU,ALPHA_PREFIX,Nord-Ouest,INFERRED_BY_ELIMINATION,ESG_OR_UNKNOWN,PROBABLE,Lyce Bilingue de BAMENDA,NORD-OUEST,3JI1GSBD112079095
NW40029H21,GBHS DOWN TOWN BAMENDA,ALPHA_PREFIX,Nord-Ouest,INFERRED_BY_ELIMINATION,ESG_OR_UNKNOWN,PROBABLE,Lyce Bilingue de BAMENDA,NORD-OUEST,3JI1GSBD112079095
NW40029H23,GBHS MANKON,ALPHA_PREFIX,Nord-Ouest,INFERRED_BY_ELIMINATION,ESG_OR_UNKNOWN,PROBABLE,Lyce Bilingue de MANKON,NORD-OUEST,3JI1GSBD112041110
NW40029H24,GBHS NITOB,ALPHA_PREFIX,Nord-Ouest,INFERRED_BY_ELIMINATION,ESG_OR_UNKNOWN,PROBABLE,Lyce Bilingue de NITOB,NORD-OUEST,3JI1GSBD110712113
NW40029B17,GBSS NGOMGHAM,ALPHA_PREFIX,Nord-Ouest,INFERRED_BY_ELIMINATION,ESG_OR_UNKNOWN,PROBABLE,CES Bilingue de NGOMGHAM,NORD-OUEST,3JI1GSBD102724114
NW40029I25,GHS NEKWEHNE NSONGWA,ALPHA_PREFIX,Nord-Ouest,INFERRED_BY_ELIMINATION,ESG_OR_UNKNOWN,PROBABLE,Lyce de NEKWEHNE-NSONGWA,NORD-OUEST,3JI1GSAD111214113
NW40029A18,GSS ALAHNKI-MANKON,ALPHA_PREFIX,Nord-Ouest,INFERRED_BY_ELIMINATION,ESG_OR_UNKNOWN,PROBABLE,CES d'ALAHNKI-MANKON,NORD-OUEST,3JI1GSAD102926114
NW40029A19,GSS MULANG,ALPHA_PREFIX,Nord-Ouest,INFERRED_BY_ELIMINATION,ESG_OR_UNKNOWN,PROBABLE,CES de MULANG,NORD-OUEST,3JI1GSAD102991117
NW40029C67,GTC BAGMANDE MANKON,ALPHA_PREFIX,Nord-Ouest,INFERRED_BY_ELIMINATION,ESG_OR_UNKNOWN,PROBABLE,Lyce Bilingue de MANKON,NORD-OUEST,3JI1GSBD112041110
NW40029C68,GTC NTANKAH MANKON,ALPHA_PREFIX,Nord-Ouest,INFERRED_BY_ELIMINATION,ESG_OR_UNKNOWN,PROBABLE,Lyce Bilingue de MANKON,NORD-OUEST,3JI1GSBD112041110
NW40029C74,GTC NTATURU,ALPHA_PREFIX,Nord-Ouest,INFERRED_BY_ELIMINATION,ESG_OR_UNKNOWN,NEW,,,
NW40029L75,GTHS ALABUKAM,ALPHA_PREFIX,Nord-Ouest,INFERRED_BY_ELIMINATION,ESG_OR_UNKNOWN,NEW,,,
NW40029L48,GTHS CHOMBA,ALPHA_PREFIX,Nord-Ouest,INFERRED_BY_ELIMINATION,ESG_OR_UNKNOWN,NEW,,,
16370901,HEART OF LIFE COMPREHENSIVE COLLEGE MANKON,DIGIT_PREFIX,,,ESG_OR_UNKNOWN,PROBABLE_NO_REGION_SIGNAL,Lyce Bilingue de MANKON,NORD-OUEST,3JI1GSBD112041110
16370902,ITCIG-SPECIAL EDUCATIONAL NEEDS TEACHERS TRAINING INSTITUTE,DIGIT_PREFIX,,,ESG_OR_UNKNOWN,NEW,,,
16370903,KING&#039;S COLLEGE ATUAKOM BAMENDA,DIGIT_PREFIX,,,ESG_OR_UNKNOWN,PROBABLE_NO_REGION_SIGNAL,Lyce Bilingue de BAMENDA,NORD-OUEST,3JI1GSBD112079095
16370904,LONGLA COMPREHENSIVE COLLEGE MANKON,DIGIT_PREFIX,,,ESG_OR_UNKNOWN,PROBABLE_NO_REGION_SIGNAL,Lyce Bilingue de MANKON,NORD-OUEST,3JI1GSBD112041110
16370905,NACHO BILINGUAL COMPREHENSIVE HIGH SCHOOL BAMENDA,DIGIT_PREFIX,,,ESG_OR_UNKNOWN,PROBABLE_NO_REGION_SIGNAL,Lyce Bilingue de BAMENDA,NORD-OUEST,3JI1GSBD112079095
16370906,NACHO TECHNICAL TEACHER TRAINING INSTITUTE (NTTTIC),DIGIT_PREFIX,,,ESG_OR_UNKNOWN,NEW,,,
16370907,NACHO TECHNICAL TEACHER TRAINING INSTITUTE CAMEROON,DIGIT_PREFIX,,,ESG_OR_UNKNOWN,NEW,,,
16370908,OUR LADY OF LOURDES COLLEGE MANKON,DIGIT_PREFIX,,,ESG_OR_UNKNOWN,PROBABLE_NO_REGION_SIGNAL,Lyce Bilingue de MANKON,NORD-OUEST,3JI1GSBD112041110
16370909,PCHS MANKON BAMENDA,DIGIT_PREFIX,,,ESG_OR_UNKNOWN,PROBABLE_NO_REGION_SIGNAL,Lyce Bilingue de BAMENDA,NORD-OUEST,3JI1GSBD112079095
16370910,PRESBYTERIAN COMPREHENSIVE SECONDARY SCHOOL (PCSS) AZIRE,DIGIT_PREFIX,,,ESG_OR_UNKNOWN,NEW,,,
16370911,PRESBYTERIAN SECONDARY SCHOOL MANKON,DIGIT_PREFIX,,,ESG_OR_UNKNOWN,PROBABLE_NO_REGION_SIGNAL,Lyce Bilingue de MANKON,NORD-OUEST,3JI1GSBD112041110
16370912,RHEMA BILINGUAL COMPREHENSIVE COLLEGE,DIGIT_PREFIX,,,ESG_OR_UNKNOWN,NEW,,,
16370913,SACRED HEART COLLEGE (MANKON),DIGIT_PREFIX,,,ESG_OR_UNKNOWN,PROBABLE_NO_REGION_SIGNAL,Lyce Bilingue de MANKON,NORD-OUEST,3JI1GSBD112041110
16370914,ST FREDERICK COMPREHENSIVE HIGH SCHOOL,DIGIT_PREFIX,,,ESG_OR_UNKNOWN,NEW,,,
16370915,STEP BY STEP HIGH SCHOOL NTARIKON MANKON,DIGIT_PREFIX,,,ESG_OR_UNKNOWN,PROBABLE_NO_REGION_SIGNAL,Lyce Bilingue de MANKON,NORD-OUEST,3JI1GSBD112041110
16370916,SUNRISE COLLEGE MANKON,DIGIT_PREFIX,,,ESG_OR_UNKNOWN,PROBABLE_NO_REGION_SIGNAL,Lyce Bilingue de MANKON,NORD-OUEST,3JI1GSBD112041110
16370917,THE APOSTOLIC HIGH SCHOOL NKWEN,DIGIT_PREFIX,,,ESG_OR_UNKNOWN,PROBABLE_NO_REGION_SIGNAL,Lyce Bilingue de BAYELLE-NKWEN,NORD-OUEST,3JJ1GSBD111020113
16370918,BAPTIST COMPREHENSIVE HIGH SCHOOL (BCHS) NKWEN BAMENDA,DIGIT_PREFIX,,,ESG_OR_UNKNOWN,PROBABLE_NO_REGION_SIGNAL,Lyce Bilingue de BAMENDA,NORD-OUEST,3JI1GSBD112079095
16370919,CHRIST THE KING HIGH SCHOOL NKWEN,DIGIT_PREFIX,,,ESG_OR_UNKNOWN,PROBABLE_NO_REGION_SIGNAL,CES de KING-PLACE-BATCHAM,OUEST,4CE1GSFD101616111
16370920,CITY COLLEGE OF COMMERCE(CCC)-BAMENDA,DIGIT_PREFIX,,,ESG_OR_UNKNOWN,PROBABLE_NO_REGION_SIGNAL,Lyce Bilingue de BAMENDA,NORD-OUEST,3JI1GSBD112079095
16370921,FOBISON BILINGUAL HIGH SCHOOL BAMENDA,DIGIT_PREFIX,,,ESG_OR_UNKNOWN,PROBABLE_NO_REGION_SIGNAL,Lyce Bilingue de BAMENDA,NORD-OUEST,3JI1GSBD112079095
16370922,FONAB HIGH SCHOOL NKWEN,DIGIT_PREFIX,,,ESG_OR_UNKNOWN,PROBABLE_NO_REGION_SIGNAL,Lyce Bilingue de BAYELLE-NKWEN,NORD-OUEST,3JJ1GSBD111020113
16370923,FULL GOSPEL HIGH SCHOOL NKWEN BAMENDA,DIGIT_PREFIX,,,ESG_OR_UNKNOWN,PROBABLE_NO_REGION_SIGNAL,Lyce Bilingue de BAMENDA,NORD-OUEST,3JI1GSBD112079095
NW40030H26,GBHS ATIELA - NKWEN,ALPHA_PREFIX,Nord-Ouest,INFERRED_BY_ELIMINATION,ESG_OR_UNKNOWN,PROBABLE,Lyce Bilingue d'ATIELA,NORD-OUEST,3JJ1GSBD112048108
NW40030H27,GBHS BAYELLE-NKWEN,ALPHA_PREFIX,Nord-Ouest,INFERRED_BY_ELIMINATION,ESG_OR_UNKNOWN,PROBABLE,Lyce Bilingue de BAYELLE-NKWEN,NORD-OUEST,3JJ1GSBD111020113
NW40030F49,GBTTC BAMENDA,ALPHA_PREFIX,Nord-Ouest,INFERRED_BY_ELIMINATION,ESG_OR_UNKNOWN,PROBABLE,Lyce Bilingue de BAMENDA,NORD-OUEST,3JI1GSBD112079095
NW40030C76,GTC NKEUNG NKWENG B&#039;DA III,ALPHA_PREFIX,Nord-Ouest,INFERRED_BY_ELIMINATION,ESG_OR_UNKNOWN,NEW,,,
NW40030L77,GTHS BAMENDA-NKWEN,ALPHA_PREFIX,Nord-Ouest,INFERRED_BY_ELIMINATION,ESG_OR_UNKNOWN,PROBABLE,Lyce Bilingue de BAMENDA,NORD-OUEST,3JI1GSBD112079095
NW40030L78,GBTHS BAMENDA,ALPHA_PREFIX,Nord-Ouest,INFERRED_BY_ELIMINATION,ESG_OR_UNKNOWN,PROBABLE,Lyce Bilingue de BAMENDA,NORD-OUEST,3JI1GSBD112079095
16370924,MODEL INCLUSIVE BILINGUAL TEACHER&#039;S TRAINING INSTITUTE,DIGIT_PREFIX,,,ESG_OR_UNKNOWN,NEW,,,
16370925,PRESBYTERIAN SECONDARY SCHOOL NKWEN,DIGIT_PREFIX,,,ESG_OR_UNKNOWN,PROBABLE_NO_REGION_SIGNAL,Lyce Bilingue de BAYELLE-NKWEN,NORD-OUEST,3JJ1GSBD111020113
16370926,ST ANDREW&#039;S BTTC BAMENDA,DIGIT_PREFIX,,,ESG_OR_UNKNOWN,PROBABLE_NO_REGION_SIGNAL,Lyce Bilingue de BAMENDA,NORD-OUEST,3JI1GSBD112079095
16370927,ST PAUL&#039;S COMPREHENSIVE COLLEGE NKWEN,DIGIT_PREFIX,,,ESG_OR_UNKNOWN,PROBABLE_NO_REGION_SIGNAL,Lyce Bilingue de BAYELLE-NKWEN,NORD-OUEST,3JJ1GSBD111020113
16370928,ST. MICHAEL&#039;S ACADEMY OF SCIENCE AND ARTS NKWEN,DIGIT_PREFIX,,,ESG_OR_UNKNOWN,PROBABLE_NO_REGION_SIGNAL,Lyce Bilingue de BAYELLE-NKWEN,NORD-OUEST,3JJ1GSBD111020113
16370929,STARLIGHT COLLEGE NKWEN,DIGIT_PREFIX,,,ESG_OR_UNKNOWN,PROBABLE_NO_REGION_SIGNAL,Lyce Bilingue de BAYELLE-NKWEN,NORD-OUEST,3JJ1GSBD111020113
16370930,TOP GRADE BILINGUAL COMP SEC SCHOOL BAMENDA,DIGIT_PREFIX,,,ESG_OR_UNKNOWN,PROBABLE_NO_REGION_SIGNAL,Lyce Bilingue de BAMENDA,NORD-OUEST,3JI1GSBD112079095
16370931,AFETA COMPREHENSIVE COLLEGE,DIGIT_PREFIX,,,ESG_OR_UNKNOWN,NEW,,,
16370932,CEFED/SPED/TTI SANTA,DIGIT_PREFIX,,,ESG_OR_UNKNOWN,PROBABLE_NO_REGION_SIGNAL,Lyce Bilingue de SANTA,NORD-OUEST,3JK1GSBD110215102
NW40328H32,GBHS SANTA,ALPHA_PREFIX,Nord-Ouest,INFERRED_BY_ELIMINATION,ESG_OR_UNKNOWN,PROBABLE,Lyce Bilingue de SANTA,NORD-OUEST,3JK1GSBD110215102
NW40328I33,GHS AKUM,ALPHA_PREFIX,Nord-Ouest,INFERRED_BY_ELIMINATION,ESG_OR_UNKNOWN,PROBABLE,CES d'UPKWACK-AKUM,NORD-OUEST,3IE1GSAD100847111
NW40328I34,GHS BALIGHAM VILLAGE,ALPHA_PREFIX,Nord-Ouest,INFERRED_BY_ELIMINATION,ESG_OR_UNKNOWN,PROBABLE,Lyce de BALIGHAM-VILLAGE,NORD-OUEST,3JK1GSAD111414114
NW40328I35,GHS BUCHI,ALPHA_PREFIX,Nord-Ouest,INFERRED_BY_ELIMINATION,ESG_OR_UNKNOWN,PROBABLE,Lyce de BUCHI,NORD-OUEST,3JK1GSAD111430115
NW40328I36,GHS CHOUBOU-MBU,ALPHA_PREFIX,Nord-Ouest,INFERRED_BY_ELIMINATION,ESG_OR_UNKNOWN,PROBABLE,Lyce de CHOUBOU-MBU,NORD-OUEST,3JK1GSAD110785109
NW40328I37,GHS KWANG-PINYIN,ALPHA_PREFIX,Nord-Ouest,INFERRED_BY_ELIMINATION,ESG_OR_UNKNOWN,PROBABLE,Lyce de KWANG-PINYIN,NORD-OUEST,3JK1GSAD110689099
NW40328I38,GHS MENKA PINYIN,ALPHA_PREFIX,Nord-Ouest,INFERRED_BY_ELIMINATION,ESG_OR_UNKNOWN,PROBABLE,Lyce de MENKA,NORD-OUEST,3JK1GSAD111427114
NW40328I39,GHS MEWUNGNE-AWING,ALPHA_PREFIX,Nord-Ouest,INFERRED_BY_ELIMINATION,ESG_OR_UNKNOWN,PROBABLE,Lyce de MEWUNGNE-AWING,NORD-OUEST,3JK1GSAD110076101
NW40328I40,GHS NDAPANG,ALPHA_PREFIX,Nord-Ouest,INFERRED_BY_ELIMINATION,ESG_OR_UNKNOWN,PROBABLE,Lyce de NDAPANG,NORD-OUEST,3JK1GSAD111424114
NW40328A28,GSS ALATENING,ALPHA_PREFIX,Nord-Ouest,INFERRED_BY_ELIMINATION,ESG_OR_UNKNOWN,PROBABLE,CES d'ALATENING,NORD-OUEST,3JK1GSAD101027109
NW40328A29,GSS AWING,ALPHA_PREFIX,Nord-Ouest,INFERRED_BY_ELIMINATION,ESG_OR_UNKNOWN,PROBABLE,Lyce de MEWUNGNE-AWING,NORD-OUEST,3JK1GSAD110076101
NW40328A30,GSS MBENDJOM -AWING,ALPHA_PREFIX,Nord-Ouest,INFERRED_BY_ELIMINATION,ESG_OR_UNKNOWN,PROBABLE,Lyce de MEWUNGNE-AWING,NORD-OUEST,3JK1GSAD110076101
NW40328A31,GSS NJONG,ALPHA_PREFIX,Nord-Ouest,INFERRED_BY_ELIMINATION,ESG_OR_UNKNOWN,PROBABLE,CES de NJONG,NORD-OUEST,3JK1GSAD100251110
NW40328C81,GTC AWING,ALPHA_PREFIX,Nord-Ouest,INFERRED_BY_ELIMINATION,ESG_OR_UNKNOWN,PROBABLE,Lyce de MEWUNGNE-AWING,NORD-OUEST,3JK1GSAD110076101
NW40328C80,GTC BABA II,ALPHA_PREFIX,Nord-Ouest,INFERRED_BY_ELIMINATION,ESG_OR_UNKNOWN,PROBABLE,Lyce de BABA I,NORD-OUEST,3LC1GSAD111076107
NW40328C79,GTC BALIGHAM,ALPHA_PREFIX,Nord-Ouest,INFERRED_BY_ELIMINATION,ESG_OR_UNKNOWN,PROBABLE,Lyce de BALIGHAM-VILLAGE,NORD-OUEST,3JK1GSAD111414114
NW40328C82,GTC MAKAMTE NKONG NTARRAH,ALPHA_PREFIX,Nord-Ouest,INFERRED_BY_ELIMINATION,ESG_OR_UNKNOWN,NEW,,,
NW40328C83,GTC MBEI,ALPHA_PREFIX,Nord-Ouest,INFERRED_BY_ELIMINATION,ESG_OR_UNKNOWN,NEW,,,
NW40328C84,GTC MUWAH,ALPHA_PREFIX,Nord-Ouest,INFERRED_BY_ELIMINATION,ESG_OR_UNKNOWN,PROBABLE,Lyce de NGYEN-MUWAH,NORD-OUEST,3KC1GSAD111740109
NW40328L60,GTHS OF PINYIN,ALPHA_PREFIX,Nord-Ouest,INFERRED_BY_ELIMINATION,ESG_OR_UNKNOWN,PROBABLE,Lyce de KWANG-PINYIN,NORD-OUEST,3JK1GSAD110689099
NW40328L85,GTHS SANTA,ALPHA_PREFIX,Nord-Ouest,INFERRED_BY_ELIMINATION,ESG_OR_UNKNOWN,PROBABLE,Lyce Bilingue de SANTA,NORD-OUEST,3JK1GSBD110215102
16370933,MODEL CHARITY SECONDARY SCHOOL FUM-MENKA,DIGIT_PREFIX,,,ESG_OR_UNKNOWN,PROBABLE_NO_REGION_SIGNAL,Lyce de MENKA,NORD-OUEST,3JK1GSAD111427114
16370934,RAMA COMPREHENSIVE COLLEGE BALIGHAM,DIGIT_PREFIX,,,ESG_OR_UNKNOWN,PROBABLE_NO_REGION_SIGNAL,Lyce de BALIGHAM-VILLAGE,NORD-OUEST,3JK1GSAD111414114
16370935,SANTA MEMORIAL COMPREHENSIVE COLLEGE SANTA,DIGIT_PREFIX,,,ESG_OR_UNKNOWN,PROBABLE_NO_REGION_SIGNAL,Lyce Bilingue de SANTA,NORD-OUEST,3JK1GSBD110215102
16370936,ST LINUS TECHNICAL AND COMMERCIAL COLLEGE,DIGIT_PREFIX,,,ESG_OR_UNKNOWN,NEW,,,
16370937,STANDARD SECONDARY GRAMMAR SCHOOL SANTA,DIGIT_PREFIX,,,ESG_OR_UNKNOWN,PROBABLE_NO_REGION_SIGNAL,Lyce Bilingue de SANTA,NORD-OUEST,3JK1GSBD110215102
NW40346A41,CCAST BAMBILI,ALPHA_PREFIX,Nord-Ouest,INFERRED_BY_ELIMINATION,ESG_OR_UNKNOWN,PROBABLE,C.C.A.S.T. de BAMBILI,NORD-OUEST,3JL1GSAD111847062
16370938,COMPREHENSIVE HIGH SCHOOL BAMBUI,DIGIT_PREFIX,,,ESG_OR_UNKNOWN,PROBABLE_NO_REGION_SIGNAL,CES de BAFORKUM-BAMBUI,NORD-OUEST,3JL1GSAD102347113
16370939,FONAB HIGH SCHOOL KEDJOM-KEKU,DIGIT_PREFIX,,,ESG_OR_UNKNOWN,PROBABLE_NO_REGION_SIGNAL,CES Bilingue de TECHU-KEDJOM-KETINGUH,NORD-OUEST,3JL1GSBD101421111
NW40346B42,GBSS SABGA,ALPHA_PREFIX,Nord-Ouest,INFERRED_BY_ELIMINATION,ESG_OR_UNKNOWN,PROBABLE,CES Bilingue de SABGA,NORD-OUEST,3JL1GSBD100703111
NW40346B43,GBSS TECHU KEDJOM KETINGUH,ALPHA_PREFIX,Nord-Ouest,INFERRED_BY_ELIMINATION,ESG_OR_UNKNOWN,PROBABLE,CES Bilingue de TECHU-KEDJOM-KETINGUH,NORD-OUEST,3JL1GSBD101421111
NW40346I45,GHS KEDJOM KEKU,ALPHA_PREFIX,Nord-Ouest,INFERRED_BY_ELIMINATION,ESG_OR_UNKNOWN,PROBABLE,CES Bilingue de TECHU-KEDJOM-KETINGUH,NORD-OUEST,3JL1GSBD101421111
NW40346I46,GHS KEDJOM KETINGUH,ALPHA_PREFIX,Nord-Ouest,INFERRED_BY_ELIMINATION,ESG_OR_UNKNOWN,PROBABLE,CES Bilingue de TECHU-KEDJOM-KETINGUH,NORD-OUEST,3JL1GSBD101421111
NW40346I47,GHS MACHA-BAMBUI,ALPHA_PREFIX,Nord-Ouest,INFERRED_BY_ELIMINATION,ESG_OR_UNKNOWN,PROBABLE,CES de BAFORKUM-BAMBUI,NORD-OUEST,3JL1GSAD102347113
NW40346A44,GSS BAFORKUM-BAMBUI,ALPHA_PREFIX,Nord-Ouest,INFERRED_BY_ELIMINATION,ESG_OR_UNKNOWN,PROBABLE,CES de BAFORKUM-BAMBUI,NORD-OUEST,3JL1GSAD102347113
NW40346C86,CETIC / GTC NTIGI BAMBILI,ALPHA_PREFIX,Nord-Ouest,INFERRED_BY_ELIMINATION,ESTP,PROBABLE,C.C.A.S.T. de BAMBILI,NORD-OUEST,3JL1GSAD111847062
NW40346C87,GTC KEDJOM-KEKU,ALPHA_PREFIX,Nord-Ouest,INFERRED_BY_ELIMINATION,ESG_OR_UNKNOWN,PROBABLE,CES Bilingue de TECHU-KEDJOM-KETINGUH,NORD-OUEST,3JL1GSBD101421111
NW40346C88,GTC NTABANG-BAMBUI,ALPHA_PREFIX,Nord-Ouest,INFERRED_BY_ELIMINATION,ESG_OR_UNKNOWN,PROBABLE,CES de BAFORKUM-BAMBUI,NORD-OUEST,3JL1GSAD102347113
NW40346L90,GTHS BAMBUI,ALPHA_PREFIX,Nord-Ouest,INFERRED_BY_ELIMINATION,ESG_OR_UNKNOWN,PROBABLE,CES de BAFORKUM-BAMBUI,NORD-OUEST,3JL1GSAD102347113
NW40346L89,GTHS KEDJOM KETINGUH,ALPHA_PREFIX,Nord-Ouest,INFERRED_BY_ELIMINATION,ESG_OR_UNKNOWN,PROBABLE,CES Bilingue de TECHU-KEDJOM-KETINGUH,NORD-OUEST,3JL1GSBD101421111
NW43049H03,GBHS BATIBO-NJIFAH,ALPHA_PREFIX,Nord-Ouest,INFERRED_BY_ELIMINATION,ESG_OR_UNKNOWN,PROBABLE,Lyce de BATIBO,NORD-OUEST,3KC1GSAD111866092
NW43049H04,GBHS WUMUNDENG,ALPHA_PREFIX,Nord-Ouest,INFERRED_BY_ELIMINATION,ESG_OR_UNKNOWN,PROBABLE,Lyce Bilingue de WUMUNDENG,NORD-OUEST,3KC1GSBD111735112
NW43049I05,GHS ANGIE,ALPHA_PREFIX,Nord-Ouest,INFERRED_BY_ELIMINATION,ESG_OR_UNKNOWN,PROBABLE,Lyce d'ANGIE,NORD-OUEST,3KC1GSAD111081115
NW43049I06,GHS ASHONG,ALPHA_PREFIX,Nord-Ouest,INFERRED_BY_ELIMINATION,ESG_OR_UNKNOWN,PROBABLE,Lyce d'ASHONG,NORD-OUEST,3KC1GSAD111331109
NW43049I10,GHS BATIBO,ALPHA_PREFIX,Nord-Ouest,INFERRED_BY_ELIMINATION,ESG_OR_UNKNOWN,PROBABLE,Lyce de BATIBO,NORD-OUEST,3KC1GSAD111866092
NW43049I11,GHS BESSI AWUM,ALPHA_PREFIX,Nord-Ouest,INFERRED_BY_ELIMINATION,ESG_OR_UNKNOWN,PROBABLE,Lyce de BESSI-AWUM,NORD-OUEST,3KC1GSAD111235112
NW43049I07,GHS ENYOH BATIBO,ALPHA_PREFIX,Nord-Ouest,INFERRED_BY_ELIMINATION,ESG_OR_UNKNOWN,PROBABLE,Lyce de BATIBO,NORD-OUEST,3KC1GSAD111866092
NW43049I08,GHS EWOH - BATIBO,ALPHA_PREFIX,Nord-Ouest,INFERRED_BY_ELIMINATION,ESG_OR_UNKNOWN,PROBABLE,Lyce de BATIBO,NORD-OUEST,3KC1GSAD111866092
NW43049I12,GHS GUZANG,ALPHA_PREFIX,Nord-Ouest,INFERRED_BY_ELIMINATION,ESG_OR_UNKNOWN,PROBABLE,Lyce de GUZANG,NORD-OUEST,3KC1GSAD110904111
NW43049I13,GHS NGYENMUWAH,ALPHA_PREFIX,Nord-Ouest,INFERRED_BY_ELIMINATION,ESG_OR_UNKNOWN,NEW,,,
NW43049I09,GHS OGIM,ALPHA_PREFIX,Nord-Ouest,INFERRED_BY_ELIMINATION,ESG_OR_UNKNOWN,PROBABLE,Lyce d'OGIM,NORD-OUEST,3KC1GSAD111515111
NW43049A01,GSS ANONG,ALPHA_PREFIX,Nord-Ouest,INFERRED_BY_ELIMINATION,ESG_OR_UNKNOWN,PROBABLE,CES d'ANONG,NORD-OUEST,3KC1GSAD101727107
NW43049A02,GSS KURUBEI - BATIBO,ALPHA_PREFIX,Nord-Ouest,INFERRED_BY_ELIMINATION,ESG_OR_UNKNOWN,PROBABLE,Lyce de BATIBO,NORD-OUEST,3KC1GSAD111866092
NW43049C40,GTC ENYOH,ALPHA_PREFIX,Nord-Ouest,INFERRED_BY_ELIMINATION,ESG_OR_UNKNOWN,PROBABLE,Lyce d'ENYOH,NORD-OUEST,3KC1GSAD111682104
NW43049C41,GTC KULABEI,ALPHA_PREFIX,Nord-Ouest,INFERRED_BY_ELIMINATION,ESG_OR_UNKNOWN,NEW,,,
NW43049C42,GTC NYENJEI,ALPHA_PREFIX,Nord-Ouest,INFERRED_BY_ELIMINATION,ESG_OR_UNKNOWN,NEW,,,
NW43049C43,GTC TIBEN,ALPHA_PREFIX,Nord-Ouest,INFERRED_BY_ELIMINATION,ESG_OR_UNKNOWN,NEW,,,
NW43049C39,GTC WUMCHECK,ALPHA_PREFIX,Nord-Ouest,INFERRED_BY_ELIMINATION,ESG_OR_UNKNOWN,NEW,,,
NW43049L43,GTHS BATIBO,ALPHA_PREFIX,Nord-Ouest,INFERRED_BY_ELIMINATION,ESG_OR_UNKNOWN,PROBABLE,Lyce de BATIBO,NORD-OUEST,3KC1GSAD111866092
16390940,PROGRESS COMPREHENSIVE HIGH SCHOOL BATIBO,DIGIT_PREFIX,,,ESG_OR_UNKNOWN,PROBABLE_NO_REGION_SIGNAL,Lyce de BATIBO,NORD-OUEST,3KC1GSAD111866092
16390941,FULL GOSPEL BILINGUAL TEACHER TRAINING COLLEGE MBENGWI,DIGIT_PREFIX,,,ESG_OR_UNKNOWN,PROBABLE_NO_REGION_SIGNAL,Lyce Bilingue de MBENGWI,NORD-OUEST,3KE1GSBD112223095
NW43221H20,GBHS MBENGWI,ALPHA_PREFIX,Nord-Ouest,INFERRED_BY_ELIMINATION,ESG_OR_UNKNOWN,PROBABLE,Lyce Bilingue de MBENGWI,NORD-OUEST,3KE1GSBD112223095
NW43221I21,GHS TUDIG,ALPHA_PREFIX,Nord-Ouest,INFERRED_BY_ELIMINATION,ESG_OR_UNKNOWN,PROBABLE,Lyce de TUDIG,NORD-OUEST,3KE1GSAD110046110
NW43221A14,GSS BOME,ALPHA_PREFIX,Nord-Ouest,INFERRED_BY_ELIMINATION,ESG_OR_UNKNOWN,PROBABLE,CES de BOME,NORD-OUEST,3KE1GSAD101746108
NW43221A15,GSS GUNEKU,ALPHA_PREFIX,Nord-Ouest,INFERRED_BY_ELIMINATION,ESG_OR_UNKNOWN,PROBABLE,CES de GUNEKU,NORD-OUEST,3KE1GSAD101736106
NW43221A16,GSS MBENGWI RURAL,ALPHA_PREFIX,Nord-Ouest,INFERRED_BY_ELIMINATION,ESG_OR_UNKNOWN,PROBABLE,Lyce Bilingue de MBENGWI,NORD-OUEST,3KE1GSBD112223095
NW43221A17,GSS NGAMUNGUH,ALPHA_PREFIX,Nord-Ouest,INFERRED_BY_ELIMINATION,ESG_OR_UNKNOWN,PROBABLE,CES de NGAMUNGUH,NORD-OUEST,3KE1GSAD101733112
NW43221A18,GSS NJAAH,ALPHA_PREFIX,Nord-Ouest,INFERRED_BY_ELIMINATION,ESG_OR_UNKNOWN,PROBABLE,CES de NJAAH,NORD-OUEST,3KE1GSAD100974111
NW43221A19,GSS NJINDOM,ALPHA_PREFIX,Nord-Ouest,INFERRED_BY_ELIMINATION,ESG_OR_UNKNOWN,PROBABLE,CES de NJINDOM,NORD-OUEST,3KE1GSAD100004107
NW43221C44,GTC NGYEN MBO,ALPHA_PREFIX,Nord-Ouest,INFERRED_BY_ELIMINATION,ESG_OR_UNKNOWN,PROBABLE,Lyce de NGYEN-MUWAH,NORD-OUEST,3KC1GSAD111740109
NW43221C45,GTC NJAH_ETU,ALPHA_PREFIX,Nord-Ouest,INFERRED_BY_ELIMINATION,ESG_OR_UNKNOWN,NEW,,,
NW43221C46,GTC TUGI,ALPHA_PREFIX,Nord-Ouest,INFERRED_BY_ELIMINATION,ESG_OR_UNKNOWN,NEW,,,
NW43221C47,GTC ZANG-TABI,ALPHA_PREFIX,Nord-Ouest,INFERRED_BY_ELIMINATION,ESG_OR_UNKNOWN,NEW,,,
NW43221L50,GTHS MBENGWI,ALPHA_PREFIX,Nord-Ouest,INFERRED_BY_ELIMINATION,ESG_OR_UNKNOWN,PROBABLE,Lyce Bilingue de MBENGWI,NORD-OUEST,3KE1GSBD112223095
NW43221E48,GTTC MBENGWI,ALPHA_PREFIX,Nord-Ouest,INFERRED_BY_ELIMINATION,ESG_OR_UNKNOWN,PROBABLE,Lyce Bilingue de MBENGWI,NORD-OUEST,3KE1GSBD112223095
NW43221G49,GTTTC MBENGWI,ALPHA_PREFIX,Nord-Ouest,INFERRED_BY_ELIMINATION,ESG_OR_UNKNOWN,PROBABLE,Lyce Bilingue de MBENGWI,NORD-OUEST,3KE1GSBD112223095
16390942,PRESBYTERIAN HIGH SCHOOL BATIBO,DIGIT_PREFIX,,,ESG_OR_UNKNOWN,PROBABLE_NO_REGION_SIGNAL,Lyce de BATIBO,NORD-OUEST,3KC1GSAD111866092
16390943,PRESBYTERIAN HIGH SCHOOL MBENGWI,DIGIT_PREFIX,,,ESG_OR_UNKNOWN,PROBABLE_NO_REGION_SIGNAL,Lyce Bilingue de MBENGWI,NORD-OUEST,3KE1GSBD112223095
16390944,PRESBYTERIAN TEACHER&#039;S TRAINING COLLEGE MBENGWI,DIGIT_PREFIX,,,ESG_OR_UNKNOWN,PROBABLE_NO_REGION_SIGNAL,Lyce Bilingue de MBENGWI,NORD-OUEST,3KE1GSBD112223095
16390945,SAINT JOSEPH CATHOLIC COMPREHENSIVE COLLEGE MBENGWI,DIGIT_PREFIX,,,ESG_OR_UNKNOWN,PROBABLE_NO_REGION_SIGNAL,Lyce TSF MONGO JOSEPH,LITTORAL,7IE1GSFD110002091
16390946,AFRICAN PIONEER COLLEGE TEZE,DIGIT_PREFIX,,,ESG_OR_UNKNOWN,PROBABLE_NO_REGION_SIGNAL,CES Bilingue de TEZE-NGIE,NORD-OUEST,3KH1GSBD102817115
NW43274B23,GBSS TEZE-NGIE,ALPHA_PREFIX,Nord-Ouest,INFERRED_BY_ELIMINATION,ESG_OR_UNKNOWN,PROBABLE,CES Bilingue de TEZE-NGIE,NORD-OUEST,3KH1GSBD102817115
NW43274B22,GBSS ABEBUNG NGIE,ALPHA_PREFIX,Nord-Ouest,INFERRED_BY_ELIMINATION,ESG_OR_UNKNOWN,PROBABLE,CES Bilingue d'ABEBUNG,NORD-OUEST,3KH1GSBD100156112
NW43274I27,GHS NGIE ANDEK,ALPHA_PREFIX,Nord-Ouest,INFERRED_BY_ELIMINATION,ESG_OR_UNKNOWN,PROBABLE,Lyce d'ANDEK-NGIE,NORD-OUEST,3KH1GSAD112029099
NW43274A24,GSS AJEI,ALPHA_PREFIX,Nord-Ouest,INFERRED_BY_ELIMINATION,ESG_OR_UNKNOWN,PROBABLE,CES d'AJEI,NORD-OUEST,3KH1GSAD100074109
NW43274A25,GSS AZEM,ALPHA_PREFIX,Nord-Ouest,INFERRED_BY_ELIMINATION,ESG_OR_UNKNOWN,PROBABLE,CES d'AZEM,NORD-OUEST,3KH1GSAD100613110
NW43274A26,GSS TINECHUNG,ALPHA_PREFIX,Nord-Ouest,INFERRED_BY_ELIMINATION,ESG_OR_UNKNOWN,NEW,,,
NW43274C51,GTC TENEKOH NGIE,ALPHA_PREFIX,Nord-Ouest,INFERRED_BY_ELIMINATION,ESG_OR_UNKNOWN,PROBABLE,CES Bilingue de TEZE-NGIE,NORD-OUEST,3KH1GSBD102817115
NW43274L52,GTHS TEZE,ALPHA_PREFIX,Nord-Ouest,INFERRED_BY_ELIMINATION,ESG_OR_UNKNOWN,PROBABLE,CES Bilingue de TEZE-NGIE,NORD-OUEST,3KH1GSBD102817115
16390947,PRESBYTERIAN HIGH SCHOOL PHS ANDEK NGIE,DIGIT_PREFIX,,,ESG_OR_UNKNOWN,PROBABLE_NO_REGION_SIGNAL,Lyce d'ANDEK-NGIE,NORD-OUEST,3KH1GSAD112029099
NW43289I32,GHS NJIKWA,ALPHA_PREFIX,Nord-Ouest,INFERRED_BY_ELIMINATION,ESG_OR_UNKNOWN,PROBABLE,Lyce de NJIKWA,NORD-OUEST,3KI1GSAD111986091
NW43289I31,GHS OSHIE,ALPHA_PREFIX,Nord-Ouest,INFERRED_BY_ELIMINATION,ESG_OR_UNKNOWN,PROBABLE,Lyce d'OSHIE,NORD-OUEST,3KI1GSAD110168111
NW43289A28,GSS BASSA,ALPHA_PREFIX,Nord-Ouest,INFERRED_BY_ELIMINATION,ESG_OR_UNKNOWN,PROBABLE,CES de BASSA,NORD-OUEST,3KI1GSAD100949110
NW43289A29,GSS KONDA,ALPHA_PREFIX,Nord-Ouest,INFERRED_BY_ELIMINATION,ESG_OR_UNKNOWN,PROBABLE,CES de KONDA,NORD-OUEST,3KI1GSAD101580109
NW43289A30,GSS NGWO,ALPHA_PREFIX,Nord-Ouest,INFERRED_BY_ELIMINATION,ESG_OR_UNKNOWN,PROBABLE,CES de NGWO,NORD-OUEST,3KI1GSAD101568110
NW43289L53,GTHS NJIKWA,ALPHA_PREFIX,Nord-Ouest,INFERRED_BY_ELIMINATION,ESG_OR_UNKNOWN,PROBABLE,Lyce de NJIKWA,NORD-OUEST,3KI1GSAD111986091
NW43352I36,GHS BIFANG,ALPHA_PREFIX,Nord-Ouest,INFERRED_BY_ELIMINATION,ESG_OR_UNKNOWN,PROBABLE,Lyce de BIFANG,NORD-OUEST,3KJ1GSAD111572113
NW43352I37,GHS WIDIKUM,ALPHA_PREFIX,Nord-Ouest,INFERRED_BY_ELIMINATION,ESG_OR_UNKNOWN,PROBABLE,Lyce de WIDIKUM,NORD-OUEST,3KJ1GSAD111756100
NW43352A33,GSS AKANUNKU-MENKA,ALPHA_PREFIX,Nord-Ouest,INFERRED_BY_ELIMINATION,ESG_OR_UNKNOWN,PROBABLE,CES d'AKANUNKU-MENKA,NORD-OUEST,3KJ1GSAD100946098
NW43352A34,GSS EKA,ALPHA_PREFIX,Nord-Ouest,INFERRED_BY_ELIMINATION,ESG_OR_UNKNOWN,NEW,,,
NW43352A35,GSS OLORUNTI,ALPHA_PREFIX,Nord-Ouest,INFERRED_BY_ELIMINATION,ESG_OR_UNKNOWN,PROBABLE,CES d'OLORUNTI,NORD-OUEST,3KJ1GSAD101563109
NW43352C54,GTC LARRINJI,ALPHA_PREFIX,Nord-Ouest,INFERRED_BY_ELIMINATION,ESG_OR_UNKNOWN,NEW,,,
NW43352L55,GTHS WIDIKUM,ALPHA_PREFIX,Nord-Ouest,INFERRED_BY_ELIMINATION,ESG_OR_UNKNOWN,PROBABLE,Lyce de WIDIKUM,NORD-OUEST,3KJ1GSAD111756100
16390948,ST BENEDICT&#039;S COMPREHENSIVE COLLEGE (SABECC) WIDIKUM,DIGIT_PREFIX,,,ESG_OR_UNKNOWN,PROBABLE_NO_REGION_SIGNAL,Lyce de WIDIKUM,NORD-OUEST,3KJ1GSAD111756100
NW48017H10,GBHS BABESSI,ALPHA_PREFIX,Nord-Ouest,INFERRED_BY_ELIMINATION,ESG_OR_UNKNOWN,PROBABLE,Lyce Bilingue de BABESSI,NORD-OUEST,3LC1GSBD112230107
NW48017H11,GBHS BANGOLAN,ALPHA_PREFIX,Nord-Ouest,INFERRED_BY_ELIMINATION,ESG_OR_UNKNOWN,PROBABLE,Lyce Bilingue de BANGOLAN,NORD-OUEST,3LC1GSBD110787112
NW48017B01,GBSS MAMBIM,ALPHA_PREFIX,Nord-Ouest,INFERRED_BY_ELIMINATION,ESG_OR_UNKNOWN,PROBABLE,CES Bilingue de MAMBIM,NORD-OUEST,3LC1GSBD102299113
NW48017I12,GHS BABA I,ALPHA_PREFIX,Nord-Ouest,INFERRED_BY_ELIMINATION,ESG_OR_UNKNOWN,PROBABLE,Lyce de BABA I,NORD-OUEST,3LC1GSAD111076107
NW48017I13,GHS BABUNGO,ALPHA_PREFIX,Nord-Ouest,INFERRED_BY_ELIMINATION,ESG_OR_UNKNOWN,PROBABLE,Lyce de BABUNGO,NORD-OUEST,3LC1GSAD111053111
NW48017I14,GHS VEMNGANG,ALPHA_PREFIX,Nord-Ouest,INFERRED_BY_ELIMINATION,ESG_OR_UNKNOWN,PROBABLE,Lyce de VEMNGANG,NORD-OUEST,3LC1GSAD111032115
NW48017A02,GSS FONGOH,ALPHA_PREFIX,Nord-Ouest,INFERRED_BY_ELIMINATION,ESG_OR_UNKNOWN,PROBABLE,CES de FONGOH,NORD-OUEST,3LC1GSAD102740114
NW48017A03,GSS KAKETULOH WUSHI,ALPHA_PREFIX,Nord-Ouest,INFERRED_BY_ELIMINATION,ESG_OR_UNKNOWN,PROBABLE,CES de KAKETULOH-WUSHI,NORD-OUEST,3LC1GSAD102320113
NW48017A04,GSS KEFEUNG,ALPHA_PREFIX,Nord-Ouest,INFERRED_BY_ELIMINATION,ESG_OR_UNKNOWN,PROBABLE,CES de KEFEUNG,NORD-OUEST,3LC1GSAD102307113
NW48017A05,GSS KOKIBUE,ALPHA_PREFIX,Nord-Ouest,INFERRED_BY_ELIMINATION,ESG_OR_UNKNOWN,PROBABLE,CES de KOKIBUE,NORD-OUEST,3LC1GSAD102351113
NW48017A06,GSS KOMUE,ALPHA_PREFIX,Nord-Ouest,INFERRED_BY_ELIMINATION,ESG_OR_UNKNOWN,PROBABLE,CES de KOMUE,NORD-OUEST,3LC1GSAD100198110
NW48017A07,GSS MBINZU,ALPHA_PREFIX,Nord-Ouest,INFERRED_BY_ELIMINATION,ESG_OR_UNKNOWN,PROBABLE,CES de MBINZU,NORD-OUEST,3LC1GSAD100201111
NW48017A08,GSS PAPIAKKUM,ALPHA_PREFIX,Nord-Ouest,INFERRED_BY_ELIMINATION,ESG_OR_UNKNOWN,PROBABLE,CES de PAPIAKKUM,NORD-OUEST,3LC1GSAD101057111
NW48017A09,GSS VENGO,ALPHA_PREFIX,Nord-Ouest,INFERRED_BY_ELIMINATION,ESG_OR_UNKNOWN,PROBABLE,CES de VENGO,NORD-OUEST,3LC1GSAD101030111
NW48017C34,GTC BABUNGO,ALPHA_PREFIX,Nord-Ouest,INFERRED_BY_ELIMINATION,ESG_OR_UNKNOWN,PROBABLE,Lyce de BABUNGO,NORD-OUEST,3LC1GSAD111053111
NW48017C35,GTC BANGOLAN,ALPHA_PREFIX,Nord-Ouest,INFERRED_BY_ELIMINATION,ESG_OR_UNKNOWN,PROBABLE,Lyce Bilingue de BANGOLAN,NORD-OUEST,3LC1GSBD110787112
NW48017C36,GTC MENOUA BABESSI,ALPHA_PREFIX,Nord-Ouest,INFERRED_BY_ELIMINATION,ESG_OR_UNKNOWN,PROBABLE,Lyce Bilingue de BABESSI,NORD-OUEST,3LC1GSBD112230107
NW48017C33,GTC TSENKA BABESSI,ALPHA_PREFIX,Nord-Ouest,INFERRED_BY_ELIMINATION,ESG_OR_UNKNOWN,PROBABLE,Lyce Bilingue de BABESSI,NORD-OUEST,3LC1GSBD112230107
NW48017L37,GTHS BABA I,ALPHA_PREFIX,Nord-Ouest,INFERRED_BY_ELIMINATION,ESG_OR_UNKNOWN,PROBABLE,Lyce de BABA I,NORD-OUEST,3LC1GSAD111076107
NW48017L38,GTHS BABESSI,ALPHA_PREFIX,Nord-Ouest,INFERRED_BY_ELIMINATION,ESG_OR_UNKNOWN,PROBABLE,Lyce Bilingue de BABESSI,NORD-OUEST,3LC1GSBD112230107
16350949,ISLAMIC COMPREHENSIVE COLLEGE BANGOLAN,DIGIT_PREFIX,,,ESG_OR_UNKNOWN,PROBABLE_NO_REGION_SIGNAL,Lyce Bilingue de BANGOLAN,NORD-OUEST,3LC1GSBD110787112
16350950,ISLAMIC SECONDARY SCHOOL BABA 1,DIGIT_PREFIX,,,ESG_OR_UNKNOWN,PROBABLE_NO_REGION_SIGNAL,Lyce de BABA I,NORD-OUEST,3LC1GSAD111076107
16350951,KING PETERS INTERNATIONAL COLLEGE OF ARTS SCIENCE AND TECHNOLOGY,DIGIT_PREFIX,,,ESG_OR_UNKNOWN,PROBABLE_NO_REGION_SIGNAL,CES de KING-PLACE-BATCHAM,OUEST,4CE1GSFD101616111
16350952,STAR COMPREHENSIVE SECONDARY SCHOOL BABUNGO,DIGIT_PREFIX,,,ESG_OR_UNKNOWN,PROBABLE_NO_REGION_SIGNAL,Lyce de BABUNGO,NORD-OUEST,3LC1GSAD111053111
NW48027H18,GBHS BAFANJI,ALPHA_PREFIX,Nord-Ouest,INFERRED_BY_ELIMINATION,ESG_OR_UNKNOWN,PROBABLE,Lyce Bilingue de BAFANJI,NORD-OUEST,3LE1GSBD111377109
NW48027H19,GBHS BALIKUMBAT,ALPHA_PREFIX,Nord-Ouest,INFERRED_BY_ELIMINATION,ESG_OR_UNKNOWN,PROBABLE,Lyce de BALIKUMBAT,NORD-OUEST,3LE1GSAD111115098
NW48027I20,GHS BALIKUMBAT,ALPHA_PREFIX,Nord-Ouest,INFERRED_BY_ELIMINATION,ESG_OR_UNKNOWN,PROBABLE,Lyce de BALIKUMBAT,NORD-OUEST,3LE1GSAD111115098
NW48027I21,GHS DE BAMUNKUMBIT,ALPHA_PREFIX,Nord-Ouest,INFERRED_BY_ELIMINATION,ESG_OR_UNKNOWN,PROBABLE,Lyce de BAMUNKUMBIT,NORD-OUEST,3LE1GSAD111045112
NW48027A15,GSS JOGURU,ALPHA_PREFIX,Nord-Ouest,INFERRED_BY_ELIMINATION,ESG_OR_UNKNOWN,PROBABLE,CES de JOGURU,NORD-OUEST,3LE1GSAD101399112
NW48027A16,GSS NJANUNG - BAFANJI,ALPHA_PREFIX,Nord-Ouest,INFERRED_BY_ELIMINATION,ESG_OR_UNKNOWN,PROBABLE,Lyce Bilingue de BAFANJI,NORD-OUEST,3LE1GSBD111377109
NW48027A17,GSS NYUGU-BACKYIT,ALPHA_PREFIX,Nord-Ouest,INFERRED_BY_ELIMINATION,ESG_OR_UNKNOWN,PROBABLE,CES de NYUGU-BACKYIT,NORD-OUEST,3LE1GSAD101434110
NW48027C41,GTC BAFANJI,ALPHA_PREFIX,Nord-Ouest,INFERRED_BY_ELIMINATION,ESG_OR_UNKNOWN,PROBABLE,Lyce Bilingue de BAFANJI,NORD-OUEST,3LE1GSBD111377109
NW48027C40,GTC BALIGASHU,ALPHA_PREFIX,Nord-Ouest,INFERRED_BY_ELIMINATION,ESG_OR_UNKNOWN,NEW,,,
NW48027C39,GTC BAMUNKUMBIT,ALPHA_PREFIX,Nord-Ouest,INFERRED_BY_ELIMINATION,ESG_OR_UNKNOWN,PROBABLE,Lyce de BAMUNKUMBIT,NORD-OUEST,3LE1GSAD111045112
NW48027L42,GTHS BALIKUMBAT,ALPHA_PREFIX,Nord-Ouest,INFERRED_BY_ELIMINATION,ESG_OR_UNKNOWN,PROBABLE,Lyce de BALIKUMBAT,NORD-OUEST,3LE1GSAD111115098
16350953,ADVANCED SECONDARY SCHOOL BAMESSING NDOP,DIGIT_PREFIX,,,ESG_OR_UNKNOWN,PROBABLE_NO_REGION_SIGNAL,CES de BAMESSING-LATSIT,OUEST,4HE1GSFD102816115
16350954,BAPTIST HIGH SCHOOL NDOP,DIGIT_PREFIX,,,ESG_OR_UNKNOWN,PROBABLE_NO_REGION_SIGNAL,Lyce Bilingue de BAMALI-NDOP,NORD-OUEST,3LI1GSBD111432111
16350955,BAPTIST TEACHERS TRAINING COLLEGE,DIGIT_PREFIX,,,ESG_OR_UNKNOWN,NEW,,,
16350956,BAPTIST TEACHERS TRANING COLLEGE,DIGIT_PREFIX,,,ESG_OR_UNKNOWN,NEW,,,
16350957,CAMEROON COLLEGE OF EDUCATION,DIGIT_PREFIX,,,ESG_OR_UNKNOWN,NEW,,,
16350958,CHRIST THE KING COLLEGE BAMBALANG,DIGIT_PREFIX,,,ESG_OR_UNKNOWN,PROBABLE_NO_REGION_SIGNAL,CES de MIGHANG-BAMBALANG,NORD-OUEST,3LI1GSAD102305113
16350959,COMMON INITIATIVE HIGH SCHOOL NDOP,DIGIT_PREFIX,,,ESG_OR_UNKNOWN,PROBABLE_NO_REGION_SIGNAL,Lyce Bilingue de BAMALI-NDOP,NORD-OUEST,3LI1GSBD111432111
NW48263H26,GBHS BAMALI-NDOP,ALPHA_PREFIX,Nord-Ouest,INFERRED_BY_ELIMINATION,ESG_OR_UNKNOWN,PROBABLE,Lyce Bilingue de BAMALI-NDOP,NORD-OUEST,3LI1GSBD111432111
NW48263H27,GBHS BAMESSING,ALPHA_PREFIX,Nord-Ouest,INFERRED_BY_ELIMINATION,ESG_OR_UNKNOWN,PROBABLE,CES de MBELUE-BAMESSING,NORD-OUEST,3LI1GSFD102744114
NW48263H28,GBHS MBANKUONG,ALPHA_PREFIX,Nord-Ouest,INFERRED_BY_ELIMINATION,ESG_OR_UNKNOWN,PROBABLE,Lyce Bilingue de MBANKUONG,NORD-OUEST,3LI1GSBD111342114
NW48263H29,GBHS MBEUNKONG,ALPHA_PREFIX,Nord-Ouest,INFERRED_BY_ELIMINATION,ESG_OR_UNKNOWN,PROBABLE,Lyce Bilingue de MBEUNKONG,NORD-OUEST,3LI1GSBD111017113
NW48263H30,GBHS NDOP,ALPHA_PREFIX,Nord-Ouest,INFERRED_BY_ELIMINATION,ESG_OR_UNKNOWN,PROBABLE,Lyce Bilingue de BAMALI-NDOP,NORD-OUEST,3LI1GSBD111432111
NW48263B22,GBSS MBISSA ISLAND,ALPHA_PREFIX,Nord-Ouest,INFERRED_BY_ELIMINATION,ESG_OR_UNKNOWN,PROBABLE,CES Bilingue de MBISSA-ISLAND,NORD-OUEST,3LI1GSBD101125111
16350960,GENERAL AND TECHNICAL SECONDARY SCHOOL BAMALI,DIGIT_PREFIX,,,ESG_OR_UNKNOWN,PROBABLE_NO_REGION_SIGNAL,Lyce Bilingue de BAMALI-NDOP,NORD-OUEST,3LI1GSBD111432111
NW48263I31,GHS BAMBALANG,ALPHA_PREFIX,Nord-Ouest,INFERRED_BY_ELIMINATION,ESG_OR_UNKNOWN,PROBABLE,CES de MIGHANG-BAMBALANG,NORD-OUEST,3LI1GSAD102305113
NW48263I32,GHS BAMUNKA RURAL,ALPHA_PREFIX,Nord-Ouest,INFERRED_BY_ELIMINATION,ESG_OR_UNKNOWN,PROBABLE,CES de NTENKON-BAMUNKA,NORD-OUEST,3LI1GSAD102324113
NW48263A23,GSS MBELUE BAMESSING,ALPHA_PREFIX,Nord-Ouest,INFERRED_BY_ELIMINATION,ESG_OR_UNKNOWN,PROBABLE,CES de MBELUE-BAMESSING,NORD-OUEST,3LI1GSFD102744114
NW48263A24,GSS MIGHANG-BAMBALANG,ALPHA_PREFIX,Nord-Ouest,INFERRED_BY_ELIMINATION,ESG_OR_UNKNOWN,PROBABLE,CES de MIGHANG-BAMBALANG,NORD-OUEST,3LI1GSAD102305113
NW48263A25,GSS NTENKON-BAMUNKA,ALPHA_PREFIX,Nord-Ouest,INFERRED_BY_ELIMINATION,ESG_OR_UNKNOWN,PROBABLE,CES de NTENKON-BAMUNKA,NORD-OUEST,3LI1GSAD102324113
NW48262C46,GTC MBANGSALLE,ALPHA_PREFIX,Nord-Ouest,INFERRED_BY_ELIMINATION,ESG_OR_UNKNOWN,NEW,,,
NW48262C47,GTC NJIEUKECHIU,ALPHA_PREFIX,Nord-Ouest,INFERRED_BY_ELIMINATION,ESG_OR_UNKNOWN,NEW,,,
NW48262C43,GTC BAMALI,ALPHA_PREFIX,Nord-Ouest,INFERRED_BY_ELIMINATION,ESG_OR_UNKNOWN,PROBABLE,Lyce Bilingue de BAMALI-NDOP,NORD-OUEST,3LI1GSBD111432111
NW48262C45,GTC BAMESSING,ALPHA_PREFIX,Nord-Ouest,INFERRED_BY_ELIMINATION,ESG_OR_UNKNOWN,PROBABLE,CES de MBELUE-BAMESSING,NORD-OUEST,3LI1GSFD102744114
NW48262C44,GTC KANGWO NJINKUNU,ALPHA_PREFIX,Nord-Ouest,INFERRED_BY_ELIMINATION,ESG_OR_UNKNOWN,NEW,,,
NW48262L48,GTHS BAMBALANG,ALPHA_PREFIX,Nord-Ouest,INFERRED_BY_ELIMINATION,ESG_OR_UNKNOWN,PROBABLE,CES de MIGHANG-BAMBALANG,NORD-OUEST,3LI1GSAD102305113
NW48262L49,GTHS NDOP,ALPHA_PREFIX,Nord-Ouest,INFERRED_BY_ELIMINATION,ESG_OR_UNKNOWN,PROBABLE,Lyce Bilingue de BAMALI-NDOP,NORD-OUEST,3LI1GSBD111432111
NW48263E50,GTTC NDOP,ALPHA_PREFIX,Nord-Ouest,INFERRED_BY_ELIMINATION,ESG_OR_UNKNOWN,PROBABLE,Lyce Bilingue de BAMALI-NDOP,NORD-OUEST,3LI1GSBD111432111
16350961,KENCHOLIA TEACHER&#039;S TRAINING COLLEGE (KTTC NDOP),DIGIT_PREFIX,,,ESG_OR_UNKNOWN,PROBABLE_NO_REGION_SIGNAL,Lyce Bilingue de BAMALI-NDOP,NORD-OUEST,3LI1GSBD111432111
16350962,KENCHOLIA TEACHER&#039;S TRAINING COLLEGE,DIGIT_PREFIX,,,ESG_OR_UNKNOWN,NEW,,,
16350963,MIKELLINS BILINGUAL COMPREHENSIVE HIGH SCHOOL,DIGIT_PREFIX,,,ESG_OR_UNKNOWN,NEW,,,
16350964,NDOP TECHNICAL AND COMMERCIAL COLLEGE,DIGIT_PREFIX,,,ESG_OR_UNKNOWN,PROBABLE_NO_REGION_SIGNAL,Lyce Bilingue de BAMALI-NDOP,NORD-OUEST,3LI1GSBD111432111
16350965,NJOKOH MEMORIAL COMPREHENSIVE COLLEGE (Ndop),DIGIT_PREFIX,,,ESG_OR_UNKNOWN,PROBABLE_NO_REGION_SIGNAL,Lyce Bilingue de BAMALI-NDOP,NORD-OUEST,3LI1GSBD111432111
16350966,PRESBYTERIAN SECONDARY SCHOOL NDOP,DIGIT_PREFIX,,,ESG_OR_UNKNOWN,PROBABLE_NO_REGION_SIGNAL,Lyce Bilingue de BAMALI-NDOP,NORD-OUEST,3LI1GSBD111432111
16350967,PRIDE OF HOPE SECONDARY SCHOOL BAMALI NDOP,DIGIT_PREFIX,,,ESG_OR_UNKNOWN,PROBABLE_NO_REGION_SIGNAL,Lyce Bilingue de BAMALI-NDOP,NORD-OUEST,3LI1GSBD111432111
16350968,PROGRESSIVE SECONDARY SCHOOL BAMBALANG,DIGIT_PREFIX,,,ESG_OR_UNKNOWN,PROBABLE_NO_REGION_SIGNAL,CES de MIGHANG-BAMBALANG,NORD-OUEST,3LI1GSAD102305113
16350969,ST ISIDORE&#039;S HIGH SCHOOL NDOP,DIGIT_PREFIX,,,ESG_OR_UNKNOWN,PROBABLE_NO_REGION_SIGNAL,Lyce Bilingue de BAMALI-NDOP,NORD-OUEST,3LI1GSBD111432111
16350970,ST MARY CATHOLIC COMPRENHENSIVE HIGH SCHOOL NDOP,DIGIT_PREFIX,,,ESG_OR_UNKNOWN,PROBABLE_NO_REGION_SIGNAL,Lyce Bilingue de BAMALI-NDOP,NORD-OUEST,3LI1GSBD111432111
16350971,STANDARD ACADEMIC COMPREHENSIVE HIGH SCHOOL(SACHS) BAMUNKA NDOP,DIGIT_PREFIX,,,ESG_OR_UNKNOWN,PROBABLE_NO_REGION_SIGNAL,CES de NTENKON-BAMUNKA,NORD-OUEST,3LI1GSAD102324113
16350972,STANDARD ACADEMIC BILINGUAL HIGH SCHOOL (STABIHS),DIGIT_PREFIX,,,ESG_OR_UNKNOWN,NEW,,,
16350973,STANDFORD BILINGUAL COMPREHENSIVE COLLEGE NDOP,DIGIT_PREFIX,,,ESG_OR_UNKNOWN,PROBABLE_NO_REGION_SIGNAL,Lyce Bilingue de BAMALI-NDOP,NORD-OUEST,3LI1GSBD111432111
OU01016C34,LYCEE TECHNIQUE DE BALEPO,ALPHA_PREFIX,Ouest,CONFIRMED_BY_MATCH,ESTP,NEW,,,
OU01016H01,LYCEE BILINGUE DE BABADJOU,ALPHA_PREFIX,Ouest,CONFIRMED_BY_MATCH,ESG_OR_UNKNOWN,PROBABLE,Lyce Bilingue de BABADJOU,OUEST,4CC1GSBD111704099
OU01016H02,LYCEE BILINGUE DE BACHUA,ALPHA_PREFIX,Ouest,CONFIRMED_BY_MATCH,ESG_OR_UNKNOWN,PROBABLE,Lyce Bilingue de BACHUA,OUEST,4CC1GSBD111789112
OU01016H03,LYCEE BILINGUE DE ZAVION,ALPHA_PREFIX,Ouest,CONFIRMED_BY_MATCH,ESG_OR_UNKNOWN,PROBABLE,Lyce Bilingue de ZAVION,OUEST,4CC1GSBD111800108
OU01016I04,LYCEE DE BAMENDJINGHA,ALPHA_PREFIX,Ouest,CONFIRMED_BY_MATCH,ESG_OR_UNKNOWN,PROBABLE,Lyce de BAMENDJINGHA,OUEST,4CC1GSFD111793110
OU01016L35,LYCEE TECHNIQUE DE BAMELO,ALPHA_PREFIX,Ouest,CONFIRMED_BY_MATCH,ESTP,NEW,,,
OU01047A05,LYCEE BILINGUE DE KING PLACE DE BATCHAM,ALPHA_PREFIX,Ouest,CONFIRMED_BY_MATCH,ESG_OR_UNKNOWN,PROBABLE,Lyce Bilingue de BATCHAM,OUEST,4CE1GSBD111591114
OU01047C36,LYCEE TECHNIQUE BILINGUE BALADJEUTSA,ALPHA_PREFIX,Ouest,CONFIRMED_BY_MATCH,ESTP,NEW,,,
OU01047C37,CETIC DE BAMOUGONG,ALPHA_PREFIX,Ouest,CONFIRMED_BY_MATCH,ESTP,PROBABLE,Lyce de BAMOUGONG,OUEST,4CE1GSFD111811110
OU01047H06,LYCEE BILINGUE DE BANGANG,ALPHA_PREFIX,Ouest,CONFIRMED_BY_MATCH,ESG_OR_UNKNOWN,PROBABLE,Lyce Bilingue de BANGANG,OUEST,4CE1GSBD112003114
OU01047H07,LYCEE BILINGUE DE BATCHAM,ALPHA_PREFIX,Ouest,CONFIRMED_BY_MATCH,ESG_OR_UNKNOWN,PROBABLE,Lyce Bilingue de BATCHAM,OUEST,4CE1GSBD111591114
OU01047I08,LYCEE DE BABEKOUO,ALPHA_PREFIX,Ouest,CONFIRMED_BY_MATCH,ESG_OR_UNKNOWN,PROBABLE,Lyce de BABEKOUO,OUEST,4CE1GSFD111823111
OU01047I09,LYCEE DE BALEGHANG,ALPHA_PREFIX,Ouest,CONFIRMED_BY_MATCH,ESG_OR_UNKNOWN,PROBABLE,Lyce de BALEGHANG,OUEST,4CE1GSFD111619110
OU01047I10,LYCEE DE BAMBI BATCHAM,ALPHA_PREFIX,Ouest,CONFIRMED_BY_MATCH,ESG_OR_UNKNOWN,PROBABLE,Lyce de BAMBI-BATCHAM,OUEST,4CE1GSFD111621107
OU01047I11,LYCEE DE BAMETIM,ALPHA_PREFIX,Ouest,CONFIRMED_BY_MATCH,ESG_OR_UNKNOWN,PROBABLE,Lyce de BAMETIM,OUEST,4CE1GSFD111777107
OU01047I12,LYCEE DE BAMOUGONG,ALPHA_PREFIX,Ouest,CONFIRMED_BY_MATCH,ESG_OR_UNKNOWN,PROBABLE,Lyce de BAMOUGONG,OUEST,4CE1GSFD111811110
OU01047I13,LYCEE DE BANGWANG,ALPHA_PREFIX,Ouest,CONFIRMED_BY_MATCH,ESG_OR_UNKNOWN,PROBABLE,Lyce de BANGWANG,OUEST,4CE1GSFD111802108
OU01047I14,LYCEE DE BATCHUETIO,ALPHA_PREFIX,Ouest,CONFIRMED_BY_MATCH,ESG_OR_UNKNOWN,PROBABLE,Lyce de BATCHUETIO,OUEST,4CE1GSFD111605112
OU01047I15,LYCEE DE BATSINTSUE,ALPHA_PREFIX,Ouest,CONFIRMED_BY_MATCH,ESG_OR_UNKNOWN,PROBABLE,Lyce de BATSINTSUE,OUEST,4CE1GSFD111137113
OU01047I16,LYCEE DE NZINDONG,ALPHA_PREFIX,Ouest,CONFIRMED_BY_MATCH,ESG_OR_UNKNOWN,PROBABLE,Lyce de NZINDONG,OUEST,4CE1GSFD111594109
OU01047I17,LYCEE DE TSINTSUET,ALPHA_PREFIX,Ouest,CONFIRMED_BY_MATCH,ESG_OR_UNKNOWN,PROBABLE,Lyce de TSINTSUET,OUEST,4CE1GSFD111611112
OU01047L38,LYCEE TECHNIQUE DE BANGANG,ALPHA_PREFIX,Ouest,CONFIRMED_BY_MATCH,ESTP,PROBABLE,Lyce Bilingue de BANGANG,OUEST,4CE1GSBD112003114
OU01047L39,LYCEE TECHNIQUE DE BATCHAM,ALPHA_PREFIX,Ouest,CONFIRMED_BY_MATCH,ESTP,PROBABLE,Lyce Bilingue de BATCHAM,OUEST,4CE1GSBD111591114
OU01135A18,LYCEE BILINGUE DE MENFOUNG,ALPHA_PREFIX,Ouest,CONFIRMED_BY_MATCH,ESG_OR_UNKNOWN,PROBABLE,CES de MENFOUNG,OUEST,4CH1GSFD100511111
OU01135C40,CETIC DE BATI,ALPHA_PREFIX,Ouest,CONFIRMED_BY_MATCH,ESTP,PROBABLE,Lyce de BATI,OUEST,4CH1GSFD111697110
OU01135L41,LYCEE TECHNIQUE DE BAMENDJING,ALPHA_PREFIX,Ouest,CONFIRMED_BY_MATCH,ESTP,NEW,,,
OU01135H19,LYCEE BILINGUE DE GALIM,ALPHA_PREFIX,Ouest,CONFIRMED_BY_MATCH,ESG_OR_UNKNOWN,PROBABLE,Lyce Bilingue de GALIM,OUEST,4CH1GSBD111853112
OU01135H20,LYCEE BILINGUE DE KIENEGHANG,ALPHA_PREFIX,Ouest,CONFIRMED_BY_MATCH,ESG_OR_UNKNOWN,PROBABLE,Lyce Bilingue de KIENEGHANG,OUEST,4CH1GSBD110524111
OU01135I21,LYCEE DE BAGAM,ALPHA_PREFIX,Ouest,CONFIRMED_BY_MATCH,ESG_OR_UNKNOWN,PROBABLE,Lyce de BAGAM,OUEST,4CH1GSFD110670109
OU01135I22,LYCEE DE BAMENYAM,ALPHA_PREFIX,Ouest,CONFIRMED_BY_MATCH,ESG_OR_UNKNOWN,PROBABLE,Lyce de BAMENYAM,OUEST,4CH1GSFD110563112
OU01135I23,LYCEE DE BATI,ALPHA_PREFIX,Ouest,CONFIRMED_BY_MATCH,ESG_OR_UNKNOWN,PROBABLE,Lyce de BATI,OUEST,4CH1GSFD111697110
OU01135L42,LYCEE TECHNIQUE DE GALIM,ALPHA_PREFIX,Ouest,CONFIRMED_BY_MATCH,ESTP,PROBABLE,Lyce Bilingue de GALIM,OUEST,4CH1GSBD111853112
OU01224C43,LYCEE TECHNIQUE DE BAFEMGHA,ALPHA_PREFIX,Ouest,CONFIRMED_BY_MATCH,ESTP,NEW,,,
OU01224C44,CETIC DE BALATCHI,ALPHA_PREFIX,Ouest,CONFIRMED_BY_MATCH,ESTP,PROBABLE,Lyce Bilingue de BALATCHI,OUEST,4CI1GSBD111211114
OU01224C45,LYCEE TECHNIQUE BILINGUE DE BAMENDJINDA,ALPHA_PREFIX,Ouest,CONFIRMED_BY_MATCH,ESTP,NEW,,,
OU01224E46,ENIEG DE MBOUDA,ALPHA_PREFIX,Ouest,CONFIRMED_BY_MATCH,ENI,PROBABLE,Lyce Bilingue de MBOUDA,OUEST,4CI1GSBD112030097
OU01224L47,LYCEE TECHNIQUE DE BAMENDJO,ALPHA_PREFIX,Ouest,CONFIRMED_BY_MATCH,ESTP,PROBABLE,CES Bilingue de BAMENDJO-BAMETEGOU,OUEST,4CI1GSBD103242120
OU01224H28,LYCEE BILINGUE DE MBOUDA RURAL,ALPHA_PREFIX,Ouest,CONFIRMED_BY_MATCH,ESG_OR_UNKNOWN,PROBABLE,Lyce Bilingue de MBOUDA,OUEST,4CI1GSBD112030097
OU01224H24,LYCEE BILINGUE DE BALATCHI,ALPHA_PREFIX,Ouest,CONFIRMED_BY_MATCH,ESG_OR_UNKNOWN,PROBABLE,Lyce Bilingue de BALATCHI,OUEST,4CI1GSBD111211114
OU01224H25,LYCEE BILINGUE DE BAMESSO,ALPHA_PREFIX,Ouest,CONFIRMED_BY_MATCH,ESG_OR_UNKNOWN,PROBABLE,Lyce Bilingue de BAMESSO,OUEST,4CI1GSBD111329110
OU01224H26,LYCEE BILINGUE DE MBOUDA,ALPHA_PREFIX,Ouest,CONFIRMED_BY_MATCH,ESG_OR_UNKNOWN,PROBABLE,Lyce Bilingue de MBOUDA,OUEST,4CI1GSBD112030097
OU01224H27,LYCEE BILINGUE DE MBOUDA-BANOCK,ALPHA_PREFIX,Ouest,CONFIRMED_BY_MATCH,ESG_OR_UNKNOWN,PROBABLE,Lyce Bilingue de MBOUDA-BANOCK,OUEST,4CI1GSBD110658107
OU01224I29,LYCEE DE BABETE,ALPHA_PREFIX,Ouest,CONFIRMED_BY_MATCH,ESG_OR_UNKNOWN,PROBABLE,Lyce de BABETE,OUEST,4CI1GSFD110663109
OU01224I30,LYCEE DE BAMENKOMBO,ALPHA_PREFIX,Ouest,CONFIRMED_BY_MATCH,ESG_OR_UNKNOWN,PROBABLE,Lyce de BAMENKOMBO,OUEST,4CI1GSFD110612109
OU01224I31,LYCEE DE KONTSA&#039;A,ALPHA_PREFIX,Ouest,CONFIRMED_BY_MATCH,ESG_OR_UNKNOWN,PROBABLE,Lyce de KONTSA'A,OUEST,4CI1GSFD111795110
OU01224I32,LYCEE DE MBOUGONG,ALPHA_PREFIX,Ouest,CONFIRMED_BY_MATCH,ESG_OR_UNKNOWN,PROBABLE,Lyce de MBOUGONG,OUEST,4CI1GSFD111798107
OU01224L33,LYCEE TECHNIQUE DE MBOUDA,ALPHA_PREFIX,Ouest,CONFIRMED_BY_MATCH,ESTP,PROBABLE,Lyce Bilingue de MBOUDA,OUEST,4CI1GSBD112030097
OU14018B01,LYCEE BILINGUE DE BAKONDJI,ALPHA_PREFIX,Ouest,CONFIRMED_BY_MATCH,ESG_OR_UNKNOWN,NEW,,,
OU14018C34,CETIC DE BAKONDJI,ALPHA_PREFIX,Ouest,CONFIRMED_BY_MATCH,ESTP,NEW,,,
OU14018C35,CETIC DE BALEN,ALPHA_PREFIX,Ouest,CONFIRMED_BY_MATCH,ESTP,NEW,,,
OU14018I03,LYCEE BABOUTCHA NINTCHEU,ALPHA_PREFIX,Ouest,CONFIRMED_BY_MATCH,ESG_OR_UNKNOWN,PROBABLE,CES de BABOUTCHA-FONGAM,OUEST,4EE1GSFD101181110
OU14018H02,LYCEE BILINGUE DE BAFANG,ALPHA_PREFIX,Ouest,CONFIRMED_BY_MATCH,ESG_OR_UNKNOWN,PROBABLE,Lyce de BAFANG-RURAL,OUEST,4EC1GSFD111803106
OU14018I04,LYCEE DE BABOUTCHEU-NGALEU,ALPHA_PREFIX,Ouest,CONFIRMED_BY_MATCH,ESG_OR_UNKNOWN,PROBABLE,Lyce de BABOUTCHEU-NGALEU,OUEST,4EC1GSFD111813109
OU14018I05,LYCEE DE BAFANG RURAL,ALPHA_PREFIX,Ouest,CONFIRMED_BY_MATCH,ESG_OR_UNKNOWN,PROBABLE,Lyce de BAFANG-RURAL,OUEST,4EC1GSFD111803106
OU14018L37,LYCEE TECHNIQUE DE BABONE,ALPHA_PREFIX,Ouest,CONFIRMED_BY_MATCH,ESTP,NEW,,,
OU14025A06,CES DE BABOUTCHA-FONGAM,ALPHA_PREFIX,Ouest,CONFIRMED_BY_MATCH,ESG_OR_UNKNOWN,EXACT_IDENTITY_REGION,CES de BABOUTCHA-FONGAM,OUEST,4EE1GSFD101181110
OU14025A07,CES DE FOPOUANGA,ALPHA_PREFIX,Ouest,CONFIRMED_BY_MATCH,ESG_OR_UNKNOWN,EXACT_IDENTITY_REGION,CES de FOPOUANGA,OUEST,4EE1GSFD102352113
OU14025C38,CETIC DE BAKOU,ALPHA_PREFIX,Ouest,CONFIRMED_BY_MATCH,ESTP,PROBABLE,Lyce Bilingue de BAKOU,OUEST,4EE1GSBD111688113
OU14025C39,CETIC DE BANKAMBE,ALPHA_PREFIX,Ouest,CONFIRMED_BY_MATCH,ESTP,NEW,,,
OU14025H08,LYCEE BILINGUE DE BAKOU,ALPHA_PREFIX,Ouest,CONFIRMED_BY_MATCH,ESG_OR_UNKNOWN,PROBABLE,Lyce Bilingue de BAKOU,OUEST,4EE1GSBD111688113
OU14033B09,LYCEE BILINGUE DE BANDOUMKASSA,ALPHA_PREFIX,Ouest,CONFIRMED_BY_MATCH,ESG_OR_UNKNOWN,NEW,,,
OU14042B24,CES BILINGUE DE FOMESSA,ALPHA_PREFIX,Ouest,CONFIRMED_BY_MATCH,ESG_OR_UNKNOWN,EXACT_IDENTITY_REGION,CES Bilingue de FOMESSA,OUEST,4EK1GSBD101806112
OU14033A10,CES DE BAKASSA,ALPHA_PREFIX,Ouest,CONFIRMED_BY_MATCH,ESG_OR_UNKNOWN,EXACT_IDENTITY_REGION,CES de BAKASSA,OUEST,4EH1GSFD101797103
OU14033A11,CES DE BATCHA,ALPHA_PREFIX,Ouest,CONFIRMED_BY_MATCH,ESG_OR_UNKNOWN,EXACT_IDENTITY_REGION,CES de BATCHA,OUEST,4EH1GSFD101775109
OU14033L40,LYCEE TECHNIQUE DE BANA,ALPHA_PREFIX,Ouest,CONFIRMED_BY_MATCH,ESTP,PROBABLE,Lyce de BANA,OUEST,4EH1GSFD111810095
OU14033I12,LYCEE DE BANA,ALPHA_PREFIX,Ouest,CONFIRMED_BY_MATCH,ESG_OR_UNKNOWN,PROBABLE,Lyce de BANA,OUEST,4EH1GSFD111810095
OU14034B13,CES BILINGUE DE BANDJA RURAL,ALPHA_PREFIX,Ouest,CONFIRMED_BY_MATCH,ESG_OR_UNKNOWN,EXACT_IDENTITY_REGION,CES Bilingue de BANDJA-RURAL,OUEST,4EI1GSBD100085102
OU14034A14,CES DE BASSEU,ALPHA_PREFIX,Ouest,CONFIRMED_BY_MATCH,ESG_OR_UNKNOWN,EXACT_IDENTITY_REGION,CES de BASSEU,OUEST,4EI1GSFD101778110
OU14034A15,CES DE FONDANTI,ALPHA_PREFIX,Ouest,CONFIRMED_BY_MATCH,ESG_OR_UNKNOWN,EXACT_IDENTITY_REGION,CES de FONDANTI,OUEST,4EI1GSFD100533098
OU14034C41,CETIC DE BABOUANTOU,ALPHA_PREFIX,Ouest,CONFIRMED_BY_MATCH,ESTP,PROBABLE,Lyce Bilingue de BABOUANTOU,OUEST,4EI1GSBD110528114
OU14034C42,CETIC DE BANDJA,ALPHA_PREFIX,Ouest,CONFIRMED_BY_MATCH,ESTP,PROBABLE,CES Bilingue de BANDJA-RURAL,OUEST,4EI1GSBD100085102
OU14034C43,LYCEE TECHNIQUE DE FOTOUNI,ALPHA_PREFIX,Ouest,CONFIRMED_BY_MATCH,ESTP,PROBABLE,Lyce de FOTOUNI,OUEST,4EI1GSFD111791106
OU14034H16,LYCEE BILINGUE DE BABOUANTOU,ALPHA_PREFIX,Ouest,CONFIRMED_BY_MATCH,ESG_OR_UNKNOWN,PROBABLE,Lyce Bilingue de BABOUANTOU,OUEST,4EI1GSBD110528114
OU14034H17,LYCEE BILINGUE DE BANDJA,ALPHA_PREFIX,Ouest,CONFIRMED_BY_MATCH,ESG_OR_UNKNOWN,PROBABLE,CES Bilingue de BANDJA-RURAL,OUEST,4EI1GSBD100085102
OU14034I18,LYCEE DE FONDJOMEKWET,ALPHA_PREFIX,Ouest,CONFIRMED_BY_MATCH,ESG_OR_UNKNOWN,PROBABLE,Lyce de FONDJOMEKWET,OUEST,4EI1GSFD111801108
OU14034I19,LYCEE FOTOUNI,ALPHA_PREFIX,Ouest,CONFIRMED_BY_MATCH,ESG_OR_UNKNOWN,PROBABLE,Lyce de FOTOUNI,OUEST,4EI1GSFD111791106
OU14040A20,CES DE BANFEKO,ALPHA_PREFIX,Ouest,CONFIRMED_BY_MATCH,ESG_OR_UNKNOWN,EXACT_IDENTITY_REGION,CES de BANFEKO,OUEST,4EJ1GSFD101995092
OU14040C44,CETIC DE BANFELOUK,ALPHA_PREFIX,Ouest,CONFIRMED_BY_MATCH,ESTP,NEW,,,
OU14040I21,LYCEE CLASSIQUE DE BAFANG,ALPHA_PREFIX,Ouest,CONFIRMED_BY_MATCH,ESG_OR_UNKNOWN,PROBABLE,Lyce de BAFANG-RURAL,OUEST,4EC1GSFD111803106
OU14040I22,LYCEE DE BABOATE,ALPHA_PREFIX,Ouest,CONFIRMED_BY_MATCH,ESG_OR_UNKNOWN,PROBABLE,Lyce de BABOATE,OUEST,4EJ1GSFD110354109
OU14040I23,LYCEE DE MANILA BANKA,ALPHA_PREFIX,Ouest,CONFIRMED_BY_MATCH,ESG_OR_UNKNOWN,PROBABLE,Lyce de MANILA-BANKA,OUEST,4EJ1GSFD110499113
OU14040L32,LYCEE TECHNIQUE DE BATCHO,ALPHA_PREFIX,Ouest,CONFIRMED_BY_MATCH,ESTP,NEW,,,
OU14040L45,LYCEE TECHNIQUE DE BAFANG,ALPHA_PREFIX,Ouest,CONFIRMED_BY_MATCH,ESTP,PROBABLE,Lyce de BAFANG-RURAL,OUEST,4EC1GSFD111803106
OU14042C46,CETIC DE BANWA,ALPHA_PREFIX,Ouest,CONFIRMED_BY_MATCH,ESTP,PROBABLE,Lyce Bilingue de BANWA,OUEST,4EK1GSBD110329114
OU14042H25,LYCEE BILINGUE DE BANWA,ALPHA_PREFIX,Ouest,CONFIRMED_BY_MATCH,ESG_OR_UNKNOWN,PROBABLE,Lyce Bilingue de BANWA,OUEST,4EK1GSBD110329114
OU14042H26,LYCEE BILINGUE DE MOUMEE MARCHE,ALPHA_PREFIX,Ouest,CONFIRMED_BY_MATCH,ESG_OR_UNKNOWN,PROBABLE,Lyce Bilingue de MOUMEE-MARCHE,OUEST,4EK1GSBD101949110
OU14158B27,LYCEE BILINGUE DE KEKEM,ALPHA_PREFIX,Ouest,CONFIRMED_BY_MATCH,ESG_OR_UNKNOWN,PROBABLE,Lyce Bilingue de KEKEM,OUEST,4EL1GSBD100320110
OU14042C47,LYCEE TECHNIQUE DE FOYEMTCHA,ALPHA_PREFIX,Ouest,CONFIRMED_BY_MATCH,ESTP,NEW,,,
OU14158C48,CETIC DE MBOEBO,ALPHA_PREFIX,Ouest,CONFIRMED_BY_MATCH,ESTP,PROBABLE,Lyce Bilingue de MBOEBO,OUEST,4EL1GSBD110218107
OU14158L33,LYCEE TECHNIQUE DE FONKOUANKEM,ALPHA_PREFIX,Ouest,CONFIRMED_BY_MATCH,ESTP,NEW,,,
OU14158H28,LYCEE BILINGUE DE BAMENGUI,ALPHA_PREFIX,Ouest,CONFIRMED_BY_MATCH,ESG_OR_UNKNOWN,PROBABLE,Lyce Bilingue de BAMENGUI,OUEST,4EL1GSBD110395113
OU14158H30,LYCEE BILINGUE DE MBOEBO,ALPHA_PREFIX,Ouest,CONFIRMED_BY_MATCH,ESG_OR_UNKNOWN,PROBABLE,Lyce Bilingue de MBOEBO,OUEST,4EL1GSBD110218107
OU14158H29,LYCEE BILINGUE FONKOUANKEM,ALPHA_PREFIX,Ouest,CONFIRMED_BY_MATCH,ESG_OR_UNKNOWN,NEW,,,
OU14158I31,LYCEE DE KEKEM,ALPHA_PREFIX,Ouest,CONFIRMED_BY_MATCH,ESG_OR_UNKNOWN,PROBABLE,Lyce Bilingue de KEKEM,OUEST,4EL1GSBD100320110
OU14158L49,LYCEE TECHNIQUE DE KEKEM,ALPHA_PREFIX,Ouest,CONFIRMED_BY_MATCH,ESTP,PROBABLE,Lyce Bilingue de KEKEM,OUEST,4EL1GSBD100320110
OU16024C23,CETIC DE MEDJO,ALPHA_PREFIX,Ouest,CONFIRMED_BY_MATCH,ESTP,PROBABLE,Lyce de MEDJO,OUEST,4HC1GSFD111837107
OU16024E24,ENIEG DE BAHAM,ALPHA_PREFIX,Ouest,CONFIRMED_BY_MATCH,ENI,PROBABLE,Lyce Bilingue de BAHAM,OUEST,4HC1GSBD112221106
OU16024H01,LYCEE BILINGUE DE BAHAM,ALPHA_PREFIX,Ouest,CONFIRMED_BY_MATCH,ESG_OR_UNKNOWN,PROBABLE,Lyce Bilingue de BAHAM,OUEST,4HC1GSBD112221106
OU16024H02,LYCEE BILINGUE DE CHENGNE,ALPHA_PREFIX,Ouest,CONFIRMED_BY_MATCH,ESG_OR_UNKNOWN,PROBABLE,Lyce Bilingue de CHENGNE,OUEST,4HC1GSBD110854115
OU16024I03,LYCEE DE MEDJO,ALPHA_PREFIX,Ouest,CONFIRMED_BY_MATCH,ESG_OR_UNKNOWN,PROBABLE,Lyce de MEDJO,OUEST,4HC1GSFD111837107
OU16024I04,LYCEE DE POUMZE,ALPHA_PREFIX,Ouest,CONFIRMED_BY_MATCH,ESG_OR_UNKNOWN,PROBABLE,Lyce de POUMZE,OUEST,4HC1GSFD110530110
OU16024L25,LYCEE TECHNIQUE DE BAHAM,ALPHA_PREFIX,Ouest,CONFIRMED_BY_MATCH,ESTP,PROBABLE,Lyce Bilingue de BAHAM,OUEST,4HC1GSBD112221106
OU16031B05,LYCEE BILINGUE DE BATOUNTA,ALPHA_PREFIX,Ouest,CONFIRMED_BY_MATCH,ESG_OR_UNKNOWN,PROBABLE,CES Bilingue de BATOUNTA,OUEST,4HE1GSBD100099110
OU16031A06,LYCEE DE BAMESSING-LATSIT,ALPHA_PREFIX,Ouest,CONFIRMED_BY_MATCH,ESG_OR_UNKNOWN,PROBABLE,CES de BAMESSING-LATSIT,OUEST,4HE1GSFD102816115
OU16031C26,CETIC DE BAMENDJOU,ALPHA_PREFIX,Ouest,CONFIRMED_BY_MATCH,ESTP,PROBABLE,Lyce Bilingue de BAMENDJOU,OUEST,4HE1GSBD110092113
OU16031C27,CETIC DE BANGAM,ALPHA_PREFIX,Ouest,CONFIRMED_BY_MATCH,ESTP,PROBABLE,Lyce Bilingue de BANGAM,OUEST,4HE1GSFD110791110
OU16031H07,LYCEE BILINGUE DE BAMENDJOU,ALPHA_PREFIX,Ouest,CONFIRMED_BY_MATCH,ESG_OR_UNKNOWN,PROBABLE,Lyce Bilingue de BAMENDJOU,OUEST,4HE1GSBD110092113
OU16031I08,LYCEE DE BAHOUAN,ALPHA_PREFIX,Ouest,CONFIRMED_BY_MATCH,ESG_OR_UNKNOWN,PROBABLE,Lyce de BAHOUAN,OUEST,4HE1GSFD110794105
OU16031I09,LYCEE BILINGUE DE BAMEKA,ALPHA_PREFIX,Ouest,CONFIRMED_BY_MATCH,ESG_OR_UNKNOWN,PROBABLE,Lyce Bilingue de BAMEKA,OUEST,4HE1GSFD111080107
OU16031I10,LYCEE BILINGUE DE BANGAM,ALPHA_PREFIX,Ouest,CONFIRMED_BY_MATCH,ESG_OR_UNKNOWN,PROBABLE,Lyce Bilingue de BANGAM,OUEST,4HE1GSFD110791110
OU16031I11,LYCEE DE BATCHOUM,ALPHA_PREFIX,Ouest,CONFIRMED_BY_MATCH,ESG_OR_UNKNOWN,PROBABLE,Lyce de BATCHOUM,OUEST,4HE1GSFD110509111
OU16031I12,LYCEE DE TCHIKANG,ALPHA_PREFIX,Ouest,CONFIRMED_BY_MATCH,ESG_OR_UNKNOWN,PROBABLE,Lyce de TCHIKANG,OUEST,4HE1GSFD110536112
OU16031L29,LYCEE TECHNIQUE DE BAMEKA,ALPHA_PREFIX,Ouest,CONFIRMED_BY_MATCH,ESTP,PROBABLE,Lyce Bilingue de BAMEKA,OUEST,4HE1GSFD111080107
OU16038A13,CES DE BALAMBO,ALPHA_PREFIX,Ouest,CONFIRMED_BY_MATCH,ESG_OR_UNKNOWN,EXACT_IDENTITY_REGION,CES de BALAMBO,OUEST,4HH1GSFD100642108
OU16038A14,CES DE TAMDJO,ALPHA_PREFIX,Ouest,CONFIRMED_BY_MATCH,ESG_OR_UNKNOWN,EXACT_IDENTITY_REGION,CES de TAMDJO,OUEST,4HH1GSFD100812108
OU16038C30,CETIC DE MEDJIEU,ALPHA_PREFIX,Ouest,CONFIRMED_BY_MATCH,ESTP,NEW,,,
OU46036L26,LYCEE TECHNIQUE DE BANGOUA,ALPHA_PREFIX,Ouest,CONFIRMED_BY_MATCH,ESTP,PROBABLE,CES de BANGOUA-SUD,OUEST,4LC1GSFD100637108
OU16038I16,LYCEE DE BALOUMGOU,ALPHA_PREFIX,Ouest,CONFIRMED_BY_MATCH,ESG_OR_UNKNOWN,PROBABLE,Lyce de BALOUMGOU,OUEST,4HH1GSFD110525113
OU16038H15,LYCÉE BILINGUE DE BANGOU,ALPHA_PREFIX,Ouest,CONFIRMED_BY_MATCH,ESG_OR_UNKNOWN,PROBABLE,Lyce Bilingue de BANGOU,OUEST,4HH1GSBD110084113
OU16038I17,LYCEE DE BANDENKOP,ALPHA_PREFIX,Ouest,CONFIRMED_BY_MATCH,ESG_OR_UNKNOWN,PROBABLE,Lyce de BANDENKOP,OUEST,4HH1GSFD110370107
OU16038I18,LYCEE DE BAPA,ALPHA_PREFIX,Ouest,CONFIRMED_BY_MATCH,ESG_OR_UNKNOWN,PROBABLE,Lyce de BAPA,OUEST,4HH1GSFD111857102
OU16050B19,lYCEE BILINGUE DE BAFAMGOUM I,ALPHA_PREFIX,Ouest,CONFIRMED_BY_MATCH,ESG_OR_UNKNOWN,PROBABLE,CES Bilingue de BAFAMGOUM I,OUEST,4HI1GSBD100487112
OU16050A20,CES DE BALIG,ALPHA_PREFIX,Ouest,CONFIRMED_BY_MATCH,ESG_OR_UNKNOWN,EXACT_IDENTITY_REGION,CES de BALIG,OUEST,4HI1GSFD100504110
OU16050A21,CES DE BAMETCHETCHA,ALPHA_PREFIX,Ouest,CONFIRMED_BY_MATCH,ESG_OR_UNKNOWN,EXACT_IDENTITY_REGION,CES de BAMETCHETCHA,OUEST,4HI1GSFD100786111
OU16050L32,LYCEE TECHNIQUE DE BATIE,ALPHA_PREFIX,Ouest,CONFIRMED_BY_MATCH,ESTP,PROBABLE,Lyce de BATIE,OUEST,4HI1GSFD111971098
OU16050I22,LYCEE DE BATIE,ALPHA_PREFIX,Ouest,CONFIRMED_BY_MATCH,ESG_OR_UNKNOWN,PROBABLE,Lyce de BATIE,OUEST,4HI1GSFD111971098
OU18052C13,CETIC BANDREFAM,ALPHA_PREFIX,Ouest,CONFIRMED_BY_MATCH,ESTP,NEW,,,
OU18052L14,LYCEE TECHNIQUE DE BAYANGAM,ALPHA_PREFIX,Ouest,CONFIRMED_BY_MATCH,ESTP,PROBABLE,Lyce Bilingue de BAYANGAM,OUEST,4IC1GSFD111774098
OU18052I01,LYCEE DE BATOUFAM,ALPHA_PREFIX,Ouest,CONFIRMED_BY_MATCH,ESG_OR_UNKNOWN,PROBABLE,Lyce de BATOUFAM,OUEST,4IC1GSFD110376109
OU18052I02,LYCEE BILINGUE DE BAYANGAM,ALPHA_PREFIX,Ouest,CONFIRMED_BY_MATCH,ESG_OR_UNKNOWN,PROBABLE,Lyce Bilingue de BAYANGAM,OUEST,4IC1GSFD111774098
OU18052I03,LYCEE DE KASSAP,ALPHA_PREFIX,Ouest,CONFIRMED_BY_MATCH,ESG_OR_UNKNOWN,PROBABLE,Lyce de KASSAP,OUEST,4IC1GSFD110384111
OU18323E20,ENIEG DE BANDJOUN,ALPHA_PREFIX,Ouest,CONFIRMED_BY_MATCH,ENI,PROBABLE,Lyce de BANDJOUN,OUEST,4IH1GSFD111325091
OU18094A04,CES DE BANGANG FONDJI,ALPHA_PREFIX,Ouest,CONFIRMED_BY_MATCH,ESG_OR_UNKNOWN,EXACT_IDENTITY_REGION,CES de BANGANG-FONDJI,OUEST,4IE1GSFD100476109
OU18094H05,LYCEE BILINGUE DE DJEBEM,ALPHA_PREFIX,Ouest,CONFIRMED_BY_MATCH,ESG_OR_UNKNOWN,PROBABLE,Lyce Bilingue de DJEBEM,OUEST,4IE1GSBD110474115
OU18094I06,LYCEE DE FAMTUM,ALPHA_PREFIX,Ouest,CONFIRMED_BY_MATCH,ESG_OR_UNKNOWN,PROBABLE,Lyce de FAMTUM,OUEST,4IE1GSFD111955099
OU18094L16,LYCEE TECHNIQUE DE DJEBEM,ALPHA_PREFIX,Ouest,CONFIRMED_BY_MATCH,ESTP,PROBABLE,Lyce Bilingue de DJEBEM,OUEST,4IE1GSBD110474115
OU18323C18,CETIC DE FAMLENG DJIOGO,ALPHA_PREFIX,Ouest,CONFIRMED_BY_MATCH,ESTP,PROBABLE,Lyce Bilingue de FAMLENG,OUEST,4IH1GSBD110443112
OU18323C19,CETIC DE SEKAKOUO,ALPHA_PREFIX,Ouest,CONFIRMED_BY_MATCH,ESTP,NEW,,,
OU18323I11,LYCEE DE MBO YOM,ALPHA_PREFIX,Ouest,CONFIRMED_BY_MATCH,ESG_OR_UNKNOWN,NEW,,,
OU18323H07,LYCEE BILINGUE DE FAMLENG,ALPHA_PREFIX,Ouest,CONFIRMED_BY_MATCH,ESG_OR_UNKNOWN,PROBABLE,Lyce Bilingue de FAMLENG,OUEST,4IH1GSBD110443112
OU18323H08,LYCEE BILINGUE DE YOM III,ALPHA_PREFIX,Ouest,CONFIRMED_BY_MATCH,ESG_OR_UNKNOWN,NEW,,,
OU18323I09,LYCEE DE BANDJOUN,ALPHA_PREFIX,Ouest,CONFIRMED_BY_MATCH,ESG_OR_UNKNOWN,PROBABLE,Lyce de BANDJOUN,OUEST,4IH1GSFD111325091
OU18323I10,LYCEE DE HA (BANDJOUN),ALPHA_PREFIX,Ouest,CONFIRMED_BY_MATCH,ESG_OR_UNKNOWN,PROBABLE,Lyce de BANDJOUN,OUEST,4IH1GSFD111325091
OU18323I12,LYCEE DE TSELA,ALPHA_PREFIX,Ouest,CONFIRMED_BY_MATCH,ESG_OR_UNKNOWN,PROBABLE,Lyce de TSELA,OUEST,4IH1GSFD111785107
OU18323L21,LYCEE TECHNIQUE DE BANDJOUN,ALPHA_PREFIX,Ouest,CONFIRMED_BY_MATCH,ESTP,PROBABLE,Lyce de BANDJOUN,OUEST,4IH1GSFD111325091
OU18323L22,LYCEE TECHNIQUE DE TESSE-BANDJOUN,ALPHA_PREFIX,Ouest,CONFIRMED_BY_MATCH,ESTP,PROBABLE,Lyce de BANDJOUN,OUEST,4IH1GSFD111325091
OU39106A01,CES DE FOTETSA,ALPHA_PREFIX,Ouest,CONFIRMED_BY_MATCH,ESG_OR_UNKNOWN,EXACT_IDENTITY_REGION,CES de FOTETSA,OUEST,4JC1GSFD102417112
OU39106C56,CETIC DE FONGO NDENG,ALPHA_PREFIX,Ouest,CONFIRMED_BY_MATCH,ESTP,PROBABLE,Lyce de FONGO-NDENG,OUEST,4JC1GSFD110058105
OU39106C59,CETIC DE FOSSONG-WENTCHENG,ALPHA_PREFIX,Ouest,CONFIRMED_BY_MATCH,ESTP,PROBABLE,Lyce Bilingue de FOSSONG-WENTCHENG,OUEST,4JC1GSBD110486115
OU39106C57,CETIC DE FOTETSA,ALPHA_PREFIX,Ouest,CONFIRMED_BY_MATCH,ESTP,PROBABLE,CES de FOTETSA,OUEST,4JC1GSFD102417112
OU39106C54,CETIC DE FOTO - FIALAH,ALPHA_PREFIX,Ouest,CONFIRMED_BY_MATCH,ESTP,PROBABLE,Lyce de FOTO-LIVOUNLI,OUEST,4JC1GSFD111943105
OU39106C58,CETIC DE FOTSEM LESSING,ALPHA_PREFIX,Ouest,CONFIRMED_BY_MATCH,ESTP,NEW,,,
OU39106C55,CETIC DE ZIMPOUET-FOTO,ALPHA_PREFIX,Ouest,CONFIRMED_BY_MATCH,ESTP,PROBABLE,Lyce de FOTO-LIVOUNLI,OUEST,4JC1GSFD111943105
OU39106E60,ENIEG DE DSCHANG,ALPHA_PREFIX,Ouest,CONFIRMED_BY_MATCH,ENI,PROBABLE,Lyce Bilingue de DSCHANG,OUEST,4JC1GSBD111904103
OU39297H27,LYCEE BILINGUE DE BANZA,ALPHA_PREFIX,Ouest,CONFIRMED_BY_MATCH,ESG_OR_UNKNOWN,PROBABLE,Lyce Bilingue de BANZA,OUEST,4JI1GSBD111967108
OU39106H02,LYCEE BILINGUE DE DSCHANG,ALPHA_PREFIX,Ouest,CONFIRMED_BY_MATCH,ESG_OR_UNKNOWN,PROBABLE,Lyce Bilingue de DSCHANG,OUEST,4JC1GSBD111904103
OU39106H03,LYCEE BILINGUE DE FOSSONG WENTCHENG,ALPHA_PREFIX,Ouest,CONFIRMED_BY_MATCH,ESG_OR_UNKNOWN,PROBABLE,Lyce Bilingue de FOSSONG-WENTCHENG,OUEST,4JC1GSBD110486115
OU39106H04,LYCEE BILINGUE DE TOULA NDZONG,ALPHA_PREFIX,Ouest,CONFIRMED_BY_MATCH,ESG_OR_UNKNOWN,PROBABLE,Lyce Bilingue de TOULA-NDZONG,OUEST,4JC1GSBD110013114
OU39106I05,LYCEE CLASSIQUE DE DSCHANG,ALPHA_PREFIX,Ouest,CONFIRMED_BY_MATCH,ESG_OR_UNKNOWN,PROBABLE,Lyce Classique de BAFANG,OUEST,4EJ1GSFD110086076
OU39106I06,LYCEE D&#039; ATOCHI,ALPHA_PREFIX,Ouest,CONFIRMED_BY_MATCH,ESG_OR_UNKNOWN,PROBABLE,Lyce d'ATOCHI,OUEST,4JC1GSFD110851110
OU39106I07,LYCEE DE FONAKEUKEU,ALPHA_PREFIX,Ouest,CONFIRMED_BY_MATCH,ESG_OR_UNKNOWN,PROBABLE,Lyce de FONAKEUKEU,OUEST,4JC1GSFD112229111
OU39106I08,LYCEE DE FONGO-NDENG,ALPHA_PREFIX,Ouest,CONFIRMED_BY_MATCH,ESG_OR_UNKNOWN,PROBABLE,Lyce de FONGO-NDENG,OUEST,4JC1GSFD110058105
OU39106I09,LYCEE DE FOTO-LIVOUNLI,ALPHA_PREFIX,Ouest,CONFIRMED_BY_MATCH,ESG_OR_UNKNOWN,PROBABLE,Lyce de FOTO-LIVOUNLI,OUEST,4JC1GSFD111943105
OU39106I10,LYCEE DE LINGANG FOTO,ALPHA_PREFIX,Ouest,CONFIRMED_BY_MATCH,ESG_OR_UNKNOWN,PROBABLE,Lyce de FOTO-LIVOUNLI,OUEST,4JC1GSFD111943105
OU39106I11,LYCEE DE LITIEU,ALPHA_PREFIX,Ouest,CONFIRMED_BY_MATCH,ESG_OR_UNKNOWN,PROBABLE,Lyce de LITIEU,OUEST,4JC1GSFD111085113
OU39106I12,LYCEE DE MAKONG1,ALPHA_PREFIX,Ouest,CONFIRMED_BY_MATCH,ESG_OR_UNKNOWN,NEW,,,
OU39106I13,LYCEE BILINGUE DE ZENMEH,ALPHA_PREFIX,Ouest,CONFIRMED_BY_MATCH,ESG_OR_UNKNOWN,PROBABLE,Lyce Bilingue de ZENMEH,OUEST,4JC1GSFD110846111
OU39106L53,LYCEE TECHNIQUE DE DSCHANG,ALPHA_PREFIX,Ouest,CONFIRMED_BY_MATCH,ESTP,PROBABLE,Lyce Bilingue de DSCHANG,OUEST,4JC1GSBD111904103
OU39106L62,LYCEE TECHNIQUE DE FOREKE-DSCHANG,ALPHA_PREFIX,Ouest,CONFIRMED_BY_MATCH,ESTP,PROBABLE,Lyce Bilingue de DSCHANG,OUEST,4JC1GSBD111904103
OU39126A14,LYCEE DE FOMOPEA,ALPHA_PREFIX,Ouest,CONFIRMED_BY_MATCH,ESG_OR_UNKNOWN,PROBABLE,CES de FOMOPEA,OUEST,4JE1GSFD100883109
OU39126C63,CETIC DE FOKOUE,ALPHA_PREFIX,Ouest,CONFIRMED_BY_MATCH,ESTP,PROBABLE,Lyce Bilingue de FOKOUE,OUEST,4JE1GSBD112073114
OU39106L61,LYCEE TECHNIQUE DE FOTOMENA,ALPHA_PREFIX,Ouest,CONFIRMED_BY_MATCH,ESTP,NEW,,,
OU39126H15,LYCEE BILINGUE DE FOKOUE,ALPHA_PREFIX,Ouest,CONFIRMED_BY_MATCH,ESG_OR_UNKNOWN,PROBABLE,Lyce Bilingue de FOKOUE,OUEST,4JE1GSBD112073114
OU39126I16,LYCEE DE FONTSA-TOUALA,ALPHA_PREFIX,Ouest,CONFIRMED_BY_MATCH,ESG_OR_UNKNOWN,PROBABLE,Lyce de FONTSA-TOUALA,OUEST,4JE1GSFD110057111
OU39127B17,CES BILINGUE DE FOSSONG-ELLELEM,ALPHA_PREFIX,Ouest,CONFIRMED_BY_MATCH,ESG_OR_UNKNOWN,EXACT_IDENTITY_REGION,CES Bilingue de FOSSONG-ELLELEM,OUEST,4JH1GSBD102426110
OU39127B18,CES BILINGUE DE NDENTO,ALPHA_PREFIX,Ouest,CONFIRMED_BY_MATCH,ESG_OR_UNKNOWN,EXACT_IDENTITY_REGION,CES Bilingue de NDENTO,OUEST,4JH1GSBD100721110
OU39127A19,CES DE LATCHOUET,ALPHA_PREFIX,Ouest,CONFIRMED_BY_MATCH,ESG_OR_UNKNOWN,EXACT_IDENTITY_REGION,CES de LATCHOUET,OUEST,4JH1GSFD102058108
OU39127A20,CES DE MEGUEU,ALPHA_PREFIX,Ouest,CONFIRMED_BY_MATCH,ESG_OR_UNKNOWN,EXACT_IDENTITY_REGION,CES de MEGUEU,OUEST,4JH1GSFD100056109
OU39127C64,LYCEE TECHNIQUE DE FONGO-TONGO,ALPHA_PREFIX,Ouest,CONFIRMED_BY_MATCH,ESTP,PROBABLE,Lyce de FONGO-NDENG,OUEST,4JC1GSFD110058105
OU39127I22,LYCEE DE DJEU,ALPHA_PREFIX,Ouest,CONFIRMED_BY_MATCH,ESG_OR_UNKNOWN,PROBABLE,Lyce de DJEU,OUEST,4JH1GSFD110068113
OU39127H21,LYCEE BILINGUE D&#039;APOUH,ALPHA_PREFIX,Ouest,CONFIRMED_BY_MATCH,ESG_OR_UNKNOWN,PROBABLE,Lyce Bilingue d'APOUH,OUEST,4JH1GSBD110705114
OU39127I23,LYCEE DE FONGO-TONGO,ALPHA_PREFIX,Ouest,CONFIRMED_BY_MATCH,ESG_OR_UNKNOWN,PROBABLE,Lyce de FONGO-NDENG,OUEST,4JC1GSFD110058105
OU39297B24,CES BILINGUE DE BAFOU,ALPHA_PREFIX,Ouest,CONFIRMED_BY_MATCH,ESG_OR_UNKNOWN,EXACT_IDENTITY_REGION,CES Bilingue de BAFOU,OUEST,4JI1GSBD100506111
OU39297A25,LYCEE BILINGUE DE TCHOUTSI-NZINTCHUET,ALPHA_PREFIX,Ouest,CONFIRMED_BY_MATCH,ESG_OR_UNKNOWN,PROBABLE,CES de TCHOUTSI-NZINTCHUET,OUEST,4JI1GSFD102353113
OU39297C66,CETIC DE SA&#039;AH,ALPHA_PREFIX,Ouest,CONFIRMED_BY_MATCH,ESTP,NEW,,,
OU39297C65,CETIC DE LOUNG NDZIH,ALPHA_PREFIX,Ouest,CONFIRMED_BY_MATCH,ESTP,NEW,,,
OU39297C67,CETIC DE ZEMTO BALEVENG,ALPHA_PREFIX,Ouest,CONFIRMED_BY_MATCH,ESTP,PROBABLE,Lyce Bilingue de BALEVENG,OUEST,4JI1GSBD111161111
OU39297I32,LYCEE DE BATSINGLA,ALPHA_PREFIX,Ouest,CONFIRMED_BY_MATCH,ESG_OR_UNKNOWN,NEW,,,
OU39297H29,LYCEE BILINGUE DE NDZIIH,ALPHA_PREFIX,Ouest,CONFIRMED_BY_MATCH,ESG_OR_UNKNOWN,PROBABLE,Lyce Bilingue de NDZIIH,OUEST,4JI1GSBD110639108
OU39297H26,LYCEE BILINGUE DE BALEVENG,ALPHA_PREFIX,Ouest,CONFIRMED_BY_MATCH,ESG_OR_UNKNOWN,PROBABLE,Lyce Bilingue de BALEVENG,OUEST,4JI1GSBD111161111
OU39297H28,LYCEE BILINGUE DE LATSUET-TSINMELIEU,ALPHA_PREFIX,Ouest,CONFIRMED_BY_MATCH,ESG_OR_UNKNOWN,PROBABLE,Lyce Bilingue de LATSUET-TSINMELIEU,OUEST,4JI1GSBD110621113
OU39297I30,LYCEE DE BAFOU,ALPHA_PREFIX,Ouest,CONFIRMED_BY_MATCH,ESG_OR_UNKNOWN,PROBABLE,CES Bilingue de BAFOU,OUEST,4JI1GSBD100506111
OU39297I31,LYCEE DE BAFOU SUD,ALPHA_PREFIX,Ouest,CONFIRMED_BY_MATCH,ESG_OR_UNKNOWN,PROBABLE,CES Bilingue de BAFOU,OUEST,4JI1GSBD100506111
OU39297L69,LYCEE TECHNIQUE DE BAFOU,ALPHA_PREFIX,Ouest,CONFIRMED_BY_MATCH,ESTP,PROBABLE,CES Bilingue de BAFOU,OUEST,4JI1GSBD100506111
OU39297L68,LYCEE TECHNIQUE DE BALEVENG,ALPHA_PREFIX,Ouest,CONFIRMED_BY_MATCH,ESTP,PROBABLE,Lyce Bilingue de BALEVENG,OUEST,4JI1GSBD111161111
OU39297L70,LYCEE TECHNIQUE DE FOKAMEZO,ALPHA_PREFIX,Ouest,CONFIRMED_BY_MATCH,ESTP,NEW,,,
OU39318B33,CES BILINGUE SUELAH-BAMENDOU,ALPHA_PREFIX,Ouest,CONFIRMED_BY_MATCH,ESG_OR_UNKNOWN,PROBABLE,CES de BAMENDOU-BALEFOCK,OUEST,4JJ1GSFD100928109
OU39318A34,CES DE BAMENDOU BALEFOCK,ALPHA_PREFIX,Ouest,CONFIRMED_BY_MATCH,ESG_OR_UNKNOWN,EXACT_IDENTITY_REGION,CES de BAMENDOU-BALEFOCK,OUEST,4JJ1GSFD100928109
OU39318A35,CES DE BAMETSAM,ALPHA_PREFIX,Ouest,CONFIRMED_BY_MATCH,ESG_OR_UNKNOWN,EXACT_IDENTITY_REGION,CES de BAMETSAM,OUEST,4JJ1GSFD100900107
OU39318C71,CETIC DE BANOCK,ALPHA_PREFIX,Ouest,CONFIRMED_BY_MATCH,ESTP,PROBABLE,Lyce Bilingue de MBOUDA-BANOCK,OUEST,4CI1GSBD110658107
OU39318H36,LYCEE BILINGUE DE BALOUM,ALPHA_PREFIX,Ouest,CONFIRMED_BY_MATCH,ESG_OR_UNKNOWN,PROBABLE,Lyce Bilingue de BALOUM,OUEST,4JJ1GSBD110060106
OU39318H37,LYCEE BILINGUE DE NGOUANG,ALPHA_PREFIX,Ouest,CONFIRMED_BY_MATCH,ESG_OR_UNKNOWN,PROBABLE,Lyce Bilingue de NGOUANG,OUEST,4JJ1GSBD110907112
OU39318H38,LYCEE BILINGUE DE PENKA-MICHEL,ALPHA_PREFIX,Ouest,CONFIRMED_BY_MATCH,ESG_OR_UNKNOWN,PROBABLE,Lyce Bilingue de PENKA-MICHEL,OUEST,4JJ1GSBD111187109
OU39318I39,LYCEE BILINGUE DE BAKASSA BANSOA,ALPHA_PREFIX,Ouest,CONFIRMED_BY_MATCH,ESG_OR_UNKNOWN,PROBABLE,CES de BAKASSA,OUEST,4EH1GSFD101797103
OU39318I40,LYCEE DE BALESSING,ALPHA_PREFIX,Ouest,CONFIRMED_BY_MATCH,ESG_OR_UNKNOWN,PROBABLE,CES Bilingue de BALESSING,OUEST,4JJ1GSBD103243120
OU39318I41,LYCEE DE BAMBI PENKA MICHEL,ALPHA_PREFIX,Ouest,CONFIRMED_BY_MATCH,ESG_OR_UNKNOWN,PROBABLE,Lyce de BAMBI-BATCHAM,OUEST,4CE1GSFD111621107
OU39318I42,LYCEE DE BAMENDOU,ALPHA_PREFIX,Ouest,CONFIRMED_BY_MATCH,ESG_OR_UNKNOWN,PROBABLE,CES de BAMENDOU-BALEFOCK,OUEST,4JJ1GSFD100928109
OU39318I43,LYCEE DE BANSOA-MBRI,ALPHA_PREFIX,Ouest,CONFIRMED_BY_MATCH,ESG_OR_UNKNOWN,PROBABLE,Lyce Bilingue de BAKASSA-BANSOA,OUEST,4JJ1GSFD110916112
OU39318I44,LYCEE DE KOAGOH,ALPHA_PREFIX,Ouest,CONFIRMED_BY_MATCH,ESG_OR_UNKNOWN,PROBABLE,Lyce de KOAGOH,OUEST,4JJ1GSFD110493109
OU39318I45,LYCEE DE TOUOKENG,ALPHA_PREFIX,Ouest,CONFIRMED_BY_MATCH,ESG_OR_UNKNOWN,PROBABLE,Lyce de TOUOKENG,OUEST,4JJ1GSFD110358110
OU39318L72,LYCEE TECHNIQUE DE BALESSING,ALPHA_PREFIX,Ouest,CONFIRMED_BY_MATCH,ESTP,PROBABLE,CES Bilingue de BALESSING,OUEST,4JJ1GSBD103243120
OU39318L73,LYCEE TECHNIQUE DE BAMENDOU,ALPHA_PREFIX,Ouest,CONFIRMED_BY_MATCH,ESTP,PROBABLE,CES de BAMENDOU-BALEFOCK,OUEST,4JJ1GSFD100928109
OU39318L74,LYCÉE TECHNIQUE DE PENKA MICHEL,ALPHA_PREFIX,Ouest,CONFIRMED_BY_MATCH,ESTP,PROBABLE,Lyce Bilingue de PENKA-MICHEL,OUEST,4JJ1GSBD111187109
OU39329B46,CES BILINGUE D&#039;ABACK-NKA,ALPHA_PREFIX,Ouest,CONFIRMED_BY_MATCH,ESG_OR_UNKNOWN,PROBABLE,CES Bilingue d'ABACK-NKA,OUEST,4JK1GSBD101308111
OU39329A47,LYCEE BILINGUE DE BALE,ALPHA_PREFIX,Ouest,CONFIRMED_BY_MATCH,ESG_OR_UNKNOWN,PROBABLE,CES de BALE,OUEST,4JK1GSFD101311111
OU39329A48,CES DE FONGUE TAFOU,ALPHA_PREFIX,Ouest,CONFIRMED_BY_MATCH,ESG_OR_UNKNOWN,NEW,,,
OU39329C75,CETIC DE FONDONERA,ALPHA_PREFIX,Ouest,CONFIRMED_BY_MATCH,ESTP,PROBABLE,Lyce Bilingue de FONDONERA,OUEST,4JK1GSBD110469107
OU39329H49,LYCEE BILINGUE DE FOMBAP,ALPHA_PREFIX,Ouest,CONFIRMED_BY_MATCH,ESG_OR_UNKNOWN,PROBABLE,Lyce Bilingue de FOMBAP,OUEST,4JK1GSBD110059115
OU39329H50,LYCEE BILINGUE DE FONDONERA,ALPHA_PREFIX,Ouest,CONFIRMED_BY_MATCH,ESG_OR_UNKNOWN,PROBABLE,Lyce Bilingue de FONDONERA,OUEST,4JK1GSBD110469107
OU39329H51,LYCEE BILINGUE DE NGWATTA,ALPHA_PREFIX,Ouest,CONFIRMED_BY_MATCH,ESG_OR_UNKNOWN,PROBABLE,Lyce Bilingue de NGWATTA,OUEST,4JK1GSBD110497111
OU39329H52,LYCEE BILINGUE DE SANTCHOU,ALPHA_PREFIX,Ouest,CONFIRMED_BY_MATCH,ESG_OR_UNKNOWN,PROBABLE,Lyce Bilingue de SANTCHOU,OUEST,4JK1GSBD111908092
OU39329L76,LYCEE TECHNIQUE DE SANTCHOU,ALPHA_PREFIX,Ouest,CONFIRMED_BY_MATCH,ESTP,PROBABLE,Lyce Bilingue de SANTCHOU,OUEST,4JK1GSBD111908092
OU42020L18,LT BILINGUE BAFOUSSAM BANENGO,ALPHA_PREFIX,Ouest,CONFIRMED_BY_MATCH,ESG_OR_UNKNOWN,PROBABLE,Lyce Bilingue de BAFOUSSAM,OUEST,4KC1GSBD112469091
OU42020H02,LYCEE BILINGUE DE BAFOUSSAM-NDIENGDAM,ALPHA_PREFIX,Ouest,CONFIRMED_BY_MATCH,ESG_OR_UNKNOWN,PROBABLE,Lyce Bilingue de BAFOUSSAM,OUEST,4KC1GSBD112469091
OU42020H01,LYCEE BILINGUE DE BAFOUSSAM,ALPHA_PREFIX,Ouest,CONFIRMED_BY_MATCH,ESG_OR_UNKNOWN,PROBABLE,Lyce Bilingue de BAFOUSSAM,OUEST,4KC1GSBD112469091
OU42020I03,LYCEE CLASSIQUE DE BAFOUSSAM,ALPHA_PREFIX,Ouest,CONFIRMED_BY_MATCH,ESG_OR_UNKNOWN,PROBABLE,Lyce Bilingue de BAFOUSSAM,OUEST,4KC1GSBD112469091
OU42020I04,LYCEE DE BATOUKOP,ALPHA_PREFIX,Ouest,CONFIRMED_BY_MATCH,ESG_OR_UNKNOWN,PROBABLE,Lyce de BATOUKOP,OUEST,4KC1GSFD112392106
OU42020L19,LYCEE TECHNIQUE DE TAYIM,ALPHA_PREFIX,Ouest,CONFIRMED_BY_MATCH,ESTP,NEW,,,
OU42021A05,CES DE SINTE BALENG,ALPHA_PREFIX,Ouest,CONFIRMED_BY_MATCH,ESG_OR_UNKNOWN,EXACT_IDENTITY_REGION,CES de SINTE-BALENG,OUEST,4KE1GSFD101322111
OU42021G20,ENIET DE BAFOUSSAM,ALPHA_PREFIX,Ouest,CONFIRMED_BY_MATCH,ENI,PROBABLE,Lyce Bilingue de BAFOUSSAM,OUEST,4KC1GSBD112469091
OU42021H06,LYCEE BILINGUE DE BALENG,ALPHA_PREFIX,Ouest,CONFIRMED_BY_MATCH,ESG_OR_UNKNOWN,PROBABLE,CES de SINTE-BALENG,OUEST,4KE1GSFD101322111
OU42021I07,LYCEE DE BAPI,ALPHA_PREFIX,Ouest,CONFIRMED_BY_MATCH,ESG_OR_UNKNOWN,PROBABLE,Lyce de BAPI,OUEST,4KE1GSFD110096111
OU42021I08,LYCEE DE FAMTCHOUET,ALPHA_PREFIX,Ouest,CONFIRMED_BY_MATCH,ESG_OR_UNKNOWN,PROBABLE,Lyce de FAMTCHOUET,OUEST,4KE1GSFD110490111
OU42021I09,LYCEE DE KOUNTI II BALENG,ALPHA_PREFIX,Ouest,CONFIRMED_BY_MATCH,ESG_OR_UNKNOWN,PROBABLE,CES de SINTE-BALENG,OUEST,4KE1GSFD101322111
OU42021I10,LYCEE BILINGUE DE TOUGANG II,ALPHA_PREFIX,Ouest,CONFIRMED_BY_MATCH,ESG_OR_UNKNOWN,PROBABLE,Lyce Bilingue de TOUGANG II,OUEST,4KE1GSFD110495106
OU42022L17,LYCEE TECHNIQUE DE TCHADA,ALPHA_PREFIX,Ouest,CONFIRMED_BY_MATCH,ESTP,NEW,,,
OU42022C21,LYCEE TECHNIQUE DE GOUEUH,ALPHA_PREFIX,Ouest,CONFIRMED_BY_MATCH,ESTP,NEW,,,
OU42022F22,ENIEG BILINGUE DE BAFOUSSAM,ALPHA_PREFIX,Ouest,CONFIRMED_BY_MATCH,ENI,PROBABLE,Lyce Bilingue de BAFOUSSAM,OUEST,4KC1GSBD112469091
OU42022H11,LYCEE BILINGUE DE BAFOUSSAM RURAL,ALPHA_PREFIX,Ouest,CONFIRMED_BY_MATCH,ESG_OR_UNKNOWN,PROBABLE,Lyce Bilingue de BAFOUSSAM,OUEST,4KC1GSBD112469091
OU42022H13,LYCEE BILINGUE DE TOKET II,ALPHA_PREFIX,Ouest,CONFIRMED_BY_MATCH,ESG_OR_UNKNOWN,PROBABLE,Lyce Bilingue de TOKET II,OUEST,4KH1GSBD112357113
OU42022H12,LYCÉE BILINGUE GOUACHE,ALPHA_PREFIX,Ouest,CONFIRMED_BY_MATCH,ESG_OR_UNKNOWN,PROBABLE,Lyce Bilingue de GOUACHE,OUEST,4KH1GSBD110460108
OU42022I14,LYCEE DE DJUNANG,ALPHA_PREFIX,Ouest,CONFIRMED_BY_MATCH,ESG_OR_UNKNOWN,PROBABLE,Lyce de DJUNANG,OUEST,4KH1GSFD112398107
OU42022I15,LYCEE DE KOABANG III,ALPHA_PREFIX,Ouest,CONFIRMED_BY_MATCH,ESG_OR_UNKNOWN,PROBABLE,Lyce de KOABANG III,OUEST,4KH1GSFD112389110
OU42022I16,LYCEE DE WOUONG II,ALPHA_PREFIX,Ouest,CONFIRMED_BY_MATCH,ESG_OR_UNKNOWN,PROBABLE,Lyce de WOUONG II,OUEST,4KH1GSFD100471110
OU42022L23,LYCÉE TECHNIQUE DE BAFOUSSAM,ALPHA_PREFIX,Ouest,CONFIRMED_BY_MATCH,ESTP,PROBABLE,Lyce Bilingue de BAFOUSSAM,OUEST,4KC1GSBD112469091
OU46036B01,LYCEE BILINGUE DE BATELA BANGANGTE,ALPHA_PREFIX,Ouest,CONFIRMED_BY_MATCH,ESG_OR_UNKNOWN,PROBABLE,Lyce Bilingue de BANGANGTE,OUEST,4LC1GSBD110087106
OU46036A02,CES DE BANEKOUANE,ALPHA_PREFIX,Ouest,CONFIRMED_BY_MATCH,ESG_OR_UNKNOWN,EXACT_IDENTITY_REGION,CES de BANEKOUANE,OUEST,4LC1GSFD102345113
OU46036A03,CES DE BANGOUA SUD,ALPHA_PREFIX,Ouest,CONFIRMED_BY_MATCH,ESG_OR_UNKNOWN,EXACT_IDENTITY_REGION,CES de BANGOUA-SUD,OUEST,4LC1GSFD100637108
OU46036A04,CES DE LOUH TOUGWE BAMENA,ALPHA_PREFIX,Ouest,CONFIRMED_BY_MATCH,ESG_OR_UNKNOWN,EXACT_IDENTITY_REGION,CES de LOUH-TOUGWE-BAMENA,OUEST,4LC1GSFD101290109
OU46036C23,LYCEE TECHNIQUE DE BANGOULAP,ALPHA_PREFIX,Ouest,CONFIRMED_BY_MATCH,ESTP,PROBABLE,Lyce de BANGOULAP,OUEST,4LC1GSFD111631110
OU46036C24,CETIC DE BANTOUM,ALPHA_PREFIX,Ouest,CONFIRMED_BY_MATCH,ESTP,NEW,,,
OU46036E25,ENIEG DE BANGANGTE,ALPHA_PREFIX,Ouest,CONFIRMED_BY_MATCH,ENI,PROBABLE,Lyce Bilingue de BANGANGTE,OUEST,4LC1GSBD110087106
OU46036I13,LYCEE BANTUM,ALPHA_PREFIX,Ouest,CONFIRMED_BY_MATCH,ESG_OR_UNKNOWN,PROBABLE,Lyce de BANTUM,OUEST,4LC1GSFD111626110
OU46036H05,LYCEE BILINGUE DE BANGANGTE,ALPHA_PREFIX,Ouest,CONFIRMED_BY_MATCH,ESG_OR_UNKNOWN,PROBABLE,Lyce Bilingue de BANGANGTE,OUEST,4LC1GSBD110087106
OU46036I06,LYCEE CLASSIQUE DE BANGANGTE,ALPHA_PREFIX,Ouest,CONFIRMED_BY_MATCH,ESG_OR_UNKNOWN,PROBABLE,Lyce Bilingue de BANGANGTE,OUEST,4LC1GSBD110087106
OU46036I07,LYCEE DE BABOU,ALPHA_PREFIX,Ouest,CONFIRMED_BY_MATCH,ESG_OR_UNKNOWN,PROBABLE,Lyce de BABOU,OUEST,4LC1GSFD110399111
OU46036I08,LYCEE DE BAHOUOC,ALPHA_PREFIX,Ouest,CONFIRMED_BY_MATCH,ESG_OR_UNKNOWN,PROBABLE,Lyce de BAHOUOC,OUEST,4LC1GSFD110750113
OU46036I09,LYCEE DE BAMENA,ALPHA_PREFIX,Ouest,CONFIRMED_BY_MATCH,ESG_OR_UNKNOWN,PROBABLE,CES de LOUH-TOUGWE-BAMENA,OUEST,4LC1GSFD101290109
OU46036I10,LYCEE DE BANGANG FOKAM,ALPHA_PREFIX,Ouest,CONFIRMED_BY_MATCH,ESG_OR_UNKNOWN,PROBABLE,Lyce Bilingue de BANGANG,OUEST,4CE1GSBD112003114
OU46036I11,LYCEE DE BANGOUA,ALPHA_PREFIX,Ouest,CONFIRMED_BY_MATCH,ESG_OR_UNKNOWN,PROBABLE,CES de BANGOUA-SUD,OUEST,4LC1GSFD100637108
OU46036I12,LYCEE DE BANGOULAP,ALPHA_PREFIX,Ouest,CONFIRMED_BY_MATCH,ESG_OR_UNKNOWN,PROBABLE,Lyce de BANGOULAP,OUEST,4LC1GSFD111631110
OU46036I14,LYCEE DE NKONG-NGAM,ALPHA_PREFIX,Ouest,CONFIRMED_BY_MATCH,ESG_OR_UNKNOWN,PROBABLE,Lyce de NKONG-NGAM,OUEST,4LC1GSFD111624112
OU46036L27,LYCEE TECHNIQUE DE BAMENA,ALPHA_PREFIX,Ouest,CONFIRMED_BY_MATCH,ESTP,PROBABLE,CES de LOUH-TOUGWE-BAMENA,OUEST,4LC1GSFD101290109
OU46036L28,LYCEE TECHNIQUE DE BANEKANE,ALPHA_PREFIX,Ouest,CONFIRMED_BY_MATCH,ESTP,NEW,,,
OU46036L29,LYCEE TECHNIQUE DE BANGANGTE,ALPHA_PREFIX,Ouest,CONFIRMED_BY_MATCH,ESTP,PROBABLE,Lyce Bilingue de BANGANGTE,OUEST,4LC1GSBD110087106
OU46036L30,LYCEE TECHNIQUE DE BATCHINGOU,ALPHA_PREFIX,Ouest,CONFIRMED_BY_MATCH,ESTP,PROBABLE,CES Bilingue de BATCHINGOU-TOUSSEU,OUEST,4LC1GSBD103246120
OU46046C31,CETIC DE BANYABO-BASSAMBA,ALPHA_PREFIX,Ouest,CONFIRMED_BY_MATCH,ESTP,PROBABLE,Lyce Bilingue de BASSAMBA,OUEST,4LE1GSBD111533106
OU46046H15,LYCEE BILINGUE DE BASSAMBA,ALPHA_PREFIX,Ouest,CONFIRMED_BY_MATCH,ESG_OR_UNKNOWN,PROBABLE,Lyce Bilingue de BASSAMBA,OUEST,4LE1GSBD111533106
OU46053I19,LYCEE BILINGUE BALENGOU KASSANG,ALPHA_PREFIX,Ouest,CONFIRMED_BY_MATCH,ESG_OR_UNKNOWN,PROBABLE,Lyce Bilingue de BALENGOU,OUEST,4LH1GSBD111708114
OU46053A16,CES DE BAZOU RURAL,ALPHA_PREFIX,Ouest,CONFIRMED_BY_MATCH,ESG_OR_UNKNOWN,EXACT_IDENTITY_REGION,CES de BAZOU-RURAL,OUEST,4LH1GSFD102380109
OU46053C32,CETIC DE BAKONG,ALPHA_PREFIX,Ouest,CONFIRMED_BY_MATCH,ESTP,NEW,,,
OU46053C33,CETIC DE BALENGOU,ALPHA_PREFIX,Ouest,CONFIRMED_BY_MATCH,ESTP,PROBABLE,Lyce Bilingue de BALENGOU,OUEST,4LH1GSBD111708114
OU46053L34,LYCEE TECHNIQUE DE BAZOU,ALPHA_PREFIX,Ouest,CONFIRMED_BY_MATCH,ESTP,PROBABLE,CES de BAZOU-RURAL,OUEST,4LH1GSFD102380109
OU46053H17,LYCEE BILINGUE DE BALENGOU,ALPHA_PREFIX,Ouest,CONFIRMED_BY_MATCH,ESG_OR_UNKNOWN,PROBABLE,Lyce Bilingue de BALENGOU,OUEST,4LH1GSBD111708114
OU46053H18,LYCEE BILINGUE DE BAZOU,ALPHA_PREFIX,Ouest,CONFIRMED_BY_MATCH,ESG_OR_UNKNOWN,PROBABLE,CES de BAZOU-RURAL,OUEST,4LH1GSFD102380109
OU46342B20,LYCEE BILINGUE DE TONGA - RURAL,ALPHA_PREFIX,Ouest,CONFIRMED_BY_MATCH,ESG_OR_UNKNOWN,PROBABLE,Lyce de BAFANG-RURAL,OUEST,4EC1GSFD111803106
OU46342H21,LYCEE BILINGUE DE BANDOUNGA,ALPHA_PREFIX,Ouest,CONFIRMED_BY_MATCH,ESG_OR_UNKNOWN,PROBABLE,Lyce Bilingue de BANDOUNGA,OUEST,4LI1GSBD111700115
OU46342H22,LYCEE BILINGUE TONGA,ALPHA_PREFIX,Ouest,CONFIRMED_BY_MATCH,ESG_OR_UNKNOWN,PROBABLE,CES Bilingue de TONGA-RURAL,OUEST,4LI1GSBD102694114
OU46342L35,LYCEE TECHNIQUE DE TONGA,ALPHA_PREFIX,Ouest,CONFIRMED_BY_MATCH,ESTP,PROBABLE,CES Bilingue de TONGA-RURAL,OUEST,4LI1GSBD102694114
OU50039B03,LYCEE BILINGUE DE KOUMENGBA,ALPHA_PREFIX,Ouest,CONFIRMED_BY_MATCH,ESG_OR_UNKNOWN,PROBABLE,Lyce Bilingue de KOUMENGBA,OUEST,4MC1GSBD101820112
OU50039B01,LYCEE BILINGUE DE BANGAMBI,ALPHA_PREFIX,Ouest,CONFIRMED_BY_MATCH,ESG_OR_UNKNOWN,PROBABLE,Lyce Bilingue de BANGAMBI,OUEST,4MC1GSBD102354113
OU50039B02,LYCEE BILINGUE DE KOUHOUAT,ALPHA_PREFIX,Ouest,CONFIRMED_BY_MATCH,ESG_OR_UNKNOWN,PROBABLE,Lyce Bilingue de KOUHOUAT,OUEST,4MC1GSBD101498110
OU50039B04,CES BILINGUE KOUTOUPIT,ALPHA_PREFIX,Ouest,CONFIRMED_BY_MATCH,ESG_OR_UNKNOWN,EXACT_IDENTITY_REGION,CES Bilingue de KOUTOUPIT,OUEST,4MC1GSBD101490111
OU50039C60,CETIC DE KOUROM,ALPHA_PREFIX,Ouest,CONFIRMED_BY_MATCH,ESTP,PROBABLE,Lyce Bilingue de KOUROM,OUEST,4MC1GSBD111494112
OU50039H05,LYCEE BILINGUE DE BANGOURAIN,ALPHA_PREFIX,Ouest,CONFIRMED_BY_MATCH,ESG_OR_UNKNOWN,PROBABLE,Lyce Bilingue de BANGOURAIN,OUEST,4MC1GSBD111671106
OU50039H06,LYCEE BILINGUE DE KOUROM,ALPHA_PREFIX,Ouest,CONFIRMED_BY_MATCH,ESG_OR_UNKNOWN,PROBABLE,Lyce Bilingue de KOUROM,OUEST,4MC1GSBD111494112
OU50039L58,LYCEE TECHNIQUE DE BANGOURAIN,ALPHA_PREFIX,Ouest,CONFIRMED_BY_MATCH,ESTP,PROBABLE,Lyce Bilingue de BANGOURAIN,OUEST,4MC1GSBD111671106
OU50130A07,CES DE MAGBASSAH,ALPHA_PREFIX,Ouest,CONFIRMED_BY_MATCH,ESG_OR_UNKNOWN,EXACT_IDENTITY_REGION,CES de MAGBASSAH,OUEST,4ME1GSFD101077112
OU50130A08,CES DE MAPOUOCHE,ALPHA_PREFIX,Ouest,CONFIRMED_BY_MATCH,ESG_OR_UNKNOWN,EXACT_IDENTITY_REGION,CES de MAPOUOCHE,OUEST,4ME1GSFD102927115
OU50130A09,CES DE NJICHOM,ALPHA_PREFIX,Ouest,CONFIRMED_BY_MATCH,ESG_OR_UNKNOWN,EXACT_IDENTITY_REGION,CES de NJICHOM,OUEST,4ME1GSFD102373112
OU50130A10,LYCEE DE NJIKETNKIE,ALPHA_PREFIX,Ouest,CONFIRMED_BY_MATCH,ESG_OR_UNKNOWN,PROBABLE,CES de NJIKETNKIE,OUEST,4ME1GSFD101021111
OU50130C61,LYCEE TECHNIQUE DE KOUPA-MATAPIT,ALPHA_PREFIX,Ouest,CONFIRMED_BY_MATCH,ESTP,PROBABLE,Lyce de KOUPA-MATAPIT,OUEST,4ME1GSFD112233107
OU50130C62,CETIC VALLEE DE NCHI,ALPHA_PREFIX,Ouest,CONFIRMED_BY_MATCH,ESTP,NEW,,,
OU50130E63,ENIEG DE FOUMBAN,ALPHA_PREFIX,Ouest,CONFIRMED_BY_MATCH,ENI,PROBABLE,Lyce Classique de FOUMBAN,OUEST,4ME1GSFD112132086
OU50130I11,LYCEE BILINGUE SULTAN IBRAHIM NJOYA,ALPHA_PREFIX,Ouest,CONFIRMED_BY_MATCH,ESG_OR_UNKNOWN,PROBABLE,Lyce Bilingue SULTAN IBRAHIM NJOYA,OUEST,4ME1GSBD112138097
OU50130I12,LYCEE CLASSIQUE DE FOUMBAN,ALPHA_PREFIX,Ouest,CONFIRMED_BY_MATCH,ESG_OR_UNKNOWN,PROBABLE,Lyce Classique de BAFANG,OUEST,4EJ1GSFD110086076
OU50130I13,LYCEE DE KOUNDOUM,ALPHA_PREFIX,Ouest,CONFIRMED_BY_MATCH,ESG_OR_UNKNOWN,PROBABLE,Lyce de KOUNDOUM,OUEST,4ME1GSFD112226114
OU50130I14,LYCEE DE KOUPA MATAPIT,ALPHA_PREFIX,Ouest,CONFIRMED_BY_MATCH,ESG_OR_UNKNOWN,PROBABLE,Lyce de KOUPA-MATAPIT,OUEST,4ME1GSFD112233107
OU50130I15,LYCEE DE MAMBAIN,ALPHA_PREFIX,Ouest,CONFIRMED_BY_MATCH,ESG_OR_UNKNOWN,PROBABLE,Lyce de MAMBAIN,OUEST,4ME1GSFD111106113
OU50130I16,LYCEE DE NJIMBAM,ALPHA_PREFIX,Ouest,CONFIRMED_BY_MATCH,ESG_OR_UNKNOWN,PROBABLE,Lyce de NJIMBAM,OUEST,4ME1GSFD111042109
OU50130L64,LYCEE TECHNIQUE BILINGUE DE FOUMBAN,ALPHA_PREFIX,Ouest,CONFIRMED_BY_MATCH,ESTP,PROBABLE,Lyce Classique de FOUMBAN,OUEST,4ME1GSFD112132086
OU50131A19,CES de FOSSANG,ALPHA_PREFIX,Ouest,CONFIRMED_BY_MATCH,ESG_OR_UNKNOWN,EXACT_IDENTITY_REGION,CES de FOSSANG,OUEST,4MH1GSFD102984117
OU50131B17,LYCEE BILINGUE DE NJINCHA,ALPHA_PREFIX,Ouest,CONFIRMED_BY_MATCH,ESG_OR_UNKNOWN,PROBABLE,Lyce Bilingue de NJINCHA,OUEST,4MH1GSBD101116111
OU50131A18,CES DE DJIONE,ALPHA_PREFIX,Ouest,CONFIRMED_BY_MATCH,ESG_OR_UNKNOWN,EXACT_IDENTITY_REGION,CES de DJIONE,OUEST,4MH1GSFD101102108
OU50131C65,LYCEE TECHNIQUE DE BAIGOM,ALPHA_PREFIX,Ouest,CONFIRMED_BY_MATCH,ESTP,PROBABLE,Lyce de BAIGOM,OUEST,4MH1GSFD111828108
OU50131H20,LYCEE BILINGUE DE FOUMBOT,ALPHA_PREFIX,Ouest,CONFIRMED_BY_MATCH,ESG_OR_UNKNOWN,PROBABLE,Lyce Bilingue de FOUMBOT,OUEST,4MH1GSBD111846095
OU50131I21,LYCEE DE BAIGOM,ALPHA_PREFIX,Ouest,CONFIRMED_BY_MATCH,ESG_OR_UNKNOWN,PROBABLE,Lyce de BAIGOM,OUEST,4MH1GSFD111828108
OU50131I22,LYCEE DE KOUNDOUMBAIN,ALPHA_PREFIX,Ouest,CONFIRMED_BY_MATCH,ESG_OR_UNKNOWN,PROBABLE,Lyce de KOUNDOUMBAIN,OUEST,4MH1GSFD111988108
OU50131L66,LYCEE TECHNIQUE FOUMBOT,ALPHA_PREFIX,Ouest,CONFIRMED_BY_MATCH,ESTP,PROBABLE,Lyce Bilingue de FOUMBOT,OUEST,4MH1GSBD111846095
OU50169A25,LYCEE DE PANKE-NJINDOUM,ALPHA_PREFIX,Ouest,CONFIRMED_BY_MATCH,ESG_OR_UNKNOWN,PROBABLE,Lyce de PANKE-NJINDOUN,OUEST,4MI1GSFD111015118
OU50169A24,CES DE NGBETSOUEN 1,ALPHA_PREFIX,Ouest,CONFIRMED_BY_MATCH,ESG_OR_UNKNOWN,PROBABLE,CES de NGBETSOUEN I,OUEST,4MI1GSFD102707114
OU50169C59,CETIC DE KOUPARA KOUPTAMO,ALPHA_PREFIX,Ouest,CONFIRMED_BY_MATCH,ESTP,NEW,,,
OU50169H26,LYCEE BILINGUE DE KOUOPTAMO,ALPHA_PREFIX,Ouest,CONFIRMED_BY_MATCH,ESG_OR_UNKNOWN,PROBABLE,Lyce Bilingue de KOUOPTAMO,OUEST,4MI1GSBD111096105
OU50169I27,LYCEE DE NJINGOUMBE ET NJITAPON,ALPHA_PREFIX,Ouest,CONFIRMED_BY_MATCH,ESG_OR_UNKNOWN,PROBABLE,Lyce de NJINGOUMBE ET NJITAPON,OUEST,4MI1GSFD111807113
OU50171B28,CES BILINGUE DE DIDANGO,ALPHA_PREFIX,Ouest,CONFIRMED_BY_MATCH,ESG_OR_UNKNOWN,EXACT_IDENTITY_REGION,CES Bilingue de DIDANGO,OUEST,4MJ1GSBD101113111
OU50171C68,LYCEE TECHNIQUE DE KOUPA,ALPHA_PREFIX,Ouest,CONFIRMED_BY_MATCH,ESTP,PROBABLE,Lyce de KOUPA-MATAPIT,OUEST,4ME1GSFD112233107
OU50171C69,LYCEE TECHNIQUE DE KOUTI,ALPHA_PREFIX,Ouest,CONFIRMED_BY_MATCH,ESTP,NEW,,,
OU50171H29,LYCEE BILINGUE DE KOUTABA,ALPHA_PREFIX,Ouest,CONFIRMED_BY_MATCH,ESG_OR_UNKNOWN,PROBABLE,Lyce Bilingue de KOUTABA,OUEST,4MJ1GSBD111910105
OU50171I30,LYCEE DE KOUCHANKAP,ALPHA_PREFIX,Ouest,CONFIRMED_BY_MATCH,ESG_OR_UNKNOWN,PROBABLE,Lyce de KOUCHANKAP,OUEST,4MJ1GSFD111889112
OU50171I31,LYCEE BILINGUE DE KOUPA,ALPHA_PREFIX,Ouest,CONFIRMED_BY_MATCH,ESG_OR_UNKNOWN,PROBABLE,Lyce de KOUPA-MATAPIT,OUEST,4ME1GSFD112233107
OU50171I32,LYCEE DE KOUTABA LEPROSERIE,ALPHA_PREFIX,Ouest,CONFIRMED_BY_MATCH,ESG_OR_UNKNOWN,PROBABLE,Lyce Bilingue de KOUTABA,OUEST,4MJ1GSBD111910105
OU50171L70,LYCEE TECHNIQUE DE KOUTABA,ALPHA_PREFIX,Ouest,CONFIRMED_BY_MATCH,ESTP,PROBABLE,Lyce Bilingue de KOUTABA,OUEST,4MJ1GSBD111910105
OU50193B33,CES BILINGUE DE NGOUNSO,ALPHA_PREFIX,Ouest,CONFIRMED_BY_MATCH,ESG_OR_UNKNOWN,EXACT_IDENTITY_REGION,CES Bilingue de NGOUNSO,OUEST,4MK1GSBD100665108
OU50193A34,CES BILINGUE DE MANDA,ALPHA_PREFIX,Ouest,CONFIRMED_BY_MATCH,ESG_OR_UNKNOWN,PROBABLE,CES de MANDA,OUEST,4MK1GSFD100747110
OU50193A35,LYCEE BILINGUE DE MATTA-BARRAGE,ALPHA_PREFIX,Ouest,CONFIRMED_BY_MATCH,ESG_OR_UNKNOWN,PROBABLE,CES de MATTA-BARRAGE,OUEST,4MK1GSFD102355113
OU50193A36,CES DE MBAKOP,ALPHA_PREFIX,Ouest,CONFIRMED_BY_MATCH,ESG_OR_UNKNOWN,EXACT_IDENTITY_REGION,CES de MBAKOP,OUEST,4MK1GSFD100790110
OU50193H37,LYCEE BILINGUE DE MAGBA,ALPHA_PREFIX,Ouest,CONFIRMED_BY_MATCH,ESG_OR_UNKNOWN,PROBABLE,Lyce Bilingue de MAGBA,OUEST,4MK1GSBD111937100
OU50193L71,LYCEE TECHNIQUE DE MAGBA,ALPHA_PREFIX,Ouest,CONFIRMED_BY_MATCH,ESTP,PROBABLE,Lyce Bilingue de MAGBA,OUEST,4MK1GSBD111937100
OU50197B38,CES BILINGUE DE MANTOUM PRISON,ALPHA_PREFIX,Ouest,CONFIRMED_BY_MATCH,ESG_OR_UNKNOWN,EXACT_IDENTITY_REGION,CES Bilingue de MANTOUM-PRISON,OUEST,4ML1GSBD102356113
OU50197A40,CES de MANDINGA,ALPHA_PREFIX,Ouest,CONFIRMED_BY_MATCH,ESG_OR_UNKNOWN,EXACT_IDENTITY_REGION,CES de MANDINGA,OUEST,4ML1GSFD102992117
OU50197A39,CES DE MANDAH,ALPHA_PREFIX,Ouest,CONFIRMED_BY_MATCH,ESG_OR_UNKNOWN,EXACT_IDENTITY_REGION,CES de MANDAH,OUEST,4ML1GSFD100545112
OU50197A41,CES DE MANJE-KOUTOU,ALPHA_PREFIX,Ouest,CONFIRMED_BY_MATCH,ESG_OR_UNKNOWN,EXACT_IDENTITY_REGION,CES de MANJE-KOUTOU,OUEST,4ML1GSFD100594110
OU50197A42,CES DE MAPOU NJIPOUTE,ALPHA_PREFIX,Ouest,CONFIRMED_BY_MATCH,ESG_OR_UNKNOWN,EXACT_IDENTITY_REGION,CES de MAPOU-NJIPOUTE,OUEST,4ML1GSFD100588112
OU50197A43,CES DE MARAPNDOUM,ALPHA_PREFIX,Ouest,CONFIRMED_BY_MATCH,ESG_OR_UNKNOWN,EXACT_IDENTITY_REGION,CES de MARAPNDOUM,OUEST,4ML1GSFD102814115
OU50197C73,CETIC DE MAKOUTMBOU,ALPHA_PREFIX,Ouest,CONFIRMED_BY_MATCH,ESTP,NEW,,,
OU50197C72,CETIC DE MAHOUA,ALPHA_PREFIX,Ouest,CONFIRMED_BY_MATCH,ESTP,NEW,,,
OU50197L74,LT DE MALANTOUEN,ALPHA_PREFIX,Ouest,CONFIRMED_BY_MATCH,ESG_OR_UNKNOWN,PROBABLE,Lyce Bilingue de MALANTOUEN,OUEST,4ML1GSBD112018110
OU50197H44,LYCEE BILINGUE DE MALANTOUEN,ALPHA_PREFIX,Ouest,CONFIRMED_BY_MATCH,ESG_OR_UNKNOWN,PROBABLE,Lyce Bilingue de MALANTOUEN,OUEST,4ML1GSBD112018110
OU50197I45,LYCEE DE MANGUIEMBOU,ALPHA_PREFIX,Ouest,CONFIRMED_BY_MATCH,ESG_OR_UNKNOWN,PROBABLE,Lyce de MANGUIEMBOU,OUEST,4ML1GSFD110582112
OU50206A46,CES DE MAMANDEN,ALPHA_PREFIX,Ouest,CONFIRMED_BY_MATCH,ESG_OR_UNKNOWN,EXACT_IDENTITY_REGION,CES de MAMANDEN,OUEST,4MM1GSFD102303113
OU50206A47,CES DE MANBOUONKOU,ALPHA_PREFIX,Ouest,CONFIRMED_BY_MATCH,ESG_OR_UNKNOWN,EXACT_IDENTITY_REGION,CES de MANBOUONKOU,OUEST,4MM1GSFD101046109
OU50206A48,CES DE MANSOUEN,ALPHA_PREFIX,Ouest,CONFIRMED_BY_MATCH,ESG_OR_UNKNOWN,EXACT_IDENTITY_REGION,CES de MANSOUEN,OUEST,4MM1GSFD100517112
OU50206A49,CES DE NJIMBETGWEN,ALPHA_PREFIX,Ouest,CONFIRMED_BY_MATCH,ESG_OR_UNKNOWN,EXACT_IDENTITY_REGION,CES de NJIMBETGWEN,OUEST,4MM1GSFD100830111
OU50206C75,CETIC DE MAMOGNAM,ALPHA_PREFIX,Ouest,CONFIRMED_BY_MATCH,ESTP,NEW,,,
OU50206C76,CETIC DE MANCHA,ALPHA_PREFIX,Ouest,CONFIRMED_BY_MATCH,ESTP,NEW,,,
OU50206C77,LYCEE TECHNIQUE DE MASSANGAM,ALPHA_PREFIX,Ouest,CONFIRMED_BY_MATCH,ESTP,PROBABLE,Lyce Bilingue de MASSANGAM,OUEST,4MM1GSBD112013109
OU50206H50,LYCEE BILINGUE MASSANGAM,ALPHA_PREFIX,Ouest,CONFIRMED_BY_MATCH,ESG_OR_UNKNOWN,PROBABLE,Lyce Bilingue de MASSANGAM,OUEST,4MM1GSBD112013109
OU50206I51,LYCEE DE MANCHOUTMBI,ALPHA_PREFIX,Ouest,CONFIRMED_BY_MATCH,ESG_OR_UNKNOWN,PROBABLE,Lyce de MANCHOUTMBI,OUEST,4MM1GSFD111850113
OU50206I52,LYCEE DE MATOUFA,ALPHA_PREFIX,Ouest,CONFIRMED_BY_MATCH,ESG_OR_UNKNOWN,PROBABLE,Lyce de MATOUFA,OUEST,4MM1GSFD111677112
OU50290A53,LYCEE BILINGUE DE FOYETT,ALPHA_PREFIX,Ouest,CONFIRMED_BY_MATCH,ESG_OR_UNKNOWN,PROBABLE,CES de FOYETT,OUEST,4MN1GSFD102815115
OU50290A54,CES DE MAKOUETVU,ALPHA_PREFIX,Ouest,CONFIRMED_BY_MATCH,ESG_OR_UNKNOWN,EXACT_IDENTITY_REGION,CES de MAKOUETVU,OUEST,4MN1GSFD102715114
OU50290A55,CES DE MANKI,ALPHA_PREFIX,Ouest,CONFIRMED_BY_MATCH,ESG_OR_UNKNOWN,EXACT_IDENTITY_REGION,CES de MANKI,OUEST,4MN1GSFD100754112
OU50290C78,CETIC DE NKOUSSAM,ALPHA_PREFIX,Ouest,CONFIRMED_BY_MATCH,ESTP,NEW,,,
OU50290I56,LYCEE DE MAYAP,ALPHA_PREFIX,Ouest,CONFIRMED_BY_MATCH,ESG_OR_UNKNOWN,PROBABLE,Lyce de MAYAP,OUEST,4MN1GSFD111869109
OU50290I57,LYCEE DE NJIMOM,ALPHA_PREFIX,Ouest,CONFIRMED_BY_MATCH,ESG_OR_UNKNOWN,PROBABLE,Lyce de NJIMOM,OUEST,4MN1GSFD112405111
17420974,CETI DE BAPI,DIGIT_PREFIX,,,ESTP,PROBABLE_NO_REGION_SIGNAL,Lyce de BAPI,OUEST,4KE1GSFD110096111
17470975,COLLEGE PRIVE LAIC MAFAKDA,DIGIT_PREFIX,,,ESG_OR_UNKNOWN,NEW,,,
17470976,COLLEGE TECHNIQUE BILINGUE BAMEDJI,DIGIT_PREFIX,,,ESG_OR_UNKNOWN,NEW,,,
17470977,COLLEGE DJIALA MEKUANGA,DIGIT_PREFIX,,,ESG_OR_UNKNOWN,NEW,,,
17470978,COLLEGE POLYVALENT ST FRANCOIS D&#039;ASSISE BANGANG,DIGIT_PREFIX,,,ESG_OR_UNKNOWN,PROBABLE_NO_REGION_SIGNAL,Lyce Bilingue de BANGANG,OUEST,4CE1GSBD112003114
17470979,COLLEGE PROTESTANT DE BATCHAM,DIGIT_PREFIX,,,ESG_OR_UNKNOWN,PROBABLE_NO_REGION_SIGNAL,Lyce Bilingue de BATCHAM,OUEST,4CE1GSBD111591114
17470980,COPOBAC,DIGIT_PREFIX,,,ESG_OR_UNKNOWN,NEW,,,
17470981,INSTITUT EFFENZI-MOMO,DIGIT_PREFIX,,,ESG_OR_UNKNOWN,NEW,,,
17470982,INSTITUT POLYVALENT PRIVE LAIC KUENKAM,DIGIT_PREFIX,,,ESG_OR_UNKNOWN,NEW,,,
17410983,COMPLEXE SCOLAIRE BILINGUE ADVENTISTE JOSEPHINE NSANGOU DE FOUMBOT,DIGIT_PREFIX,,,ESG_OR_UNKNOWN,PROBABLE_NO_REGION_SIGNAL,Lyce Bilingue de FOUMBOT,OUEST,4MH1GSBD111846095
17410984,COLLEGE MODERNE DU NOUN,DIGIT_PREFIX,,,ESG_OR_UNKNOWN,PROBABLE_NO_REGION_SIGNAL,Lyce Classique et Moderne de BAFIA,CENTRE,5HC1GSFD112342106
17410985,COLLEGE PRIVE DU CENTRE SOCIAL ISLAMIQUE,DIGIT_PREFIX,,,ESG_OR_UNKNOWN,PROBABLE_NO_REGION_SIGNAL,Lyce de MELONG-CENTRE,LITTORAL,7CM1GSFD111655107
17410986,COLLEGE PRIVE POLYVALENT BILINGUE NJOYA ABOUBAKAR DE BAIGOM,DIGIT_PREFIX,,,ESG_OR_UNKNOWN,PROBABLE_NO_REGION_SIGNAL,Lyce de BAIGOM,OUEST,4MH1GSFD111828108
17410987,COLLEGE PROTESTANT FOUMBOT,DIGIT_PREFIX,,,ESG_OR_UNKNOWN,PROBABLE_NO_REGION_SIGNAL,Lyce Bilingue de FOUMBOT,OUEST,4MH1GSBD111846095
17410988,COMPLEXE SAINT AUGUSTIN DE FOUMBOT,DIGIT_PREFIX,,,ESG_OR_UNKNOWN,PROBABLE_NO_REGION_SIGNAL,Lyce Bilingue de FOUMBOT,OUEST,4MH1GSBD111846095
17410989,COURS DU SOIR LE PAYSAN FOUMBOT,DIGIT_PREFIX,,,ADULT_EVENING,PROBABLE_NO_REGION_SIGNAL,Lyce Bilingue de FOUMBOT,OUEST,4MH1GSBD111846095
17410990,ENIEG PRIVEE BILINGUE LAIC NJOYA ABOUBAKAR(VIDE),DIGIT_PREFIX,,,ENI,PROBABLE_NO_REGION_SIGNAL,Lyce Bilingue SULTAN IBRAHIM NJOYA,OUEST,4ME1GSBD112138097
17410991,INSTITUT POLYVALENT MARIE RIVIER DE FOUMBOT,DIGIT_PREFIX,,,ESG_OR_UNKNOWN,PROBABLE_NO_REGION_SIGNAL,Lyce Bilingue de FOUMBOT,OUEST,4MH1GSBD111846095
17410992,IPP NDIYOH DE FOUMBOT,DIGIT_PREFIX,,,ESG_OR_UNKNOWN,PROBABLE_NO_REGION_SIGNAL,Lyce Bilingue de FOUMBOT,OUEST,4MH1GSBD111846095
17410993,ISET DE FOUMBOT,DIGIT_PREFIX,,,ESG_OR_UNKNOWN,PROBABLE_NO_REGION_SIGNAL,Lyce Bilingue de FOUMBOT,OUEST,4MH1GSBD111846095
17410994,COLLEGE POLYVALENT BILINGUE STE FAMILLE MAGBA,DIGIT_PREFIX,,,ESG_OR_UNKNOWN,PROBABLE_NO_REGION_SIGNAL,Lyce Bilingue de MAGBA,OUEST,4MK1GSBD111937100
17410995,COLLEGE DU CENTRE ISLAMIQUE CITE DES PALMIERS,DIGIT_PREFIX,,,ESG_OR_UNKNOWN,PROBABLE_NO_REGION_SIGNAL,Lyce de MELONG-CENTRE,LITTORAL,7CM1GSFD111655107
17410996,COPRICIPA MAGNAMPA MALANTOUEN,DIGIT_PREFIX,,,ESG_OR_UNKNOWN,PROBABLE_NO_REGION_SIGNAL,Lyce Bilingue de MALANTOUEN,OUEST,4ML1GSBD112018110
17410997,COLLEGE PRIVE LAIC DE KOUTABA,DIGIT_PREFIX,,,ESG_OR_UNKNOWN,PROBABLE_NO_REGION_SIGNAL,Lyce Bilingue de KOUTABA,OUEST,4MJ1GSBD111910105
17410998,SAINT AUGUSTINE BILINGUAL SCHOOL COMPLEX,DIGIT_PREFIX,,,ESG_OR_UNKNOWN,NEW,,,
17410999,COLLEGE DE L&#039;AMITIE BAMKOUOP,DIGIT_PREFIX,,,ESG_OR_UNKNOWN,NEW,,,
17411000,COLLEGE DU COMPLEXE ISLAMIQUE ABOUBAKAR SIDDIQ,DIGIT_PREFIX,,,ESG_OR_UNKNOWN,NEW,,,
17411001,COLLEGE ISLAMIQUE IBRAHIM NJIFON,DIGIT_PREFIX,,,ESG_OR_UNKNOWN,PROBABLE_NO_REGION_SIGNAL,Lyce Bilingue SULTAN IBRAHIM NJOYA,OUEST,4ME1GSBD112138097
17411002,COLLEGE PRIVE ISLAMIQUE LA PERLE,DIGIT_PREFIX,,,ESG_OR_UNKNOWN,NEW,,,
17411003,COLLEGE PRIVE LAIC BILINGUE FOUMBAN,DIGIT_PREFIX,,,ESG_OR_UNKNOWN,PROBABLE_NO_REGION_SIGNAL,Lyce Classique de FOUMBAN,OUEST,4ME1GSFD112132086
17411004,COLLEGE PRIVE LAIC DE LA PAIX-FOUMBAN,DIGIT_PREFIX,,,ESG_OR_UNKNOWN,PROBABLE_NO_REGION_SIGNAL,Lyce Classique de FOUMBAN,OUEST,4ME1GSFD112132086
17411005,COLLEGE PRIVE LAIC DE L&#039;ESPOIR-BAMOUN,DIGIT_PREFIX,,,ESG_OR_UNKNOWN,NEW,,,
17411006,COLLEGE PROTESTANT JOSUE MOUICHE,DIGIT_PREFIX,,,ESG_OR_UNKNOWN,NEW,,,
17411007,ENIEG PRIVEE LAIQUE PEKEKUE,DIGIT_PREFIX,,,ENI,NEW,,,
17431008,COLLEGE EVANGELIQUE DE BANGOUA,DIGIT_PREFIX,,,ESG_OR_UNKNOWN,PROBABLE_NO_REGION_SIGNAL,CES de BANGOUA-SUD,OUEST,4LC1GSFD100637108
17431009,COLLEGE EVANGELIQUE THOMAS NOUTONG,DIGIT_PREFIX,,,ESG_OR_UNKNOWN,NEW,,,
17431010,COLLEGE SAINT JEAN BAPTISTE DE BANGANGTE,DIGIT_PREFIX,,,ESG_OR_UNKNOWN,PROBABLE_NO_REGION_SIGNAL,Lyce Bilingue de BANGANGTE,OUEST,4LC1GSBD110087106
17431011,COLLEGE SAINTE BEUVE,DIGIT_PREFIX,,,ESG_OR_UNKNOWN,NEW,,,
17421012,INSTITUT MODERNE TCHEUTCHOUA,DIGIT_PREFIX,,,ESG_OR_UNKNOWN,PROBABLE_NO_REGION_SIGNAL,Lyce Classique et Moderne de BAFIA,CENTRE,5HC1GSFD112342106
17421013,INSTITUT SOMBE,DIGIT_PREFIX,,,ESG_OR_UNKNOWN,NEW,,,
17421014,INSTITUTE OF TECHNOLOGIES AND GENERAL EDUCATION (ITEGE),DIGIT_PREFIX,,,ESG_OR_UNKNOWN,PROBABLE_NO_REGION_SIGNAL,Lyce GENERAL LECLERC,CENTRE,5LH1GSFD111715052
17421015,CETIC ROBERT NAOUSSI,DIGIT_PREFIX,,,ESTP,NEW,,,
17421016,COL.BIL. MAAK-PAULO,DIGIT_PREFIX,,,ESG_OR_UNKNOWN,NEW,,,
17421017,COLLEGE PRIVE LAIC LA MAITRISE DE BAFOUSSAM,DIGIT_PREFIX,,,ESG_OR_UNKNOWN,PROBABLE_NO_REGION_SIGNAL,Lyce Bilingue de BAFOUSSAM,OUEST,4KC1GSBD112469091
17421018,COLLEGE BILINGUE DE LA CITADELLE,DIGIT_PREFIX,,,ESG_OR_UNKNOWN,NEW,,,
17421019,COLLEGE BILINGUE MBE SO MBE,DIGIT_PREFIX,,,ESG_OR_UNKNOWN,NEW,,,
17421020,COLLEGE CATHOLIQUE BILINGUE MGR ANDRE WOUKING,DIGIT_PREFIX,,,ESG_OR_UNKNOWN,NEW,,,
17421021,COLLEGE POLY BILINGUE LA REUSSITE DE BAFOUSSAM,DIGIT_PREFIX,,,ESG_OR_UNKNOWN,PROBABLE_NO_REGION_SIGNAL,Lyce Bilingue de BAFOUSSAM,OUEST,4KC1GSBD112469091
17421022,COLLEGE POLYVALENT ASSOMPTION,DIGIT_PREFIX,,,ESG_OR_UNKNOWN,NEW,,,
17421023,COLLEGE POLYVALENT DJOUMESSI,DIGIT_PREFIX,,,ESG_OR_UNKNOWN,NEW,,,
17421024,COLLEGE PRIVE LAIC HEDJE,DIGIT_PREFIX,,,ESG_OR_UNKNOWN,NEW,,,
17421025,COLLEGE ST THOMAS D&#039;AQUIN DE BAFOUSSAM,DIGIT_PREFIX,,,ESG_OR_UNKNOWN,PROBABLE_NO_REGION_SIGNAL,Lyce Bilingue de BAFOUSSAM,OUEST,4KC1GSBD112469091
17421026,INSTITUT KAMDEM DE FAMTCHOUET,DIGIT_PREFIX,,,ESG_OR_UNKNOWN,PROBABLE_NO_REGION_SIGNAL,Lyce de FAMTCHOUET,OUEST,4KE1GSFD110490111
17421027,INSTITUT POLYVALENT BILINGUE MOYOPO,DIGIT_PREFIX,,,ESG_OR_UNKNOWN,NEW,,,
17421028,INSTITUT PRIVE BILINGUE D&#039;ENSEIGNEMENT SECONDAIRE GENERAL L&#039;ARCHE DES QUANTA,DIGIT_PREFIX,,,ESG_OR_UNKNOWN,PROBABLE_NO_REGION_SIGNAL,Lyce GENERAL LECLERC,CENTRE,5LH1GSFD111715052
17421029,COLLEGE ALFRED NOBEL,DIGIT_PREFIX,,,ESG_OR_UNKNOWN,NEW,,,
17421030,COLLEGE BILINGUE DE LA REUNIFICATION DE BAFOUSSAM,DIGIT_PREFIX,,,ESG_OR_UNKNOWN,PROBABLE_NO_REGION_SIGNAL,Lyce Bilingue de BAFOUSSAM,OUEST,4KC1GSBD112469091
17421031,COLLEGE CATHOLIQUE MGR DENIS NGANDE,DIGIT_PREFIX,,,ESG_OR_UNKNOWN,NEW,,,
17421032,COLLEGE POLYVALENT SAINTE FAMILLE,DIGIT_PREFIX,,,ESG_OR_UNKNOWN,NEW,,,
17421033,COLLEGE PRIVE DE L&#039;OUEST,DIGIT_PREFIX,,,ESG_OR_UNKNOWN,NEW,,,
17421034,COLLEGE PRIVE SOCRATE,DIGIT_PREFIX,,,ESG_OR_UNKNOWN,NEW,,,
17421039,COGETIC,DIGIT_PREFIX,,,ESG_OR_UNKNOWN,NEW,,,
17421035,COLLEGE PRIVEE LAIC NELSON MANDELA,DIGIT_PREFIX,,,ESG_OR_UNKNOWN,NEW,,,
17421036,ENIEG BILINGUE PRIVEE LA COURONNE EN COURS DU SOIR,DIGIT_PREFIX,,,ENI,NEW,,,
17421037,ENIEG PRIVE CATHOLIQUE SAINT ANDRE,DIGIT_PREFIX,,,ENI,NEW,,,
17421038,ENIEG PRIVEE ARCHE DES PHOTONS,DIGIT_PREFIX,,,ENI,NEW,,,
17451039,MONTESSORI ENGLISH SECONDARY AND HIGH SCHOOL (MESHS) SANTCHOU,DIGIT_PREFIX,,,ESG_OR_UNKNOWN,PROBABLE_NO_REGION_SIGNAL,Lyce Bilingue de SANTCHOU,OUEST,4JK1GSBD111908092
17421040,COLLEGE BILINGUE LA CONFIANCE DE BAFOUSSAM,DIGIT_PREFIX,,,ESG_OR_UNKNOWN,PROBABLE_NO_REGION_SIGNAL,Lyce Bilingue de BAFOUSSAM,OUEST,4KC1GSBD112469091
17421041,COLLEGE PRIVE LAÏC BILINGUE LA POINTE,DIGIT_PREFIX,,,ESG_OR_UNKNOWN,NEW,,,
17421042,COLLEGE DE L&#039;ETHIQUE EDUCATIVE,DIGIT_PREFIX,,,ESG_OR_UNKNOWN,NEW,,,
17421043,COLLEGE DES VOLONTAIRES DU PROGRES,DIGIT_PREFIX,,,ESG_OR_UNKNOWN,NEW,,,
17421044,COLLEGE EVANGELIQUE DE BAFOUSSAM,DIGIT_PREFIX,,,ESG_OR_UNKNOWN,PROBABLE_NO_REGION_SIGNAL,Lyce Bilingue de BAFOUSSAM,OUEST,4KC1GSBD112469091
17421045,COLLEGE POLYVALENT BILINGUE MARTIN LUTHER KING,DIGIT_PREFIX,,,ESG_OR_UNKNOWN,PROBABLE_NO_REGION_SIGNAL,CES de KING-PLACE-BATCHAM,OUEST,4CE1GSFD101616111
17421046,COLLEGE PRIVE LAIC BILINGUE DE L&#039;ESPERANCE,DIGIT_PREFIX,,,ESG_OR_UNKNOWN,NEW,,,
17421047,COLLEGE PRIVE LAIC LA CITE DE BAFOUSSAM,DIGIT_PREFIX,,,ESG_OR_UNKNOWN,PROBABLE_NO_REGION_SIGNAL,Lyce Bilingue de BAFOUSSAM,OUEST,4KC1GSBD112469091
17421048,COLLEGE PRIVE VOLTAIRE,DIGIT_PREFIX,,,ESG_OR_UNKNOWN,NEW,,,
17421049,COLLEGE SACRE COEUR BAFOUSSAM TAMDJA,DIGIT_PREFIX,,,ESG_OR_UNKNOWN,PROBABLE_NO_REGION_SIGNAL,Lyce Bilingue de BAFOUSSAM,OUEST,4KC1GSBD112469091
17421050,COMPLEXE POLYTECHNIQUE BILINGUE PRIVE LAIC TAMA(COPOBIT),DIGIT_PREFIX,,,ESG_OR_UNKNOWN,NEW,,,
17421051,ENIEG BILINGUE LE NORMALIEN CITOYEN,DIGIT_PREFIX,,,ENI,NEW,,,
17421052,ENIEG BILINGUE CLAIRE FONTAINE,DIGIT_PREFIX,,,ENI,NEW,,,
17421053,ENIEG MODERNE SAINTE MARIE,DIGIT_PREFIX,,,ENI,PROBABLE_NO_REGION_SIGNAL,Lyce Classique et Moderne de BAFIA,CENTRE,5HC1GSFD112342106
17421054,ENIEG PRIVEE BILINGUE LES BOSONS,DIGIT_PREFIX,,,ENI,NEW,,,
17421055,ENIET LE NORMALIEN CITOYEN,DIGIT_PREFIX,,,ENI,NEW,,,
17421056,ENIET PRIVEE DE L&#039;OUEST,DIGIT_PREFIX,,,ENI,NEW,,,
17421057,ENIET BILINGUE LA PERFORMANCE,DIGIT_PREFIX,,,ENI,NEW,,,
17421058,ENIET PRIVEE LAIQUE LES FERMIONS,DIGIT_PREFIX,,,ENI,NEW,,,
17451059,COLLEGE MODERNE POLYVALENT LES LAUREATS SANTCHOU,DIGIT_PREFIX,,,ESG_OR_UNKNOWN,PROBABLE_NO_REGION_SIGNAL,Lyce Classique et Moderne de BAFIA,CENTRE,5HC1GSFD112342106
17451060,COLLEGE POLYVALENT ST FRANCOIS D&#039;ASSISE DE SANTCHOU,DIGIT_PREFIX,,,ESG_OR_UNKNOWN,PROBABLE_NO_REGION_SIGNAL,Lyce Bilingue de SANTCHOU,OUEST,4JK1GSBD111908092
17451061,COLLEGE PRIVE BILINGUE DE SANTCHOU,DIGIT_PREFIX,,,ESG_OR_UNKNOWN,PROBABLE_NO_REGION_SIGNAL,Lyce Bilingue de SANTCHOU,OUEST,4JK1GSBD111908092
17451062,INSTITUT POLYVALENT DE FONDONERA,DIGIT_PREFIX,,,ESG_OR_UNKNOWN,PROBABLE_NO_REGION_SIGNAL,Lyce Bilingue de FONDONERA,OUEST,4JK1GSBD110469107
17451063,COLLEGE BILINGUE CHERE SABINA LA DIFFERENCE GEN,DIGIT_PREFIX,,,ESG_OR_UNKNOWN,NEW,,,
17451064,COLLEGE EVANGELIQUE DE BALEVENG,DIGIT_PREFIX,,,ESG_OR_UNKNOWN,PROBABLE_NO_REGION_SIGNAL,Lyce Bilingue de BALEVENG,OUEST,4JI1GSBD111161111
17451065,COLLEGE POLYVALENT SAINT LAURENT DE BAFOU,DIGIT_PREFIX,,,ESG_OR_UNKNOWN,PROBABLE_NO_REGION_SIGNAL,CES Bilingue de BAFOU,OUEST,4JI1GSBD100506111
17451066,COLLEGE PRIVE LAIC LA PERSEVERANCE DE BALEVENG,DIGIT_PREFIX,,,ESG_OR_UNKNOWN,PROBABLE_NO_REGION_SIGNAL,Lyce Bilingue de BALEVENG,OUEST,4JI1GSBD111161111
17451067,COLLEGE TEGUIMEYA FOZINKOP DE BAFOU,DIGIT_PREFIX,,,ESG_OR_UNKNOWN,PROBABLE_NO_REGION_SIGNAL,CES Bilingue de BAFOU,OUEST,4JI1GSBD100506111
17451068,INSTITUT MODERNE LES SURDOUES,DIGIT_PREFIX,,,ESG_OR_UNKNOWN,PROBABLE_NO_REGION_SIGNAL,Lyce Classique et Moderne de BAFIA,CENTRE,5HC1GSFD112342106
17451069,COLLEGE EVANGELIQUE DE PENKA MICHEL,DIGIT_PREFIX,,,ESG_OR_UNKNOWN,PROBABLE_NO_REGION_SIGNAL,Lyce Bilingue de PENKA-MICHEL,OUEST,4JJ1GSBD111187109
17451070,COLLEGE POLY EXCELLENCE BAMESSING,DIGIT_PREFIX,,,ESG_OR_UNKNOWN,PROBABLE_NO_REGION_SIGNAL,CES de BAMESSING-LATSIT,OUEST,4HE1GSFD102816115
17451071,COLLEGE POLYVALENT BANSOA BANEGANG,DIGIT_PREFIX,,,ESG_OR_UNKNOWN,PROBABLE_NO_REGION_SIGNAL,Lyce Bilingue de BAKASSA-BANSOA,OUEST,4JJ1GSFD110916112
17451072,COLLEGE POLYVALENT DE L&#039;EXCELLENCE DE BAMESSEU BANSOA,DIGIT_PREFIX,,,ESG_OR_UNKNOWN,PROBABLE_NO_REGION_SIGNAL,Lyce Bilingue de BAKASSA-BANSOA,OUEST,4JJ1GSFD110916112
17451073,COLLEGE POLYVALENT SAINT DOMINIQUE BALOUM,DIGIT_PREFIX,,,ESG_OR_UNKNOWN,PROBABLE_NO_REGION_SIGNAL,Lyce Bilingue de BALOUM,OUEST,4JJ1GSBD110060106
17451074,COLLEGE SAINT ALBERT LEGRAND DE BAMENDOU,DIGIT_PREFIX,,,ESG_OR_UNKNOWN,PROBABLE_NO_REGION_SIGNAL,CES de BAMENDOU-BALEFOCK,OUEST,4JJ1GSFD100928109
17451075,COLLEGE PRIVE LAIC INTERDEPARTEMENTAL DE FONGO-TONGO(COPLIFO),DIGIT_PREFIX,,,ESG_OR_UNKNOWN,PROBABLE_NO_REGION_SIGNAL,Lyce de FONGO-NDENG,OUEST,4JC1GSFD110058105
17441076,CETIC PAUL BOUQUE,DIGIT_PREFIX,,,ESTP,PROBABLE_NO_REGION_SIGNAL,Lyce de SANGUERE PAUL,NORD,1CL1GSFD111465106
17441077,COLLEGE ELIE ALLEGRET,DIGIT_PREFIX,,,ESG_OR_UNKNOWN,PROBABLE_NO_REGION_SIGNAL,CES de MEYO-ELIE,SUD,8IC1GSFD100019109
17441078,COLLEGE BILINGUE ST JOSEPH DE BANDJOUN,DIGIT_PREFIX,,,ESG_OR_UNKNOWN,PROBABLE_NO_REGION_SIGNAL,Lyce de BANDJOUN,OUEST,4IH1GSFD111325091
17441079,COLLEGE TECHNIQUE CALASANZ,DIGIT_PREFIX,,,ESG_OR_UNKNOWN,NEW,,,
17441080,COMPLEXE SCOLAIRE LES BOURGEONS,DIGIT_PREFIX,,,ESG_OR_UNKNOWN,NEW,,,
17441081,ENIEG BILINGUE DE L&#039;IPEP DE BANDJOUN,DIGIT_PREFIX,,,ENI,PROBABLE_NO_REGION_SIGNAL,Lyce de BANDJOUN,OUEST,4IH1GSFD111325091
17471090,COLLEGE PROWO TENKUE JOSUE,DIGIT_PREFIX,,,ESG_OR_UNKNOWN,NEW,,,
17471091,COLLEGE DE L&#039;UNITE DE MBOUDA,DIGIT_PREFIX,,,ESG_OR_UNKNOWN,PROBABLE_NO_REGION_SIGNAL,Lyce Bilingue de MBOUDA,OUEST,4CI1GSBD112030097
17471092,COLLEGE EVANGELIQUE BILINGUE DE MBOUDA,DIGIT_PREFIX,,,ESG_OR_UNKNOWN,PROBABLE_NO_REGION_SIGNAL,Lyce Bilingue de MBOUDA,OUEST,4CI1GSBD112030097
17471093,COLLEGE POLYVALENT ALOYS TAPIEMENE,DIGIT_PREFIX,,,ESG_OR_UNKNOWN,NEW,,,
17471094,COLLEGE PRIVE LAIC DE LA REFERENCE GEN,DIGIT_PREFIX,,,ESG_OR_UNKNOWN,NEW,,,
17471095,COURS DU SOIR LA REFERENCE,DIGIT_PREFIX,,,ADULT_EVENING,NEW,,,
17471096,COURS DU SOIR PIAGET,DIGIT_PREFIX,,,ADULT_EVENING,NEW,,,
17481097,COLLEGE BILINGUE TCHAMFORI,DIGIT_PREFIX,,,ESG_OR_UNKNOWN,NEW,,,
17481098,COLLEGE EVANGELIQUE DE BAFANG,DIGIT_PREFIX,,,ESG_OR_UNKNOWN,PROBABLE_NO_REGION_SIGNAL,Lyce de BAFANG-RURAL,OUEST,4EC1GSFD111803106
17481099,ENIEG PRIVEE BILINGUE LAIQUE LES PERFORMANCES PEDAGOGIQUES,DIGIT_PREFIX,,,ENI,NEW,,,
17481100,ENIEG PRIVEE DU HAUT NKAM,DIGIT_PREFIX,,,ENI,NEW,,,
17481101,SAINT PAUL&#039;S BILINGUAL COLLEGE BAFANG,DIGIT_PREFIX,,,ESG_OR_UNKNOWN,PROBABLE_NO_REGION_SIGNAL,Lyce de BAFANG-RURAL,OUEST,4EC1GSFD111803106
17481102,COLLEGE PRIVE LAIC BATOULA,DIGIT_PREFIX,,,ESG_OR_UNKNOWN,NEW,,,
17481103,COLLEGE SAINT ESPRIT DE FOTOUNI,DIGIT_PREFIX,,,ESG_OR_UNKNOWN,PROBABLE_NO_REGION_SIGNAL,Lyce de FOTOUNI,OUEST,4EI1GSFD111791106
17481104,COLLEGE SAINTE ANNE DE BANDJA,DIGIT_PREFIX,,,ESG_OR_UNKNOWN,PROBABLE_NO_REGION_SIGNAL,CES Bilingue de BANDJA-RURAL,OUEST,4EI1GSBD100085102
17481105,COLLEGE BILINGUE SAINT PAUL DE BANKA,DIGIT_PREFIX,,,ESG_OR_UNKNOWN,PROBABLE_NO_REGION_SIGNAL,Lyce de MANILA-BANKA,OUEST,4EJ1GSFD110499113
17481106,COLLEGE TECHNIQUE BILINGUE SAINTE MARIE BANKA,DIGIT_PREFIX,,,ESG_OR_UNKNOWN,PROBABLE_NO_REGION_SIGNAL,Lyce de MANILA-BANKA,OUEST,4EJ1GSFD110499113
17481107,COLLEGE PRIVE LAIC BELLEVUE,DIGIT_PREFIX,,,ESG_OR_UNKNOWN,NEW,,,
OU14018E36,ENIEG DE BAFANG,ALPHA_PREFIX,Ouest,CONFIRMED_BY_MATCH,ENI,PROBABLE,Lyce de BAFANG-RURAL,OUEST,4EC1GSFD111803106
17481108,COLLEGE D&#039;ENSEIGNEMENT TECHNIQUE INDUSTRIEL ET PARAMEDICAL (CETIP) DE KEKEM,DIGIT_PREFIX,,,ESG_OR_UNKNOWN,PROBABLE_NO_REGION_SIGNAL,Lyce Bilingue de KEKEM,OUEST,4EL1GSBD100320110
17481109,COLLEGE MAYA DE ST FRANCOIS XAVIER,DIGIT_PREFIX,,,ESG_OR_UNKNOWN,NEW,,,
17481110,COLLEGE PRIVE LAIC AVENIR,DIGIT_PREFIX,,,ESG_OR_UNKNOWN,NEW,,,
17451111,MENOUA ESPOIR COLLEGE DE DSCHANG,DIGIT_PREFIX,,,ESG_OR_UNKNOWN,PROBABLE_NO_REGION_SIGNAL,Lyce Bilingue de DSCHANG,OUEST,4JC1GSBD111904103
17451112,SAINT PAUL&#039;S ENGLISH CATHOLIC COLLEGE DSCHANG,DIGIT_PREFIX,,,ESG_OR_UNKNOWN,PROBABLE_NO_REGION_SIGNAL,Lyce Bilingue de DSCHANG,OUEST,4JC1GSBD111904103
17451113,ENIEG PRIVEE TERESA JANE,DIGIT_PREFIX,,,ENI,NEW,,,
17451114,ENIEG PRIVEE NANFAH,DIGIT_PREFIX,,,ENI,NEW,,,
17451115,INSTITUT PRIVE POLYVALENT LA REFORME,DIGIT_PREFIX,,,ESG_OR_UNKNOWN,NEW,,,
17451116,COLLEGE ALBERT CAMUS,DIGIT_PREFIX,,,ESG_OR_UNKNOWN,NEW,,,
17451117,COLLEGE BILINGUE INTELLEXI,DIGIT_PREFIX,,,ESG_OR_UNKNOWN,NEW,,,
17451118,COLLEGE NOTRE DAME DE L&#039;IMMACULEE CONCEPTION DSCHANG,DIGIT_PREFIX,,,ESG_OR_UNKNOWN,PROBABLE_NO_REGION_SIGNAL,Lyce Bilingue de DSCHANG,OUEST,4JC1GSBD111904103
17451119,COLLEGE PRIVE LAIC DE LA RENAISSANCE,DIGIT_PREFIX,,,ESG_OR_UNKNOWN,NEW,,,
17451120,COLLEGE TECHNIQUE STE LOUISE DE MARILLAC,DIGIT_PREFIX,,,ESG_OR_UNKNOWN,NEW,,,
17461121,SAINT JEAN BAPTISTE DE BANGOU,DIGIT_PREFIX,,,ESG_OR_UNKNOWN,PROBABLE_NO_REGION_SIGNAL,Lyce Bilingue de BANGOU,OUEST,4HH1GSBD110084113
17461122,COLLEGE PRIVE ADVENTISTE JEAN ELAINE BASS DE BANDENKOP,DIGIT_PREFIX,,,ESG_OR_UNKNOWN,PROBABLE_NO_REGION_SIGNAL,Lyce de BANDENKOP,OUEST,4HH1GSFD110370107
17461123,COLLEGE PRIVE LAIC NATHAN,DIGIT_PREFIX,,,ESG_OR_UNKNOWN,NEW,,,
17461124,COLLEGE POLYVALENT MARIE REINE DES APOTRES (COPOMARA) DE BAMENDJOU,DIGIT_PREFIX,,,ESG_OR_UNKNOWN,PROBABLE_NO_REGION_SIGNAL,Lyce Bilingue de BAMENDJOU,OUEST,4HE1GSBD110092113
17461125,COLLEGE TANKOU PHILIPPE,DIGIT_PREFIX,,,ESG_OR_UNKNOWN,NEW,,,
17461126,COLLEGE POLYVALENT BILINGUE MEUHOUA-TACHOMKAM (CPBMT),DIGIT_PREFIX,,,ESG_OR_UNKNOWN,NEW,,,
17461127,COLLEGE POLYVALENT CATHOLIQUE HEINRICH DE BAHAM,DIGIT_PREFIX,,,ESG_OR_UNKNOWN,PROBABLE_NO_REGION_SIGNAL,Lyce Bilingue de BAHAM,OUEST,4HC1GSBD112221106
17461128,COURS DU SOIR MEUHOUA BAHAM,DIGIT_PREFIX,,,ADULT_EVENING,PROBABLE_NO_REGION_SIGNAL,Lyce Bilingue de BAHAM,OUEST,4HC1GSBD112221106
17461129,INSTITUT ASSOMPTION BAHAM,DIGIT_PREFIX,,,ESG_OR_UNKNOWN,PROBABLE_NO_REGION_SIGNAL,Lyce Bilingue de BAHAM,OUEST,4HC1GSBD112221106
17461130,INSTITUT PRIVE POLYVALENT DE BAHAM,DIGIT_PREFIX,,,ESG_OR_UNKNOWN,PROBABLE_NO_REGION_SIGNAL,Lyce Bilingue de BAHAM,OUEST,4HC1GSBD112221106
SU07058B01,CES BILINGUE DE BENGBIS,ALPHA_PREFIX,Sud,CONFIRMED_BY_MATCH,ESG_OR_UNKNOWN,EXACT_IDENTITY_REGION,CES Bilingue de BENGBIS,SUD,8CC1GSBD123147118
SU07058A02,CES DE MEKAS,ALPHA_PREFIX,Sud,CONFIRMED_BY_MATCH,ESG_OR_UNKNOWN,EXACT_IDENTITY_REGION,CES de MEKAS,SUD,8CC1GSFD100010107
SU07058A03,CES DE MINLA&#039;A,ALPHA_PREFIX,Sud,CONFIRMED_BY_MATCH,ESG_OR_UNKNOWN,PROBABLE,CES de MINLA'A,SUD,8CC1GSFD100028109
SU07058A04,CES DE NGONEBEME,ALPHA_PREFIX,Sud,CONFIRMED_BY_MATCH,ESG_OR_UNKNOWN,EXACT_IDENTITY_REGION,CES de NGONEBEME,SUD,8CC1GSFD101940109
SU07058L44,LYCEE TECHNIQUE DE BENGBIS,ALPHA_PREFIX,Sud,CONFIRMED_BY_MATCH,ESTP,PROBABLE,CES Bilingue de BENGBIS,SUD,8CC1GSBD123147118
SU07058I05,LYCEE MIXTE DE BENGBIS,ALPHA_PREFIX,Sud,CONFIRMED_BY_MATCH,ESG_OR_UNKNOWN,PROBABLE,CES Bilingue de BENGBIS,SUD,8CC1GSBD123147118
SU07096A06,CES D&#039;ESSONG DJOUM,ALPHA_PREFIX,Sud,CONFIRMED_BY_MATCH,ESG_OR_UNKNOWN,PROBABLE,Lyce Bilingue de DJOUM,SUD,8CE1GSBD110167107
SU07096A07,CES de ZAMANE,ALPHA_PREFIX,Sud,CONFIRMED_BY_MATCH,ESG_OR_UNKNOWN,NEW,,,
SU07096L45,LYCEE TECHNIQUE DE DJOUM,ALPHA_PREFIX,Sud,CONFIRMED_BY_MATCH,ESTP,PROBABLE,Lyce Bilingue de DJOUM,SUD,8CE1GSBD110167107
SU07096H08,LYCEE BILINGUE DE DJOUM,ALPHA_PREFIX,Sud,CONFIRMED_BY_MATCH,ESG_OR_UNKNOWN,PROBABLE,Lyce Bilingue de DJOUM,SUD,8CE1GSBD110167107
SU07096I09,LYCEE DE MVENG,ALPHA_PREFIX,Sud,CONFIRMED_BY_MATCH,ESG_OR_UNKNOWN,PROBABLE,Lyce de MVENG,SUD,8CE1GSFD100357110
SU07237B10,CES BILINGUE DE MEYOMESSALA,ALPHA_PREFIX,Sud,CONFIRMED_BY_MATCH,ESG_OR_UNKNOWN,EXACT_IDENTITY_REGION,CES Bilingue de MEYOMESSALA,SUD,8CH1GSBD101950112
SU07237A11,CES DE MEBAME,ALPHA_PREFIX,Sud,CONFIRMED_BY_MATCH,ESG_OR_UNKNOWN,EXACT_IDENTITY_REGION,CES de MEBAME,SUD,8CH1GSFD102157109
SU07237A12,CES DE MENGUEME-MEYOMESSALA,ALPHA_PREFIX,Sud,CONFIRMED_BY_MATCH,ESG_OR_UNKNOWN,PROBABLE,CES Bilingue de MEYOMESSALA,SUD,8CH1GSBD101950112
SU07237A13,CES MESSOK MEYOMESSALA,ALPHA_PREFIX,Sud,CONFIRMED_BY_MATCH,ESG_OR_UNKNOWN,PROBABLE,CES de MESSOK,SUD,8CH1GSFD102316113
SU07237A14,CES DE NGOASSE,ALPHA_PREFIX,Sud,CONFIRMED_BY_MATCH,ESG_OR_UNKNOWN,EXACT_IDENTITY_REGION,CES de NGOASSE,SUD,8CH1GSFD101982105
SU07237A15,CES DE NKOLENYENG,ALPHA_PREFIX,Sud,CONFIRMED_BY_MATCH,ESG_OR_UNKNOWN,EXACT_IDENTITY_REGION,CES de NKOLENYENG,SUD,8CH1GSFD101925106
SU07237A16,CES DE NKOMO,ALPHA_PREFIX,Sud,CONFIRMED_BY_MATCH,ESG_OR_UNKNOWN,EXACT_IDENTITY_REGION,CES de NKOMO,SUD,8CH1GSFD100409105
SU07237A17,CES DE TATCHING II,ALPHA_PREFIX,Sud,CONFIRMED_BY_MATCH,ESG_OR_UNKNOWN,EXACT_IDENTITY_REGION,CES de TATCHING II,SUD,8CH1GSFD102312113
SU07237A18,CES DE TEKMO,ALPHA_PREFIX,Sud,CONFIRMED_BY_MATCH,ESG_OR_UNKNOWN,EXACT_IDENTITY_REGION,CES de TEKMO,SUD,8CH1GSFD101944105
SU07237A19,CES DE YEM - YEMFEK,ALPHA_PREFIX,Sud,CONFIRMED_BY_MATCH,ESG_OR_UNKNOWN,EXACT_IDENTITY_REGION,CES de YEM-YEMFEK,SUD,8CH1GSFD102251100
SU07237C49,CETIC D&#039;EDJOM BITTE,ALPHA_PREFIX,Sud,CONFIRMED_BY_MATCH,ESTP,NEW,,,
SU07237C50,CETIC D&#039;EFOULAN YETYANG,ALPHA_PREFIX,Sud,CONFIRMED_BY_MATCH,ESTP,NEW,,,
SU07237C51,CETIC D&#039;ENDAM YEMBONG,ALPHA_PREFIX,Sud,CONFIRMED_BY_MATCH,ESTP,NEW,,,
SU07237C46,CETIC DE NDONKO,ALPHA_PREFIX,Sud,CONFIRMED_BY_MATCH,ESTP,NEW,,,
SU07237C47,CETIC DE NKOLENDAM,ALPHA_PREFIX,Sud,CONFIRMED_BY_MATCH,ESTP,NEW,,,
SU07237C48,CETIC DE NKOLYOP-AKAM,ALPHA_PREFIX,Sud,CONFIRMED_BY_MATCH,ESTP,NEW,,,
SU07237C52,CETIF DE TEKMO,ALPHA_PREFIX,Sud,CONFIRMED_BY_MATCH,ESTP,PROBABLE,CES de TEKMO,SUD,8CH1GSFD101944105
SU07237L53,LYCEE TECHNIQUE DE MVOMEKA&#039;A,ALPHA_PREFIX,Sud,CONFIRMED_BY_MATCH,ESTP,PROBABLE,Lyce Classique et Moderne de MVOMEKA'A,SUD,8CH1GSFD110091090
SU07237H20,LYCEE BILINGUE DE KOUM YETOTAN,ALPHA_PREFIX,Sud,CONFIRMED_BY_MATCH,ESG_OR_UNKNOWN,PROBABLE,Lyce Bilingue de KOUM-YETOTAN,SUD,8CH1GSBD110580107
SU07237I21,LYCEE BILINGUE DE MVOMEKA&#039;A,ALPHA_PREFIX,Sud,CONFIRMED_BY_MATCH,ESG_OR_UNKNOWN,PROBABLE,Lyce Classique et Moderne de MVOMEKA'A,SUD,8CH1GSFD110091090
SU07238B22,CES BILINGUE DE MEYOMESSI,ALPHA_PREFIX,Sud,CONFIRMED_BY_MATCH,ESG_OR_UNKNOWN,EXACT_IDENTITY_REGION,CES Bilingue de MEYOMESSI,SUD,8CI1GSBD101833112
SU07238A23,CES D&#039;ELOM YEMFEK,ALPHA_PREFIX,Sud,CONFIRMED_BY_MATCH,ESG_OR_UNKNOWN,PROBABLE,CES d'ELOM-YEMFEK,SUD,8CI1GSFD102314113
SU07238A24,CES D&#039;OLOUNOU,ALPHA_PREFIX,Sud,CONFIRMED_BY_MATCH,ESG_OR_UNKNOWN,PROBABLE,CES d'OLOUNOU,SUD,8CI1GSFD100629103
SU07238I25,LYCEE DE MEYOMESSI,ALPHA_PREFIX,Sud,CONFIRMED_BY_MATCH,ESG_OR_UNKNOWN,PROBABLE,CES Bilingue de MEYOMESSI,SUD,8CI1GSBD101833112
SU07243L54,LYCEE TECHNIQUE DE MINTOM,ALPHA_PREFIX,Sud,CONFIRMED_BY_MATCH,ESTP,PROBABLE,Lyce de MINTOM,SUD,8CJ1GSFD112008110
SU07243I26,LYCEE BILINGUIE DE MINTOM,ALPHA_PREFIX,Sud,CONFIRMED_BY_MATCH,ESG_OR_UNKNOWN,PROBABLE,Lyce de MINTOM,SUD,8CJ1GSFD112008110
SU07317C55,CETIC D&#039;OVENG,ALPHA_PREFIX,Sud,CONFIRMED_BY_MATCH,ESTP,PROBABLE,CES de MINDI-MI-OVENG,SUD,8IC1GSFD100827109
SU07317I27,LYCEE D&#039;OVENG,ALPHA_PREFIX,Sud,CONFIRMED_BY_MATCH,ESG_OR_UNKNOWN,PROBABLE,CES de MINDI-MI-OVENG,SUD,8IC1GSFD100827109
SU07327A28,CES DE NDJANTOM,ALPHA_PREFIX,Sud,CONFIRMED_BY_MATCH,ESG_OR_UNKNOWN,EXACT_IDENTITY_REGION,CES de NDJANTOM,SUD,8CL1GSFD100618109
SU07327A29,CES DE NSIMALENE YEMVAK,ALPHA_PREFIX,Sud,CONFIRMED_BY_MATCH,ESG_OR_UNKNOWN,PROBABLE,CES de NSIMALEN-YEMVAK,SUD,8CL1GSFD102002096
SU07327C56,CETIC DE MEYOMADJOM,ALPHA_PREFIX,Sud,CONFIRMED_BY_MATCH,ESTP,PROBABLE,Lyce de MEYOMADJOM,SUD,8CL1GSFD111544112
SU07327C57,CETIC DE MEZESSE,ALPHA_PREFIX,Sud,CONFIRMED_BY_MATCH,ESTP,NEW,,,
SU07327C58,CETIC DE NGOULMEKONG - SANGMELIMA,ALPHA_PREFIX,Sud,CONFIRMED_BY_MATCH,ESTP,PROBABLE,Lyce Classique et Moderne de SANGMELIMA,SUD,8CL1GSFD111825069
SU07327C59,CETIC DE SANGMELIMA,ALPHA_PREFIX,Sud,CONFIRMED_BY_MATCH,ESTP,PROBABLE,Lyce Classique et Moderne de SANGMELIMA,SUD,8CL1GSFD111825069
SU07327C60,CETIF DE SANGMELIMA,ALPHA_PREFIX,Sud,CONFIRMED_BY_MATCH,ESTP,PROBABLE,Lyce Classique et Moderne de SANGMELIMA,SUD,8CL1GSFD111825069
SU07327E61,ENIEG DE SANGMELIMA,ALPHA_PREFIX,Sud,CONFIRMED_BY_MATCH,ENI,PROBABLE,Lyce Classique et Moderne de SANGMELIMA,SUD,8CL1GSFD111825069
SU07327L62,LYCEE TECHNIQUE DE SANGMELIMA,ALPHA_PREFIX,Sud,CONFIRMED_BY_MATCH,ESTP,PROBABLE,Lyce Classique et Moderne de SANGMELIMA,SUD,8CL1GSFD111825069
SU07327H30,LYCEE BILINGUE DE SANGMELIMA,ALPHA_PREFIX,Sud,CONFIRMED_BY_MATCH,ESG_OR_UNKNOWN,PROBABLE,Lyce Classique et Moderne de SANGMELIMA,SUD,8CL1GSFD111825069
SU07327I31,LYCEE CLASSIQUE ET MODERNE DE SANGMELIMA,ALPHA_PREFIX,Sud,CONFIRMED_BY_MATCH,ESG_OR_UNKNOWN,PROBABLE,Lyce Classique et Moderne de MVOMEKA'A,SUD,8CH1GSFD110091090
SU07327I32,LYCEE D&#039;AVEBE ESSE,ALPHA_PREFIX,Sud,CONFIRMED_BY_MATCH,ESG_OR_UNKNOWN,PROBABLE,Lyce d'AVEBE-ESSE,SUD,8CL1GSFD112111113
SU07327I33,LYCEE DE MEYOMADJOM,ALPHA_PREFIX,Sud,CONFIRMED_BY_MATCH,ESG_OR_UNKNOWN,PROBABLE,Lyce de MEYOMADJOM,SUD,8CL1GSFD111544112
SU07327I34,LYCEE DE NKOLOTOU&#039;OUTOU,ALPHA_PREFIX,Sud,CONFIRMED_BY_MATCH,ESG_OR_UNKNOWN,PROBABLE,Lyce de NKOLOTOU'OUTOU,SUD,8CL1GSFD110992111
SU07327I35,LYCEE DE NKPWANG,ALPHA_PREFIX,Sud,CONFIRMED_BY_MATCH,ESG_OR_UNKNOWN,PROBABLE,Lyce de NKPWANG,SUD,8CL1GSFD110995112
SU07327I36,LYCEE SANGMELIMA AVEBE,ALPHA_PREFIX,Sud,CONFIRMED_BY_MATCH,ESG_OR_UNKNOWN,PROBABLE,Lyce d'AVEBE-ESSE,SUD,8CL1GSFD112111113
SU07368A37,LYCEE DE MEBA,ALPHA_PREFIX,Sud,CONFIRMED_BY_MATCH,ESG_OR_UNKNOWN,PROBABLE,CES de MEBA,SUD,8CM1GSFD101531110
SU07368A38,LYCEE DE MVOUTESSI,ALPHA_PREFIX,Sud,CONFIRMED_BY_MATCH,ESG_OR_UNKNOWN,PROBABLE,CES de MVOUTESSI,SUD,8CM1GSFD102176102
SU07368A39,LYCEE DE NKILZOK,ALPHA_PREFIX,Sud,CONFIRMED_BY_MATCH,ESG_OR_UNKNOWN,PROBABLE,CES de NKILZOK,SUD,8CM1GSFD100965103
SU07368A40,LYCEE DE NSIMI MEYILA,ALPHA_PREFIX,Sud,CONFIRMED_BY_MATCH,ESG_OR_UNKNOWN,PROBABLE,CES de NSIMI-MEYILA,SUD,8CM1GSFD101991105
SU07368C64,CETIC D&#039; EBAMINA II,ALPHA_PREFIX,Sud,CONFIRMED_BY_MATCH,ESTP,NEW,,,
SU07368C63,CETIC DE NDEN,ALPHA_PREFIX,Sud,CONFIRMED_BY_MATCH,ESTP,NEW,,,
SU07368C65,CETIC DE NSIMI,ALPHA_PREFIX,Sud,CONFIRMED_BY_MATCH,ESTP,PROBABLE,CES de NSIMI-MEYILA,SUD,8CM1GSFD101991105
SU07368L66,LYCEE TECHNIQUE DE ZOETELE,ALPHA_PREFIX,Sud,CONFIRMED_BY_MATCH,ESTP,PROBABLE,Lyce Bilingue de ZOETELE,SUD,8CM1GSBD111650114
SU07368H41,LYCEE BILINGUE DE ZOETELE,ALPHA_PREFIX,Sud,CONFIRMED_BY_MATCH,ESG_OR_UNKNOWN,PROBABLE,Lyce Bilingue de ZOETELE,SUD,8CM1GSBD111650114
SU07368I42,LYCEE DE FIBOT,ALPHA_PREFIX,Sud,CONFIRMED_BY_MATCH,ESG_OR_UNKNOWN,PROBABLE,Lyce de FIBOT,SUD,8CM1GSFD110973109
SU07368I43,LYCEE DE NKOUMADJAP - FONG,ALPHA_PREFIX,Sud,CONFIRMED_BY_MATCH,ESG_OR_UNKNOWN,PROBABLE,Lyce de NKOUMADJAP-FONG,SUD,8CM1GSFD110960107
SU45066C42,CETIC DE BIWONG - BANE,ALPHA_PREFIX,Sud,CONFIRMED_BY_MATCH,ESTP,PROBABLE,Lyce de BIWONG-BANE,SUD,8EC1GSFD111956097
SU45066C43,CETIC DE MELANGUE I,ALPHA_PREFIX,Sud,CONFIRMED_BY_MATCH,ESTP,PROBABLE,Lyce de MELANGUE I,SUD,8EC1GSFD112060107
SU45066I01,LYCEE DE BIWONG-BANE,ALPHA_PREFIX,Sud,CONFIRMED_BY_MATCH,ESG_OR_UNKNOWN,PROBABLE,Lyce de BIWONG-BANE,SUD,8EC1GSFD111956097
SU45066I02,LYCEE BILINGUE DE MELANGUE I,ALPHA_PREFIX,Sud,CONFIRMED_BY_MATCH,ESG_OR_UNKNOWN,PROBABLE,Lyce de MELANGUE I,SUD,8EC1GSFD112060107
SU45066I03,LYCEE DE NGOAZIP,ALPHA_PREFIX,Sud,CONFIRMED_BY_MATCH,ESG_OR_UNKNOWN,PROBABLE,Lyce de NGOAZIP,SUD,8EC1GSFD110229114
SU45067A04,CES D&#039;ESSANGONG,ALPHA_PREFIX,Sud,CONFIRMED_BY_MATCH,ESG_OR_UNKNOWN,PROBABLE,CES d'ESSANGONG,SUD,8EE1GSFD100414098
SU45067A05,CES DE MANG-YEMISSEM,ALPHA_PREFIX,Sud,CONFIRMED_BY_MATCH,ESG_OR_UNKNOWN,EXACT_IDENTITY_REGION,CES de MANG-YEMISSEM,SUD,8EE1GSFD100566099
SU45067A06,CES de MOMEBILI,ALPHA_PREFIX,Sud,CONFIRMED_BY_MATCH,ESG_OR_UNKNOWN,EXACT_IDENTITY_REGION,CES de MOMEBILI,SUD,8EE1GSFD103162118
SU45067I07,LYCEE CLASSIQUE DE BIWONG-BULU,ALPHA_PREFIX,Sud,CONFIRMED_BY_MATCH,ESG_OR_UNKNOWN,PROBABLE,Lyce de BIWONG-BANE,SUD,8EC1GSFD111956097
SU45067I08,LYCEE DE NSELANG,ALPHA_PREFIX,Sud,CONFIRMED_BY_MATCH,ESG_OR_UNKNOWN,PROBABLE,Lyce de NSELANG,SUD,8EE1GSFD110200109
SU45110A09,CES D&#039;AZEM ESSAKOE,ALPHA_PREFIX,Sud,CONFIRMED_BY_MATCH,ESG_OR_UNKNOWN,PROBABLE,CES d'AZEM-ESSAKOE,SUD,8EH1GSFD100317108
SU45110A10,CES DE MEYO-VILLE,ALPHA_PREFIX,Sud,CONFIRMED_BY_MATCH,ESG_OR_UNKNOWN,EXACT_IDENTITY_REGION,CES de MEYO-VILLE,SUD,8EH1GSFD100558103
SU45110C44,CETIC DE NYANGONG,ALPHA_PREFIX,Sud,CONFIRMED_BY_MATCH,ESTP,PROBABLE,Lyce de NYANGONG,SUD,8EH1GSFD110516112
SU45110F45,ENIEG BILINGUE D&#039;EBOLOWA,ALPHA_PREFIX,Sud,CONFIRMED_BY_MATCH,ENI,PROBABLE,Lyce d'EBOLOWA,SUD,8EI1GSFD112440107
SU45110G46,ENIET D&#039;EBOLOWA,ALPHA_PREFIX,Sud,CONFIRMED_BY_MATCH,ENI,PROBABLE,Lyce d'EBOLOWA,SUD,8EI1GSFD112440107
SU45110L47,LYCEE TECHNIQUE D&#039;AKAK ESSATOLO,ALPHA_PREFIX,Sud,CONFIRMED_BY_MATCH,ESTP,NEW,,,
SU45110L48,LYCEE TECHNIQUE NKOLANDOM,ALPHA_PREFIX,Sud,CONFIRMED_BY_MATCH,ESTP,NEW,,,
SU45110H11,LYCEE BILINGUE D&#039;EBOLOWA,ALPHA_PREFIX,Sud,CONFIRMED_BY_MATCH,ESG_OR_UNKNOWN,PROBABLE,Lyce d'EBOLOWA,SUD,8EI1GSFD112440107
SU45110I12,LYCEE D&#039;EBOLOWA RURAL,ALPHA_PREFIX,Sud,CONFIRMED_BY_MATCH,ESG_OR_UNKNOWN,PROBABLE,Lyce d'EBOLOWA,SUD,8EI1GSFD112440107
SU45110I13,LYCEE DE MVIENG,ALPHA_PREFIX,Sud,CONFIRMED_BY_MATCH,ESG_OR_UNKNOWN,PROBABLE,Lyce de MVIENG,SUD,8EH1GSFD111968114
SU45110I14,LYCEE DE NYANGONG,ALPHA_PREFIX,Sud,CONFIRMED_BY_MATCH,ESG_OR_UNKNOWN,PROBABLE,Lyce de NYANGONG,SUD,8EH1GSFD110516112
SU45111A15,CES D&#039;ADJAB II,ALPHA_PREFIX,Sud,CONFIRMED_BY_MATCH,ESG_OR_UNKNOWN,PROBABLE,CES d'ADJAB II,SUD,8JI1GSFD102724114
SU45111A16,CES DE BITYILI,ALPHA_PREFIX,Sud,CONFIRMED_BY_MATCH,ESG_OR_UNKNOWN,EXACT_IDENTITY_REGION,CES de BITYILI,SUD,8EI1GSFD102691114
SU45111A17,CES DE MEFO,ALPHA_PREFIX,Sud,CONFIRMED_BY_MATCH,ESG_OR_UNKNOWN,EXACT_IDENTITY_REGION,CES de MEFO,SUD,8EI1GSFD101975102
SU45111A18,CES DE MEYOS YENDJOCK,ALPHA_PREFIX,Sud,CONFIRMED_BY_MATCH,ESG_OR_UNKNOWN,EXACT_IDENTITY_REGION,CES de MEYOS-YENDJOCK,SUD,8EI1GSFD100759108
SU45111C49,LYCEE TECHNIQUE D&#039;EBOLOWA II,ALPHA_PREFIX,Sud,CONFIRMED_BY_MATCH,ESTP,PROBABLE,Lyce d'EBOLOWA,SUD,8EI1GSFD112440107
SU45111C50,CETIC DE NNELEFUP,ALPHA_PREFIX,Sud,CONFIRMED_BY_MATCH,ESTP,NEW,,,
SU45111L51,LYCEE TECHNIQUE D&#039;EBOLOWA,ALPHA_PREFIX,Sud,CONFIRMED_BY_MATCH,ESTP,PROBABLE,Lyce d'EBOLOWA,SUD,8EI1GSFD112440107
SU45111H19,LYCEE BILINGUE D&#039;EBOLOWA II,ALPHA_PREFIX,Sud,CONFIRMED_BY_MATCH,ESG_OR_UNKNOWN,PROBABLE,Lyce d'EBOLOWA,SUD,8EI1GSFD112440107
SU45111I20,LYCEE CLASSIQUE ET MODERNE EBOLOWA,ALPHA_PREFIX,Sud,CONFIRMED_BY_MATCH,ESG_OR_UNKNOWN,PROBABLE,Lyce Classique et Moderne de MVOMEKA'A,SUD,8CH1GSFD110091090
SU45111I21,LYCEE D&#039;EBOLOWA,ALPHA_PREFIX,Sud,CONFIRMED_BY_MATCH,ESG_OR_UNKNOWN,PROBABLE,Lyce d'EBOLOWA,SUD,8EI1GSFD112440107
SU45111I22,LYCEE DE BIBA I,ALPHA_PREFIX,Sud,CONFIRMED_BY_MATCH,ESG_OR_UNKNOWN,PROBABLE,Lyce de BIBA I,SUD,8EI1GSFD110212113
SU45111I23,LYCEE DE MEKOMO,ALPHA_PREFIX,Sud,CONFIRMED_BY_MATCH,ESG_OR_UNKNOWN,PROBABLE,Lyce de MEKOMO,SUD,8EI1GSFD110755113
SU45111I24,LYCEE DE NKOEMVONE,ALPHA_PREFIX,Sud,CONFIRMED_BY_MATCH,ESG_OR_UNKNOWN,PROBABLE,Lyce de NKOEMVONE,SUD,8EI1GSFD112024107
SU45115A25,CES D&#039;ONDONG-ADJAP,ALPHA_PREFIX,Sud,CONFIRMED_BY_MATCH,ESG_OR_UNKNOWN,PROBABLE,CES d'ADJAP-YESSOK,SUD,8HN1GSFD100660107
SU45115A26,CES DE NKOK - EKOUK,ALPHA_PREFIX,Sud,CONFIRMED_BY_MATCH,ESG_OR_UNKNOWN,EXACT_IDENTITY_REGION,CES de NKOK-EKOUK,SUD,8EJ1GSFD102361109
SU45115I27,LYCEE D&#039;EFOULAN (EBOLOWA),ALPHA_PREFIX,Sud,CONFIRMED_BY_MATCH,ESG_OR_UNKNOWN,PROBABLE,Lyce d'EBOLOWA,SUD,8EI1GSFD112440107
SU45230B28,CES BILINGUE DE MENGONG,ALPHA_PREFIX,Sud,CONFIRMED_BY_MATCH,ESG_OR_UNKNOWN,EXACT_IDENTITY_REGION,CES Bilingue de MENGONG,SUD,8EK1GSBD102701114
SU45230A29,CES DE EKOUK,ALPHA_PREFIX,Sud,CONFIRMED_BY_MATCH,ESG_OR_UNKNOWN,EXACT_IDENTITY_REGION,CES d'EKOUK,SUD,8EK1GSFD102928114
SU45230C52,LYCEE TECHNIQUE DE MENGONG,ALPHA_PREFIX,Sud,CONFIRMED_BY_MATCH,ESTP,PROBABLE,CES Bilingue de MENGONG,SUD,8EK1GSBD102701114
SU45230C53,CETIC DE MVOULA,ALPHA_PREFIX,Sud,CONFIRMED_BY_MATCH,ESTP,NEW,,,
SU45230I30,LYCEE D&#039;ATO&#039;OVENG,ALPHA_PREFIX,Sud,CONFIRMED_BY_MATCH,ESG_OR_UNKNOWN,PROBABLE,CES de MINDI-MI-OVENG,SUD,8IC1GSFD100827109
SU45230I31,LYCEE DE MELANE,ALPHA_PREFIX,Sud,CONFIRMED_BY_MATCH,ESG_OR_UNKNOWN,PROBABLE,Lyce de MELANE,SUD,8EK1GSFD111914112
SU45230I32,LYCEE DE MENGONG,ALPHA_PREFIX,Sud,CONFIRMED_BY_MATCH,ESG_OR_UNKNOWN,PROBABLE,CES Bilingue de MENGONG,SUD,8EK1GSBD102701114
SU45256A33,CES D&#039; AMVOM,ALPHA_PREFIX,Sud,CONFIRMED_BY_MATCH,ESG_OR_UNKNOWN,PROBABLE,CES d'AMVOM,SUD,8EL1GSFD102367113
SU45256A34,CES D&#039;ENDENGUE,ALPHA_PREFIX,Sud,CONFIRMED_BY_MATCH,ESG_OR_UNKNOWN,PROBABLE,CES d'ENDENGUE,SUD,8EL1GSFD102044111
SU45256C54,CETIC DE ENDAMEYOS,ALPHA_PREFIX,Sud,CONFIRMED_BY_MATCH,ESTP,NEW,,,
SU45256C55,CETIC OYEM II,ALPHA_PREFIX,Sud,CONFIRMED_BY_MATCH,ESTP,NEW,,,
SU45256L56,LYCEE TECHNIQUE DE MVANGAN,ALPHA_PREFIX,Sud,CONFIRMED_BY_MATCH,ESTP,NEW,,,
SU45256I35,LYCEE DE MVANGAN,ALPHA_PREFIX,Sud,CONFIRMED_BY_MATCH,ESG_OR_UNKNOWN,NEW,,,
SU45278A40,CES PILOTE EBOTENKOU,ALPHA_PREFIX,Sud,CONFIRMED_BY_MATCH,ESG_OR_UNKNOWN,EXACT_IDENTITY_REGION,CES Pilote d'EBOTENKOU,SUD,8EM1GSFD101929103
SU45278A36,CES D&#039;ENAMGAL,ALPHA_PREFIX,Sud,CONFIRMED_BY_MATCH,ESG_OR_UNKNOWN,PROBABLE,CES d'ENAMGAL,SUD,8EM1GSFD101901100
SU45278A37,CES DE BITSOGMAM,ALPHA_PREFIX,Sud,CONFIRMED_BY_MATCH,ESG_OR_UNKNOWN,EXACT_IDENTITY_REGION,CES de BITSOGMAM,SUD,8EM1GSFD100179109
SU45278A38,CES DE DOUM-CHEFFERIE,ALPHA_PREFIX,Sud,CONFIRMED_BY_MATCH,ESG_OR_UNKNOWN,EXACT_IDENTITY_REGION,CES de DOUM-CHEFFERIE,SUD,8EM1GSFD101851102
SU45278A39,CES DE SOUMOU,ALPHA_PREFIX,Sud,CONFIRMED_BY_MATCH,ESG_OR_UNKNOWN,EXACT_IDENTITY_REGION,CES de SOUMOU,SUD,8EM1GSFD100531100
SU45278L57,LYCEE TECHNIQUE DE NGOULEMAKONG,ALPHA_PREFIX,Sud,CONFIRMED_BY_MATCH,ESTP,PROBABLE,Lyce Bilingue de NGOULEMAKONG,SUD,8EM1GSFD110172096
SU45278I41,Lycée Bilingue de NGOULEMAKONG,ALPHA_PREFIX,Sud,CONFIRMED_BY_MATCH,ESG_OR_UNKNOWN,PROBABLE,Lyce Bilingue de NGOULEMAKONG,SUD,8EM1GSFD110172096
SU54005B01,CES BILINGUE DE NYABITANDE,ALPHA_PREFIX,Sud,CONFIRMED_BY_MATCH,ESG_OR_UNKNOWN,EXACT_IDENTITY_REGION,CES Bilingue de NYABITANDE,SUD,8HC1GSBD100310114
SU54005A02,CES DE MVIE,ALPHA_PREFIX,Sud,CONFIRMED_BY_MATCH,ESG_OR_UNKNOWN,EXACT_IDENTITY_REGION,CES de MVIE,SUD,8HC1GSFD101026105
SU54005I03,LYCEE MIXTE D&#039;AKOM II,ALPHA_PREFIX,Sud,CONFIRMED_BY_MATCH,ESG_OR_UNKNOWN,PROBABLE,Lyce Mixte d'AKOM II,SUD,8HC1GSFD110259092
SU54173C38,CETIC DE LA LOBE,ALPHA_PREFIX,Sud,CONFIRMED_BY_MATCH,ESTP,NEW,,,
SU54173E39,ENIEG DE KRIBI,ALPHA_PREFIX,Sud,CONFIRMED_BY_MATCH,ENI,PROBABLE,Lyce Bilingue de KRIBI,SUD,8HJ1GSBD111964100
SU54173L40,LYCEE TECHNIQUE D&#039;AKOM II,ALPHA_PREFIX,Sud,CONFIRMED_BY_MATCH,ESTP,PROBABLE,Lyce Mixte d'AKOM II,SUD,8HC1GSFD110259092
SU54173I11,LYCEE DE GRAND BATANGA,ALPHA_PREFIX,Sud,CONFIRMED_BY_MATCH,ESG_OR_UNKNOWN,PROBABLE,Lyce de GRAND-BATANGA,SUD,8HI1GSFD110421106
SU54173I12,LYCEE BILINGUE DE KRIBI URBAIN,ALPHA_PREFIX,Sud,CONFIRMED_BY_MATCH,ESG_OR_UNKNOWN,PROBABLE,Lyce Bilingue de KRIBI,SUD,8HJ1GSBD111964100
SU54174A13,LYCEE DE MPALLA,ALPHA_PREFIX,Sud,CONFIRMED_BY_MATCH,ESG_OR_UNKNOWN,PROBABLE,CES de MPALLA,SUD,8HJ1GSFD100203111
SU54174C41,CETIC DE FIFINDA,ALPHA_PREFIX,Sud,CONFIRMED_BY_MATCH,ESTP,PROBABLE,CES de FIFINDA,SUD,8HK1GSFD102862115
SU54174C42,CETIC DE LONDJI,ALPHA_PREFIX,Sud,CONFIRMED_BY_MATCH,ESTP,NEW,,,
SU54174L43,LYCEE TECHNIQUE BILINGUE DE KRIBI,ALPHA_PREFIX,Sud,CONFIRMED_BY_MATCH,ESTP,PROBABLE,Lyce Bilingue de KRIBI,SUD,8HJ1GSBD111964100
SU54174H14,LYCEE BILINGUE KRIBI,ALPHA_PREFIX,Sud,CONFIRMED_BY_MATCH,ESG_OR_UNKNOWN,PROBABLE,Lyce Bilingue de KRIBI,SUD,8HJ1GSBD111964100
SU54174I15,LYCEE BILINGUE DE DOMBE,ALPHA_PREFIX,Sud,CONFIRMED_BY_MATCH,ESG_OR_UNKNOWN,PROBABLE,Lyce Bilingue de DOMBE,SUD,8HJ1GSFD110675113
SU54186A16,CES D EBONDI,ALPHA_PREFIX,Sud,CONFIRMED_BY_MATCH,ESG_OR_UNKNOWN,EXACT_IDENTITY_REGION,CES d'EBONDI,SUD,8HK1GSFD102929114
SU54186A17,CES DE BELLA,ALPHA_PREFIX,Sud,CONFIRMED_BY_MATCH,ESG_OR_UNKNOWN,EXACT_IDENTITY_REGION,CES de BELLA,SUD,8HK1GSFD100734108
SU54186A18,CES DE BONGUEN,ALPHA_PREFIX,Sud,CONFIRMED_BY_MATCH,ESG_OR_UNKNOWN,EXACT_IDENTITY_REGION,CES de BONGUEN,SUD,8HK1GSFD102321113
SU54186A19,CES DE FIFINDA,ALPHA_PREFIX,Sud,CONFIRMED_BY_MATCH,ESG_OR_UNKNOWN,EXACT_IDENTITY_REGION,CES de FIFINDA,SUD,8HK1GSFD102862115
SU54186A20,CES DE MAKOURE,ALPHA_PREFIX,Sud,CONFIRMED_BY_MATCH,ESG_OR_UNKNOWN,EXACT_IDENTITY_REGION,CES de MAKOURE,SUD,8HK1GSFD100741100
SU54186A21,CES DE MBOKE,ALPHA_PREFIX,Sud,CONFIRMED_BY_MATCH,ESG_OR_UNKNOWN,EXACT_IDENTITY_REGION,CES de MBOKE,SUD,8HK1GSFD100748112
SU54186A22,CES DE NKOLLO,ALPHA_PREFIX,Sud,CONFIRMED_BY_MATCH,ESG_OR_UNKNOWN,EXACT_IDENTITY_REGION,CES de NKOLLO,SUD,8HK1GSFD102318113
SU54186C44,CETIC D&#039;ELOGBATINDI,ALPHA_PREFIX,Sud,CONFIRMED_BY_MATCH,ESTP,PROBABLE,Lyce d'ELOGBATINDI,SUD,8HK1GSFD111165106
SU54186C45,CETIC SOCAPALM KIENKE,ALPHA_PREFIX,Sud,CONFIRMED_BY_MATCH,ESTP,NEW,,,
SU54186H23,LYCEE BILINGUE DE KRIBI RURAL,ALPHA_PREFIX,Sud,CONFIRMED_BY_MATCH,ESG_OR_UNKNOWN,PROBABLE,Lyce Bilingue de KRIBI,SUD,8HJ1GSBD111964100
SU54186I24,LYCEE D&#039;ELOGBATINDI,ALPHA_PREFIX,Sud,CONFIRMED_BY_MATCH,ESG_OR_UNKNOWN,PROBABLE,Lyce d'ELOGBATINDI,SUD,8HK1GSFD111165106
SU54187A25,CES DE MBANGO BOULOU,ALPHA_PREFIX,Sud,CONFIRMED_BY_MATCH,ESG_OR_UNKNOWN,PROBABLE,CES de BANGO-BOULOU,SUD,8HL1GSFD102193113
SU54187A26,CES DE BIKALLA,ALPHA_PREFIX,Sud,CONFIRMED_BY_MATCH,ESG_OR_UNKNOWN,EXACT_IDENTITY_REGION,CES de BIKALLA,SUD,8HL1GSFD101882110
SU54187A27,CES DE BIKOKA,ALPHA_PREFIX,Sud,CONFIRMED_BY_MATCH,ESG_OR_UNKNOWN,EXACT_IDENTITY_REGION,CES de BIKOKA,SUD,8HL1GSFD101265110
SU54187A28,CES DE NKOUMBALA,ALPHA_PREFIX,Sud,CONFIRMED_BY_MATCH,ESG_OR_UNKNOWN,EXACT_IDENTITY_REGION,CES de NKOUMBALA,SUD,8HL1GSFD102728114
SU54187C46,CETIC DE NGOVAYANG I,ALPHA_PREFIX,Sud,CONFIRMED_BY_MATCH,ESTP,NEW,,,
SU54187L47,LYCEE TECHNIQUE DE LOLODORF,ALPHA_PREFIX,Sud,CONFIRMED_BY_MATCH,ESTP,PROBABLE,Lyce Bilingue de LOLODORF,SUD,8HL1GSFD112033091
SU54187I29,LYCEE BILINGUE DE LOLODORF,ALPHA_PREFIX,Sud,CONFIRMED_BY_MATCH,ESG_OR_UNKNOWN,PROBABLE,Lyce Bilingue de LOLODORF,SUD,8HL1GSFD112033091
SU54257A30,CES DE MELONDO,ALPHA_PREFIX,Sud,CONFIRMED_BY_MATCH,ESG_OR_UNKNOWN,EXACT_IDENTITY_REGION,CES de MELONDO,SUD,8HM1GSFD102085105
SU54257A31,CES DE WOM,ALPHA_PREFIX,Sud,CONFIRMED_BY_MATCH,ESG_OR_UNKNOWN,EXACT_IDENTITY_REGION,CES de WOM,SUD,8HM1GSFD102736114
SU54257C48,CETIC DE MELONDO,ALPHA_PREFIX,Sud,CONFIRMED_BY_MATCH,ESTP,PROBABLE,CES de MELONDO,SUD,8HM1GSFD102085105
SU54257E49,ENIEG DE MVENGUE,ALPHA_PREFIX,Sud,CONFIRMED_BY_MATCH,ENI,PROBABLE,Lyce Mixte de MVENGUE,SUD,8HM1GSFD112077095
SU54257L50,LT DE MVENGUE,ALPHA_PREFIX,Sud,CONFIRMED_BY_MATCH,ESG_OR_UNKNOWN,PROBABLE,Lyce Mixte de MVENGUE,SUD,8HM1GSFD112077095
SU54257I32,LYCEE MIXTE DE MVENGUE,ALPHA_PREFIX,Sud,CONFIRMED_BY_MATCH,ESG_OR_UNKNOWN,PROBABLE,Lyce Mixte de MVENGUE,SUD,8HM1GSFD112077095
SU54287A33,CES D&#039;ADJAP YESSOK,ALPHA_PREFIX,Sud,CONFIRMED_BY_MATCH,ESG_OR_UNKNOWN,PROBABLE,CES d'ADJAP-YESSOK,SUD,8HN1GSFD100660107
SU54287C51,CETIC D&#039;ANDJECK,ALPHA_PREFIX,Sud,CONFIRMED_BY_MATCH,ESTP,NEW,,,
SU54287L52,LYCEE TECHNIQUE BILINGUE DE NIETE,ALPHA_PREFIX,Sud,CONFIRMED_BY_MATCH,ESTP,PROBABLE,Lyce Bilingue de NIETE,SUD,8HN1GSBD111919112
SU54287H34,LYCEE BILINGUE DE NIETE,ALPHA_PREFIX,Sud,CONFIRMED_BY_MATCH,ESG_OR_UNKNOWN,PROBABLE,Lyce Bilingue de NIETE,SUD,8HN1GSBD111919112
SU56010A01,CES DE MBAM-ESSAOBAM,ALPHA_PREFIX,Sud,CONFIRMED_BY_MATCH,ESG_OR_UNKNOWN,EXACT_IDENTITY_REGION,CES de MBAM-ESSAOBAM,SUD,8IC1GSFD100381112
SU56010A02,CES DE MEYO ELIE,ALPHA_PREFIX,Sud,CONFIRMED_BY_MATCH,ESG_OR_UNKNOWN,EXACT_IDENTITY_REGION,CES de MEYO-ELIE,SUD,8IC1GSFD100019109
SU56010A03,CES MINDI MI OVENG,ALPHA_PREFIX,Sud,CONFIRMED_BY_MATCH,ESG_OR_UNKNOWN,EXACT_IDENTITY_REGION,CES de MINDI-MI-OVENG,SUD,8IC1GSFD100827109
SU56010A04,CES DE THO II,ALPHA_PREFIX,Sud,CONFIRMED_BY_MATCH,ESG_OR_UNKNOWN,EXACT_IDENTITY_REGION,CES de THO II,SUD,8IC1GSFD100352112
SU56010C19,LYCEE TECHNIQUE DE KYE-OSSI,ALPHA_PREFIX,Sud,CONFIRMED_BY_MATCH,ESTP,PROBABLE,Lyce Bilingue de KYE-OSSI,SUD,8IE1GSBD112155108
SU56010C20,CETIC DE MEYO ELIE,ALPHA_PREFIX,Sud,CONFIRMED_BY_MATCH,ESTP,PROBABLE,CES de MEYO-ELIE,SUD,8IC1GSFD100019109
SU56010C21,CETIC DE NSAKOUA,ALPHA_PREFIX,Sud,CONFIRMED_BY_MATCH,ESTP,NEW,,,
SU56010E22,ENIEG D&#039;AMBAM,ALPHA_PREFIX,Sud,CONFIRMED_BY_MATCH,ENI,PROBABLE,Lyce Bilingue d'AMBAM,SUD,8IC1GSBD112069108
SU56010L23,LYCEE TECHNIQUE D&#039;AMBAM,ALPHA_PREFIX,Sud,CONFIRMED_BY_MATCH,ESTP,PROBABLE,Lyce Bilingue d'AMBAM,SUD,8IC1GSBD112069108
SU56010H05,LYCEE BILINGUE D&#039;AMBAM,ALPHA_PREFIX,Sud,CONFIRMED_BY_MATCH,ESG_OR_UNKNOWN,PROBABLE,Lyce Bilingue d'AMBAM,SUD,8IC1GSBD112069108
SU56010I06,LYCEE D&#039;ABANG-MINKO,ALPHA_PREFIX,Sud,CONFIRMED_BY_MATCH,ESG_OR_UNKNOWN,PROBABLE,Lyce d'ABANG-MINKO,SUD,8IC1GSFD112102108
SU56010I07,LYCEE D&#039;ASSANDJIK,ALPHA_PREFIX,Sud,CONFIRMED_BY_MATCH,ESG_OR_UNKNOWN,PROBABLE,Lyce d'ASSANDJIK,SUD,8IC1GSFD110195110
SU56010I08,LYCEE DE MEYO-CENTRE,ALPHA_PREFIX,Sud,CONFIRMED_BY_MATCH,ESG_OR_UNKNOWN,PROBABLE,Lyce de MEYO-CENTRE,SUD,8IC1GSFD111168107
SU56180H09,LYCEE BILINGUE DE KYE-OSSI,ALPHA_PREFIX,Sud,CONFIRMED_BY_MATCH,ESG_OR_UNKNOWN,PROBABLE,Lyce Bilingue de KYE-OSSI,SUD,8IE1GSBD112155108
SU56190A10,CES D&#039;EKEKE,ALPHA_PREFIX,Sud,CONFIRMED_BY_MATCH,ESG_OR_UNKNOWN,PROBABLE,CES d'EKEKE,SUD,8IH1GSFD100444108
SU56190A11,CES D&#039;ENDENDEM,ALPHA_PREFIX,Sud,CONFIRMED_BY_MATCH,ESG_OR_UNKNOWN,PROBABLE,CES d'ENDENDEM,SUD,8IH1GSFD102719114
SU56190A12,LYCEE DE MEBEM,ALPHA_PREFIX,Sud,CONFIRMED_BY_MATCH,ESG_OR_UNKNOWN,PROBABLE,CES de MEBEM,SUD,8IH1GSFD102159107
SU56190I14,LYCEE BILINGUE DE MA&#039;AN,ALPHA_PREFIX,Sud,CONFIRMED_BY_MATCH,ESG_OR_UNKNOWN,NEW,,,
SU56190I13,LYCEE DE NYABESSANG,ALPHA_PREFIX,Sud,CONFIRMED_BY_MATCH,ESG_OR_UNKNOWN,PROBABLE,Lyce de NYABESSANG,SUD,8IH1GSFD110369110
SU56313A15,LYCEE BILINGUE DE BIYI-AKOUM-ESEJE&#039;E,ALPHA_PREFIX,Sud,CONFIRMED_BY_MATCH,ESG_OR_UNKNOWN,PROBABLE,CES Bilingue de BIYI-AKOUM-ESEJEE,SUD,8II1GSBD100170118
SU56313A16,CES DE MEKOMENGONA,ALPHA_PREFIX,Sud,CONFIRMED_BY_MATCH,ESG_OR_UNKNOWN,NEW,,,
SU56313A17,CES MEYO-BIBOULOU,ALPHA_PREFIX,Sud,CONFIRMED_BY_MATCH,ESG_OR_UNKNOWN,EXACT_IDENTITY_REGION,CES de MEYO-BIBOULOU,SUD,8II1GSFD102325113
SU56313L24,LYCEE TECHNIQUE D&#039;OLAMZE,ALPHA_PREFIX,Sud,CONFIRMED_BY_MATCH,ESTP,PROBABLE,Lyce Bilingue d'OLAMZE,SUD,8II1GSFD112021100
SU56313I18,LYCEE bILINGUE D&#039;OLAMZE,ALPHA_PREFIX,Sud,CONFIRMED_BY_MATCH,ESG_OR_UNKNOWN,PROBABLE,Lyce Bilingue d'OLAMZE,SUD,8II1GSFD112021100
SU54065A04,CES D&#039;ATOG-BOGA,ALPHA_PREFIX,Sud,CONFIRMED_BY_MATCH,ESG_OR_UNKNOWN,PROBABLE,CES d'ATOG-BOGA,SUD,8HE1GSFD101150104
SU54065A05,CES DE BIDJOUKA-ATLANTIQUE,ALPHA_PREFIX,Sud,CONFIRMED_BY_MATCH,ESG_OR_UNKNOWN,EXACT_IDENTITY_REGION,CES de BIDJOUKA-ATLANTIQUE,SUD,8HE1GSFD101212110
SU54065A06,CES DE GRAND ZAMBI,ALPHA_PREFIX,Sud,CONFIRMED_BY_MATCH,ESG_OR_UNKNOWN,EXACT_IDENTITY_REGION,CES de GRAND-ZAMBI,SUD,8HE1GSFD100367110
SU54065A07,CES de MOUNGUE,ALPHA_PREFIX,Sud,CONFIRMED_BY_MATCH,ESG_OR_UNKNOWN,NEW,,,
SU54065C35,CETIC DE BIPINDI,ALPHA_PREFIX,Sud,CONFIRMED_BY_MATCH,ESTP,PROBABLE,Lyce de BIPINDI,SUD,8HE1GSFD110090098
SU54065C36,CETIC DE SONG MAHI,ALPHA_PREFIX,Sud,CONFIRMED_BY_MATCH,ESTP,NEW,,,
SU54065I08,LYCEE DE BIPINDI,ALPHA_PREFIX,Sud,CONFIRMED_BY_MATCH,ESG_OR_UNKNOWN,PROBABLE,Lyce de BIPINDI,SUD,8HE1GSFD110090098
SU54078A09,CES D&#039;EBODJE,ALPHA_PREFIX,Sud,CONFIRMED_BY_MATCH,ESG_OR_UNKNOWN,PROBABLE,CES d'EBODJE,SUD,8HH1GSFD101865110
SU54078L37,LYCEE TECHNIQUE DE CAMPO,ALPHA_PREFIX,Sud,CONFIRMED_BY_MATCH,ESTP,PROBABLE,Lyce de CAMPO,SUD,8HH1GSFD111374098
SU54078I10,LYCEE DE CAMPO,ALPHA_PREFIX,Sud,CONFIRMED_BY_MATCH,ESG_OR_UNKNOWN,PROBABLE,Lyce de CAMPO,SUD,8HH1GSFD111374098
18491131,NOTRE DAME DE NIETE,DIGIT_PREFIX,,,ESG_OR_UNKNOWN,PROBABLE_NO_REGION_SIGNAL,Lyce Bilingue de NIETE,SUD,8HN1GSBD111919112
18521132,COLLEGE PRIVE PROTESTANT CONAF,DIGIT_PREFIX,,,ESG_OR_UNKNOWN,NEW,,,
18521133,COLLEGE SAINT CHARLES LWANGA,DIGIT_PREFIX,,,ESG_OR_UNKNOWN,NEW,,,
18521134,COURS DU SOIR ZONEL,DIGIT_PREFIX,,,ADULT_EVENING,NEW,,,
18521135,COLLEGE MONSEIGNEUR NKOU,DIGIT_PREFIX,,,ESG_OR_UNKNOWN,NEW,,,
18521136,COLLEGE POLYVALENT PERE JOSEPH,DIGIT_PREFIX,,,ESG_OR_UNKNOWN,PROBABLE_NO_REGION_SIGNAL,Lyce TSF MONGO JOSEPH,LITTORAL,7IE1GSFD110002091
18511137,COLLEGE DE L&#039;IMMACULEE DE SANGMELIMA,DIGIT_PREFIX,,,ESG_OR_UNKNOWN,PROBABLE_NO_REGION_SIGNAL,Lyce Classique et Moderne de SANGMELIMA,SUD,8CL1GSFD111825069
18511138,COLLEGE NOTRE DAME SACRE COEUR DE SANGMELIMA,DIGIT_PREFIX,,,ESG_OR_UNKNOWN,PROBABLE_NO_REGION_SIGNAL,Lyce Classique et Moderne de SANGMELIMA,SUD,8CL1GSFD111825069
18511139,COLLEGE PRIVE LAIC DU DJA ET LOBO CODJAL DE SANGMELIMA,DIGIT_PREFIX,,,ESG_OR_UNKNOWN,PROBABLE_NO_REGION_SIGNAL,Lyce de LOBO,CENTRE,5EJ1GSFD111068108
18511140,COURS DU SOIR CENTRE SOCIAL POUR L&#039;EDUCATION CONTINUE (CESEC),DIGIT_PREFIX,,,ADULT_EVENING,PROBABLE_NO_REGION_SIGNAL,Lyce de MELONG-CENTRE,LITTORAL,7CM1GSFD111655107
18511141,COLLEGE PERE CHARLES STINZY,DIGIT_PREFIX,,,ESG_OR_UNKNOWN,NEW,,,
18511142,COLLEGE PROTESTANT DE ZOETELE,DIGIT_PREFIX,,,ESG_OR_UNKNOWN,PROBABLE_NO_REGION_SIGNAL,Lyce Bilingue de ZOETELE,SUD,8CM1GSBD111650114
18511143,COLLEGE SAINTE MARGUERITE,DIGIT_PREFIX,,,ESG_OR_UNKNOWN,NEW,,,
18491144,CETM ST JOSEPH/KRIBI,DIGIT_PREFIX,,,ESG_OR_UNKNOWN,PROBABLE_NO_REGION_SIGNAL,Lyce TSF MONGO JOSEPH,LITTORAL,7IE1GSFD110002091
18491145,COLLEGE LE PARADIS DES ANGES,DIGIT_PREFIX,,,ESG_OR_UNKNOWN,NEW,,,
18491146,COURS DU SOIR DU REVEIL,DIGIT_PREFIX,,,ADULT_EVENING,NEW,,,
18491147,COLLEGE ADVENTISTE BILINGUE DE KRIBI,DIGIT_PREFIX,,,ESG_OR_UNKNOWN,PROBABLE_NO_REGION_SIGNAL,Lyce Bilingue de KRIBI,SUD,8HJ1GSBD111964100
18491148,COLLEGE JEAN-CHARLES,DIGIT_PREFIX,,,ESG_OR_UNKNOWN,NEW,,,
18491149,COURS DU SOIR ADVENTISTE DE KRIBI,DIGIT_PREFIX,,,ADULT_EVENING,PROBABLE_NO_REGION_SIGNAL,Lyce Bilingue de KRIBI,SUD,8HJ1GSBD111964100
18491150,ZION INETRNATIONAL COMPREHENSIVE COLLEGE,DIGIT_PREFIX,,,ESG_OR_UNKNOWN,NEW,,,
18501151,COLLEGE BILINGUE ONASI,DIGIT_PREFIX,,,ESG_OR_UNKNOWN,NEW,,,
18501152,COLLEGE BONNEAU,DIGIT_PREFIX,,,ESG_OR_UNKNOWN,NEW,,,
18501153,COLLEGE PRIVE LAIC LES BATISSEURS,DIGIT_PREFIX,,,ESG_OR_UNKNOWN,NEW,,,
18501154,COURS DU SOIR CATHOLIQUE ST JEAN BAPTISTE,DIGIT_PREFIX,,,ADULT_EVENING,NEW,,,
18501155,ENIEG CATHOLIQUE ST JEAN BAPTISTE,DIGIT_PREFIX,,,ENI,NEW,,,
18501156,ENPI-SUD (ECOLE NORMALE PRIVÉE D&#039;INSTITUTEURS DU SUD),DIGIT_PREFIX,,,ENI,NEW,,,
18501157,INSTITUT JEZI,DIGIT_PREFIX,,,ESG_OR_UNKNOWN,NEW,,,
18501158,INSTITUT TECHNIQUE DON BOSCO EBOLOWA,DIGIT_PREFIX,,,ESG_OR_UNKNOWN,PROBABLE_NO_REGION_SIGNAL,Lyce d'EBOLOWA,SUD,8EI1GSFD112440107
18501159,COLLEGE DE REFERENCE DE L&#039;AMITIE,DIGIT_PREFIX,,,ESG_OR_UNKNOWN,NEW,,,
18501160,COLLEGES UNIS D&#039;ELAT,DIGIT_PREFIX,,,ESG_OR_UNKNOWN,PROBABLE_NO_REGION_SIGNAL,Lyce d'ELAT,CENTRE,5JH1GSFD111172105
18501161,COMPLEXE SCOLAIRE BILINGUE LES ESPOIRS,DIGIT_PREFIX,,,ESG_OR_UNKNOWN,NEW,,,
18501162,COLLEGE DANIEL AKONO NKO&#039;O,DIGIT_PREFIX,,,ESG_OR_UNKNOWN,PROBABLE_NO_REGION_SIGNAL,Lyce Bilingue d'AKONO,CENTRE,5KC1GSBD110298113
18501163,COLLEGE SAINT FRANCOIS DE SALES (MELANE),DIGIT_PREFIX,,,ESG_OR_UNKNOWN,PROBABLE_NO_REGION_SIGNAL,Lyce de MELANE,SUD,8EK1GSFD111914112
18501164,COLLEGE CATHOLIQUE ETOILE DE NGOULMAKONG,DIGIT_PREFIX,,,ESG_OR_UNKNOWN,NEW,,,
SW10076H06,GBHS MOLYKO BUEA,ALPHA_PREFIX,Sud-Ouest,INFERRED_BY_ELIMINATION,ESG_OR_UNKNOWN,PROBABLE,Lyce Bilingue de MOLYKO-BUEA,SUD-OUEST,6CC1GSBD111860071
SW10076H07,GBHS MUEA - BUEA,ALPHA_PREFIX,Sud-Ouest,INFERRED_BY_ELIMINATION,ESG_OR_UNKNOWN,PROBABLE,Lyce Bilingue de MOLYKO-BUEA,SUD-OUEST,6CC1GSBD111860071
SW10076I08,GHS BOLIFAMBA MILE 16,ALPHA_PREFIX,Sud-Ouest,INFERRED_BY_ELIMINATION,ESG_OR_UNKNOWN,PROBABLE,Lyce de BOLIFAMBA-MILE 16,SUD-OUEST,6CC1GSAD110903114
SW10076I09,GHS BONJONGO-BUEA,ALPHA_PREFIX,Sud-Ouest,INFERRED_BY_ELIMINATION,ESG_OR_UNKNOWN,PROBABLE,Lyce de BONJONGO-BUEA,SUD-OUEST,6CC1GSAD110371105
SW10076I10,GHS BUEA,ALPHA_PREFIX,Sud-Ouest,INFERRED_BY_ELIMINATION,ESG_OR_UNKNOWN,PROBABLE,Lyce Bilingue de MOLYKO-BUEA,SUD-OUEST,6CC1GSBD111860071
SW10076I11,GHS BUEA RURAL,ALPHA_PREFIX,Sud-Ouest,INFERRED_BY_ELIMINATION,ESG_OR_UNKNOWN,PROBABLE,Lyce Bilingue de MOLYKO-BUEA,SUD-OUEST,6CC1GSBD111860071
SW10076I12,GHS BUEA TOWN,ALPHA_PREFIX,Sud-Ouest,INFERRED_BY_ELIMINATION,ESG_OR_UNKNOWN,PROBABLE,Lyce Bilingue de MOLYKO-BUEA,SUD-OUEST,6CC1GSBD111860071
SW10076I13,GHS GREAT SOPPO,ALPHA_PREFIX,Sud-Ouest,INFERRED_BY_ELIMINATION,ESG_OR_UNKNOWN,PROBABLE,Lyce de GREAT-SOPPO-BUEA,SUD-OUEST,6CC1GSAD110858118
SW10076A01,GHS BOMAKA BUEA,ALPHA_PREFIX,Sud-Ouest,INFERRED_BY_ELIMINATION,ESG_OR_UNKNOWN,PROBABLE,Lyce de BOMAKA-BUEA,SUD-OUEST,6CC1GSAD110829118
SW10076A02,GHS BWIYUKU-BUEA,ALPHA_PREFIX,Sud-Ouest,INFERRED_BY_ELIMINATION,ESG_OR_UNKNOWN,PROBABLE,Lyce Bilingue de MOLYKO-BUEA,SUD-OUEST,6CC1GSBD111860071
SW10076A03,GSS DIBANDA,ALPHA_PREFIX,Sud-Ouest,INFERRED_BY_ELIMINATION,ESG_OR_UNKNOWN,PROBABLE,CES de DIBANDA,SUD-OUEST,6CC1GSAD102731114
SW10076A04,GSS LIONGO BUEA,ALPHA_PREFIX,Sud-Ouest,INFERRED_BY_ELIMINATION,ESG_OR_UNKNOWN,PROBABLE,Lyce Bilingue de MOLYKO-BUEA,SUD-OUEST,6CC1GSBD111860071
SW10076A05,GSS WOKEKA,ALPHA_PREFIX,Sud-Ouest,INFERRED_BY_ELIMINATION,ESG_OR_UNKNOWN,PROBABLE,CES de WOKEKA,SUD-OUEST,6CC1GSAD100849111
SW10076C31,GTC LYSOKA,ALPHA_PREFIX,Sud-Ouest,INFERRED_BY_ELIMINATION,ESG_OR_UNKNOWN,NEW,,,
SW10076C32,GTC BOVA,ALPHA_PREFIX,Sud-Ouest,INFERRED_BY_ELIMINATION,ESG_OR_UNKNOWN,NEW,,,
SW10076L35,GTHS MOLYKO BUEA,ALPHA_PREFIX,Sud-Ouest,INFERRED_BY_ELIMINATION,ESG_OR_UNKNOWN,PROBABLE,Lyce Bilingue de MOLYKO-BUEA,SUD-OUEST,6CC1GSBD111860071
SW10076E42,GTTC BUEA,ALPHA_PREFIX,Sud-Ouest,INFERRED_BY_ELIMINATION,ESG_OR_UNKNOWN,PROBABLE,Lyce Bilingue de MOLYKO-BUEA,SUD-OUEST,6CC1GSBD111860071
SW10183H15,GBHS LIMBE,ALPHA_PREFIX,Sud-Ouest,INFERRED_BY_ELIMINATION,ESG_OR_UNKNOWN,PROBABLE,Lyce de LIMBE,SUD-OUEST,6CE1GSAD111852082
SW10183I17,GHS BONADIKOMBO MILE 4 LIMBE,ALPHA_PREFIX,Sud-Ouest,INFERRED_BY_ELIMINATION,ESG_OR_UNKNOWN,PROBABLE,Lyce de BONADIKOMBO-MILE 4,SUD-OUEST,6CE1GSAD110479113
SW10183I18,GHS LIMBE,ALPHA_PREFIX,Sud-Ouest,INFERRED_BY_ELIMINATION,ESG_OR_UNKNOWN,PROBABLE,Lyce de LIMBE,SUD-OUEST,6CE1GSAD111852082
SW10183I19,GHS MBONJO LIMBE,ALPHA_PREFIX,Sud-Ouest,INFERRED_BY_ELIMINATION,ESG_OR_UNKNOWN,PROBABLE,Lyce de LIMBE,SUD-OUEST,6CE1GSAD111852082
SW10183E36,GTTC LIMBE,ALPHA_PREFIX,Sud-Ouest,INFERRED_BY_ELIMINATION,ESG_OR_UNKNOWN,PROBABLE,Lyce de LIMBE,SUD-OUEST,6CE1GSAD111852082
SW10183I16,GHS BATOKE,ALPHA_PREFIX,Sud-Ouest,INFERRED_BY_ELIMINATION,ESG_OR_UNKNOWN,PROBABLE,Lyce de BATOKE,SUD-OUEST,6CE1GSAD110041107
SW10183L37,GBTHS LIMBE,ALPHA_PREFIX,Sud-Ouest,INFERRED_BY_ELIMINATION,ESG_OR_UNKNOWN,PROBABLE,Lyce de LIMBE,SUD-OUEST,6CE1GSAD111852082
SW10183A14,GSS MABETA,ALPHA_PREFIX,Sud-Ouest,INFERRED_BY_ELIMINATION,ESG_OR_UNKNOWN,PROBABLE,CES de MABETA,SUD-OUEST,6CE1GSAD101935112
SW10255H21,GBHS MUYUKA,ALPHA_PREFIX,Sud-Ouest,INFERRED_BY_ELIMINATION,ESG_OR_UNKNOWN,PROBABLE,Lyce de MUNYENGE-MUYUKA,SUD-OUEST,6CH1GSAD111948115
SW10255I23,GHS BAFIA-MUYUKA,ALPHA_PREFIX,Sud-Ouest,INFERRED_BY_ELIMINATION,ESG_OR_UNKNOWN,PROBABLE,Lyce de BAFIA-MUYUKA,SUD-OUEST,6CH1GSAD110435109
SW10255I22,GHS EKONA,ALPHA_PREFIX,Sud-Ouest,INFERRED_BY_ELIMINATION,ESG_OR_UNKNOWN,PROBABLE,Lyce d'EKONA,SUD-OUEST,6CH1GSAD112153110
SW10255I24,GHS MALENDE-MUYUKA,ALPHA_PREFIX,Sud-Ouest,INFERRED_BY_ELIMINATION,ESG_OR_UNKNOWN,PROBABLE,Lyce de MALENDE-KUMBA,SUD-OUEST,6JI1GSAD111732112
SW10255I25,GHS MUNYENGE,ALPHA_PREFIX,Sud-Ouest,INFERRED_BY_ELIMINATION,ESG_OR_UNKNOWN,PROBABLE,Lyce de MUNYENGE-MUYUKA,SUD-OUEST,6CH1GSAD111948115
SW10255A20,GSS OWE ROAD MUYUKA,ALPHA_PREFIX,Sud-Ouest,INFERRED_BY_ELIMINATION,ESG_OR_UNKNOWN,PROBABLE,Lyce de MUNYENGE-MUYUKA,SUD-OUEST,6CH1GSAD111948115
SW10255C38,GTC EKONA,ALPHA_PREFIX,Sud-Ouest,INFERRED_BY_ELIMINATION,ESG_OR_UNKNOWN,PROBABLE,Lyce d'EKONA,SUD-OUEST,6CH1GSAD112153110
SW10255C37,GTC MUNYENGE,ALPHA_PREFIX,Sud-Ouest,INFERRED_BY_ELIMINATION,ESG_OR_UNKNOWN,PROBABLE,Lyce de MUNYENGE-MUYUKA,SUD-OUEST,6CH1GSAD111948115
SW10255L39,GTHS MUYUKA,ALPHA_PREFIX,Sud-Ouest,INFERRED_BY_ELIMINATION,ESG_OR_UNKNOWN,PROBABLE,Lyce de MUNYENGE-MUYUKA,SUD-OUEST,6CH1GSAD111948115
SW10338H26,GBHS MUDEKA,ALPHA_PREFIX,Sud-Ouest,INFERRED_BY_ELIMINATION,ESG_OR_UNKNOWN,PROBABLE,Lyce Bilingue de MUDEKA,SUD-OUEST,6CI1GSBD110681113
SW10338H27,GBHS MUTENGENE,ALPHA_PREFIX,Sud-Ouest,INFERRED_BY_ELIMINATION,ESG_OR_UNKNOWN,PROBABLE,Lyce Bilingue de MUTENGENE,SUD-OUEST,6CI1GSBD110440106
SW10338H28,GBHS TIKO,ALPHA_PREFIX,Sud-Ouest,INFERRED_BY_ELIMINATION,ESG_OR_UNKNOWN,PROBABLE,Lyce Bilingue de TIKO,SUD-OUEST,6CI1GSBD110485100
SW10338I29,GHS MOTOMBOLOMBO-TIKO,ALPHA_PREFIX,Sud-Ouest,INFERRED_BY_ELIMINATION,ESG_OR_UNKNOWN,PROBABLE,Lyce de MOTOMBOLOMBO,SUD-OUEST,6CI1GSAD110140113
SW10338L39,GTHS OMBE,ALPHA_PREFIX,Sud-Ouest,INFERRED_BY_ELIMINATION,ESG_OR_UNKNOWN,NEW,,,
SW10338L40,GTHS TIKO,ALPHA_PREFIX,Sud-Ouest,INFERRED_BY_ELIMINATION,ESG_OR_UNKNOWN,PROBABLE,Lyce Bilingue de TIKO,SUD-OUEST,6CI1GSBD110485100
SW10351I30,GHS IDENAU,ALPHA_PREFIX,Sud-Ouest,INFERRED_BY_ELIMINATION,ESG_OR_UNKNOWN,PROBABLE,Lyce d'IDENAU,SUD-OUEST,6CJ1GSAD110693107
SW10351C41,GTHS BAKINGILI,ALPHA_PREFIX,Sud-Ouest,INFERRED_BY_ELIMINATION,ESG_OR_UNKNOWN,NEW,,,
SW19037H06,GBHS BANGEM,ALPHA_PREFIX,Sud-Ouest,INFERRED_BY_ELIMINATION,ESG_OR_UNKNOWN,PROBABLE,Lyce Bilingue de BANGEM,SUD-OUEST,6EC1GSBD112054098
SW19037H07,GBHS MUAMBONG,ALPHA_PREFIX,Sud-Ouest,INFERRED_BY_ELIMINATION,ESG_OR_UNKNOWN,PROBABLE,Lyce Bilingue de MUAMBONG,SUD-OUEST,6EC1GSBD112075108
SW19037B01,GBSS MUANGWEKAN,ALPHA_PREFIX,Sud-Ouest,INFERRED_BY_ELIMINATION,ESG_OR_UNKNOWN,PROBABLE,CES Bilingue de MUANGWEKAN,SUD-OUEST,6EC1GSBD102323113
SW19037A02,GSS EKANJOH-BAJOH,ALPHA_PREFIX,Sud-Ouest,INFERRED_BY_ELIMINATION,ESG_OR_UNKNOWN,PROBABLE,CES d'EKANJOH-BAJOH,SUD-OUEST,6EC1GSAD101679110
SW19037A03,GSS MUABI,ALPHA_PREFIX,Sud-Ouest,INFERRED_BY_ELIMINATION,ESG_OR_UNKNOWN,PROBABLE,CES de MUABI,SUD-OUEST,6EC1GSAD101171110
SW19037A04,GSS MUEBAH NNINONG,ALPHA_PREFIX,Sud-Ouest,INFERRED_BY_ELIMINATION,ESG_OR_UNKNOWN,PROBABLE,CES de MUEBA-NNINONG,SUD-OUEST,6EC1GSAD101668097
SW19037A05,GSS NDIBSI,ALPHA_PREFIX,Sud-Ouest,INFERRED_BY_ELIMINATION,ESG_OR_UNKNOWN,PROBABLE,CES de NDIBSI,SUD-OUEST,6EC1GSAD102310113
SW19037L29,GTHS BANGEM,ALPHA_PREFIX,Sud-Ouest,INFERRED_BY_ELIMINATION,ESG_OR_UNKNOWN,PROBABLE,Lyce Bilingue de BANGEM,SUD-OUEST,6EC1GSBD112054098
SW19037E28,GTTC BANGEM,ALPHA_PREFIX,Sud-Ouest,INFERRED_BY_ELIMINATION,ESG_OR_UNKNOWN,PROBABLE,Lyce Bilingue de BANGEM,SUD-OUEST,6EC1GSBD112054098
SW19285H14,GBHS NGUTI,ALPHA_PREFIX,Sud-Ouest,INFERRED_BY_ELIMINATION,ESG_OR_UNKNOWN,PROBABLE,Lyce Bilingue de NGUTI,SUD-OUEST,6EE1GSBD110678115
SW19285I15,GHS NJUNGO,ALPHA_PREFIX,Sud-Ouest,INFERRED_BY_ELIMINATION,ESG_OR_UNKNOWN,PROBABLE,Lyce de NJUNGO,SUD-OUEST,6EE1GSAD110614107
SW19285A09,GSS BABENSI 1,ALPHA_PREFIX,Sud-Ouest,INFERRED_BY_ELIMINATION,ESG_OR_UNKNOWN,PROBABLE,CES de BABENSI I,SUD-OUEST,6EE1GSAD102322113
SW19285A10,GSS BERMIN,ALPHA_PREFIX,Sud-Ouest,INFERRED_BY_ELIMINATION,ESG_OR_UNKNOWN,PROBABLE,CES de BERMIN,SUD-OUEST,6EE1GSAD101108107
SW19285A08,GSS ELUMB - MBO,ALPHA_PREFIX,Sud-Ouest,INFERRED_BY_ELIMINATION,ESG_OR_UNKNOWN,NEW,,,
SW19285A11,GSS MANYEMEN,ALPHA_PREFIX,Sud-Ouest,INFERRED_BY_ELIMINATION,ESG_OR_UNKNOWN,PROBABLE,CES de MANYEMEN,SUD-OUEST,6EE1GSAD101122108
SW19285A12,GSS MBETTA,ALPHA_PREFIX,Sud-Ouest,INFERRED_BY_ELIMINATION,ESG_OR_UNKNOWN,PROBABLE,CES de MBETTA,SUD-OUEST,6EE1GSAD102025108
SW19285A13,GSS NTALE,ALPHA_PREFIX,Sud-Ouest,INFERRED_BY_ELIMINATION,ESG_OR_UNKNOWN,PROBABLE,CES de NTALE,SUD-OUEST,6EE1GSAD100822109
SW19341C30,GTC MUNGO NDOR,ALPHA_PREFIX,Sud-Ouest,INFERRED_BY_ELIMINATION,ESG_OR_UNKNOWN,NEW,,,
SW19285C25,GTC NGUTI,ALPHA_PREFIX,Sud-Ouest,INFERRED_BY_ELIMINATION,ESG_OR_UNKNOWN,PROBABLE,Lyce Bilingue de NGUTI,SUD-OUEST,6EE1GSBD110678115
SW19037C26,GTC NZELETED-NJUNGO,ALPHA_PREFIX,Sud-Ouest,INFERRED_BY_ELIMINATION,ESG_OR_UNKNOWN,PROBABLE,Lyce de NJUNGO,SUD-OUEST,6EE1GSAD110614107
SW19341H21,GBHS TOMBEL,ALPHA_PREFIX,Sud-Ouest,INFERRED_BY_ELIMINATION,ESG_OR_UNKNOWN,PROBABLE,Lyce Bilingue de TOMBEL,SUD-OUEST,6EH1GSBD110147103
SW19341B35,GBSS BUBA 3 TOMBEL,ALPHA_PREFIX,Sud-Ouest,INFERRED_BY_ELIMINATION,ESG_OR_UNKNOWN,PROBABLE,CES Bilingue de BUBA,SUD-OUEST,6EH1GSBD100725108
SW19341B17,GBSS NDOM-MUASUNDEM,ALPHA_PREFIX,Sud-Ouest,INFERRED_BY_ELIMINATION,ESG_OR_UNKNOWN,PROBABLE,CES Bilingue de NDOM-MUASUNDEM,SUD-OUEST,6EH1GSBD101832104
SW19341I22,GHS EBONJI,ALPHA_PREFIX,Sud-Ouest,INFERRED_BY_ELIMINATION,ESG_OR_UNKNOWN,PROBABLE,Lyce d'EBONJI,SUD-OUEST,6EH1GSAD110467109
SW19341I23,GHS NGUSI,ALPHA_PREFIX,Sud-Ouest,INFERRED_BY_ELIMINATION,ESG_OR_UNKNOWN,PROBABLE,Lyce de NGUSI,SUD-OUEST,6EH1GSAD110411112
SW19341I24,GHS NYASOSO,ALPHA_PREFIX,Sud-Ouest,INFERRED_BY_ELIMINATION,ESG_OR_UNKNOWN,PROBABLE,Lyce de NYASOSO,SUD-OUEST,6EH1GSAD110026092
SW19341A19,GSS NGOBENYOE,ALPHA_PREFIX,Sud-Ouest,INFERRED_BY_ELIMINATION,ESG_OR_UNKNOWN,PROBABLE,CES de NGOBENYOE,SUD-OUEST,6EH1GSAD102813115
SW19341A18,GSS ETAM,ALPHA_PREFIX,Sud-Ouest,INFERRED_BY_ELIMINATION,ESG_OR_UNKNOWN,PROBABLE,CES d'ETAM,SUD-OUEST,6EH1GSAD100713107
SW19341A20,GSS NYANDONG,ALPHA_PREFIX,Sud-Ouest,INFERRED_BY_ELIMINATION,ESG_OR_UNKNOWN,PROBABLE,CES de NYANDONG,SUD-OUEST,6EH1GSAD100608097
SW19341L32,GTHS TOMBEL,ALPHA_PREFIX,Sud-Ouest,INFERRED_BY_ELIMINATION,ESG_OR_UNKNOWN,PROBABLE,Lyce Bilingue de TOMBEL,SUD-OUEST,6EH1GSBD110147103
SW20009H05,GBHS ALOU,ALPHA_PREFIX,Sud-Ouest,INFERRED_BY_ELIMINATION,ESG_OR_UNKNOWN,PROBABLE,Lyce Bilingue d'ALOU,SUD-OUEST,6HC1GSBD111197114
SW20009H06,GBHS NDUNG NWA,ALPHA_PREFIX,Sud-Ouest,INFERRED_BY_ELIMINATION,ESG_OR_UNKNOWN,PROBABLE,Lyce Bilingue de NDUNG-NWA,SUD-OUEST,6HC1GSBD111123111
SW20009B01,GBSS EMOLAH NWANGONG,ALPHA_PREFIX,Sud-Ouest,INFERRED_BY_ELIMINATION,ESG_OR_UNKNOWN,PROBABLE,CES Bilingue d'EMOLAH-NWANGONG,SUD-OUEST,6HC1GSBD101117109
SW20009B02,GBSS MBELENKA,ALPHA_PREFIX,Sud-Ouest,INFERRED_BY_ELIMINATION,ESG_OR_UNKNOWN,PROBABLE,CES Bilingue de MBELENKA,SUD-OUEST,6HC1GSBD101103107
SW20009I07,GHS ANYA-LEWOH,ALPHA_PREFIX,Sud-Ouest,INFERRED_BY_ELIMINATION,ESG_OR_UNKNOWN,PROBABLE,Lyce d'ANYA-LEWOH,SUD-OUEST,6HC1GSAD110674108
SW20009I08,GHS M&#039;MUOCK,ALPHA_PREFIX,Sud-Ouest,INFERRED_BY_ELIMINATION,ESG_OR_UNKNOWN,PROBABLE,CES de M'MUOCK-LETEH,SUD-OUEST,6HH1GSAD100481108
SW20009I09,GHS M&#039;MUOCK MBIE,ALPHA_PREFIX,Sud-Ouest,INFERRED_BY_ELIMINATION,ESG_OR_UNKNOWN,PROBABLE,Lyce de M'MUOCK-MBIE,SUD-OUEST,6HC1GSAD112184114
SW20009A03,GSS EFONG,ALPHA_PREFIX,Sud-Ouest,INFERRED_BY_ELIMINATION,ESG_OR_UNKNOWN,PROBABLE,CES d'EFONG,SUD-OUEST,6HC1GSAD102735114
SW20009A04,GSS NDUMBIN NDUNGATED,ALPHA_PREFIX,Sud-Ouest,INFERRED_BY_ELIMINATION,ESG_OR_UNKNOWN,PROBABLE,CES de NDUMBIN-NDUNGATED,SUD-OUEST,6HC1GSAD102225113
SW20009C28,GTC MMOCKMBIE,ALPHA_PREFIX,Sud-Ouest,INFERRED_BY_ELIMINATION,ESG_OR_UNKNOWN,NEW,,,
SW20009C22,GTC NJENAWUNG,ALPHA_PREFIX,Sud-Ouest,INFERRED_BY_ELIMINATION,ESG_OR_UNKNOWN,NEW,,,
SW20009L24,GTHS ALOU,ALPHA_PREFIX,Sud-Ouest,INFERRED_BY_ELIMINATION,ESG_OR_UNKNOWN,PROBABLE,Lyce Bilingue d'ALOU,SUD-OUEST,6HC1GSBD111197114
SW20009L23,GTHS LEWOH,ALPHA_PREFIX,Sud-Ouest,INFERRED_BY_ELIMINATION,ESG_OR_UNKNOWN,PROBABLE,Lyce d'ANYA-LEWOH,SUD-OUEST,6HC1GSAD110674108
SW20128H12,GBHS FONTEM,ALPHA_PREFIX,Sud-Ouest,INFERRED_BY_ELIMINATION,ESG_OR_UNKNOWN,PROBABLE,Lyce Bilingue de FONTEM,SUD-OUEST,6HE1GSBD111918110
SW20128B10,GBSS ATULIA LEKONG,ALPHA_PREFIX,Sud-Ouest,INFERRED_BY_ELIMINATION,ESG_OR_UNKNOWN,PROBABLE,CES Bilingue d'ATULIA,SUD-OUEST,6HE1GSBD100649106
SW20128I13,GHS FONTEM (Lycée Classique de FONTEM),ALPHA_PREFIX,Sud-Ouest,INFERRED_BY_ELIMINATION,ESG_OR_UNKNOWN,PROBABLE,Lyce Classique de FONTEM,SUD-OUEST,6HE1GSAD112063107
SW20128I14,GHS NGOH ESSOH ATTAH,ALPHA_PREFIX,Sud-Ouest,INFERRED_BY_ELIMINATION,ESG_OR_UNKNOWN,PROBABLE,Lyce de NGOH-ESSOH-ATTAH,SUD-OUEST,6HE1GSAD110488110
SW20128A11,GSS LEBUH - MBI FOSSUNG,ALPHA_PREFIX,Sud-Ouest,INFERRED_BY_ELIMINATION,ESG_OR_UNKNOWN,PROBABLE,CES de LEBUH-MBI-FOSSUNG,SUD-OUEST,6HE1GSAD100602108
SW20128C29,GTC ABEBUE ESSOH-ATTAH,ALPHA_PREFIX,Sud-Ouest,INFERRED_BY_ELIMINATION,ESG_OR_UNKNOWN,PROBABLE,Lyce de NGOH-ESSOH-ATTAH,SUD-OUEST,6HE1GSAD110488110
SW20128C26,GTC FONGE,ALPHA_PREFIX,Sud-Ouest,INFERRED_BY_ELIMINATION,ESG_OR_UNKNOWN,NEW,,,
SW20128L26,GTHS FONTEM,ALPHA_PREFIX,Sud-Ouest,INFERRED_BY_ELIMINATION,ESG_OR_UNKNOWN,PROBABLE,Lyce Bilingue de FONTEM,SUD-OUEST,6HE1GSBD111918110
SW20128E30,GTTC FONTEM,ALPHA_PREFIX,Sud-Ouest,INFERRED_BY_ELIMINATION,ESG_OR_UNKNOWN,PROBABLE,Lyce Bilingue de FONTEM,SUD-OUEST,6HE1GSBD111918110
SW20349I18,GHS BANTENG,ALPHA_PREFIX,Sud-Ouest,INFERRED_BY_ELIMINATION,ESG_OR_UNKNOWN,PROBABLE,Lyce de BANTENG,SUD-OUEST,6HH1GSAD110553113
SW20349I19,GHS BESALI,ALPHA_PREFIX,Sud-Ouest,INFERRED_BY_ELIMINATION,ESG_OR_UNKNOWN,PROBABLE,Lyce de BESALI,SUD-OUEST,6HH1GSAD110475108
SW20349I20,GHS MAGHA,ALPHA_PREFIX,Sud-Ouest,INFERRED_BY_ELIMINATION,ESG_OR_UNKNOWN,PROBABLE,Lyce de MAGHA,SUD-OUEST,6HH1GSAD110671114
SW20349I21,GHS MUNDANI WABANE,ALPHA_PREFIX,Sud-Ouest,INFERRED_BY_ELIMINATION,ESG_OR_UNKNOWN,PROBABLE,Lyce de MUNDANI-WABANE,SUD-OUEST,6HH1GSAD110021107
SW20349A15,GSS BECHATI,ALPHA_PREFIX,Sud-Ouest,INFERRED_BY_ELIMINATION,ESG_OR_UNKNOWN,PROBABLE,CES de BECHATI,SUD-OUEST,6HH1GSAD100144111
SW20349A16,GSS M&#039;MUOCK-LETEH,ALPHA_PREFIX,Sud-Ouest,INFERRED_BY_ELIMINATION,ESG_OR_UNKNOWN,PROBABLE,CES de M'MUOCK-LETEH,SUD-OUEST,6HH1GSAD100481108
SW20349A17,GSS NKONG,ALPHA_PREFIX,Sud-Ouest,INFERRED_BY_ELIMINATION,ESG_OR_UNKNOWN,PROBABLE,CES de NKONG,SUD-OUEST,6HH1GSAD102461110
SW20349C32,GTC BECHATI,ALPHA_PREFIX,Sud-Ouest,INFERRED_BY_ELIMINATION,ESG_OR_UNKNOWN,PROBABLE,CES de BECHATI,SUD-OUEST,6HH1GSAD100144111
SW20349C31,GTC DIH,ALPHA_PREFIX,Sud-Ouest,INFERRED_BY_ELIMINATION,ESG_OR_UNKNOWN,NEW,,,
SW20349C33,GTC NTEMNDZEM,ALPHA_PREFIX,Sud-Ouest,INFERRED_BY_ELIMINATION,ESG_OR_UNKNOWN,NEW,,,
SW20349C34,GTC WABANE,ALPHA_PREFIX,Sud-Ouest,INFERRED_BY_ELIMINATION,ESG_OR_UNKNOWN,PROBABLE,Lyce de MUNDANI-WABANE,SUD-OUEST,6HH1GSAD110021107
SW24008I08,GHS AKWAYA,ALPHA_PREFIX,Sud-Ouest,INFERRED_BY_ELIMINATION,ESG_OR_UNKNOWN,PROBABLE,Lyce d'AKWAYA,SUD-OUEST,6IC1GSAD111824107
SW24008I09,GHS KAJIFU,ALPHA_PREFIX,Sud-Ouest,INFERRED_BY_ELIMINATION,ESG_OR_UNKNOWN,PROBABLE,Lyce de KAJIFU,SUD-OUEST,6IC1GSAD111360111
SW24008A01,GSS AKWA AKWAYA,ALPHA_PREFIX,Sud-Ouest,INFERRED_BY_ELIMINATION,ESG_OR_UNKNOWN,PROBABLE,CES d'AKWA-AKWAYA,SUD-OUEST,6IC1GSAD101926107
SW24008A02,GSS BACHE,ALPHA_PREFIX,Sud-Ouest,INFERRED_BY_ELIMINATION,ESG_OR_UNKNOWN,PROBABLE,CES de BACHE,SUD-OUEST,6IC1GSAD101091099
SW24008A03,GSS BALLIN AKWAYA,ALPHA_PREFIX,Sud-Ouest,INFERRED_BY_ELIMINATION,ESG_OR_UNKNOWN,PROBABLE,Lyce d'AKWAYA,SUD-OUEST,6IC1GSAD111824107
SW24008A04,GSS BANTAKPA - AKWAYA,ALPHA_PREFIX,Sud-Ouest,INFERRED_BY_ELIMINATION,ESG_OR_UNKNOWN,PROBABLE,Lyce d'AKWAYA,SUD-OUEST,6IC1GSAD111824107
SW24008A05,GSS BATABI BALU,ALPHA_PREFIX,Sud-Ouest,INFERRED_BY_ELIMINATION,ESG_OR_UNKNOWN,PROBABLE,CES de BATABI-BALU,SUD-OUEST,6IC1GSAD101210108
SW24008A06,GSS BODAM,ALPHA_PREFIX,Sud-Ouest,INFERRED_BY_ELIMINATION,ESG_OR_UNKNOWN,PROBABLE,CES de BODAM,SUD-OUEST,6IC1GSAD102130104
SW24008A07,GSS TAKAMANDA,ALPHA_PREFIX,Sud-Ouest,INFERRED_BY_ELIMINATION,ESG_OR_UNKNOWN,PROBABLE,CES de TAKAMANDA,SUD-OUEST,6IC1GSAD102246113
SW24008C42,GTC AKWAYA,ALPHA_PREFIX,Sud-Ouest,INFERRED_BY_ELIMINATION,ESG_OR_UNKNOWN,PROBABLE,Lyce d'AKWAYA,SUD-OUEST,6IC1GSAD111824107
SW24008C48,GTC AMASSI,ALPHA_PREFIX,Sud-Ouest,INFERRED_BY_ELIMINATION,ESG_OR_UNKNOWN,NEW,,,
SW24008C47,GTC DADI,ALPHA_PREFIX,Sud-Ouest,INFERRED_BY_ELIMINATION,ESG_OR_UNKNOWN,NEW,,,
SW24008C43,GTC KESHAM,ALPHA_PREFIX,Sud-Ouest,INFERRED_BY_ELIMINATION,ESG_OR_UNKNOWN,NEW,,,
SW24123H20,GBHS EYUMOJOCK,ALPHA_PREFIX,Sud-Ouest,INFERRED_BY_ELIMINATION,ESG_OR_UNKNOWN,PROBABLE,Lyce Bilingue d'EYUMOJOCK,SUD-OUEST,6IE1GSBD112050098
SW24123B11,GBSS NTENAKO,ALPHA_PREFIX,Sud-Ouest,INFERRED_BY_ELIMINATION,ESG_OR_UNKNOWN,PROBABLE,CES Bilingue de NTENAKO,SUD-OUEST,6IEGSBD102697114
SW24123B10,GBSS OKOROBA,ALPHA_PREFIX,Sud-Ouest,INFERRED_BY_ELIMINATION,ESG_OR_UNKNOWN,PROBABLE,CES Bilingue d'OKOROBA,SUD-OUEST,6IE1GSBD101648109
SW24123I21,GHS AFAB,ALPHA_PREFIX,Sud-Ouest,INFERRED_BY_ELIMINATION,ESG_OR_UNKNOWN,PROBABLE,Lyce d'AFAB,SUD-OUEST,6IE1GSAD111651113
SW24123I23,GHS KEMBONG,ALPHA_PREFIX,Sud-Ouest,INFERRED_BY_ELIMINATION,ESG_OR_UNKNOWN,PROBABLE,Lyce de KEMBONG,SUD-OUEST,6IE1GSAD112042099
SW24123I22,GHS OSSING,ALPHA_PREFIX,Sud-Ouest,INFERRED_BY_ELIMINATION,ESG_OR_UNKNOWN,PROBABLE,Lyce d'OSSING,SUD-OUEST,6IE1GSAD111994107
SW24123A17,GSS BABI,ALPHA_PREFIX,Sud-Ouest,INFERRED_BY_ELIMINATION,ESG_OR_UNKNOWN,PROBABLE,CES de BABI,SUD-OUEST,6IE1GSAD101169112
SW24123A12,GSS ABAT,ALPHA_PREFIX,Sud-Ouest,INFERRED_BY_ELIMINATION,ESG_OR_UNKNOWN,PROBABLE,CES d'ABAT,SUD-OUEST,6IE1GSAD102252113
SW24123A13,GSS AKAK,ALPHA_PREFIX,Sud-Ouest,INFERRED_BY_ELIMINATION,ESG_OR_UNKNOWN,PROBABLE,CES d'AKAK,SUD-OUEST,6IE1GSAD100116113
SW24123A14,GSS AYUKABA,ALPHA_PREFIX,Sud-Ouest,INFERRED_BY_ELIMINATION,ESG_OR_UNKNOWN,PROBABLE,CES d'AYUKABA,SUD-OUEST,6IE1GSAD101162108
SW24123A18,GSS BAKOGO,ALPHA_PREFIX,Sud-Ouest,INFERRED_BY_ELIMINATION,ESG_OR_UNKNOWN,PROBABLE,CES de BAKOGO,SUD-OUEST,6IE1GSAD101838102
SW24123A15,GSS EKOK,ALPHA_PREFIX,Sud-Ouest,INFERRED_BY_ELIMINATION,ESG_OR_UNKNOWN,PROBABLE,CES d'EKOK,SUD-OUEST,6IE1GSAD101157110
SW24123A19,GSS MFUNI,ALPHA_PREFIX,Sud-Ouest,INFERRED_BY_ELIMINATION,ESG_OR_UNKNOWN,PROBABLE,CES de MFUNI,SUD-OUEST,6IE1GSAD101848112
SW24123A16,GSS OTU,ALPHA_PREFIX,Sud-Ouest,INFERRED_BY_ELIMINATION,ESG_OR_UNKNOWN,NEW,,,
SW24123C51,GTC INOKUN,ALPHA_PREFIX,Sud-Ouest,INFERRED_BY_ELIMINATION,ESG_OR_UNKNOWN,NEW,,,
SW24347C57,GTC BAKEBE,ALPHA_PREFIX,Sud-Ouest,INFERRED_BY_ELIMINATION,ESG_OR_UNKNOWN,PROBABLE,CES Bilingue de BAKEBE,SUD-OUEST,6II1GSBD100656110
SW24123C52,GTHS EYUMOJOCK,ALPHA_PREFIX,Sud-Ouest,INFERRED_BY_ELIMINATION,ESG_OR_UNKNOWN,PROBABLE,Lyce Bilingue d'EYUMOJOCK,SUD-OUEST,6IE1GSBD112050098
SW24008C46,GTC KEMBONG,ALPHA_PREFIX,Sud-Ouest,INFERRED_BY_ELIMINATION,ESG_OR_UNKNOWN,PROBABLE,Lyce de KEMBONG,SUD-OUEST,6IE1GSAD112042099
SW24123C46,GTC OGOMOKO,ALPHA_PREFIX,Sud-Ouest,INFERRED_BY_ELIMINATION,ESG_OR_UNKNOWN,NEW,,,
SW24123C49,GTC OKOROBA OBANG,ALPHA_PREFIX,Sud-Ouest,INFERRED_BY_ELIMINATION,ESG_OR_UNKNOWN,PROBABLE,CES Bilingue d'OKOROBA,SUD-OUEST,6IE1GSBD101648109
SW24123L51,GTHS NDEKWAI,ALPHA_PREFIX,Sud-Ouest,INFERRED_BY_ELIMINATION,ESG_OR_UNKNOWN,NEW,,,
SW24198H26,GBHS MAMFE,ALPHA_PREFIX,Sud-Ouest,INFERRED_BY_ELIMINATION,ESG_OR_UNKNOWN,PROBABLE,Lyce Bilingue de MAMFE,SUD-OUEST,6IH1GSBD111868099
SW24198I27,GHS BACHUO-NTAI,ALPHA_PREFIX,Sud-Ouest,INFERRED_BY_ELIMINATION,ESG_OR_UNKNOWN,PROBABLE,Lyce de BACHUO-NTAI,SUD-OUEST,6IH1GSAD111951107
SW24198I28,GHS MAMFE,ALPHA_PREFIX,Sud-Ouest,INFERRED_BY_ELIMINATION,ESG_OR_UNKNOWN,PROBABLE,Lyce Bilingue de MAMFE,SUD-OUEST,6IH1GSBD111868099
SW24198I29,GHS NCHANG MAMFE CENTRALE,ALPHA_PREFIX,Sud-Ouest,INFERRED_BY_ELIMINATION,ESG_OR_UNKNOWN,PROBABLE,Lyce Bilingue de MAMFE,SUD-OUEST,6IH1GSBD111868099
SW24198A24,GBHS EGBEKAW,ALPHA_PREFIX,Sud-Ouest,INFERRED_BY_ELIMINATION,ESG_OR_UNKNOWN,PROBABLE,CES d'EGBEKAW,SUD-OUEST,6IH1GSAD101112112
SW24198A25,GSS ESHOBI,ALPHA_PREFIX,Sud-Ouest,INFERRED_BY_ELIMINATION,ESG_OR_UNKNOWN,PROBABLE,CES d'ESHOBI,SUD-OUEST,6IH1GSAD101034110
SW24198L54,GTHS MAMFE,ALPHA_PREFIX,Sud-Ouest,INFERRED_BY_ELIMINATION,ESG_OR_UNKNOWN,PROBABLE,Lyce Bilingue de MAMFE,SUD-OUEST,6IH1GSBD111868099
SW24198E53,GTTC MAMFE,ALPHA_PREFIX,Sud-Ouest,INFERRED_BY_ELIMINATION,ESG_OR_UNKNOWN,PROBABLE,Lyce Bilingue de MAMFE,SUD-OUEST,6IH1GSBD111868099
SW24347B30,GBSS BAKEBE,ALPHA_PREFIX,Sud-Ouest,INFERRED_BY_ELIMINATION,ESG_OR_UNKNOWN,PROBABLE,CES Bilingue de BAKEBE,SUD-OUEST,6II1GSBD100656110
SW24347I40,GHS KENDEM,ALPHA_PREFIX,Sud-Ouest,INFERRED_BY_ELIMINATION,ESG_OR_UNKNOWN,PROBABLE,Lyce de KENDEM,SUD-OUEST,6II1GSAD110050112
SW24347I41,GHS TINTO,ALPHA_PREFIX,Sud-Ouest,INFERRED_BY_ELIMINATION,ESG_OR_UNKNOWN,PROBABLE,Lyce de TINTO,SUD-OUEST,6II1GSAD110027099
SW24347A31,GSS AKATATI - TALI II,ALPHA_PREFIX,Sud-Ouest,INFERRED_BY_ELIMINATION,ESG_OR_UNKNOWN,PROBABLE,CES d'AKATATI-TALI II,SUD-OUEST,6II1GSAD100652110
SW24347A32,GSS AYUKABA-BETIEKU,ALPHA_PREFIX,Sud-Ouest,INFERRED_BY_ELIMINATION,ESG_OR_UNKNOWN,PROBABLE,CES d'AYUKABA,SUD-OUEST,6IE1GSAD101162108
SW24347A33,GSS EBEAGWA,ALPHA_PREFIX,Sud-Ouest,INFERRED_BY_ELIMINATION,ESG_OR_UNKNOWN,PROBABLE,CES d'EBEAGWA,SUD-OUEST,6II1GSAD100520106
SW24347A34,GSS MBINJONG,ALPHA_PREFIX,Sud-Ouest,INFERRED_BY_ELIMINATION,ESG_OR_UNKNOWN,PROBABLE,CES de MBINJONG,SUD-OUEST,6II1GSAD101957104
SW24347A35,GSS MFAITOKIA,ALPHA_PREFIX,Sud-Ouest,INFERRED_BY_ELIMINATION,ESG_OR_UNKNOWN,NEW,,,
SW24347A36,GSS NCHEMBA II,ALPHA_PREFIX,Sud-Ouest,INFERRED_BY_ELIMINATION,ESG_OR_UNKNOWN,PROBABLE,CES de NCHEMBA II,SUD-OUEST,6II1GSAD100138111
SW24347A37,GSS NYENEBA,ALPHA_PREFIX,Sud-Ouest,INFERRED_BY_ELIMINATION,ESG_OR_UNKNOWN,PROBABLE,CES de NYENEBA,SUD-OUEST,6II1GSAD100100109
SW24347A38,GSS SABES,ALPHA_PREFIX,Sud-Ouest,INFERRED_BY_ELIMINATION,ESG_OR_UNKNOWN,PROBABLE,CES de SABES,SUD-OUEST,6II1GSAD100500109
SW24347A39,GSS SUMBE,ALPHA_PREFIX,Sud-Ouest,INFERRED_BY_ELIMINATION,ESG_OR_UNKNOWN,PROBABLE,CES de SUMBE,SUD-OUEST,6II1GSAD100523109
SW24347C56,GTC BACHUO AKAGBE,ALPHA_PREFIX,Sud-Ouest,INFERRED_BY_ELIMINATION,ESG_OR_UNKNOWN,PROBABLE,Lyce de BACHUO-NTAI,SUD-OUEST,6IH1GSAD111951107
SW24347C58,GTC EYANGATEMAKO,ALPHA_PREFIX,Sud-Ouest,INFERRED_BY_ELIMINATION,ESG_OR_UNKNOWN,NEW,,,
SW24347C59,GTC TALI I,ALPHA_PREFIX,Sud-Ouest,INFERRED_BY_ELIMINATION,ESG_OR_UNKNOWN,PROBABLE,CES d'AKATATI-TALI II,SUD-OUEST,6II1GSAD100652110
SW24347C55,GTC TINTO,ALPHA_PREFIX,Sud-Ouest,INFERRED_BY_ELIMINATION,ESG_OR_UNKNOWN,PROBABLE,Lyce de TINTO,SUD-OUEST,6II1GSAD110027099
SW37168I08,GHS DIONGO,ALPHA_PREFIX,Sud-Ouest,INFERRED_BY_ELIMINATION,ESG_OR_UNKNOWN,PROBABLE,Lyce de DIONGO,SUD-OUEST,6JC1GSAD110597115
SW37168I09,GHS KONYE,ALPHA_PREFIX,Sud-Ouest,INFERRED_BY_ELIMINATION,ESG_OR_UNKNOWN,PROBABLE,Lyce de KONYE,SUD-OUEST,6JC1GSAD110418103
SW37168I10,GHS MATOH,ALPHA_PREFIX,Sud-Ouest,INFERRED_BY_ELIMINATION,ESG_OR_UNKNOWN,PROBABLE,Lyce de MATOH,SUD-OUEST,6JC1GSAD110110113
SW37168A04,GSS BADUMA,ALPHA_PREFIX,Sud-Ouest,INFERRED_BY_ELIMINATION,ESG_OR_UNKNOWN,PROBABLE,CES de BADUMA,SUD-OUEST,6JC1GSAD100584111
SW37168A01,GSS EDIKI BEKOLI MBONGE,ALPHA_PREFIX,Sud-Ouest,INFERRED_BY_ELIMINATION,ESG_OR_UNKNOWN,PROBABLE,CES d'EDIKI-BEKOLI,SUD-OUEST,6JC1GSAD101712112
SW37168A02,GSS IBEMI,ALPHA_PREFIX,Sud-Ouest,INFERRED_BY_ELIMINATION,ESG_OR_UNKNOWN,PROBABLE,CES d'IBEMI,SUD-OUEST,6JC1GSAD102431109
SW37168A03,GSS ILLEH LOBANGE,ALPHA_PREFIX,Sud-Ouest,INFERRED_BY_ELIMINATION,ESG_OR_UNKNOWN,PROBABLE,CES d'ILLEH-LOBANGE,SUD-OUEST,6JC1GSAD102435110
SW37168A05,GSS KOBA,ALPHA_PREFIX,Sud-Ouest,INFERRED_BY_ELIMINATION,ESG_OR_UNKNOWN,PROBABLE,CES de KOBA,SUD-OUEST,6JC1GSAD100539108
SW37168A06,GSS MBAKWA SUPE,ALPHA_PREFIX,Sud-Ouest,INFERRED_BY_ELIMINATION,ESG_OR_UNKNOWN,PROBABLE,CES de MBAKWA-SUPE,SUD-OUEST,6JC1GSAD100559107
SW37168A07,GSS WONE,ALPHA_PREFIX,Sud-Ouest,INFERRED_BY_ELIMINATION,ESG_OR_UNKNOWN,PROBABLE,CES de WONE,SUD-OUEST,6JC1GSAD100470112
SW37168C44,GTC DIPENDA BAKUNDU,ALPHA_PREFIX,Sud-Ouest,INFERRED_BY_ELIMINATION,ESG_OR_UNKNOWN,PROBABLE,CES de BOA-BAKUNDU,SUD-OUEST,6JJ1GSAD100915110
SW37168C45,GTC KOKOBUMA,ALPHA_PREFIX,Sud-Ouest,INFERRED_BY_ELIMINATION,ESG_OR_UNKNOWN,NEW,,,
SW37168C46,GTC MATOH-BUTU,ALPHA_PREFIX,Sud-Ouest,INFERRED_BY_ELIMINATION,ESG_OR_UNKNOWN,PROBABLE,CES de BIG-BUTU,SUD-OUEST,6JJ1GSAD100884109
SW37168C47,GTC MATONDO II,ALPHA_PREFIX,Sud-Ouest,INFERRED_BY_ELIMINATION,ESG_OR_UNKNOWN,NEW,,,
SW37175H11,GBHS KUMBA,ALPHA_PREFIX,Sud-Ouest,INFERRED_BY_ELIMINATION,ESG_OR_UNKNOWN,PROBABLE,C.C.A.S. de KUMBA,SUD-OUEST,6JI1GSAD111818082
SW37175F49,GBTTC KUMBA,ALPHA_PREFIX,Sud-Ouest,INFERRED_BY_ELIMINATION,ESG_OR_UNKNOWN,PROBABLE,C.C.A.S. de KUMBA,SUD-OUEST,6JI1GSAD111818082
SW37175I12,GHS KAKE-KUMBA,ALPHA_PREFIX,Sud-Ouest,INFERRED_BY_ELIMINATION,ESG_OR_UNKNOWN,PROBABLE,Lyce de KAKE,SUD-OUEST,6JE1GSAD111961108
SW37175I13,GHS KUMBA-MBENG,ALPHA_PREFIX,Sud-Ouest,INFERRED_BY_ELIMINATION,ESG_OR_UNKNOWN,PROBABLE,C.C.A.S. de KUMBA,SUD-OUEST,6JI1GSAD111818082
SW37175I14,GHS NKAMLIKUM,ALPHA_PREFIX,Sud-Ouest,INFERRED_BY_ELIMINATION,ESG_OR_UNKNOWN,PROBABLE,Lyce de NKAMLIKUM,SUD-OUEST,6JE1GSAD110465113
SW37176A15,GHS FIANGO,ALPHA_PREFIX,Sud-Ouest,INFERRED_BY_ELIMINATION,ESG_OR_UNKNOWN,PROBABLE,CES de FIANGO,SUD-OUEST,6JH1GSAD100457111
SW37175C48,GTC KAKE I,ALPHA_PREFIX,Sud-Ouest,INFERRED_BY_ELIMINATION,ESG_OR_UNKNOWN,PROBABLE,Lyce de KAKE,SUD-OUEST,6JE1GSAD111961108
SW37177A17,CCAS KUMBA,ALPHA_PREFIX,Sud-Ouest,INFERRED_BY_ELIMINATION,ESG_OR_UNKNOWN,PROBABLE,C.C.A.S. de KUMBA,SUD-OUEST,6JI1GSAD111818082
SW37176H16,GBHS KOSALA,ALPHA_PREFIX,Sud-Ouest,INFERRED_BY_ELIMINATION,ESG_OR_UNKNOWN,PROBABLE,Lyce Bilingue de KOSALA,SUD-OUEST,6JH1GSBD110473109
SW37177H19,GBHS MAMBANDA - KUMBA III,ALPHA_PREFIX,Sud-Ouest,INFERRED_BY_ELIMINATION,ESG_OR_UNKNOWN,PROBABLE,C.C.A.S. de KUMBA,SUD-OUEST,6JI1GSAD111818082
SW37177I20,GHS MALENDE-KUMBA,ALPHA_PREFIX,Sud-Ouest,INFERRED_BY_ELIMINATION,ESG_OR_UNKNOWN,PROBABLE,C.C.A.S. de KUMBA,SUD-OUEST,6JI1GSAD111818082
SW37177A18,GSS KANG BAROMBI,ALPHA_PREFIX,Sud-Ouest,INFERRED_BY_ELIMINATION,ESG_OR_UNKNOWN,PROBABLE,CES de KANG-BAROMBI,SUD-OUEST,6JI1GSAD101744111
SW37176C50,GTC TEKE MAMBANDA,ALPHA_PREFIX,Sud-Ouest,INFERRED_BY_ELIMINATION,ESG_OR_UNKNOWN,PROBABLE,Lyce Bilingue de MAMBANDA-KUMBA,SUD-OUEST,6JI1GSBD112035111
SW37177L52,GTHS KANG BAROMBI KUMBA,ALPHA_PREFIX,Sud-Ouest,INFERRED_BY_ELIMINATION,ESG_OR_UNKNOWN,PROBABLE,CES de KANG-BAROMBI,SUD-OUEST,6JI1GSAD101744111
SW37177L53,GTHS KUMBA,ALPHA_PREFIX,Sud-Ouest,INFERRED_BY_ELIMINATION,ESG_OR_UNKNOWN,PROBABLE,C.C.A.S. de KUMBA,SUD-OUEST,6JI1GSAD111818082
SW37177G51,GTTTC KUMBA,ALPHA_PREFIX,Sud-Ouest,INFERRED_BY_ELIMINATION,ESG_OR_UNKNOWN,PROBABLE,C.C.A.S. de KUMBA,SUD-OUEST,6JI1GSAD111818082
SW37223H37,GBHS BOMBE BAKUNDU,ALPHA_PREFIX,Sud-Ouest,INFERRED_BY_ELIMINATION,ESG_OR_UNKNOWN,PROBABLE,CES de BOA-BAKUNDU,SUD-OUEST,6JJ1GSAD100915110
SW37223H38,GBHS MBONGE,ALPHA_PREFIX,Sud-Ouest,INFERRED_BY_ELIMINATION,ESG_OR_UNKNOWN,PROBABLE,Lyce Bilingue de MBONGE,SUD-OUEST,6JJ1GSBD110022111
SW37223B21,GBSS BEKONDO,ALPHA_PREFIX,Sud-Ouest,INFERRED_BY_ELIMINATION,ESG_OR_UNKNOWN,PROBABLE,CES Bilingue de BEKONDO,SUD-OUEST,6JJ1GSBD102714114
SW37223I40,GHS BANGA-BAKUNDU,ALPHA_PREFIX,Sud-Ouest,INFERRED_BY_ELIMINATION,ESG_OR_UNKNOWN,PROBABLE,CES de BOA-BAKUNDU,SUD-OUEST,6JJ1GSAD100915110
SW37223I41,GHS BEKONDO,ALPHA_PREFIX,Sud-Ouest,INFERRED_BY_ELIMINATION,ESG_OR_UNKNOWN,PROBABLE,CES Bilingue de BEKONDO,SUD-OUEST,6JJ1GSBD102714114
SW37223I39,GHS EKOMBE BONJI,ALPHA_PREFIX,Sud-Ouest,INFERRED_BY_ELIMINATION,ESG_OR_UNKNOWN,PROBABLE,Lyce d'EKOMBE-BONJI,SUD-OUEST,6JJ1GSAD111717113
SW37223I42,GHS FOE BAKUNDU,ALPHA_PREFIX,Sud-Ouest,INFERRED_BY_ELIMINATION,ESG_OR_UNKNOWN,PROBABLE,CES de BOA-BAKUNDU,SUD-OUEST,6JJ1GSAD100915110
SW37223I43,GHS KOMBONE BAKUNDU,ALPHA_PREFIX,Sud-Ouest,INFERRED_BY_ELIMINATION,ESG_OR_UNKNOWN,PROBABLE,CES de BOA-BAKUNDU,SUD-OUEST,6JJ1GSAD100915110
SW37223A22,GSS BAI KUKE,ALPHA_PREFIX,Sud-Ouest,INFERRED_BY_ELIMINATION,ESG_OR_UNKNOWN,PROBABLE,CES de BAI-KUKE,SUD-OUEST,6JJ1GSAD100889110
SW37223A23,GSS BAI MANYA,ALPHA_PREFIX,Sud-Ouest,INFERRED_BY_ELIMINATION,ESG_OR_UNKNOWN,PROBABLE,CES de BAI-MANYA,SUD-OUEST,6JJ1GSAD100955110
SW37223A24,GSS BAI PANYA,ALPHA_PREFIX,Sud-Ouest,INFERRED_BY_ELIMINATION,ESG_OR_UNKNOWN,PROBABLE,CES de BAI-PANYA,SUD-OUEST,6JJ1GSAD100817110
SW37223A25,GSS BAKUMBA-MBONGE,ALPHA_PREFIX,Sud-Ouest,INFERRED_BY_ELIMINATION,ESG_OR_UNKNOWN,PROBABLE,CES de BAKUMBA,SUD-OUEST,6JJ1GSAD100881110
SW37223A26,GSS BIG BUTU,ALPHA_PREFIX,Sud-Ouest,INFERRED_BY_ELIMINATION,ESG_OR_UNKNOWN,PROBABLE,CES de BIG-BUTU,SUD-OUEST,6JJ1GSAD100884109
SW37223A27,GSS BIG NGANJO,ALPHA_PREFIX,Sud-Ouest,INFERRED_BY_ELIMINATION,ESG_OR_UNKNOWN,PROBABLE,CES de BIG-NGANJO,SUD-OUEST,6JJ1GSAD101863104
SW37223A28,GSS BOA BAKUNDU,ALPHA_PREFIX,Sud-Ouest,INFERRED_BY_ELIMINATION,ESG_OR_UNKNOWN,PROBABLE,CES de BOA-BAKUNDU,SUD-OUEST,6JJ1GSAD100915110
SW37223A29,GSS BOKOSSO,ALPHA_PREFIX,Sud-Ouest,INFERRED_BY_ELIMINATION,ESG_OR_UNKNOWN,PROBABLE,CES de BOKOSSO,SUD-OUEST,6JJ1GSAD100828107
SW37223A30,GSS BOLE,ALPHA_PREFIX,Sud-Ouest,INFERRED_BY_ELIMINATION,ESG_OR_UNKNOWN,PROBABLE,CES de BOLE,SUD-OUEST,6JJ1GSAD100943110
SW37223A31,GSS BOMBELE,ALPHA_PREFIX,Sud-Ouest,INFERRED_BY_ELIMINATION,ESG_OR_UNKNOWN,PROBABLE,CES de BOMBELE-MBONGE,SUD-OUEST,6JJ1GSAD100813110
SW37223A32,GSS KOTTO BAROMBI,ALPHA_PREFIX,Sud-Ouest,INFERRED_BY_ELIMINATION,ESG_OR_UNKNOWN,PROBABLE,CES de KANG-BAROMBI,SUD-OUEST,6JI1GSAD101744111
SW37223A33,GSS MARUMBA II,ALPHA_PREFIX,Sud-Ouest,INFERRED_BY_ELIMINATION,ESG_OR_UNKNOWN,PROBABLE,CES de MARUMBA II,SUD-OUEST,6JJ1GSAD101189110
SW37223A34,GSS MBALANGI,ALPHA_PREFIX,Sud-Ouest,INFERRED_BY_ELIMINATION,ESG_OR_UNKNOWN,PROBABLE,CES de MBALANGI,SUD-OUEST,6JJ1GSAD100635111
SW37223A35,GSS NGWANDI,ALPHA_PREFIX,Sud-Ouest,INFERRED_BY_ELIMINATION,ESG_OR_UNKNOWN,PROBABLE,CES de NGWANDI,SUD-OUEST,6JJ1GSAD101906100
SW37223A36,GSS SMALL EKOMBE,ALPHA_PREFIX,Sud-Ouest,INFERRED_BY_ELIMINATION,ESG_OR_UNKNOWN,PROBABLE,CES de SMALL-EKOMBE,SUD-OUEST,6JJ1GSAD100738109
SW37223C55,GTC PETTE BAKUNDU,ALPHA_PREFIX,Sud-Ouest,INFERRED_BY_ELIMINATION,ESG_OR_UNKNOWN,PROBABLE,CES de BOA-BAKUNDU,SUD-OUEST,6JJ1GSAD100915110
SW37223C56,GTC BAI FOE,ALPHA_PREFIX,Sud-Ouest,INFERRED_BY_ELIMINATION,ESG_OR_UNKNOWN,NEW,,,
SW37223C57,GTC MASSAKA,ALPHA_PREFIX,Sud-Ouest,INFERRED_BY_ELIMINATION,ESG_OR_UNKNOWN,NEW,,,
SW37223C58,GTC MBONGE MARUMBA,ALPHA_PREFIX,Sud-Ouest,INFERRED_BY_ELIMINATION,ESG_OR_UNKNOWN,PROBABLE,CES de MARUMBA II,SUD-OUEST,6JJ1GSAD101189110
SW37223C59,GTC MOFAKO BEKONDO,ALPHA_PREFIX,Sud-Ouest,INFERRED_BY_ELIMINATION,ESG_OR_UNKNOWN,PROBABLE,CES Bilingue de BEKONDO,SUD-OUEST,6JJ1GSBD102714114
SW37223C60,GTC NAKE BAKOKO,ALPHA_PREFIX,Sud-Ouest,INFERRED_BY_ELIMINATION,ESG_OR_UNKNOWN,NEW,,,
SW37223C54,GTC NGANJO TITI,ALPHA_PREFIX,Sud-Ouest,INFERRED_BY_ELIMINATION,ESG_OR_UNKNOWN,PROBABLE,CES de BIG-NGANJO,SUD-OUEST,6JJ1GSAD101863104
SW37223L61,GTHS BOMBE BAKUNDU,ALPHA_PREFIX,Sud-Ouest,INFERRED_BY_ELIMINATION,ESG_OR_UNKNOWN,PROBABLE,CES de BOA-BAKUNDU,SUD-OUEST,6JJ1GSAD100915110
SW47032A01,GSS BEKUMU I,ALPHA_PREFIX,Sud-Ouest,INFERRED_BY_ELIMINATION,ESG_OR_UNKNOWN,PROBABLE,CES de BEKUMU I,SUD-OUEST,6KC1GSAD101048110
SW47032C28,GTC ILLOANI BALONDO,ALPHA_PREFIX,Sud-Ouest,INFERRED_BY_ELIMINATION,ESG_OR_UNKNOWN,NEW,,,
SW47089I06,GHS DIKOME BALUE,ALPHA_PREFIX,Sud-Ouest,INFERRED_BY_ELIMINATION,ESG_OR_UNKNOWN,PROBABLE,CES de BETENGE-BALUE,SUD-OUEST,6KE1GSAD101098110
SW47089A03,GSS BETENGE-BALUE,ALPHA_PREFIX,Sud-Ouest,INFERRED_BY_ELIMINATION,ESG_OR_UNKNOWN,PROBABLE,CES de BETENGE-BALUE,SUD-OUEST,6KE1GSAD101098110
SW47089A04,GSS BONJI BALUE,ALPHA_PREFIX,Sud-Ouest,INFERRED_BY_ELIMINATION,ESG_OR_UNKNOWN,PROBABLE,CES de BETENGE-BALUE,SUD-OUEST,6KE1GSAD101098110
SW47089A05,GSS DIFENDA BALUE,ALPHA_PREFIX,Sud-Ouest,INFERRED_BY_ELIMINATION,ESG_OR_UNKNOWN,PROBABLE,CES de BETENGE-BALUE,SUD-OUEST,6KE1GSAD101098110
SW47089C26,GTC EBOBE BALUE-NDIAN,ALPHA_PREFIX,Sud-Ouest,INFERRED_BY_ELIMINATION,ESG_OR_UNKNOWN,PROBABLE,CES de BETENGE-BALUE,SUD-OUEST,6KE1GSAD101098110
SW47116H13,GBHS EKONDO TITI,ALPHA_PREFIX,Sud-Ouest,INFERRED_BY_ELIMINATION,ESG_OR_UNKNOWN,PROBABLE,Lyce Bilingue d'EKONDO-TITI,SUD-OUEST,6KH1GSBD111323098
SW47116I14,GHS BAFAKA BALUE,ALPHA_PREFIX,Sud-Ouest,INFERRED_BY_ELIMINATION,ESG_OR_UNKNOWN,PROBABLE,Lyce de BAFAKA-BALUE,SUD-OUEST,6KH1GSAD111327113
SW47116I15,GHS BEKORA BAROMBI,ALPHA_PREFIX,Sud-Ouest,INFERRED_BY_ELIMINATION,ESG_OR_UNKNOWN,PROBABLE,CES de KANG-BAROMBI,SUD-OUEST,6JI1GSAD101744111
SW47116I16,GHS BISORO BALUE,ALPHA_PREFIX,Sud-Ouest,INFERRED_BY_ELIMINATION,ESG_OR_UNKNOWN,PROBABLE,CES de BETENGE-BALUE,SUD-OUEST,6KE1GSAD101098110
SW47116A07,GSS BONGONGO 1,ALPHA_PREFIX,Sud-Ouest,INFERRED_BY_ELIMINATION,ESG_OR_UNKNOWN,PROBABLE,CES de BONGONGO I,SUD-OUEST,6KH1GSAD100871109
SW47116A08,GSS FUNGE BALONDO EKONDO TITI,ALPHA_PREFIX,Sud-Ouest,INFERRED_BY_ELIMINATION,ESG_OR_UNKNOWN,PROBABLE,Lyce Bilingue d'EKONDO-TITI,SUD-OUEST,6KH1GSBD111323098
SW47116A09,GSS KITTA-BALUE,ALPHA_PREFIX,Sud-Ouest,INFERRED_BY_ELIMINATION,ESG_OR_UNKNOWN,PROBABLE,CES de BETENGE-BALUE,SUD-OUEST,6KE1GSAD101098110
SW47116A10,GSS KUMBE BALUE,ALPHA_PREFIX,Sud-Ouest,INFERRED_BY_ELIMINATION,ESG_OR_UNKNOWN,PROBABLE,CES de BETENGE-BALUE,SUD-OUEST,6KE1GSAD101098110
SW47116A11,GSS LOBE ESTATE,ALPHA_PREFIX,Sud-Ouest,INFERRED_BY_ELIMINATION,ESG_OR_UNKNOWN,PROBABLE,CES de LOBE-ESTATE,SUD-OUEST,6KH1GSAD100134112
SW47116A12,GSS LOBE TOWN,ALPHA_PREFIX,Sud-Ouest,INFERRED_BY_ELIMINATION,ESG_OR_UNKNOWN,PROBABLE,CES de LOBE-TOWN,SUD-OUEST,6KH1GSAD100452110
SW47116L29,GTHS EKONDO-TITI,ALPHA_PREFIX,Sud-Ouest,INFERRED_BY_ELIMINATION,ESG_OR_UNKNOWN,PROBABLE,Lyce Bilingue d'EKONDO-TITI,SUD-OUEST,6KH1GSBD111323098
SW47151A17,GSS IDABATO,ALPHA_PREFIX,Sud-Ouest,INFERRED_BY_ELIMINATION,ESG_OR_UNKNOWN,PROBABLE,CES d'IDABATO,SUD-OUEST,6KI1GSAD100838109
SW47151C30,GTC KOMBO AMUNJA I,ALPHA_PREFIX,Sud-Ouest,INFERRED_BY_ELIMINATION,ESG_OR_UNKNOWN,NEW,,,
SW47152H18,GBHS ISANGELE,ALPHA_PREFIX,Sud-Ouest,INFERRED_BY_ELIMINATION,ESG_OR_UNKNOWN,NEW,,,
SW47178C32,GTC AKWA-BAKASSI,ALPHA_PREFIX,Sud-Ouest,INFERRED_BY_ELIMINATION,ESG_OR_UNKNOWN,PROBABLE,CES d'AKWA-AKWAYA,SUD-OUEST,6IC1GSAD101926107
SW47164E31,GTTC AKWA BAKASSI,ALPHA_PREFIX,Sud-Ouest,INFERRED_BY_ELIMINATION,ESG_OR_UNKNOWN,PROBABLE,CES d'AKWA-AKWAYA,SUD-OUEST,6IC1GSAD101926107
SW47165A19,GSS BARRACKS KOMBO ITINDI,ALPHA_PREFIX,Sud-Ouest,INFERRED_BY_ELIMINATION,ESG_OR_UNKNOWN,NEW,,,
SW47254H23,GBHS MUNDEMBA,ALPHA_PREFIX,Sud-Ouest,INFERRED_BY_ELIMINATION,ESG_OR_UNKNOWN,PROBABLE,Lyce Bilingue de MUNDEMBA,SUD-OUEST,6KL1GSBD112466103
SW47254A21,GSS BULU CAMP MUNDEMBA,ALPHA_PREFIX,Sud-Ouest,INFERRED_BY_ELIMINATION,ESG_OR_UNKNOWN,PROBABLE,CES de BULU-CAMP,SUD-OUEST,6KL1GSAD100130107
SW47254A20,GSS EKON II,ALPHA_PREFIX,Sud-Ouest,INFERRED_BY_ELIMINATION,ESG_OR_UNKNOWN,PROBABLE,CES d'EKON II,SUD-OUEST,6KL1GSAD100513107
SW47254A22,GSS MEKA-NGOLO,ALPHA_PREFIX,Sud-Ouest,INFERRED_BY_ELIMINATION,ESG_OR_UNKNOWN,PROBABLE,CES de MEKA-NGOLO,SUD-OUEST,6KL1GSAD100507103
SW47254L34,GTHS MUNDEMBA,ALPHA_PREFIX,Sud-Ouest,INFERRED_BY_ELIMINATION,ESG_OR_UNKNOWN,PROBABLE,Lyce Bilingue de MUNDEMBA,SUD-OUEST,6KL1GSBD112466103
SW47254E33,GTTC MUNDEMBA,ALPHA_PREFIX,Sud-Ouest,INFERRED_BY_ELIMINATION,ESG_OR_UNKNOWN,PROBABLE,Lyce Bilingue de MUNDEMBA,SUD-OUEST,6KL1GSBD112466103
SW47339A24,GSS MADIE NGOLO,ALPHA_PREFIX,Sud-Ouest,INFERRED_BY_ELIMINATION,ESG_OR_UNKNOWN,PROBABLE,CES de MADIE-NGOLO,SUD-OUEST,6KM1GSAD100529110
SW47339A25,GSS TOKO,ALPHA_PREFIX,Sud-Ouest,INFERRED_BY_ELIMINATION,ESG_OR_UNKNOWN,PROBABLE,CES de TOKO,SUD-OUEST,6KM1GSAD100934098
SW47339C34,GTC LIPENJA BATANGA,ALPHA_PREFIX,Sud-Ouest,INFERRED_BY_ELIMINATION,ESG_OR_UNKNOWN,NEW,,,
19541165,BREAKTHROUGH SECONDARY SCHOOL,DIGIT_PREFIX,,,ESG_OR_UNKNOWN,NEW,,,
19541166,SPRING OF KNWOLEDGE SECONDARY SCHOOL,DIGIT_PREFIX,,,ESG_OR_UNKNOWN,NEW,,,
19541167,BUA NASARE MEMORIAL TTC EKONDO TITI,DIGIT_PREFIX,,,ESG_OR_UNKNOWN,PROBABLE_NO_REGION_SIGNAL,Lyce Bilingue d'EKONDO-TITI,SUD-OUEST,6KH1GSBD111323098
19541168,CHRIST THE KING COMP HIGH SCHOOL,DIGIT_PREFIX,,,ESG_OR_UNKNOWN,PROBABLE_NO_REGION_SIGNAL,CES de KING-PLACE-BATCHAM,OUEST,4CE1GSFD101616111
19541169,REDEMPTION GRAMMAR SCHOOL EKONDO TITI,DIGIT_PREFIX,,,ESG_OR_UNKNOWN,PROBABLE_NO_REGION_SIGNAL,Lyce Bilingue d'EKONDO-TITI,SUD-OUEST,6KH1GSBD111323098
19541170,SAINT STEPHEN&#039;S ACADEMY BEKORA,DIGIT_PREFIX,,,ESG_OR_UNKNOWN,PROBABLE_NO_REGION_SIGNAL,Lyce de BEKORA-BAROMBI,SUD-OUEST,6KH1GSAD110400111
19541171,ST PIUS X COLLEGE EKONDO TITI,DIGIT_PREFIX,,,ESG_OR_UNKNOWN,PROBABLE_NO_REGION_SIGNAL,Lyce Bilingue d'EKONDO-TITI,SUD-OUEST,6KH1GSBD111323098
19531172,MODERN COMP HIGH SCHOOL KOMBONE,DIGIT_PREFIX,,,ESG_OR_UNKNOWN,PROBABLE_NO_REGION_SIGNAL,Lyce de KOMBONE-MBONGE,SUD-OUEST,6JJ1GSAD110423106
19531173,PIUS MEMORIAL COMPREHENSIVE COLLEGE-BOLE,DIGIT_PREFIX,,,ESG_OR_UNKNOWN,PROBABLE_NO_REGION_SIGNAL,CES de BOLE,SUD-OUEST,6JJ1GSAD100943110
19531174,BAI COMPREHENSIVE COLLEGE BAI KUKE,DIGIT_PREFIX,,,ESG_OR_UNKNOWN,PROBABLE_NO_REGION_SIGNAL,CES de BAI-KUKE,SUD-OUEST,6JJ1GSAD100889110
19531175,BAKUNDU COMP. SECONDARY SCHOOL KWAKWA,DIGIT_PREFIX,,,ESG_OR_UNKNOWN,PROBABLE_NO_REGION_SIGNAL,CES de BOA-BAKUNDU,SUD-OUEST,6JJ1GSAD100915110
19531176,GLOBICCOL KUMBA,DIGIT_PREFIX,,,ESG_OR_UNKNOWN,PROBABLE_NO_REGION_SIGNAL,C.C.A.S. de KUMBA,SUD-OUEST,6JI1GSAD111818082
19531177,KUMBA CITY COLLEGE,DIGIT_PREFIX,,,ESG_OR_UNKNOWN,PROBABLE_NO_REGION_SIGNAL,C.C.A.S. de KUMBA,SUD-OUEST,6JI1GSAD111818082
19531178,JEMEA MEMORIAL COLLEGE KUMBA,DIGIT_PREFIX,,,ESG_OR_UNKNOWN,PROBABLE_NO_REGION_SIGNAL,C.C.A.S. de KUMBA,SUD-OUEST,6JI1GSAD111818082
19531179,MARTIN LUTHER KING ACADEMY,DIGIT_PREFIX,,,ESG_OR_UNKNOWN,PROBABLE_NO_REGION_SIGNAL,CES de KING-PLACE-BATCHAM,OUEST,4CE1GSFD101616111
19531180,MARY MOSSONGO MEMORIAL COLLEGE OF EDUCATION KUMBA,DIGIT_PREFIX,,,ESG_OR_UNKNOWN,PROBABLE_NO_REGION_SIGNAL,C.C.A.S. de KUMBA,SUD-OUEST,6JI1GSAD111818082
19531181,PRESBYTERIAN HIGH SCHOOL KUMBA,DIGIT_PREFIX,,,ESG_OR_UNKNOWN,PROBABLE_NO_REGION_SIGNAL,C.C.A.S. de KUMBA,SUD-OUEST,6JI1GSAD111818082
19531182,ALL SAINTS SECONDARY SCHOOL KUMBA,DIGIT_PREFIX,,,ESG_OR_UNKNOWN,PROBABLE_NO_REGION_SIGNAL,C.C.A.S. de KUMBA,SUD-OUEST,6JI1GSAD111818082
19531183,DIVINE HIGH SCHOOL KUMBA,DIGIT_PREFIX,,,ESG_OR_UNKNOWN,PROBABLE_NO_REGION_SIGNAL,C.C.A.S. de KUMBA,SUD-OUEST,6JI1GSAD111818082
19531184,ETA COLLEGE KUMBA,DIGIT_PREFIX,,,ESG_OR_UNKNOWN,PROBABLE_NO_REGION_SIGNAL,C.C.A.S. de KUMBA,SUD-OUEST,6JI1GSAD111818082
19531185,ETA SCHOOL FOR BRIGHT AND GIFTED CHILDREEN,DIGIT_PREFIX,,,ESG_OR_UNKNOWN,NEW,,,
19531186,FRANK HARCOURT BILINGUAL HIGH SCHOOL,DIGIT_PREFIX,,,ESG_OR_UNKNOWN,NEW,,,
19531187,FULL GOSPEL SECONDARY SCHOOL KUMBA,DIGIT_PREFIX,,,ESG_OR_UNKNOWN,PROBABLE_NO_REGION_SIGNAL,C.C.A.S. de KUMBA,SUD-OUEST,6JI1GSAD111818082
19531188,ST JOHN&#039;S COLLEGE KUMBA,DIGIT_PREFIX,,,ESG_OR_UNKNOWN,PROBABLE_NO_REGION_SIGNAL,C.C.A.S. de KUMBA,SUD-OUEST,6JI1GSAD111818082
19531189,VICTORY COMPREHENSIVE COLLEGE KUMBA,DIGIT_PREFIX,,,ESG_OR_UNKNOWN,PROBABLE_NO_REGION_SIGNAL,C.C.A.S. de KUMBA,SUD-OUEST,6JI1GSAD111818082
19531190,AGES ENGINEERING ACADEMY KUMBA,DIGIT_PREFIX,,,ESG_OR_UNKNOWN,PROBABLE_NO_REGION_SIGNAL,C.C.A.S. de KUMBA,SUD-OUEST,6JI1GSAD111818082
19531191,BILINGUAL ACADEMY OF ARTS AND SCIENCE (BAAS) KUMBA,DIGIT_PREFIX,,,ESG_OR_UNKNOWN,PROBABLE_NO_REGION_SIGNAL,C.C.A.S. de KUMBA,SUD-OUEST,6JI1GSAD111818082
19531192,CAMEROON COLLEGE OF COMMERCE HIGH SCHOOL KUMBA,DIGIT_PREFIX,,,ESG_OR_UNKNOWN,PROBABLE_NO_REGION_SIGNAL,C.C.A.S. de KUMBA,SUD-OUEST,6JI1GSAD111818082
19531193,CLASSICAL BILINGUAL COMPREHENSIVE COLLEGE KUMBA,DIGIT_PREFIX,,,ESG_OR_UNKNOWN,PROBABLE_NO_REGION_SIGNAL,C.C.A.S. de KUMBA,SUD-OUEST,6JI1GSAD111818082
19531194,DILIGENT BILINGUAL ACADEMY,DIGIT_PREFIX,,,ESG_OR_UNKNOWN,NEW,,,
19531195,NATIONAL BILINGUAL TEACHER TRAINING COLLEGE,DIGIT_PREFIX,,,ESG_OR_UNKNOWN,NEW,,,
19531196,GENERATION BILINGUAL COLLEGE (GEBICOL) KOSALA KUMBA,DIGIT_PREFIX,,,ESG_OR_UNKNOWN,PROBABLE_NO_REGION_SIGNAL,Lyce Bilingue de KOSALA,SUD-OUEST,6JH1GSBD110473109
19531197,ST FRANCIS COLLEGE FIANGO KUMBA,DIGIT_PREFIX,,,ESG_OR_UNKNOWN,PROBABLE_NO_REGION_SIGNAL,CES de FIANGO,SUD-OUEST,6JH1GSAD100457111
19531198,KUMBA COLLEGE OF ACADEMIC STANDARDS (KUCAS),DIGIT_PREFIX,,,ESG_OR_UNKNOWN,PROBABLE_NO_REGION_SIGNAL,C.C.A.S. de KUMBA,SUD-OUEST,6JI1GSAD111818082
19531199,SEVENTH DAY ADVENTIST SECONDARY SCHOOL,DIGIT_PREFIX,,,ESG_OR_UNKNOWN,NEW,,,
19531200,BAPTIST HIGH SCHOOL KANG BAROMBI-KUMBA,DIGIT_PREFIX,,,ESG_OR_UNKNOWN,PROBABLE_NO_REGION_SIGNAL,CES de KANG-BAROMBI,SUD-OUEST,6JI1GSAD101744111
19531201,BAKUNDU COMPREHENSIVE SECONDARY SCHOOL KOKAKA,DIGIT_PREFIX,,,ESG_OR_UNKNOWN,PROBABLE_NO_REGION_SIGNAL,CES de BOA-BAKUNDU,SUD-OUEST,6JJ1GSAD100915110
19531202,STANDARD BILINGUAL COLLEGE MATOH,DIGIT_PREFIX,,,ESG_OR_UNKNOWN,PROBABLE_NO_REGION_SIGNAL,Lyce de MATOH,SUD-OUEST,6JC1GSAD110110113
19571203,ST IGNATIUS OF LOYOLA COLLEGE,DIGIT_PREFIX,,,ESG_OR_UNKNOWN,NEW,,,
19571204,MAMFE CITY COLLEGE,DIGIT_PREFIX,,,ESG_OR_UNKNOWN,PROBABLE_NO_REGION_SIGNAL,Lyce Bilingue de MAMFE,SUD-OUEST,6IH1GSBD111868099
19571205,PRESBYTERIAN HIGH SCHOOL BESONGABANG,DIGIT_PREFIX,,,ESG_OR_UNKNOWN,NEW,,,
19571206,QUEEN OF THE ROSARY COLLEGE OKOYONG,DIGIT_PREFIX,,,ESG_OR_UNKNOWN,NEW,,,
19571207,SAINT JOHN&#039;S COLLEGE NCHANG,DIGIT_PREFIX,,,ESG_OR_UNKNOWN,PROBABLE_NO_REGION_SIGNAL,Lyce de NCHANG,SUD-OUEST,6IH1GSAD111023115
19571208,SEARCHLIGHT INTERNATIONAL COLLEGE,DIGIT_PREFIX,,,ESG_OR_UNKNOWN,NEW,,,
19571209,ST ANTHONY OF PADUA&#039;S COLLEGE,DIGIT_PREFIX,,,ESG_OR_UNKNOWN,NEW,,,
19571210,THE APOSTOLIC SECONDARY SCHOOL MAMFE,DIGIT_PREFIX,,,ESG_OR_UNKNOWN,PROBABLE_NO_REGION_SIGNAL,Lyce Bilingue de MAMFE,SUD-OUEST,6IH1GSBD111868099
19571211,UNION COMPREHENSIVE HIGH SCHOOL BACHUO AKAGBE,DIGIT_PREFIX,,,ESG_OR_UNKNOWN,PROBABLE_NO_REGION_SIGNAL,Lyce de BACHUO-NTAI,SUD-OUEST,6IH1GSAD111951107
19571212,BLESSED TEACHER TRAINING COLLEGE (BTTC) MAMFE,DIGIT_PREFIX,,,ESG_OR_UNKNOWN,PROBABLE_NO_REGION_SIGNAL,Lyce Bilingue de MAMFE,SUD-OUEST,6IH1GSBD111868099
19571213,ENONCHONG MEMORIAL COLLEGE B&#039;ABANG,DIGIT_PREFIX,,,ESG_OR_UNKNOWN,PROBABLE_NO_REGION_SIGNAL,Lyce d'ABANG-MINKO,SUD,8IC1GSFD112102108
19581214,JOHN PAUL 2 NKONGLE,DIGIT_PREFIX,,,ESG_OR_UNKNOWN,PROBABLE_NO_REGION_SIGNAL,Lyce de SANGUERE PAUL,NORD,1CL1GSFD111465106
19581215,YOUTH TECHNICAL COMMERIAL COLLEGE FONTEM,DIGIT_PREFIX,,,ESG_OR_UNKNOWN,PROBABLE_NO_REGION_SIGNAL,Lyce Bilingue de FONTEM,SUD-OUEST,6HE1GSBD111918110
19571216,FULL GOSPEL COMPREHENSIVE SS BAGUNDU,DIGIT_PREFIX,,,ESG_OR_UNKNOWN,NEW,,,
19581217,ESSOH ATTAH COMPRENHENSIVE SECONDARY NZANCHEN,DIGIT_PREFIX,,,ESG_OR_UNKNOWN,PROBABLE_NO_REGION_SIGNAL,Lyce de NGOH-ESSOH-ATTAH,SUD-OUEST,6HE1GSAD110488110
19581218,OUR LADY SEAT OF WISDOM COLLEGE FONTEM,DIGIT_PREFIX,,,ESG_OR_UNKNOWN,PROBABLE_NO_REGION_SIGNAL,Lyce Bilingue de FONTEM,SUD-OUEST,6HE1GSBD111918110
19551219,INTEGRITY COMPREHENSIVE HIGH SCHOOL,DIGIT_PREFIX,,,ESG_OR_UNKNOWN,NEW,,,
19551220,OXFORD ACADEMIC COMPLEX - TOMBEL,DIGIT_PREFIX,,,ESG_OR_UNKNOWN,PROBABLE_NO_REGION_SIGNAL,Lyce Bilingue de TOMBEL,SUD-OUEST,6EH1GSBD110147103
19551221,REGINA COELI COMPREHENSIVE HIGH SCHOOOL KUPE TOMBEL,DIGIT_PREFIX,,,ESG_OR_UNKNOWN,PROBABLE_NO_REGION_SIGNAL,Lyce Bilingue de TOMBEL,SUD-OUEST,6EH1GSBD110147103
19551222,ROHI COMPREHENSIVE COLLEGE TOMBEL,DIGIT_PREFIX,,,ESG_OR_UNKNOWN,PROBABLE_NO_REGION_SIGNAL,Lyce Bilingue de TOMBEL,SUD-OUEST,6EH1GSBD110147103
19551223,UCHS TOMBEL,DIGIT_PREFIX,,,ESG_OR_UNKNOWN,PROBABLE_NO_REGION_SIGNAL,Lyce Bilingue de TOMBEL,SUD-OUEST,6EH1GSBD110147103
19551224,ETAM COMPREHENSIVEN SECONDARY SCHOOL,DIGIT_PREFIX,,,ESG_OR_UNKNOWN,PROBABLE_NO_REGION_SIGNAL,CES d'ETAM,SUD-OUEST,6EH1GSAD100713107
19551225,RECHAFOND SEAT OF MERCY COLLEGE MANYEMEN,DIGIT_PREFIX,,,ESG_OR_UNKNOWN,PROBABLE_NO_REGION_SIGNAL,CES de MANYEMEN,SUD-OUEST,6EE1GSAD101122108
19581226,BILINGUAL COMPREHENSIVE HICH SCHOOL LEBIALEM,DIGIT_PREFIX,,,ESG_OR_UNKNOWN,NEW,,,
19581227,BLESSED JOHN 23 COLLEGE FOTABONG,DIGIT_PREFIX,,,ESG_OR_UNKNOWN,NEW,,,
19551228,PRESBYTERIAN COMPREHENSIVE SECONDARY SCHOOL BANGEME,DIGIT_PREFIX,,,ESG_OR_UNKNOWN,NEW,,,
19551229,BANGEM ACADEMY EVENING SCHOOL,DIGIT_PREFIX,,,ESG_OR_UNKNOWN,PROBABLE_NO_REGION_SIGNAL,Lyce Bilingue de BANGEM,SUD-OUEST,6EC1GSBD112054098
19561230,IMPERIAL ACADEMY OF ARTS AND SCIENCE TIKO,DIGIT_PREFIX,,,ESG_OR_UNKNOWN,PROBABLE_NO_REGION_SIGNAL,Lyce Bilingue de TIKO,SUD-OUEST,6CI1GSBD110485100
19561231,KOEL BILINGUAL INSTITUT COLLEGE TIKO,DIGIT_PREFIX,,,ESG_OR_UNKNOWN,PROBABLE_NO_REGION_SIGNAL,Lyce Bilingue de TIKO,SUD-OUEST,6CI1GSBD110485100
19561232,LIVE WORD INTERNATIONAL COLLEGE,DIGIT_PREFIX,,,ESG_OR_UNKNOWN,NEW,,,
19561233,MODERN COLLEGE OF TECHNOLOGY TIKO,DIGIT_PREFIX,,,ESG_OR_UNKNOWN,PROBABLE_NO_REGION_SIGNAL,Lyce Bilingue de TIKO,SUD-OUEST,6CI1GSBD110485100
19561234,OXFORD BILINGUAL COMPREHENSIVE COLLEGE (OXBICCOL) MUTENGUENE,DIGIT_PREFIX,,,ESG_OR_UNKNOWN,NEW,,,
19561235,PRESBYTERIAN COMPREHENSIVE SEC. SCH. SCHOOL,DIGIT_PREFIX,,,ESG_OR_UNKNOWN,NEW,,,
19561236,REGINA PACIS HIGHER TECHNICAL COMMERCIAL COLLEGE MUTENGENE,DIGIT_PREFIX,,,ESG_OR_UNKNOWN,PROBABLE_NO_REGION_SIGNAL,Lyce Bilingue de MUTENGENE,SUD-OUEST,6CI1GSBD110440106
19561237,SABIBI COMPREHENSIVE COLLEGE TIKO,DIGIT_PREFIX,,,ESG_OR_UNKNOWN,PROBABLE_NO_REGION_SIGNAL,Lyce Bilingue de TIKO,SUD-OUEST,6CI1GSBD110485100
19561238,SPOTLIGTH COMPREHENSIVE COLLEGE TIKO,DIGIT_PREFIX,,,ESG_OR_UNKNOWN,PROBABLE_NO_REGION_SIGNAL,Lyce Bilingue de TIKO,SUD-OUEST,6CI1GSBD110485100
19561239,SURE FOUNDATION COMPREHENSIVE COLLEGE TIKO,DIGIT_PREFIX,,,ESG_OR_UNKNOWN,PROBABLE_NO_REGION_SIGNAL,Lyce Bilingue de TIKO,SUD-OUEST,6CI1GSBD110485100
19561240,BERETON INTERNATIONAL COMPREHENSIVE COLLEGE,DIGIT_PREFIX,,,ESG_OR_UNKNOWN,NEW,,,
19561241,CAMBRIDGE COMPREHENSIVE BIL COLLEGE MUTENGENE,DIGIT_PREFIX,,,ESG_OR_UNKNOWN,PROBABLE_NO_REGION_SIGNAL,Lyce Bilingue de MUTENGENE,SUD-OUEST,6CI1GSBD110440106
19561242,CHRIST THE KING COLLEGE TIKO,DIGIT_PREFIX,,,ESG_OR_UNKNOWN,PROBABLE_NO_REGION_SIGNAL,CES de KING-PLACE-BATCHAM,OUEST,4CE1GSFD101616111
19561243,EMMANUEL BILINGUAL COMPREHENSIVE COLLEGE,DIGIT_PREFIX,,,ESG_OR_UNKNOWN,NEW,,,
19561244,FOUNDATION EDUCATION TRUST COLLEGE MUTENGENE,DIGIT_PREFIX,,,ESG_OR_UNKNOWN,PROBABLE_NO_REGION_SIGNAL,Lyce Bilingue de MUTENGENE,SUD-OUEST,6CI1GSBD110440106
19561245,FRANKFILS COMPREHENSIVE COLLEGE BUEA,DIGIT_PREFIX,,,ESG_OR_UNKNOWN,PROBABLE_NO_REGION_SIGNAL,Lyce Bilingue de MOLYKO-BUEA,SUD-OUEST,6CC1GSBD111860071
19561246,BETHLEM ROYAL SECONDRY SCHOOL LEKONA,DIGIT_PREFIX,,,ESG_OR_UNKNOWN,NEW,,,
19561247,CAMEROON BAPTIST ACADEMY YOKE-MUYUKA,DIGIT_PREFIX,,,ESG_OR_UNKNOWN,PROBABLE_NO_REGION_SIGNAL,Lyce de MUNYENGE-MUYUKA,SUD-OUEST,6CH1GSAD111948115
19561248,EFUETNGU MEMORIAL COMPREHENSIVE COLLEGE MUYUKA,DIGIT_PREFIX,,,ESG_OR_UNKNOWN,PROBABLE_NO_REGION_SIGNAL,Lyce de MUNYENGE-MUYUKA,SUD-OUEST,6CH1GSAD111948115
19561249,FESS TECHNICAL AND COMMERCIAL HIGH SCHOOL MUYUKA,DIGIT_PREFIX,,,ESG_OR_UNKNOWN,PROBABLE_NO_REGION_SIGNAL,Lyce de MUNYENGE-MUYUKA,SUD-OUEST,6CH1GSAD111948115
19561250,FULL GOSPEL COMPREHENSIVE HIGH SCHOOL MUYUKA,DIGIT_PREFIX,,,ESG_OR_UNKNOWN,PROBABLE_NO_REGION_SIGNAL,Lyce de MUNYENGE-MUYUKA,SUD-OUEST,6CH1GSAD111948115
19561251,OUR LADY OF GRACE COLLEGE MUYUKA,DIGIT_PREFIX,,,ESG_OR_UNKNOWN,PROBABLE_NO_REGION_SIGNAL,Lyce de MUNYENGE-MUYUKA,SUD-OUEST,6CH1GSAD111948115
19561252,PRESBYTERIAN COMPREHENSIVE SECONDARY SCHOOL MUNYENGE,DIGIT_PREFIX,,,ESG_OR_UNKNOWN,PROBABLE_NO_REGION_SIGNAL,Lyce de MUNYENGE-MUYUKA,SUD-OUEST,6CH1GSAD111948115
19561253,REDEMPTION COMPREHENSIVE BILINGUAL HIGH,DIGIT_PREFIX,,,ESG_OR_UNKNOWN,NEW,,,
19561254,UNIQUE BILINGUAL COMPREHENSIVE COLLEGE YOKE,DIGIT_PREFIX,,,ESG_OR_UNKNOWN,NEW,,,
19561255,VOCATIONAL COLLEGE OF ARTS SCIENCE AND TECHNOLOGY MUYUKA,DIGIT_PREFIX,,,ESG_OR_UNKNOWN,PROBABLE_NO_REGION_SIGNAL,Lyce de MUNYENGE-MUYUKA,SUD-OUEST,6CH1GSAD111948115
19561256,WISDOM BILINGUAL COMPREHANSIVE HIGH SCHOOL,DIGIT_PREFIX,,,ESG_OR_UNKNOWN,NEW,,,
19561257,GLORIOUS COMPREHENSIVE COLLEGE MUYUKA,DIGIT_PREFIX,,,ESG_OR_UNKNOWN,PROBABLE_NO_REGION_SIGNAL,Lyce de MUNYENGE-MUYUKA,SUD-OUEST,6CH1GSAD111948115
19561258,HOLY CHILD BILINGUAL COMPREHENSIVE COLLEGE,DIGIT_PREFIX,,,ESG_OR_UNKNOWN,NEW,,,
19561259,INTER COMPREHENSIVE HIGH SCHOOL GREAT SOPPO BUEA,DIGIT_PREFIX,,,ESG_OR_UNKNOWN,PROBABLE_NO_REGION_SIGNAL,Lyce Bilingue de MOLYKO-BUEA,SUD-OUEST,6CC1GSBD111860071
19561260,LYOKIKI SECONDARY SCHOOL BUEA,DIGIT_PREFIX,,,ESG_OR_UNKNOWN,PROBABLE_NO_REGION_SIGNAL,Lyce Bilingue de MOLYKO-BUEA,SUD-OUEST,6CC1GSBD111860071
19561261,MARTHLO COMPREHENSIVE BILINGUAL COLLEGE BUEA ANG,DIGIT_PREFIX,,,ESG_OR_UNKNOWN,PROBABLE_NO_REGION_SIGNAL,Lyce Bilingue de MOLYKO-BUEA,SUD-OUEST,6CC1GSBD111860071
19561262,MBENI BILINGUAL COMPREHENSIVE COLLEGE,DIGIT_PREFIX,,,ENI,NEW,,,
19561263,NABESK COMPREHENSIVE COLLEGE BUEA,DIGIT_PREFIX,,,ESG_OR_UNKNOWN,PROBABLE_NO_REGION_SIGNAL,Lyce Bilingue de MOLYKO-BUEA,SUD-OUEST,6CC1GSBD111860071
19561264,OUR LADY OF MT CARMEL COLLEGE MUEA,DIGIT_PREFIX,,,ESG_OR_UNKNOWN,PROBABLE_NO_REGION_SIGNAL,Lyce Bilingue de MUEA-BUEA,SUD-OUEST,6CC1GSBD110152111
19561265,PAM BILINGUAL HIGH SCHOOL BUEA,DIGIT_PREFIX,,,ESG_OR_UNKNOWN,PROBABLE_NO_REGION_SIGNAL,Lyce Bilingue de MOLYKO-BUEA,SUD-OUEST,6CC1GSBD111860071
19561266,PRESBYTERIAN COMPREHENSIVE SECONDARY SCHOOL BUEA,DIGIT_PREFIX,,,ESG_OR_UNKNOWN,PROBABLE_NO_REGION_SIGNAL,Lyce Bilingue de MOLYKO-BUEA,SUD-OUEST,6CC1GSBD111860071
19561267,REMEDIAL COMPREHENSIVE HIGH SCHOOL,DIGIT_PREFIX,,,ESG_OR_UNKNOWN,NEW,,,
19561268,REMEDIAL TEACHER TRAINING COLLEGE,DIGIT_PREFIX,,,ESG_OR_UNKNOWN,NEW,,,
19561269,SAINT JOSEPH&#039;S COOLEGE SASSE BUEA,DIGIT_PREFIX,,,ESG_OR_UNKNOWN,PROBABLE_NO_REGION_SIGNAL,Lyce Bilingue de MOLYKO-BUEA,SUD-OUEST,6CC1GSBD111860071
19561270,SALVATION BILINGUAL HIGH SCHOOL BUEA,DIGIT_PREFIX,,,ESG_OR_UNKNOWN,PROBABLE_NO_REGION_SIGNAL,Lyce Bilingue de MOLYKO-BUEA,SUD-OUEST,6CC1GSBD111860071
19561271,ST FRANCIS INTERNATIONAL BIL COLLEGE MUEA,DIGIT_PREFIX,,,ESG_OR_UNKNOWN,PROBABLE_NO_REGION_SIGNAL,Lyce Bilingue de MUEA-BUEA,SUD-OUEST,6CC1GSBD110152111
19561272,ST JOHN BOSCO TTC BUEA,DIGIT_PREFIX,,,ESG_OR_UNKNOWN,PROBABLE_NO_REGION_SIGNAL,Lyce Bilingue de MOLYKO-BUEA,SUD-OUEST,6CC1GSBD111860071
19561273,ST MARCELLIN CHAMPAGNAT COLLEGE BUEA,DIGIT_PREFIX,,,ESG_OR_UNKNOWN,PROBABLE_NO_REGION_SIGNAL,Lyce Bilingue de MOLYKO-BUEA,SUD-OUEST,6CC1GSBD111860071
19561274,ST PAUL&#039;S HIGHER TECHNICAL AND COMPREHENSIVE COLLEGE,DIGIT_PREFIX,,,ESG_OR_UNKNOWN,PROBABLE_NO_REGION_SIGNAL,Lyce de SANGUERE PAUL,NORD,1CL1GSFD111465106
19561275,ST THERESA INTERNATIONAL BILINGUE COMPREHENSIVE COLLEGE,DIGIT_PREFIX,,,ESG_OR_UNKNOWN,NEW,,,
19561276,SUMMERSET BILINGUAL COLLEGE BUEA,DIGIT_PREFIX,,,ESG_OR_UNKNOWN,PROBABLE_NO_REGION_SIGNAL,Lyce Bilingue de MOLYKO-BUEA,SUD-OUEST,6CC1GSBD111860071
19561277,BAIRD MEMORIAL HIGH SCHOOL,DIGIT_PREFIX,,,ESG_OR_UNKNOWN,NEW,,,
19561278,BAPTIST COMPREHENSIVE COLLEGE BUEA,DIGIT_PREFIX,,,ESG_OR_UNKNOWN,PROBABLE_NO_REGION_SIGNAL,Lyce Bilingue de MOLYKO-BUEA,SUD-OUEST,6CC1GSBD111860071
19561279,BAPTIST HIGH SCHOOL BUEA - BHS BUEA,DIGIT_PREFIX,,,ESG_OR_UNKNOWN,PROBABLE_NO_REGION_SIGNAL,Lyce Bilingue de MOLYKO-BUEA,SUD-OUEST,6CC1GSBD111860071
19561280,BISHOP JULES PEETERS MEMORIAL HIGH SCHOOL,DIGIT_PREFIX,,,ESG_OR_UNKNOWN,NEW,,,
19561281,BISHOP ROGAN COLLEGE SOPPO BUEA,DIGIT_PREFIX,,,ESG_OR_UNKNOWN,PROBABLE_NO_REGION_SIGNAL,Lyce Bilingue de MOLYKO-BUEA,SUD-OUEST,6CC1GSBD111860071
19561282,BUEA BILINGUAL COLLEGE,DIGIT_PREFIX,,,ESG_OR_UNKNOWN,PROBABLE_NO_REGION_SIGNAL,Lyce Bilingue de MOLYKO-BUEA,SUD-OUEST,6CC1GSBD111860071
19561283,CAMBRIDGE COLLEGE OF ARTS SCIENCE AND TECHNOLOGY,DIGIT_PREFIX,,,ESG_OR_UNKNOWN,NEW,,,
19561284,CHARITY COMPREHENSIVE ACADEMY,DIGIT_PREFIX,,,ESG_OR_UNKNOWN,NEW,,,
19561285,FOMIC COMPREHENSIVE HIGH SCHOOL BUEA,DIGIT_PREFIX,,,ESG_OR_UNKNOWN,PROBABLE_NO_REGION_SIGNAL,Lyce Bilingue de MOLYKO-BUEA,SUD-OUEST,6CC1GSBD111860071
19561286,SAINT ANDREW TTC LIMBE,DIGIT_PREFIX,,,ESG_OR_UNKNOWN,PROBABLE_NO_REGION_SIGNAL,Lyce de LIMBE,SUD-OUEST,6CE1GSAD111852082
19561287,ATLANTIC TECHNICAL AND COMMERCIAL COLLEGE,DIGIT_PREFIX,,,ESG_OR_UNKNOWN,NEW,,,
19561288,COLLEGE DE L&#039;EXCELLENCE DE LIMBE,DIGIT_PREFIX,,,ESG_OR_UNKNOWN,PROBABLE_NO_REGION_SIGNAL,Lyce de LIMBE,SUD-OUEST,6CE1GSAD111852082
19561289,COLLEGE PRIVE LAIC DE L&#039;ESPOIR,DIGIT_PREFIX,,,ESG_OR_UNKNOWN,NEW,,,
19561290,COLLEGE PRIVE LAIC NGUEA LOTTIN,DIGIT_PREFIX,,,ESG_OR_UNKNOWN,NEW,,,
19561291,ECOLE SONARA,DIGIT_PREFIX,,,ESG_OR_UNKNOWN,NEW,,,
19561292,GOOD SHEPHERD COMPREHENSIVE HIGH SCHOOL LIMBE,DIGIT_PREFIX,,,ESG_OR_UNKNOWN,PROBABLE_NO_REGION_SIGNAL,Lyce de LIMBE,SUD-OUEST,6CE1GSAD111852082
19561293,KEMONDE VETERAN HIGH SCHOOL,DIGIT_PREFIX,,,ESG_OR_UNKNOWN,NEW,,,
19561294,KING&#039;S BILINUAL COMMUNITY COMPREHENSIVE COLLEGE,DIGIT_PREFIX,,,ESG_OR_UNKNOWN,PROBABLE_NO_REGION_SIGNAL,CES de KING-PLACE-BATCHAM,OUEST,4CE1GSFD101616111
19561295,KOFELE LUMA MEMORIAL ACADEMY LIMBE,DIGIT_PREFIX,,,ESG_OR_UNKNOWN,PROBABLE_NO_REGION_SIGNAL,Lyce de LIMBE,SUD-OUEST,6CE1GSAD111852082
19561296,KULU MEMORIAL COMPREHENSIVE HIGH SCHOOL LIMBE,DIGIT_PREFIX,,,ESG_OR_UNKNOWN,PROBABLE_NO_REGION_SIGNAL,Lyce de LIMBE,SUD-OUEST,6CE1GSAD111852082
19561297,LURA MAY BUSTIN MEMORIAL CHRISTIAN ACADEMY,DIGIT_PREFIX,,,ESG_OR_UNKNOWN,NEW,,,
19561298,NATIONAL COMPREHENSIVE HIGH SCHOOL LIMBE,DIGIT_PREFIX,,,ESG_OR_UNKNOWN,PROBABLE_NO_REGION_SIGNAL,Lyce de LIMBE,SUD-OUEST,6CE1GSAD111852082
19561299,NEW HORIZON INTERNATIONAL SECONDARY SCHOOL,DIGIT_PREFIX,,,ESG_OR_UNKNOWN,NEW,,,
19561300,PRESBYTERIAN GIRLS SECONDARY SCHOOL LIMBE (PGSS),DIGIT_PREFIX,,,ESG_OR_UNKNOWN,PROBABLE_NO_REGION_SIGNAL,Lyce de LIMBE,SUD-OUEST,6CE1GSAD111852082
19561301,PRESBYTERIAN YOUTH CENTRE (PYC) LIMBE,DIGIT_PREFIX,,,ESG_OR_UNKNOWN,PROBABLE_NO_REGION_SIGNAL,Lyce de MELONG-CENTRE,LITTORAL,7CM1GSFD111655107
19561302,RENAISSANCE SECONDARY SCHOOL,DIGIT_PREFIX,,,ESG_OR_UNKNOWN,NEW,,,
19561303,SAINT ANNE&#039;S HIGH SCHOOL LIMBE,DIGIT_PREFIX,,,ESG_OR_UNKNOWN,PROBABLE_NO_REGION_SIGNAL,Lyce de LIMBE,SUD-OUEST,6CE1GSAD111852082
19561304,SAKER BAPTIST COLLEGE LIMBE,DIGIT_PREFIX,,,ESG_OR_UNKNOWN,PROBABLE_NO_REGION_SIGNAL,Lyce de LIMBE,SUD-OUEST,6CE1GSAD111852082
19561305,THE APOSTOLIC COMPREHENSIVE SECONDARY SCHOOL,DIGIT_PREFIX,,,ESG_OR_UNKNOWN,NEW,,,
19561306,UNIC SECONDARY SCHOOL LIMBE,DIGIT_PREFIX,,,ESG_OR_UNKNOWN,PROBABLE_NO_REGION_SIGNAL,Lyce de LIMBE,SUD-OUEST,6CE1GSAD111852082
19561307,ENRICHETTA COMPREHENSIVE SECONDARY SCHOOL MOKUNDA,DIGIT_PREFIX,,,ESG_OR_UNKNOWN,NEW,,,
CE33277C31,CETIC DE YASSEM,ALPHA_PREFIX,Centre,CONFIRMED_BY_MATCH,ESTP,PROBABLE,Lyce de YASSEM,CENTRE,5IH1GSFD110401110
CE36219C26,LYCÉE TECHNIQUE BILINGUE DE BIYAN,ALPHA_PREFIX,Centre,CONFIRMED_BY_MATCH,ESTP,NEW,,,
CE52119C35,CETIC DE NKOL MEWOUT,ALPHA_PREFIX,Centre,CONFIRMED_BY_MATCH,ESTP,PROBABLE,CES de NKOL-NLONG I,CENTRE,5KC1GSFD100304109
OU50169C67,LYCEE TECHNIQUE DE KOUAPTAMO URBAIN,ALPHA_PREFIX,Ouest,CONFIRMED_BY_MATCH,ESTP,NEW,,,
SW47032I02,GHS (LYCEE) BAMUSSO,ALPHA_PREFIX,Sud-Ouest,INFERRED_BY_ELIMINATION,ESG_OR_UNKNOWN,PROBABLE,Lyce de BAMUSSO,SUD-OUEST,6KC1GSAD112106100
OU16031L28,LYCEE TECHNIQUE DE BAHOUAN,ALPHA_PREFIX,Ouest,CONFIRMED_BY_MATCH,ESTP,PROBABLE,Lyce de BAHOUAN,OUEST,4HE1GSFD110794105
OU16038L31,LYCEE TECHNIQUE DE BANGOU,ALPHA_PREFIX,Ouest,CONFIRMED_BY_MATCH,ESTP,PROBABLE,Lyce Bilingue de BANGOU,OUEST,4HH1GSBD110084113
OU18094C15,CETIC DE DJIOGO DJEBEM,ALPHA_PREFIX,Ouest,CONFIRMED_BY_MATCH,ESTP,PROBABLE,Lyce Bilingue de DJEBEM,OUEST,4IE1GSBD110474115
OU18323C17,CETIC DE BALOUM,ALPHA_PREFIX,Ouest,CONFIRMED_BY_MATCH,ESTP,PROBABLE,Lyce Bilingue de BALOUM,OUEST,4JJ1GSBD110060106
SW19037C27,CETIC/GTC MUABI,ALPHA_PREFIX,Sud-Ouest,INFERRED_BY_ELIMINATION,ESTP,PROBABLE,CES de MUABI,SUD-OUEST,6EC1GSAD101171110
SW19341C31,CETIC DE NGOMBO-KU,ALPHA_PREFIX,Sud-Ouest,INFERRED_BY_ELIMINATION,ESTP,NEW,,,
SW24123C50,CETIC/GTC MBAKEM,ALPHA_PREFIX,Sud-Ouest,INFERRED_BY_ELIMINATION,ESTP,NEW,,,
AD25041C16,CETIC DE NGATTI,ALPHA_PREFIX,Adamaoua,CONFIRMED_BY_MATCH,ESTP,NEW,,,
ES23085C51,CETIC DE MBETH II,ALPHA_PREFIX,Est,CONFIRMED_BY_MATCH,ESTP,NEW,,,
OU42022C24,CETIC DE DJUNANG BAMOUGOUM,ALPHA_PREFIX,Ouest,CONFIRMED_BY_MATCH,ESTP,PROBABLE,Lyce de DJUNANG,OUEST,4KH1GSFD112398107
CE21312C90,CETIC DE YEGASSI,ALPHA_PREFIX,Centre,CONFIRMED_BY_MATCH,ESTP,NEW,,,
CE52162C40,CETIC DE NGADA,ALPHA_PREFIX,Centre,CONFIRMED_BY_MATCH,ESTP,NEW,,,
EN26333C103,CETIC DE KADA&#039;A,ALPHA_PREFIX,Extrême-Nord,CONFIRMED_BY_MATCH,ESTP,PROBABLE,Lyce de KADA'A,EXTREME-NORD,0HM1GSFD112126113
SW10183C43,GTHS BIMBIA,ALPHA_PREFIX,Sud-Ouest,INFERRED_BY_ELIMINATION,ESG_OR_UNKNOWN,NEW,,,
NO28147C45,CETIC DE OURO-ALADJI,ALPHA_PREFIX,Nord,CONFIRMED_BY_MATCH,ESTP,PROBABLE,CES d'OURO-DOUKOUDJE,NORD,1CM1GSFD101470112
OU01135C49,CETIC FENGHONG,ALPHA_PREFIX,Ouest,CONFIRMED_BY_MATCH,ESTP,NEW,,,
EN31075C69,CETIC DE TCHEVI,ALPHA_PREFIX,Extrême-Nord,CONFIRMED_BY_MATCH,ESTP,PROBABLE,Lyce de TCHEVI,EXTREME-NORD,0KC1GSFD112134109
SU07237B68,LYCEE BILINGUE SUD CAMEROUN HEVEA,ALPHA_PREFIX,Sud,CONFIRMED_BY_MATCH,ESG_OR_UNKNOWN,NEW,,,
AD25210B24,CES BILINGUE DE RIBAO,ALPHA_PREFIX,Adamaoua,CONFIRMED_BY_MATCH,ESG_OR_UNKNOWN,EXACT_IDENTITY_REGION,CES Bilingue de RIBAO,ADAMAOUA,2HH1GSBD103233120
AD25043B25,CES BILINGUE DE MBAMTI-KATARKO,ALPHA_PREFIX,Adamaoua,CONFIRMED_BY_MATCH,ESG_OR_UNKNOWN,EXACT_IDENTITY_REGION,CES Bilingue de MBAMTI-KATARKO,ADAMAOUA,2HE1GSBD103231120
AD25041B22,CES BILINGUE DE MBIRIDJOM,ALPHA_PREFIX,Adamaoua,CONFIRMED_BY_MATCH,ESG_OR_UNKNOWN,EXACT_IDENTITY_REGION,CES Bilingue de MBIRIDJOM,ADAMAOUA,2HE1GSBD103232120
CE32196B61,CES BILINGUE DE MAKENE-EST,ALPHA_PREFIX,Centre,CONFIRMED_BY_MATCH,ESG_OR_UNKNOWN,NEW,,,
CE32161B60,CES BILINGUE DE KIKI,ALPHA_PREFIX,Centre,CONFIRMED_BY_MATCH,ESG_OR_UNKNOWN,NEW,,,
EN26081B105,CES BILINGUE DE LARA-WARSAYE,ALPHA_PREFIX,Extrême-Nord,CONFIRMED_BY_MATCH,ESG_OR_UNKNOWN,EXACT_IDENTITY_REGION,CES Bilingue de LARA-WARSAYE,EXTREME-NORD,0HC1GSBD103236120
EN26333B106,CES BILINGUE DE SAOURINGWA,ALPHA_PREFIX,Extrême-Nord,CONFIRMED_BY_MATCH,ESG_OR_UNKNOWN,EXACT_IDENTITY_REGION,CES Bilingue de SAOURINGWA,EXTREME-NORD,0HM1GSBD103237120
LT44227B60,CES BILINGUE DE MBOUASSOUM,ALPHA_PREFIX,Littoral,CONFIRMED_BY_MATCH,ESG_OR_UNKNOWN,EXACT_IDENTITY_REGION,CES Bilingue de MBOUASSOUM,LITTORAL,7CM1GSBD103238120
LT58099B42,CES BILINGUE MOUNGUI DE LOGBESSOU,ALPHA_PREFIX,Littoral,CONFIRMED_BY_MATCH,ESG_OR_UNKNOWN,EXACT_IDENTITY_REGION,CES Bilingue MOUNGUI DE LOGBESSOU,LITTORAL,7IH1GSBD103239120
NO28213B46,CES BILINGUE DE BOSSOUM,ALPHA_PREFIX,Nord,CONFIRMED_BY_MATCH,ESG_OR_UNKNOWN,EXACT_IDENTITY_REGION,CES Bilingue de BOSSOUM,NORD,1HH1GSBD103240120
OU01224B50,CES BILINGUE DE BAMENDJO-BAMETEGOU,ALPHA_PREFIX,Ouest,CONFIRMED_BY_MATCH,ESG_OR_UNKNOWN,EXACT_IDENTITY_REGION,CES Bilingue de BAMENDJO-BAMETEGOU,OUEST,4CI1GSBD103242120
OU39318B78,LYCÉE BILINGUE DE BALESSING,ALPHA_PREFIX,Ouest,CONFIRMED_BY_MATCH,ESG_OR_UNKNOWN,PROBABLE,CES Bilingue de BALESSING,OUEST,4JJ1GSBD103243120
OU42020B26,LYCEE BILINGUE DE NKOUEKOUON,ALPHA_PREFIX,Ouest,CONFIRMED_BY_MATCH,ESG_OR_UNKNOWN,PROBABLE,CES Bilingue de NKOUEKOUON,OUEST,4KC1GSBD103244120
OU46036B37,LYCEE BILINGUE DE BITCHOUA I,ALPHA_PREFIX,Ouest,CONFIRMED_BY_MATCH,ESG_OR_UNKNOWN,PROBABLE,CES Bilingue de BITCHOUA I,OUEST,4LC1GSBD103245120
OU46036B38,LYCEE BILINGUE DE BATCHINGOU TOUSSEU,ALPHA_PREFIX,Ouest,CONFIRMED_BY_MATCH,ESG_OR_UNKNOWN,PROBABLE,CES Bilingue de BATCHINGOU-TOUSSEU,OUEST,4LC1GSBD103246120
OU50197B81,CES BILINGUE DE NJINGA,ALPHA_PREFIX,Ouest,CONFIRMED_BY_MATCH,ESG_OR_UNKNOWN,EXACT_IDENTITY_REGION,CES Bilingue de NJINGA,OUEST,4ML1GSBD103247120
OU50290B82,LYCEE BILINGUE DE FOLAP,ALPHA_PREFIX,Ouest,CONFIRMED_BY_MATCH,ESG_OR_UNKNOWN,PROBABLE,CES Bilingue de FOLAP,OUEST,4MN1GSBD103248120
13201228,Complexe Scolaire Sainte Catherine Labouré de Midjivin,DIGIT_PREFIX,,,ESG_OR_UNKNOWN,PROBABLE_NO_REGION_SIGNAL,Lyce de MIDJIVIN,EXTREME-NORD,0IE1GSFD112116107
13230308,COLLEGE PROTESTANT DE MAROUA,DIGIT_PREFIX,,,ESG_OR_UNKNOWN,PROBABLE_NO_REGION_SIGNAL,Lyce Bilingue de MAROUA,EXTREME-NORD,0CK1GSBD111236092
LT44189C59,CETIC DE LOUM CHANTIER GARE,ALPHA_PREFIX,Littoral,CONFIRMED_BY_MATCH,ESTP,PROBABLE,Lyce Bilingue de LOUM-CHANTIER-GARE,LITTORAL,7CJ1GSBD110005110
19531308,National bilingual teachers training college Kumba,DIGIT_PREFIX,,,ESG_OR_UNKNOWN,PROBABLE_NO_REGION_SIGNAL,C.C.A.S. de KUMBA,SUD-OUEST,6JI1GSAD111818082
OU46342C39,LYCEE TECHNIQUE BILINGUE DE FANGNO-TONGA,ALPHA_PREFIX,Ouest,CONFIRMED_BY_MATCH,ESTP,PROBABLE,CES Bilingue de TONGA-RURAL,OUEST,4LI1GSBD102694114
NW05117L869,LYCEE TECHNIQUE ET PROFESSIONNEL AGRICOLE DE IBAL OKU,ALPHA_PREFIX,Nord-Ouest,INFERRED_BY_ELIMINATION,ESTP,PROBABLE,Lyce d'IBAL-ACHA,NORD-OUEST,3CC1GSAD110032115
NO02181L820,LYCEE TECHNIQUE ET PROFESSIONNEL AGRICOLE DE LAGDO,ALPHA_PREFIX,Nord,CONFIRMED_BY_MATCH,ESTP,PROBABLE,Lyce Bilingue de LAGDO,NORD,1CM1GSBD111255112
EN26356L513,LYCEE TECHNIQUE ET PROFESSIONNEL AGRICOLE YAGOUA,ALPHA_PREFIX,Extrême-Nord,CONFIRMED_BY_MATCH,ESTP,PROBABLE,Lyce Bilingue de YAGOUA,EXTREME-NORD,0HR1GSBD111689105
NW04291A46,GSS YANG NJINIKOM,ALPHA_PREFIX,Nord-Ouest,INFERRED_BY_ELIMINATION,ESG_OR_UNKNOWN,PROBABLE,CES de YANG (Njinikom),NORD-OUEST,3CI1GSAD100968110
EN27108A79,CES DE MBRODONG,ALPHA_PREFIX,Extrême-Nord,CONFIRMED_BY_MATCH,ESG_OR_UNKNOWN,NEW,,,
SW10338B45,CES BILINGUE DE MONDONI,ALPHA_PREFIX,Sud-Ouest,INFERRED_BY_ELIMINATION,ESG_OR_UNKNOWN,NEW,,,
SW24347B61,CES BILINGUE DE BACHUO AKABE,ALPHA_PREFIX,Sud-Ouest,INFERRED_BY_ELIMINATION,ESG_OR_UNKNOWN,PROBABLE,Lyce de BACHUO-NTAI,SUD-OUEST,6IH1GSAD111951107
OU39127C79,CETIC DE LOUNG FONGO TONGO,ALPHA_PREFIX,Ouest,CONFIRMED_BY_MATCH,ESTP,PROBABLE,Lyce de FONGO-NDENG,OUEST,4JC1GSFD110058105
OU39297C80,CETIC DE MENZONG,ALPHA_PREFIX,Ouest,CONFIRMED_BY_MATCH,ESTP,NEW,,,
OU39318C81,CETIC DE DOLEKO,ALPHA_PREFIX,Ouest,CONFIRMED_BY_MATCH,ESTP,NEW,,,
AD25041C25,CETIC BILINGUE DE NYAKONG,ALPHA_PREFIX,Adamaoua,CONFIRMED_BY_MATCH,ESTP,NEW,,,
AD34091C25,CETIC DE BADJER,ALPHA_PREFIX,Adamaoua,CONFIRMED_BY_MATCH,ESTP,NEW,,,
LT44227C61,CETIC DE MBOUASSOUM,ALPHA_PREFIX,Littoral,CONFIRMED_BY_MATCH,ESTP,PROBABLE,CES Bilingue de MBOUASSOUM,LITTORAL,7CM1GSBD103238120
OU42022C27,CETIC DE NGOUACHE,ALPHA_PREFIX,Ouest,CONFIRMED_BY_MATCH,ESTP,NEW,,,
OU50039C84,CETIC DE KOUMENGBA,ALPHA_PREFIX,Ouest,CONFIRMED_BY_MATCH,ESTP,PROBABLE,Lyce Bilingue de KOUMENGBA,OUEST,4MC1GSBD101820112
OU50130C85,CETIC DE KOUMDOUM,ALPHA_PREFIX,Ouest,CONFIRMED_BY_MATCH,ESTP,NEW,,,
OU50290C86,CETIC DE MEGHABE,ALPHA_PREFIX,Ouest,CONFIRMED_BY_MATCH,ESTP,NEW,,,
OU42021C28,CETIC BILINGUE DE BADENG,ALPHA_PREFIX,Ouest,CONFIRMED_BY_MATCH,ESTP,NEW,,,
OU50169C87,CETIC DE NGOUENJITAPON,ALPHA_PREFIX,Ouest,CONFIRMED_BY_MATCH,ESTP,NEW,,,
AD25041B27,CES Bilingue de YIMBERE-PLAINE,ALPHA_PREFIX,Adamaoua,CONFIRMED_BY_MATCH,ESG_OR_UNKNOWN,NEW,,,
AD25043B26,CES Bilingue de HORE TARAM-FOULBE,ALPHA_PREFIX,Adamaoua,CONFIRMED_BY_MATCH,ESG_OR_UNKNOWN,NEW,,,
CE33218B40,CES Bilingue de BILOMO,ALPHA_PREFIX,Centre,CONFIRMED_BY_MATCH,ESG_OR_UNKNOWN,NEW,,,
CE41361C50,CETIC de NGONA,ALPHA_PREFIX,Centre,CONFIRMED_BY_MATCH,ESTP,NEW,,,
ES23059B54,CES Bilingue de NKOLBIKON,ALPHA_PREFIX,Est,CONFIRMED_BY_MATCH,ESG_OR_UNKNOWN,PROBABLE,CES de NKOLBIKON,EST,9IE1GSFD102916114
EN06233B60,CES BILINGUE DE DOUVANGAR,ALPHA_PREFIX,Extrême-Nord,CONFIRMED_BY_MATCH,ESG_OR_UNKNOWN,NEW,,,
EN06233A59,CES VEZE-GUIVEL,ALPHA_PREFIX,Extrême-Nord,CONFIRMED_BY_MATCH,ESG_OR_UNKNOWN,NEW,,,
EN22129C29,CETIC DE FOTOKOL,ALPHA_PREFIX,Extrême-Nord,CONFIRMED_BY_MATCH,ESTP,PROBABLE,Lyce de FOTOKOL,EXTREME-NORD,0EH1GSFD110288111
EN22350C28,CETIC DE WAZA,ALPHA_PREFIX,Extrême-Nord,CONFIRMED_BY_MATCH,ESTP,PROBABLE,Lyce de WAZA,EXTREME-NORD,0EN1GSFD110302111
EN30250C30,CETIC DE SEKOULE,ALPHA_PREFIX,Extrême-Nord,CONFIRMED_BY_MATCH,ESTP,NEW,,,
EN31245B72,CES BILINGUE DE VITTE,ALPHA_PREFIX,Extrême-Nord,CONFIRMED_BY_MATCH,ESG_OR_UNKNOWN,NEW,,,
EN31246A71,CES DE KILWO,ALPHA_PREFIX,Extrême-Nord,CONFIRMED_BY_MATCH,ESG_OR_UNKNOWN,NEW,,,
LT49305A36,CES MOYA,ALPHA_PREFIX,Littoral,CONFIRMED_BY_MATCH,ESG_OR_UNKNOWN,NEW,,,
NO28147A47,CES PAHA,ALPHA_PREFIX,Nord,CONFIRMED_BY_MATCH,ESG_OR_UNKNOWN,NEW,,,
OU01047C52,CETIC DE TOUOGONG,ALPHA_PREFIX,Ouest,CONFIRMED_BY_MATCH,ESTP,NEW,,,
OU50169B90,CES BILINGUE DE DOUMKAIN,ALPHA_PREFIX,Ouest,CONFIRMED_BY_MATCH,ESG_OR_UNKNOWN,NEW,,,
NO50197C91,CETIC DE MANDINGA-PLATEAU,ALPHA_PREFIX,Nord,CONFIRMED_BY_MATCH,ESTP,NEW,,,
NO50197A88,GSS MALIEN,ALPHA_PREFIX,Nord,CONFIRMED_BY_MATCH,ESG_OR_UNKNOWN,NEW,,,
OU50290B89,CES BILINGUE DE MAYO,ALPHA_PREFIX,Ouest,CONFIRMED_BY_MATCH,ESG_OR_UNKNOWN,NEW,,,
SU56190C26,CETIC DE MA&#039;AN,ALPHA_PREFIX,Sud,CONFIRMED_BY_MATCH,ESTP,NEW,,,
SW24347B62,CES BILINGUE DE ETOKO MILE 22,ALPHA_PREFIX,Sud-Ouest,INFERRED_BY_ELIMINATION,ESG_OR_UNKNOWN,PROBABLE,Lyce de BONADIKOMBO-MILE 4,SUD-OUEST,6CE1GSAD110479113
NW09244C63,GTC KIBBO,ALPHA_PREFIX,Nord-Ouest,INFERRED_BY_ELIMINATION,ESG_OR_UNKNOWN,NEW,,,
NW09293C65,GTC TABENKEN,ALPHA_PREFIX,Nord-Ouest,INFERRED_BY_ELIMINATION,ESG_OR_UNKNOWN,PROBABLE,Lyce de TABENKEN,NORD-OUEST,3HI1GSAD110855109
NO02334A88,CES de LAINDE-MASSA,ALPHA_PREFIX,Nord,CONFIRMED_BY_MATCH,ESG_OR_UNKNOWN,NEW,,,
13210515,COLLÈGE PRIVÉ CATHOLIQUE BILINGUE MARIE THÉRÈSE DE MAYO-OULDÉMÉ,DIGIT_PREFIX,,,ESG_OR_UNKNOWN,PROBABLE_NO_REGION_SIGNAL,Lyce Bilingue de MAYO-BALEO,ADAMAOUA,2EI1GSFD110323106
EN22367A30,CES DE NGODENI,ALPHA_PREFIX,Extrême-Nord,CONFIRMED_BY_MATCH,ESG_OR_UNKNOWN,NEW,,,
NO29335A47,CES de LEUNDA,ALPHA_PREFIX,Nord,CONFIRMED_BY_MATCH,ESG_OR_UNKNOWN,NEW,,,
NO02345A87,CES de LOUGOUNDE,ALPHA_PREFIX,Nord,CONFIRMED_BY_MATCH,ESG_OR_UNKNOWN,NEW,,,
NO29335C45,CETIC de SAKDJE,ALPHA_PREFIX,Nord,CONFIRMED_BY_MATCH,ESTP,PROBABLE,Lyce Bilingue de SAKDJE,NORD,1IH1GSBD100598114
10040025,INSTITUT POLYVALENT BILINGUE EXCELLENCY ACADEMY (IPOBEXA),DIGIT_PREFIX,,,ESG_OR_UNKNOWN,NEW,,,
10040024,COLLEGE BILINGUE EINSTEIN (CBE)/EINSTEIN BILINGUAL COLLEGE,DIGIT_PREFIX,,,ESG_OR_UNKNOWN,NEW,,,
15310825,COLLÈGE PRIVÉ BILINGUE L&#039;ÉMERGENCE DE NGONG,DIGIT_PREFIX,,,ESG_OR_UNKNOWN,PROBABLE_NO_REGION_SIGNAL,Lyce Bilingue de NGONG,NORD,1CR1GSBD111260113
15310826,COLLÈGE PRIVÉ LAÏC LA RÉFÉRENCE DE NGONG,DIGIT_PREFIX,,,ESG_OR_UNKNOWN,PROBABLE_NO_REGION_SIGNAL,Lyce Bilingue de NGONG,NORD,1CR1GSBD111260113
15310827,COLLÈGE POLYVALENT MOUNGNONE DE LAGDO,DIGIT_PREFIX,,,ESG_OR_UNKNOWN,PROBABLE_NO_REGION_SIGNAL,Lyce Bilingue de LAGDO,NORD,1CM1GSBD111255112
15310829,COLLÈGE PRIVÉ BILINGUE L&#039;ESPERANCE DE RABINGHA,DIGIT_PREFIX,,,ESG_OR_UNKNOWN,PROBABLE_NO_REGION_SIGNAL,Lyce de RABINGHA,NORD,1CM1GSFD111223110
15310830,COLLÈGE POLYVALENT BILINGUE L&#039;HORIZON DE NGONG,DIGIT_PREFIX,,,ESG_OR_UNKNOWN,PROBABLE_NO_REGION_SIGNAL,Lyce Bilingue de NGONG,NORD,1CR1GSBD111260113
SW10076C46,CETIC de BWITEVA-BUEA,ALPHA_PREFIX,Sud-Ouest,INFERRED_BY_ELIMINATION,ESTP,PROBABLE,Lyce Bilingue de MOLYKO-BUEA,SUD-OUEST,6CC1GSBD111860071
SW10338C47,CETIC de MISSELLELE,ALPHA_PREFIX,Sud-Ouest,INFERRED_BY_ELIMINATION,ESTP,NEW,,,
NO28147A53,CES de SORAWEL,ALPHA_PREFIX,Nord,CONFIRMED_BY_MATCH,ESG_OR_UNKNOWN,NEW,,,
CE41357L51,LYCEE TECHNIQUE BILINGUE de NLONG-KAK,ALPHA_PREFIX,Centre,CONFIRMED_BY_MATCH,ESTP,PROBABLE,CES de NKOL-NLONG I,CENTRE,5KC1GSFD100304109
OU01224C51,CETIC DE BAMENKOMBO,ALPHA_PREFIX,Ouest,CONFIRMED_BY_MATCH,ESTP,PROBABLE,Lyce de BAMENKOMBO,OUEST,4CI1GSFD110612109
CE33307C28,CETIC DE NACHTIGAL,ALPHA_PREFIX,Centre,CONFIRMED_BY_MATCH,ESTP,NEW,,,
LT55112C74,CETIC DE MOUANKONG,ALPHA_PREFIX,Littoral,CONFIRMED_BY_MATCH,ESTP,NEW,,,
OU50131C83,CETIC DE MANGOUM,ALPHA_PREFIX,Ouest,CONFIRMED_BY_MATCH,ESTP,NEW,,,
AD57268A51,CES de YOKOTONDOU,ALPHA_PREFIX,Adamaoua,CONFIRMED_BY_MATCH,ESG_OR_UNKNOWN,NEW,,,
CE51194C72,CETIC DE MOM GARE,ALPHA_PREFIX,Centre,CONFIRMED_BY_MATCH,ESTP,PROBABLE,Lyce de MOM-GARE,CENTRE,5MK1GSFD111347111
OU50197A94,CES de NJIMONGOU MASSASSA,ALPHA_PREFIX,Ouest,CONFIRMED_BY_MATCH,ESG_OR_UNKNOWN,NEW,,,
NO29343B44,CES BILINGUE de MBAI-MBOUM,ALPHA_PREFIX,Nord,CONFIRMED_BY_MATCH,ESG_OR_UNKNOWN,PROBABLE,Lyce de MBAI-MBOUM,NORD,1II1GSFD110982112
NO02083A84,CES de PAKETE,ALPHA_PREFIX,Nord,CONFIRMED_BY_MATCH,ESG_OR_UNKNOWN,NEW,,,
EN06264A61,CES de ZONGOYA,ALPHA_PREFIX,Extrême-Nord,CONFIRMED_BY_MATCH,ESG_OR_UNKNOWN,NEW,,,
OU50171C93,CETIC BILINGUE de KOUPA MENKE,ALPHA_PREFIX,Ouest,CONFIRMED_BY_MATCH,ESTP,PROBABLE,Lyce de KOUPA-MATAPIT,OUEST,4ME1GSFD112233107
NO28213C48,CETIC de MOUROUM,ALPHA_PREFIX,Nord,CONFIRMED_BY_MATCH,ESTP,PROBABLE,CES de MOUROUM,NORD,1HH1GSFD101905110
EN27148A80,CES DE NGARNASSE,ALPHA_PREFIX,Extrême-Nord,CONFIRMED_BY_MATCH,ESG_OR_UNKNOWN,NEW,,,
EN30250C32,CETIC de ZOUELVA,ALPHA_PREFIX,Extrême-Nord,CONFIRMED_BY_MATCH,ESTP,PROBABLE,Lyce de ZOUELVA,EXTREME-NORD,0JE1GSFD111249110
NO28213C49,CETIC de KOMBOM,ALPHA_PREFIX,Nord,CONFIRMED_BY_MATCH,ESTP,NEW,,,
SW20349C27,CETIC /GTC BESSALI,ALPHA_PREFIX,Sud-Ouest,INFERRED_BY_ELIMINATION,ESTP,NEW,,,
AD34226B27,CES Bilingue de DABOLOY MEIGANGA,ALPHA_PREFIX,Adamaoua,CONFIRMED_BY_MATCH,ESG_OR_UNKNOWN,PROBABLE,Lyce Bilingue de MEIGANGA,ADAMAOUA,2IH1GSBD111861107
OU50131B96,CES BILINGUE de NJIMBOUOT II,ALPHA_PREFIX,Ouest,CONFIRMED_BY_MATCH,ESG_OR_UNKNOWN,NEW,,,
EN30250B34,CES BILINGUE de WARBA,ALPHA_PREFIX,Extrême-Nord,CONFIRMED_BY_MATCH,ESG_OR_UNKNOWN,NEW,,,
CETEST01,TEST LYCEE PLATEFORME,ALPHA_PREFIX,Centre,CONFIRMED_BY_MATCH,ESG_OR_UNKNOWN,NEW,,,
CE812258I21,TEST CHEHOU TEG,ALPHA_PREFIX,Centre,CONFIRMED_BY_MATCH,ESG_OR_UNKNOWN,NEW,,,
SU07237C70,CETIC MEYOMESSALA SUD CAM,ALPHA_PREFIX,Sud,CONFIRMED_BY_MATCH,ESTP,PROBABLE,CES Bilingue de MEYOMESSALA,SUD,8CH1GSBD101950112
NW05153C84,CGTC (CETIC) KINSEJAM,ALPHA_PREFIX,Nord-Ouest,INFERRED_BY_ELIMINATION,ESTP,NEW,,,
NW43352C57,GTC (CETIC) NGALLA,ALPHA_PREFIX,Nord-Ouest,INFERRED_BY_ELIMINATION,ESTP,NEW,,,
OU46342B40,CES BILINGUE FAGNO TONGA,ALPHA_PREFIX,Ouest,CONFIRMED_BY_MATCH,ESG_OR_UNKNOWN,PROBABLE,CES Bilingue de TONGA-RURAL,OUEST,4LI1GSBD102694114
OU50193B95,CES BILINGUE de FOROUONGAIN,ALPHA_PREFIX,Ouest,CONFIRMED_BY_MATCH,ESG_OR_UNKNOWN,NEW,,,
EN26143A110,CES BEC DE CANARD,ALPHA_PREFIX,Extrême-Nord,CONFIRMED_BY_MATCH,ESG_OR_UNKNOWN,NEW,,,
EN26157A109,CES DE GOLONGARI,ALPHA_PREFIX,Extrême-Nord,CONFIRMED_BY_MATCH,ESG_OR_UNKNOWN,NEW,,,
EN30250A33,CES DE DOULO,ALPHA_PREFIX,Extrême-Nord,CONFIRMED_BY_MATCH,ESG_OR_UNKNOWN,NEW,,,
EN30250C31,CETIC DE OUDJILA,ALPHA_PREFIX,Extrême-Nord,CONFIRMED_BY_MATCH,ESTP,NEW,,,
EN31245A74,CES DE KORTCHI,ALPHA_PREFIX,Extrême-Nord,CONFIRMED_BY_MATCH,ESG_OR_UNKNOWN,NEW,,,
EN31075C73,CETIC DE GUILI,ALPHA_PREFIX,Extrême-Nord,CONFIRMED_BY_MATCH,ESTP,PROBABLE,CES de WATIR-GUILI,EXTREME-NORD,0KC1GSFD102920114
EN31246B75,CES BILINGUE DE GOUDOUR,ALPHA_PREFIX,Extrême-Nord,CONFIRMED_BY_MATCH,ESG_OR_UNKNOWN,NEW,,,
CE51208C73,CETIC DE MANDOUMBA,ALPHA_PREFIX,Centre,CONFIRMED_BY_MATCH,ESTP,PROBABLE,Lyce de MANDOUMBA,CENTRE,5ML1GSFD112391108
EN27154B81,CES BILINGUE de MAKEBI,ALPHA_PREFIX,Extrême-Nord,CONFIRMED_BY_MATCH,ESG_OR_UNKNOWN,NEW,,,
SU45115C59,CETIC DE EFOULAN,ALPHA_PREFIX,Sud,CONFIRMED_BY_MATCH,ESTP,NEW,,,
10030002,Grace Baptist Secondary School,DIGIT_PREFIX,,,ESG_OR_UNKNOWN,NEW,,,
10020003,Collège Polyvalent Bilingue saint Jean Paul II de Banyo,DIGIT_PREFIX,,,ESG_OR_UNKNOWN,PROBABLE_NO_REGION_SIGNAL,Lyce Bilingue de BANYO,ADAMAOUA,2HE1GSBD110503107
10020004,Collège Polyvalent Bilingue Mount Olive,DIGIT_PREFIX,,,ESG_OR_UNKNOWN,NEW,,,
10020005,Landjo Technical Bilingual Secondary School,DIGIT_PREFIX,,,ESG_OR_UNKNOWN,NEW,,,
10020006,Complexe Scolaire Moderne Tanda,DIGIT_PREFIX,,,ESG_OR_UNKNOWN,PROBABLE_NO_REGION_SIGNAL,Lyce Classique et Moderne de BAFIA,CENTRE,5HC1GSFD112342106
10010004,Collège Bilingue la Concorde,DIGIT_PREFIX,,,ESG_OR_UNKNOWN,NEW,,,
10010005,Meiganga Sunrise Bilingual College,DIGIT_PREFIX,,,ESG_OR_UNKNOWN,PROBABLE_NO_REGION_SIGNAL,Lyce Bilingue de MEIGANGA,ADAMAOUA,2IH1GSBD111861107
AD34269A26,CES de BAFOUCK,ALPHA_PREFIX,Adamaoua,CONFIRMED_BY_MATCH,ESG_OR_UNKNOWN,NEW,,,
10010006,Competence Bilingual College,DIGIT_PREFIX,,,ESG_OR_UNKNOWN,NEW,,,
10040026,Collège Polyvalent Bilingue la Référence,DIGIT_PREFIX,,,ESG_OR_UNKNOWN,NEW,,,
10040027,Unity Bilingual Academy Complex,DIGIT_PREFIX,,,ESG_OR_UNKNOWN,NEW,,,
10040028,Collège Bilingue les Pachas,DIGIT_PREFIX,,,ESG_OR_UNKNOWN,NEW,,,
10040029,SilverSpring college Beka,DIGIT_PREFIX,,,ESG_OR_UNKNOWN,PROBABLE_NO_REGION_SIGNAL,CES de BEKA,ADAMAOUA,2IH1GSFD100239113
10040030,Collège Polyvalent bilingue Yves Plumey,DIGIT_PREFIX,,,ESG_OR_UNKNOWN,NEW,,,
10040031,Collège Adventiste TED WILSON,DIGIT_PREFIX,,,ESG_OR_UNKNOWN,NEW,,,
10040032,Collège Polyvalent Bilingue Iya,DIGIT_PREFIX,,,ESG_OR_UNKNOWN,NEW,,,
10040033,Collège Polyvalent Bilingue l&#039;Espérance,DIGIT_PREFIX,,,ESG_OR_UNKNOWN,NEW,,,
10040034,Collège Bilingue Modibbo Adama,DIGIT_PREFIX,,,ESG_OR_UNKNOWN,NEW,,,
10040035,Collège Polyvalent Bilingue Fiderol,DIGIT_PREFIX,,,ESG_OR_UNKNOWN,NEW,,,
10040036,Institut Privé Bilingue Victoria,DIGIT_PREFIX,,,ESG_OR_UNKNOWN,NEW,,,
10040038,Presbyterian Comprehensive Secondary School,DIGIT_PREFIX,,,ESG_OR_UNKNOWN,NEW,,,
10040039,MAARIF COLLEGE NGAOUNDERE,DIGIT_PREFIX,,,ESG_OR_UNKNOWN,PROBABLE_NO_REGION_SIGNAL,Lyce Bilingue de NGAOUNDERE,ADAMAOUA,2JK1GSBD112472091
10040040,Savannah Bilingual College,DIGIT_PREFIX,,,ESG_OR_UNKNOWN,NEW,,,
10040041,Pilot Bilingual Comprehensive High School,DIGIT_PREFIX,,,ESG_OR_UNKNOWN,NEW,,,
10040042,Collège Bilingue Islamique Nasser de Ngaoundéré,DIGIT_PREFIX,,,ESG_OR_UNKNOWN,PROBABLE_NO_REGION_SIGNAL,Lyce Bilingue de NGAOUNDERE,ADAMAOUA,2JK1GSBD112472091
10040043,Collège Bilingue Saint François de Sales,DIGIT_PREFIX,,,ESG_OR_UNKNOWN,NEW,,,
10040044,Collège Shekina,DIGIT_PREFIX,,,ESG_OR_UNKNOWN,NEW,,,
10040045,collège bilingue Fondation Nana Bouba de ngaoundere,DIGIT_PREFIX,,,ESG_OR_UNKNOWN,PROBABLE_NO_REGION_SIGNAL,CES de BOUBA-DJARA,NORD,1HE1GSFD102327113
13230507,COLLEGE POLYVALENT PRIVE CATHOLIQUE BILINGUE EUGENE SAINT MAZENOD,DIGIT_PREFIX,,,ESG_OR_UNKNOWN,NEW,,,
13230508,COLLEGE ADVENTISTE BERGSTRÖM DE DOGBA,DIGIT_PREFIX,,,ESG_OR_UNKNOWN,PROBABLE_NO_REGION_SIGNAL,Lyce de DOGBA,EXTREME-NORD,0CJ1GSFD111506112
13230511,COLLEGE BILINGUE NOTRE DAME DE LA SAGESSE SAPENCIA,DIGIT_PREFIX,,,ESG_OR_UNKNOWN,NEW,,,
13230512,COLLEGE POLYVALENT DU SAHEL CPS maroua,DIGIT_PREFIX,,,ESG_OR_UNKNOWN,PROBABLE_NO_REGION_SIGNAL,Lyce Bilingue de MAROUA,EXTREME-NORD,0CK1GSBD111236092
13230513,COLLEGE PRIVE BILINGUE PIERRE ET MARIE CURIE,DIGIT_PREFIX,,,ESG_OR_UNKNOWN,NEW,,,
13230515,COLLEGE PRIVE ISLAMIQUE AT TAYSIR,DIGIT_PREFIX,,,ESG_OR_UNKNOWN,NEW,,,
13230516,COLLEGE PRIVE ISLAMIQUE BIL MODIBBO DJAM,DIGIT_PREFIX,,,ESG_OR_UNKNOWN,NEW,,,
13230517,COLLEGE PRIVE ISLAMIQUE DE LA FRATERNITE KAYSERI,DIGIT_PREFIX,,,ESG_OR_UNKNOWN,NEW,,,
13230521,COLLEGE TECHNIQUE PROFESSIONNEL ET AGRICOLE DE MAROUA,DIGIT_PREFIX,,,ESG_OR_UNKNOWN,PROBABLE_NO_REGION_SIGNAL,Lyce Bilingue de MAROUA,EXTREME-NORD,0CK1GSBD111236092
13230523,COURS DU SOIR DE L&#039;ESPOIR,DIGIT_PREFIX,,,ADULT_EVENING,NEW,,,
13230524,COURS DU SOIR DE L&#039;EXCELLENCE DE MAROUA,DIGIT_PREFIX,,,ADULT_EVENING,PROBABLE_NO_REGION_SIGNAL,Lyce Bilingue de MAROUA,EXTREME-NORD,0CK1GSBD111236092
13230525,COLLEGE POLYVALENT PRIVE BILINGUE D&#039;ENS GEN TECH PROF ET AGRICOLE,DIGIT_PREFIX,,,ESG_OR_UNKNOWN,NEW,,,
13230526,ENIEG PRIVE BILINGUE DE MAROUA,DIGIT_PREFIX,,,ENI,PROBABLE_NO_REGION_SIGNAL,Lyce Bilingue de MAROUA,EXTREME-NORD,0CK1GSBD111236092
13250512,COLLEGE PRIVE ISLAMIQUE ANOUR DE KOUSSERI,DIGIT_PREFIX,,,ESG_OR_UNKNOWN,PROBABLE_NO_REGION_SIGNAL,Lyce Bilingue de KOUSSERI,EXTREME-NORD,0EK1GSBD112144104
13250515,INSTITUT OUM EL QUOURAH,DIGIT_PREFIX,,,ESG_OR_UNKNOWN,NEW,,,
13240513,COLLEGE PRIVE BIL AS-SALAM DE YAGOUA,DIGIT_PREFIX,,,ESG_OR_UNKNOWN,PROBABLE_NO_REGION_SIGNAL,Lyce Bilingue de YAGOUA,EXTREME-NORD,0HR1GSBD111689105
13240514,COLLEGE PRIVE POLYVALENT CARDINAL TUMI DE YAGOUA,DIGIT_PREFIX,,,ESG_OR_UNKNOWN,PROBABLE_NO_REGION_SIGNAL,Lyce Bilingue de YAGOUA,EXTREME-NORD,0HR1GSBD111689105
13201229,COLLEGE PRIVE BILINGUE CATHOLIQUE MATER DEI DE KAELE,DIGIT_PREFIX,,,ESG_OR_UNKNOWN,PROBABLE_NO_REGION_SIGNAL,Lyce Classique et Moderne de KAELE,EXTREME-NORD,0IE1GSFD112211078
13201230,COLLEGE PRIVE ISLAMIQUE ALHIKMA DE KAELE,DIGIT_PREFIX,,,ESG_OR_UNKNOWN,PROBABLE_NO_REGION_SIGNAL,Lyce Classique et Moderne de KAELE,EXTREME-NORD,0IE1GSFD112211078
13210518,COLLEGE PRIVE LAIC ABBA DE MORA,DIGIT_PREFIX,,,ESG_OR_UNKNOWN,PROBABLE_NO_REGION_SIGNAL,CES de MORA-MASSIF,EXTREME-NORD,0JE1GSFD101070112
13210519,COMPLEXE SCOLAIRE BILINGUE PRIVE CATHOLIQUE PHILIPPE STEVENS,DIGIT_PREFIX,,,ESG_OR_UNKNOWN,NEW,,,
13220520,COLLEGE CATHOLIQUE SAINT JOSEPH DE KOZA,DIGIT_PREFIX,,,ESG_OR_UNKNOWN,PROBABLE_NO_REGION_SIGNAL,Lyce TSF MONGO JOSEPH,LITTORAL,7IE1GSFD110002091
13220521,COLLEGE PRIVE BILINGUE CATHOLIQUE PIERRE BIENVENU NOAILLES DE MOKOLO,DIGIT_PREFIX,,,ESG_OR_UNKNOWN,PROBABLE_NO_REGION_SIGNAL,Lyce Bilingue de MOKOLO,EXTREME-NORD,0KK1GSBD110253106
13220522,COLLEGE PRIVE BILINGUE DE KORTCHI,DIGIT_PREFIX,,,ESG_OR_UNKNOWN,NEW,,,
13220523,COLLEGE PRIVE LAIC LA REFERENCE DE MOKOLO,DIGIT_PREFIX,,,ESG_OR_UNKNOWN,PROBABLE_NO_REGION_SIGNAL,Lyce Bilingue de MOKOLO,EXTREME-NORD,0KK1GSBD110253106
13220524,COLLEGE PRIVE ST. VINCENT DE PAUL DE BOURHA,DIGIT_PREFIX,,,ESG_OR_UNKNOWN,PROBABLE_NO_REGION_SIGNAL,Lyce Bilingue de BOURHA,EXTREME-NORD,0KC1GSBD111974110
13220527,COLLEGE TECHNIQUE PROFESSIONNEL ET AGRICOLE DE KOZA,DIGIT_PREFIX,,,ESG_OR_UNKNOWN,PROBABLE_NO_REGION_SIGNAL,CES de KOZA II,NORD,1CT1GSFD101179111
13220528,COURS DU SOIR REST EVENING SECONDARY SCHOOL,DIGIT_PREFIX,,,ADULT_EVENING,NEW,,,
13220529,COURS DU SOIR TOUT EST GRACE DE MOKOLO,DIGIT_PREFIX,,,ADULT_EVENING,PROBABLE_NO_REGION_SIGNAL,Lyce Bilingue de MOKOLO,EXTREME-NORD,0KK1GSBD110253106
12190001,COMPLEXE BILINGUE CATHOLIQUE INTEGRAL LA SAINTE UNION,DIGIT_PREFIX,,,ESG_OR_UNKNOWN,NEW,,,
12190004,COLLEGE BILINGUE LES AIGLONS (YOKADOUMA),DIGIT_PREFIX,,,ESG_OR_UNKNOWN,PROBABLE_NO_REGION_SIGNAL,Lyce Bilingue de YOKADOUMA,EST,9CI1GSBD110701112
12190002,COLLEGE CATHOLIQUE BILINGUE SAINT AUGUSTIN DE L’EVECHE,DIGIT_PREFIX,,,ESG_OR_UNKNOWN,NEW,,,
12190003,COLLEGE CATHOLIQUE SAINT VINCENT DE PAUL DE MOLOUNDOU,DIGIT_PREFIX,,,ESG_OR_UNKNOWN,PROBABLE_NO_REGION_SIGNAL,Lyce Bilingue de MOLOUNDOU,EST,9CE1GSBD110055114
12170474,ENIEG BILINGUE PRIVEE LAÏQUE ABONG-MBANG,DIGIT_PREFIX,,,ENI,PROBABLE_NO_REGION_SIGNAL,CES d'ABONG-DOUM,EST,9EC1GSFD100024111
12160477,COLLEGE ADVENTISTE BILINGUE BATOURI,DIGIT_PREFIX,,,ESG_OR_UNKNOWN,PROBABLE_NO_REGION_SIGNAL,Lyce Bilingue de BATOURI,EST,9HC1GSBD112198099
12160478,COLLEGE ISLAMIQUE ALQIBLA,DIGIT_PREFIX,,,ESG_OR_UNKNOWN,NEW,,,
12180495,UNIQUE ENGLISH COLLEGE,DIGIT_PREFIX,,,ESG_OR_UNKNOWN,NEW,,,
12180496,COLLEGE BILINGUE NJIKE,DIGIT_PREFIX,,,ESG_OR_UNKNOWN,NEW,,,
12180497,COLLEGE PRIVE ISLAMIQUE BILINGUE LATIFA (Mandjou),DIGIT_PREFIX,,,ESG_OR_UNKNOWN,PROBABLE_NO_REGION_SIGNAL,Lyce de MANDJOU,EST,9IL1GSFD112411111
12180504,CENTER OF EXCELLENCE BILINGUAL COLLEGE (CEBICOL),DIGIT_PREFIX,,,ESG_OR_UNKNOWN,NEW,,,
12180499,COLLEGE PROTESTANT POLYVALENT DE GAROUA BOULAI,DIGIT_PREFIX,,,ESG_OR_UNKNOWN,PROBABLE_NO_REGION_SIGNAL,Lyce Bilingue de GAROUA-BOULAI,EST,9IK1GSBD102376113
12180500,COLLEGE ADVENTISTE BILINGUE DE BINDIA,DIGIT_PREFIX,,,ESG_OR_UNKNOWN,NEW,,,
12180501,ZTF BILINGUAL COLLEGE,DIGIT_PREFIX,,,ESG_OR_UNKNOWN,NEW,,,
12180502,"ELITES BILINGUAL GRAMMAR,TECHNICAL AND COMMERCIAL COLLEGE(ELITES -TEC)",DIGIT_PREFIX,,,ESG_OR_UNKNOWN,NEW,,,
12180503,HOPE BAPTIST COLLEGE,DIGIT_PREFIX,,,ESG_OR_UNKNOWN,NEW,,,
12189477,COURS DU SOIR BILINGUE DU COLLEGE ADVENTISTE DE BERTOUA,DIGIT_PREFIX,,,ADULT_EVENING,PROBABLE_NO_REGION_SIGNAL,CES de BERTOUA II,EST,9IH1GSFD102370113
19561308,STANDARD TECHNICAL HIGH SCHOOL MONDONI NEW LAYOUT,DIGIT_PREFIX,,,ESG_OR_UNKNOWN,NEW,,,
NO29343B49,CES BILINGUE de NDOCK,ALPHA_PREFIX,Nord,CONFIRMED_BY_MATCH,ESG_OR_UNKNOWN,NEW,,,
11150498,COMPLEXE SCOLAIRE BILINGUE CYWIBRA,DIGIT_PREFIX,,,ESG_OR_UNKNOWN,NEW,,,
14280798,PRESBYTERIAN SECONDARY SCHOOL DOUALA,DIGIT_PREFIX,,,ESG_OR_UNKNOWN,PROBABLE_NO_REGION_SIGNAL,Lyce JOSS DE DOUALA,LITTORAL,7IC1GSFD112465054
11130476,NTONDOBE COLLEGE,DIGIT_PREFIX,,,ESG_OR_UNKNOWN,NEW,,,
11060758,COLLEGE SAINT MARC D&#039;EKOUNOU,DIGIT_PREFIX,,,ESG_OR_UNKNOWN,PROBABLE_NO_REGION_SIGNAL,Lyce Bilingue d'EKOUNOU,CENTRE,5LI1GSBD110009112
11060770,COLLEGE SAINT MARC,DIGIT_PREFIX,,,ESG_OR_UNKNOWN,NEW,,,
15310831,COLLEGE PRIVE POLYVALENT BILINGUE SOURCE DE VIE,DIGIT_PREFIX,,,ESG_OR_UNKNOWN,NEW,,,
11060750,INSTITUT POLYVALENT DE L&#039;INNOVATION,DIGIT_PREFIX,,,ESG_OR_UNKNOWN,NEW,,,
11060841,COMPLEXE SCOLAIRE BILINGUE CATHOLIQUE NOTRE DAME DES VICTOIRES,DIGIT_PREFIX,,,ESG_OR_UNKNOWN,NEW,,,
11140842,COLLEGE BILINGUE SOURCE DE GRACE,DIGIT_PREFIX,,,ESG_OR_UNKNOWN,NEW,,,
11080843,THE CHAMPION BILINGUAL COLLEGE,DIGIT_PREFIX,,,ESG_OR_UNKNOWN,NEW,,,
11060844,ENIEG PRIVEE BILINGUE Education et Vie,DIGIT_PREFIX,,,ENI,NEW,,,
11140616,COLLEGE BILINGUE FRANCOIS ELVIRE,DIGIT_PREFIX,,,ESG_OR_UNKNOWN,NEW,,,
18521137,Collège. BILINGUE REV. Joseph MBARGA,DIGIT_PREFIX,,,ESG_OR_UNKNOWN,PROBABLE_NO_REGION_SIGNAL,Lyce TSF MONGO JOSEPH,LITTORAL,7IE1GSFD110002091
18521138,SAINT MAURICE BILINGUAL COMPREHENSIVE COLLEGE,DIGIT_PREFIX,,,ESG_OR_UNKNOWN,NEW,,,
18521139,Institut Polyvalent Bilingue EMMANUEL Le Brun,DIGIT_PREFIX,,,ESG_OR_UNKNOWN,NEW,,,
18521140,SHALOM BILINGUAL SECONDARY SCHOOL,DIGIT_PREFIX,,,ESG_OR_UNKNOWN,NEW,,,
18521141,EL SHADDAI STANDARD PROGRESSIVE COLLEGE,DIGIT_PREFIX,,,ESG_OR_UNKNOWN,NEW,,,
18521142,GENIUS PROGRESSIVE HIGH SCHOOL,DIGIT_PREFIX,,,ESG_OR_UNKNOWN,NEW,,,
18511145,COLLEGE LE BON SAMARITAIN (DJOUM),DIGIT_PREFIX,,,ESG_OR_UNKNOWN,PROBABLE_NO_REGION_SIGNAL,Lyce Bilingue de DJOUM,SUD,8CE1GSBD110167107
18511146,COLLEGE ADVENTISTE SANGMELIMA,DIGIT_PREFIX,,,ESG_OR_UNKNOWN,PROBABLE_NO_REGION_SIGNAL,Lyce Classique et Moderne de SANGMELIMA,SUD,8CL1GSFD111825069
18511144,ALFRED AND SARAH B.A,DIGIT_PREFIX,,,ESG_OR_UNKNOWN,NEW,,,
18511148,COURS DU SOIR TANTE BELLA,DIGIT_PREFIX,,,ADULT_EVENING,PROBABLE_NO_REGION_SIGNAL,CES de BELLA,SUD,8HK1GSFD100734108
19561309,INTEGRITY HIGH SCHOOL,DIGIT_PREFIX,,,ESG_OR_UNKNOWN,NEW,,,
17421059,COLLEGE PRIVE LAIC BILINGUE ENS GENERAL DES SOURS ET MALENTENDANTS (COBICERSOM),DIGIT_PREFIX,,,ESG_OR_UNKNOWN,PROBABLE_NO_REGION_SIGNAL,Lyce GENERAL LECLERC,CENTRE,5LH1GSFD111715052
17411008,COLLEGE ISLAMIQUE BILINGUE AHL-UL-BAYT,DIGIT_PREFIX,,,ESG_OR_UNKNOWN,NEW,,,
19561310,ST MARY&#039;S COLLEGE,DIGIT_PREFIX,,,ESG_OR_UNKNOWN,NEW,,,
17411009,COMPLEXE SCOLAIRE ISLAMIQUE BILINGUE DE FOUMBOT,DIGIT_PREFIX,,,ESG_OR_UNKNOWN,PROBABLE_NO_REGION_SIGNAL,Lyce Bilingue de FOUMBOT,OUEST,4MH1GSBD111846095
17431012,COLLEGE CATHOLIQUE BILINGUE STE JOSEPHINE,DIGIT_PREFIX,,,ESG_OR_UNKNOWN,NEW,,,
17431013,COLLEGE TCHOUGO,DIGIT_PREFIX,,,ESG_OR_UNKNOWN,NEW,,,
17411010,COLLEGE DU COMPLEXE SCOLAIRE BILINGUE ISLAMIQUE NTIECHE,DIGIT_PREFIX,,,ESG_OR_UNKNOWN,NEW,,,
19561311,HOPE HIGH SCHOOL IDENAU,DIGIT_PREFIX,,,ESG_OR_UNKNOWN,PROBABLE_NO_REGION_SIGNAL,Lyce d'IDENAU,SUD-OUEST,6CJ1GSAD110693107
11060629,INSTITUT ADEKA,DIGIT_PREFIX,,,ESG_OR_UNKNOWN,NEW,,,
11060643,INSTITUT BILINGUE PETOU,DIGIT_PREFIX,,,ESG_OR_UNKNOWN,NEW,,,
11060653,LYCEE TECHNIQUE PRIVE KEYNES,DIGIT_PREFIX,,,ESTP,NEW,,,
11060673,COLLEGE BILINGUE LES MASTERS,DIGIT_PREFIX,,,ESG_OR_UNKNOWN,NEW,,,
11060675,COLLEGE BILINGUE ZUDOM,DIGIT_PREFIX,,,ESG_OR_UNKNOWN,NEW,,,
11060695,TSELA COMPREHENSIVE SECONDARY SCHOOL,DIGIT_PREFIX,,,ESG_OR_UNKNOWN,PROBABLE_NO_REGION_SIGNAL,Lyce de TSELA,OUEST,4IH1GSFD111785107
11060697,COURS DU SOIR BLAINA,DIGIT_PREFIX,,,ADULT_EVENING,NEW,,,
11060709,COLLEGE POLYVALENT BILINGUE JANLO,DIGIT_PREFIX,,,ESG_OR_UNKNOWN,NEW,,,
11060711,COLLEGE PRIVE MOUGAMA,DIGIT_PREFIX,,,ESG_OR_UNKNOWN,NEW,,,
11060716,COURS DU SOIR LES COLIBRIS,DIGIT_PREFIX,,,ADULT_EVENING,NEW,,,
11060725,COLLEGE BILINGUE ESPOIR DE MINKAN,DIGIT_PREFIX,,,ESG_OR_UNKNOWN,PROBABLE_NO_REGION_SIGNAL,Lyce de MINKAN,CENTRE,5LI1GSFD110155106
11060740,COMPLEXE ACADEMIQUE BILINGUE SAINT JOSEPH CALASANZ,DIGIT_PREFIX,,,ESG_OR_UNKNOWN,PROBABLE_NO_REGION_SIGNAL,Lyce TSF MONGO JOSEPH,LITTORAL,7IE1GSFD110002091
11060816,COLLEGE PRIVE BILINGUE UNIVERSEL,DIGIT_PREFIX,,,ESG_OR_UNKNOWN,NEW,,,
11060850,PENIEL MODERN ACADEMY OF YAOUNDE,DIGIT_PREFIX,,,ESG_OR_UNKNOWN,PROBABLE_NO_REGION_SIGNAL,Lyce Bilingue de YAOUNDE,CENTRE,5LJ1GSBD110162077
11060853,COLLEGE CATHOLIQUE DEO GRATIAS D&#039;EMANA,DIGIT_PREFIX,,,ESG_OR_UNKNOWN,PROBABLE_NO_REGION_SIGNAL,Lyce Bilingue d'EMANA,CENTRE,5LC1GSBD110334112
11060855,COLLEGE D&#039;ENSEIGNEMENT SECONDAIRE BILINGUE LES MARYLINE,DIGIT_PREFIX,,,ESG_OR_UNKNOWN,NEW,,,
11060856,COLLEGE PRIVE LAIC EXCELLENCE PLUS,DIGIT_PREFIX,,,ESG_OR_UNKNOWN,NEW,,,
11060857,COLLÈGE ROI SALOMON,DIGIT_PREFIX,,,ESG_OR_UNKNOWN,NEW,,,
11060858,BIANGORO INSTITUTE OF SCIENCE TECHNOLOGY AND ARTS,DIGIT_PREFIX,,,ESG_OR_UNKNOWN,NEW,,,
11060860,COLLEGE BILINGUE FRANTZ FANON,DIGIT_PREFIX,,,ESG_OR_UNKNOWN,NEW,,,
11060861,COLLEGE PRIVE LAÏC SIGMUND FREUD,DIGIT_PREFIX,,,ESG_OR_UNKNOWN,NEW,,,
11060866,COLLEGE INTERNATIONAL BILINGUE DADA ET FILS,DIGIT_PREFIX,,,ESG_OR_UNKNOWN,NEW,,,
11060871,INSTITUT SAMBA SECONDAIRE,DIGIT_PREFIX,,,ESG_OR_UNKNOWN,NEW,,,
11060872,COMPLEXE SCOLAIRE BILINGUE MARKESSO,DIGIT_PREFIX,,,ESG_OR_UNKNOWN,NEW,,,
14290901,Collège St Pierre et Paul de Loum,DIGIT_PREFIX,,,ESG_OR_UNKNOWN,PROBABLE_NO_REGION_SIGNAL,Lyce Bilingue de LOUM-CHANTIER-GARE,LITTORAL,7CJ1GSBD110005110
14290903,COLLEGE BILINGUE ARC-EN-CIEL,DIGIT_PREFIX,,,ESG_OR_UNKNOWN,NEW,,,
14290904,Life Anglo-Saxon College Bwadibo,DIGIT_PREFIX,,,ESG_OR_UNKNOWN,NEW,,,
11140843,BLESSED ANGLO-SAXON HIGH SCHOOL,DIGIT_PREFIX,,,ESG_OR_UNKNOWN,NEW,,,
11090029,COLLEGE ADVENTISTE BILINGUE DE NKOTENG,DIGIT_PREFIX,,,ESG_OR_UNKNOWN,PROBABLE_NO_REGION_SIGNAL,Lyce Bilingue de NKOTENG,CENTRE,5CK1GSBD110390109
17411011,COLLEGE BILINGUE POLYVALENT ISLAMIQUE PRIVE KOUNGA,DIGIT_PREFIX,,,ESG_OR_UNKNOWN,NEW,,,
17411012,COLLEGE ISLAMIQUE DAOUDI,DIGIT_PREFIX,,,ESG_OR_UNKNOWN,NEW,,,
18491156,VICTORY COMPREHENSIVE EVENING SCHOOL,DIGIT_PREFIX,,,ESG_OR_UNKNOWN,NEW,,,
11060891,COURS DU SOIR LES AIGLONS,DIGIT_PREFIX,,,ADULT_EVENING,NEW,,,
18491151,COLLEGE CATHOLIQUE NOTRE DAME DE L&#039; IMMACULEE CONCEPTION DE NIETE,DIGIT_PREFIX,,,ESG_OR_UNKNOWN,PROBABLE_NO_REGION_SIGNAL,Lyce Bilingue de NIETE,SUD,8HN1GSBD111919112
18491152,COLLEGE CATHOLIQUE BILINGUE PÈRE MONTI DE KRIBI,DIGIT_PREFIX,,,ESG_OR_UNKNOWN,PROBABLE_NO_REGION_SIGNAL,Lyce Bilingue de KRIBI,SUD,8HJ1GSBD111964100
18491153,STANDARD ENGLISH COLLEGE,DIGIT_PREFIX,,,ESG_OR_UNKNOWN,NEW,,,
18491154,PETIT SEMINAIRE DE NYAFENDE,DIGIT_PREFIX,,,ESG_OR_UNKNOWN,PROBABLE_NO_REGION_SIGNAL,Lyce Bilingue de BOBONGO-PETIT-PARIS,LITTORAL,7IH1GSBD110694111
18491155,COMPLEXE SCOLAIRE AFRICAIN DE L&#039;EXCELLENCE ACADEMIQUE,DIGIT_PREFIX,,,ESG_OR_UNKNOWN,NEW,,,
18491157,COLLEGE TECHNIQUE ET PROFESSIONNEL AGRICOLE BILINGUE DE KIENKE,DIGIT_PREFIX,,,ESG_OR_UNKNOWN,NEW,,,
18491158,COLLEGE CATHOLIQUE BILINGUE SAINT JEAN DE DOMBE,DIGIT_PREFIX,,,ESG_OR_UNKNOWN,PROBABLE_NO_REGION_SIGNAL,Lyce Bilingue de DOMBE,SUD,8HJ1GSFD110675113
18501165,COURS DU SOIR ST JEAN BATISTE,DIGIT_PREFIX,,,ADULT_EVENING,NEW,,,
18501166,SEMINAIRE SAINT JEAN 23 (EBOLOWA),DIGIT_PREFIX,,,ESG_OR_UNKNOWN,PROBABLE_NO_REGION_SIGNAL,Lyce d'EBOLOWA,SUD,8EI1GSFD112440107
18501167,COLLEGE BILINGUE HILDEGARDE ALTHAUS,DIGIT_PREFIX,,,ESG_OR_UNKNOWN,NEW,,,
18501168,INSTITUT TECHNIQUE ROSA VENERINI,DIGIT_PREFIX,,,ESG_OR_UNKNOWN,NEW,,,
18501169,COREA,DIGIT_PREFIX,,,ESG_OR_UNKNOWN,NEW,,,
18501170,COLLEGE BILINGUE ATIN-FEK,DIGIT_PREFIX,,,ESG_OR_UNKNOWN,NEW,,,
18501171,FUGOBIHIS,DIGIT_PREFIX,,,ESG_OR_UNKNOWN,NEW,,,
18501172,COLLEGE ST FRANCOIS DE MELANE,DIGIT_PREFIX,,,ESG_OR_UNKNOWN,PROBABLE_NO_REGION_SIGNAL,Lyce de MELANE,SUD,8EK1GSFD111914112
11080844,COLLEGE CATHOLIQUE BILINGUE SACRE COEUR DE LADA 2,DIGIT_PREFIX,,,ESG_OR_UNKNOWN,NEW,,,
17411013,COMPLEXE SCOLAIRE PRIVE BILINGUE ISLAMIQUE AL FOURQANE,DIGIT_PREFIX,,,ESG_OR_UNKNOWN,NEW,,,
CE08212L25,TEST Solange ETS,ALPHA_PREFIX,Centre,CONFIRMED_BY_MATCH,ESG_OR_UNKNOWN,NEW,,,
SU07327C69,CETIC D&#039;OVENG-YEMBONG,ALPHA_PREFIX,Sud,CONFIRMED_BY_MATCH,ESTP,PROBABLE,CES de MINDI-MI-OVENG,SUD,8IC1GSFD100827109
19561312,GILEAD TECHNICAL HIGH SCHOOL SMALL SOPPO-BUEA,DIGIT_PREFIX,,,ESG_OR_UNKNOWN,PROBABLE_NO_REGION_SIGNAL,Lyce Bilingue de MOLYKO-BUEA,SUD-OUEST,6CC1GSBD111860071
11150910,BILINGUAL COMPREHENSIVE HIGH SCHOOL CHRIST THE KING,DIGIT_PREFIX,,,ESG_OR_UNKNOWN,PROBABLE_NO_REGION_SIGNAL,CES de KING-PLACE-BATCHAM,OUEST,4CE1GSFD101616111
11120911,COLLEGE SAINT ANDRE,DIGIT_PREFIX,,,ESG_OR_UNKNOWN,NEW,,,
11120912,COLLEGE SAINT FRANCOIS D’ASSISE,DIGIT_PREFIX,,,ESG_OR_UNKNOWN,NEW,,,
11120913,CSB WOURI,DIGIT_PREFIX,,,ESG_OR_UNKNOWN,PROBABLE_NO_REGION_SIGNAL,CES de WOURI-BWELE,LITTORAL,7EH1GSFD102326113
11080914,AFRICA FIRST BILINGUAL COLLEGE,DIGIT_PREFIX,,,ESG_OR_UNKNOWN,NEW,,,
11080915,Collège Bilingue MÜLLER,DIGIT_PREFIX,,,ESG_OR_UNKNOWN,NEW,,,
11080916,complexe scolaire bilingue otto deo gracias,DIGIT_PREFIX,,,ESG_OR_UNKNOWN,NEW,,,
11080917,COLLÈGE BILINGUE SAINT CHRISTOPHE,DIGIT_PREFIX,,,ESG_OR_UNKNOWN,NEW,,,
11080918,COLLÈGE BILINGUE ENTREPRENEURIAL MEKOUJA,DIGIT_PREFIX,,,ESG_OR_UNKNOWN,NEW,,,
11080919,PRESTIGE BILINGUAL COLLÈGE,DIGIT_PREFIX,,,ESG_OR_UNKNOWN,NEW,,,
11080920,Collège Bilingue Pausima,DIGIT_PREFIX,,,ESG_OR_UNKNOWN,NEW,,,
11080921,COLLÈGE D&#039;ENSEIGNEMENT GÉNÉRAL ET PROFESSIONNEL CEGEP STE FOI,DIGIT_PREFIX,,,ESG_OR_UNKNOWN,PROBABLE_NO_REGION_SIGNAL,Lyce GENERAL LECLERC,CENTRE,5LH1GSFD111715052
11080922,Complexe Scolaire Bilingue d&#039;Abang Nkongoa,DIGIT_PREFIX,,,ESG_OR_UNKNOWN,PROBABLE_NO_REGION_SIGNAL,Lyce d'ABANG-MINKO,SUD,8IC1GSFD112102108
11080923,Institut Polyvalent Bilingue Tcheutchoua,DIGIT_PREFIX,,,ESG_OR_UNKNOWN,NEW,,,
11080924,WILLY JEANNE BILINGUAL INSTITUTE,DIGIT_PREFIX,,,ESG_OR_UNKNOWN,NEW,,,
11080925,COLLEGE TECHNIQUE BILINGUE GOLDEN INSTITUTE II,DIGIT_PREFIX,,,ESG_OR_UNKNOWN,NEW,,,
11080926,COLLEGE PRIVE POLYVALENT DE TSINGA-VILLAGE,DIGIT_PREFIX,,,ESG_OR_UNKNOWN,PROBABLE_NO_REGION_SIGNAL,CES de TSINGA-VILLAGE,CENTRE,5LC1GSFD102847115
11080927,COLLEGE BILINGUE DI - ANGELIS,DIGIT_PREFIX,,,ESG_OR_UNKNOWN,NEW,,,
11080928,COMPLEXE SCOLAIRE BILINGUE BIG SII,DIGIT_PREFIX,,,ESG_OR_UNKNOWN,NEW,,,
11080929,COLLEGE SCOLAIRE BILINGUE TERRE D&#039;ESPÉRANCE D&#039;ODZA,DIGIT_PREFIX,,,ESG_OR_UNKNOWN,PROBABLE_NO_REGION_SIGNAL,Lyce d'ODZA,CENTRE,5LI1GSFD110412112
11080930,COLLEGE BILINGUE LES MAJESTES BO&#039;O SANGOUON,DIGIT_PREFIX,,,ESG_OR_UNKNOWN,NEW,,,
11140931,FONDATION TAFI,DIGIT_PREFIX,,,ESG_OR_UNKNOWN,NEW,,,
11060777,DIBA BILINGUAL ACADEMY,DIGIT_PREFIX,,,ESG_OR_UNKNOWN,NEW,,,
11060802,SAINT JOSEPH MISSION HIGH SCHOOL,DIGIT_PREFIX,,,ESG_OR_UNKNOWN,PROBABLE_NO_REGION_SIGNAL,Lyce TSF MONGO JOSEPH,LITTORAL,7IE1GSFD110002091
11060823,FONKO BILINGUAL INSTITUT,DIGIT_PREFIX,,,ESG_OR_UNKNOWN,NEW,,,
11060825,INSTITUT BILINGUE TSIMI EVOUNA,DIGIT_PREFIX,,,ESG_OR_UNKNOWN,NEW,,,
11060831,MANGWANA BILINGUAL HIGH SCHOOL,DIGIT_PREFIX,,,ESG_OR_UNKNOWN,NEW,,,
11060934,KAMZA BILINGUAL COLLEGE,DIGIT_PREFIX,,,ESG_OR_UNKNOWN,NEW,,,
11060937,COLLÈGE BILINGUE CEDEVE,DIGIT_PREFIX,,,ESG_OR_UNKNOWN,NEW,,,
11060938,Cours Du Soir Bilingue La Performance,DIGIT_PREFIX,,,ADULT_EVENING,NEW,,,
11060939,COLLÈGE WINNERS PALE,DIGIT_PREFIX,,,ESG_OR_UNKNOWN,NEW,,,
11060940,HARDFORD INTERNATIONAL SCHOOL ODZA-YDE,DIGIT_PREFIX,,,ESG_OR_UNKNOWN,PROBABLE_NO_REGION_SIGNAL,Lyce d'ODZA,CENTRE,5LI1GSFD110412112
11060769,COLLEGE PRIVE LAIC SAINT PAUL II,DIGIT_PREFIX,,,ESG_OR_UNKNOWN,PROBABLE_NO_REGION_SIGNAL,Lyce de SANGUERE PAUL,NORD,1CL1GSFD111465106
11060941,COLLEGE LES OLYMPIADES,DIGIT_PREFIX,,,ESG_OR_UNKNOWN,NEW,,,
11060942,COLLÈGE POINTE DE L&#039;EXCELLENCE,DIGIT_PREFIX,,,ESG_OR_UNKNOWN,NEW,,,
11060943,SAINT JOHN ACADEMY OF EXCELLENCE,DIGIT_PREFIX,,,ESG_OR_UNKNOWN,NEW,,,
11060944,THE PRINCE OF PEACE SECONDARY SCHOOL (P.P.S.S),DIGIT_PREFIX,,,ESG_OR_UNKNOWN,NEW,,,
11060945,Complexe scolaire bilingue EEKO de l&#039;espoir 2,DIGIT_PREFIX,,,ESG_OR_UNKNOWN,NEW,,,
11060946,COLLÈGE BILINGUE NELSON MANDELA,DIGIT_PREFIX,,,ESG_OR_UNKNOWN,NEW,,,
11060947,GREENER PASTURES BILINGUAL COLLEGE,DIGIT_PREFIX,,,ESG_OR_UNKNOWN,NEW,,,
11060948,COLLEGE BILINGUE MATHILDE AKABA,DIGIT_PREFIX,,,ESG_OR_UNKNOWN,NEW,,,
11060949,CHAMPIONS SECONDARY SCHOOL YAOUNDÉ,DIGIT_PREFIX,,,ESG_OR_UNKNOWN,PROBABLE_NO_REGION_SIGNAL,Lyce Bilingue de YAOUNDE,CENTRE,5LJ1GSBD110162077
11060950,COMPLEXE SCOLAIRE CATHOLIQUE BILINGUE NICOLAS BARRE,DIGIT_PREFIX,,,ESG_OR_UNKNOWN,NEW,,,
11060951,COMPLEXE D&#039;ENSEIGNEMENT SECONDAIRE GENERAL ET PROFESSIONNEL BILINGUE MGR JEAN ZOA,DIGIT_PREFIX,,,ESG_OR_UNKNOWN,PROBABLE_NO_REGION_SIGNAL,Lyce GENERAL LECLERC,CENTRE,5LH1GSFD111715052
11060952,COMPLEXE SCOLAIRE BILINGUE SAINTE MARIE MADELEINE,DIGIT_PREFIX,,,ESG_OR_UNKNOWN,NEW,,,
11060953,MD BILINGUAL COLLEGE,DIGIT_PREFIX,,,ESG_OR_UNKNOWN,NEW,,,
11060954,COMPLEXE SCOLAIRE BILINGUE MK2,DIGIT_PREFIX,,,ESG_OR_UNKNOWN,NEW,,,
11060955,COLLEGE BILINGUE DAN ET CHLOE,DIGIT_PREFIX,,,ESG_OR_UNKNOWN,NEW,,,
11050956,COLLEGE L&#039;ETOILE BRILLANTE DU MATIN,DIGIT_PREFIX,,,ESG_OR_UNKNOWN,NEW,,,
14290799,INSTITUT BILINGUE NYANDJO ROBERT,DIGIT_PREFIX,,,ESG_OR_UNKNOWN,NEW,,,
14290800,COLLÈGE TECHNIQUE POLYVALENT BILINGUE DE MOUANTONG,DIGIT_PREFIX,,,ESG_OR_UNKNOWN,NEW,,,
14290801,INSTITUT BILINGUE SATCHING,DIGIT_PREFIX,,,ESG_OR_UNKNOWN,NEW,,,
14290802,MATER MISERICORDIAE BILINGUAL SCHOOL NJANJO,DIGIT_PREFIX,,,ESG_OR_UNKNOWN,NEW,,,
14290803,INSTITUT POLYVALENT DJAYA,DIGIT_PREFIX,,,ESG_OR_UNKNOWN,NEW,,,
14280804,Collège Bilingue le Quebecois,DIGIT_PREFIX,,,ESG_OR_UNKNOWN,NEW,,,
14280807,Cours du Soir bilingue La Redynamisation,DIGIT_PREFIX,,,ADULT_EVENING,NEW,,,
14280808,COLLEGE BILINGUE FÔ KAMGA JOSEPH II DAUPHINE 3,DIGIT_PREFIX,,,ESG_OR_UNKNOWN,PROBABLE_NO_REGION_SIGNAL,Lyce TSF MONGO JOSEPH,LITTORAL,7IE1GSFD110002091
14280809,EMERGENCE SECONDARY SCHOOL,DIGIT_PREFIX,,,ESG_OR_UNKNOWN,NEW,,,
14280810,PATRICK FOUNDATION ANGLO-SAXON SECONDARY SCHOOL,DIGIT_PREFIX,,,ESG_OR_UNKNOWN,NEW,,,
15310832,Groupe Scolaire Privé de l&#039;Excellence de Guider,DIGIT_PREFIX,,,ESG_OR_UNKNOWN,PROBABLE_NO_REGION_SIGNAL,CES de CASIER-GUIDER,NORD,1HE1GSFD102742114
15330833,COLLÈGE Islamique Franco-Arabe de Mbai-Mboum,DIGIT_PREFIX,,,ESG_OR_UNKNOWN,PROBABLE_NO_REGION_SIGNAL,Lyce de MBAI-MBOUM,NORD,1II1GSFD110982112
11130955,DILIGENT BILINGUAL COLLEGE,DIGIT_PREFIX,,,ESG_OR_UNKNOWN,NEW,,,
11130956,COLLEGE LA REFERENCE INNOVANTE - NKOMETOU,DIGIT_PREFIX,,,ESG_OR_UNKNOWN,PROBABLE_NO_REGION_SIGNAL,Lyce de NKOMETOU I,CENTRE,5JN1GSFD110425115
11120957,WISDOM BILINGUAL COLLEGE VOUNDOU,DIGIT_PREFIX,,,ESG_OR_UNKNOWN,PROBABLE_NO_REGION_SIGNAL,CES de VOUNDOU,CENTRE,5IC1GSFD100923110
11080958,COLLEGE BILINGUE BENITA,DIGIT_PREFIX,,,ESG_OR_UNKNOWN,NEW,,,
11080959,LA DIEUDONNIÈRE SECONDAIRE,DIGIT_PREFIX,,,ESG_OR_UNKNOWN,NEW,,,
11080960,COMPLEXE SCOLAIRE BILINGUE DIVINE ET BLONDIN,DIGIT_PREFIX,,,ESG_OR_UNKNOWN,NEW,,,
11080961,COLLÈGE BILINGUE BERNOK,DIGIT_PREFIX,,,ESG_OR_UNKNOWN,NEW,,,
11080962,COLLEGE CATHOLIQUE BILINGUE SACRE-COEUR DE LADA II,DIGIT_PREFIX,,,ESG_OR_UNKNOWN,NEW,,,
11080963,COLLEGE MAARIF YAOUNDE-NKOLFOULOU,DIGIT_PREFIX,,,ESG_OR_UNKNOWN,PROBABLE_NO_REGION_SIGNAL,Lyce Bilingue de YAOUNDE,CENTRE,5LJ1GSBD110162077
11080965,INSTITUT FRANÇOIS KANKEU,DIGIT_PREFIX,,,ESG_OR_UNKNOWN,NEW,,,
11080966,SAINTS MARY AND JULIANA BILINGUAL HIGH SCHOOL,DIGIT_PREFIX,,,ESG_OR_UNKNOWN,NEW,,,
11080967,COLLÈGE BILINGUE LES BAMBINIS,DIGIT_PREFIX,,,ESG_OR_UNKNOWN,NEW,,,
11140968,FONDATION BILINGUE GOLIATH,DIGIT_PREFIX,,,ESG_OR_UNKNOWN,NEW,,,
11140969,COMPLEXE SCOLAIRE BILINGUE SAINT FLAUBERT,DIGIT_PREFIX,,,ESG_OR_UNKNOWN,NEW,,,
11060970,COLLÈGE PRIVÉ BILINGUE CARE,DIGIT_PREFIX,,,ESG_OR_UNKNOWN,NEW,,,
11060971,INTEGRATED BILINGUAL SCHOOL OF CAMEROON (IBISCAM),DIGIT_PREFIX,,,ESG_OR_UNKNOWN,NEW,,,
11060972,COMPLEXE SCOLAIRE POLYVALENT DU PARC,DIGIT_PREFIX,,,ESG_OR_UNKNOWN,NEW,,,
11060973,COLLEGE BILINGUE LA PRUDENCE,DIGIT_PREFIX,,,ESG_OR_UNKNOWN,NEW,,,
11060974,COMPLEXE SCOLAIRE INTERNATIONAL LES PETITS ALLEMANDS,DIGIT_PREFIX,,,ESG_OR_UNKNOWN,NEW,,,
11060975,QUEENS GRAMMAR ACADEMY,DIGIT_PREFIX,,,ESG_OR_UNKNOWN,NEW,,,
11060976,CENTRE EDUCATIF BILINGUE LE CENACLE,DIGIT_PREFIX,,,ESG_OR_UNKNOWN,PROBABLE_NO_REGION_SIGNAL,Lyce de MELONG-CENTRE,LITTORAL,7CM1GSFD111655107
11060977,INSTITUT INTERNATIONAL BILINGUE FABIEN NDOUMOU,DIGIT_PREFIX,,,ESG_OR_UNKNOWN,NEW,,,
11060979,COMPLEXE SCOLAIRE BILINGUE GLORIA LES GRANDS,DIGIT_PREFIX,,,ESG_OR_UNKNOWN,NEW,,,
11060980,COLLEGE BILINGUE D&#039;APPLICATION LES PETITS ANGES,DIGIT_PREFIX,,,ESG_OR_UNKNOWN,PROBABLE_NO_REGION_SIGNAL,Lyce Bilingue d'APPLICATION,CENTRE,5LH1GSBD112399092
11060981,COURS DU SOIR LA ROSIERE,DIGIT_PREFIX,,,ADULT_EVENING,NEW,,,
11060982,COLLÈGE BILINGUE SOS HINTEL,DIGIT_PREFIX,,,ESG_OR_UNKNOWN,NEW,,,
11060983,COURS DU SOIR DE L&#039;ETHIQUE,DIGIT_PREFIX,,,ADULT_EVENING,NEW,,,
11060984,COURS DU SOIR PRODIGE PLUS,DIGIT_PREFIX,,,ADULT_EVENING,NEW,,,
11060985,COLLEGE PRIVE BILINGUE LAÏC NESTOR TOUKEA,DIGIT_PREFIX,,,ESG_OR_UNKNOWN,NEW,,,
11060986,COLLEGE FRANÇOIS KAMMOGNE,DIGIT_PREFIX,,,ESG_OR_UNKNOWN,NEW,,,
11060987,Collège Bilingue les CHANTS D&#039;ALLÉGRESSE,DIGIT_PREFIX,,,ESG_OR_UNKNOWN,NEW,,,
11060988,COLLEGE BILINGUE LA GRACE PRESTIGE,DIGIT_PREFIX,,,ESG_OR_UNKNOWN,NEW,,,
11060989,INSTITUT CHANTAL T,DIGIT_PREFIX,,,ESG_OR_UNKNOWN,NEW,,,
11060990,COLLÈGE MGR HENRI VIETER,DIGIT_PREFIX,,,ESG_OR_UNKNOWN,NEW,,,
11060991,OUR LADY OF GOOD SUCCESS INCLUSIVE BILINGUAL TEACHER TRAINING INSTITUTE (OLOGS IBTTI),DIGIT_PREFIX,,,ESG_OR_UNKNOWN,NEW,,,
11060993,COLLEGE POLYVALENT BILINGUE LES TRAVAILLEURS,DIGIT_PREFIX,,,ESG_OR_UNKNOWN,NEW,,,
11060994,COURS DU SOIR MATAMFEN,DIGIT_PREFIX,,,ADULT_EVENING,NEW,,,
11060995,COLLÈGE MALOUM AND AYENA,DIGIT_PREFIX,,,ESG_OR_UNKNOWN,NEW,,,
11060996,COURS DU SOIR LA FRATERNITÉ,DIGIT_PREFIX,,,ADULT_EVENING,NEW,,,
14280819,INSTITUT POLYVALENT BILINGUE SAINTE JULIENNE,DIGIT_PREFIX,,,ESG_OR_UNKNOWN,NEW,,,
14280811,COLLÈGE BILINGUE SIMO,DIGIT_PREFIX,,,ESG_OR_UNKNOWN,NEW,,,
14280812,COLLEGE DU GROUPE DES ENSEIGNANTS EMERGENTS,DIGIT_PREFIX,,,ESG_OR_UNKNOWN,NEW,,,
14280813,INSTITUT BILINGUE TAGO,DIGIT_PREFIX,,,ESG_OR_UNKNOWN,NEW,,,
14280815,INSTITUT BILINGUE DE TECHNOLOGIE,DIGIT_PREFIX,,,ESG_OR_UNKNOWN,NEW,,,
15310833,COMPLEXE SCOLAIRE BILINGUE ZAMA FILS DE TIMAS LE BAS,DIGIT_PREFIX,,,ESG_OR_UNKNOWN,NEW,,,
11080998,COMPLEXE SCOLAIRE AKOA,DIGIT_PREFIX,,,ESG_OR_UNKNOWN,NEW,,,
LT001,TEST LYCEE DE ICLAN,ALPHA_PREFIX,Littoral,CONFIRMED_BY_MATCH,ESG_OR_UNKNOWN,NEW,,,
CE001,TEST LYCEE TECHNIQUE DE ICLAN,ALPHA_PREFIX,Centre,CONFIRMED_BY_MATCH,ESTP,NEW,,,
17411014,COLLEGE BILINGUE SAINT ABRAHAM,DIGIT_PREFIX,,,ESG_OR_UNKNOWN,NEW,,,
12170475,EDEN COLLEGE OF TECHNOLOGY,DIGIT_PREFIX,,,ESG_OR_UNKNOWN,NEW,,,
19561313,SAINT MICHAEL&#039;S INTERNATIONAL COLLEGE,DIGIT_PREFIX,,,ESG_OR_UNKNOWN,NEW,,,
17411015,ENIEG PRIVEE BILINGUE NJOYA ABOUBAKAR,DIGIT_PREFIX,,,ENI,PROBABLE_NO_REGION_SIGNAL,Lyce Bilingue SULTAN IBRAHIM NJOYA,OUEST,4ME1GSBD112138097
19561314,BERNICE HIGH SCHOOL,DIGIT_PREFIX,,,ESG_OR_UNKNOWN,NEW,,,
12160479,COLLEGE CATHOLIQUE BILINGUE CHRIST ROI DE KENTZOU,DIGIT_PREFIX,,,ESG_OR_UNKNOWN,PROBABLE_NO_REGION_SIGNAL,Lyce Bilingue de KENTZOU,EST,9HE1GSFD112248106
11140999,COMPLEXE SCOLAIRE BILINGUE EMERGENCE DE NOMAYOS,DIGIT_PREFIX,,,ESG_OR_UNKNOWN,NEW,,,
17421060,COLLEGE BILINGUE BIAST,DIGIT_PREFIX,,,ESG_OR_UNKNOWN,NEW,,,
17481111,COLLEGE REGIONAL TECHNIQUE KAMARIE,DIGIT_PREFIX,,,ESG_OR_UNKNOWN,NEW,,,
17421061,THE COLLEGE OF EXCELLENCE,DIGIT_PREFIX,,,ESG_OR_UNKNOWN,NEW,,,
11141000,COMPLEXE SCOLAIRE BILINGUE NOMA,DIGIT_PREFIX,,,ESG_OR_UNKNOWN,NEW,,,
19531309,LORD&#039;S BILINGUAL ACADEMY,DIGIT_PREFIX,,,ESG_OR_UNKNOWN,NEW,,,
11061000,COLLEGE BILINGUE LA BOUSSOLE,DIGIT_PREFIX,,,ESG_OR_UNKNOWN,NEW,,,
17421062,Collège Privé Laïc Polyvalent Bilingue les Fermions,DIGIT_PREFIX,,,ESG_OR_UNKNOWN,NEW,,,
19561315,LEARNING LADDER SECONDARY SCHOOL,DIGIT_PREFIX,,,ESG_OR_UNKNOWN,NEW,,,
11081001,COLLEGE LES KAMITES,DIGIT_PREFIX,,,ESG_OR_UNKNOWN,NEW,,,
CE52119A43,CES de MENGBWA,ALPHA_PREFIX,Centre,CONFIRMED_BY_MATCH,ESG_OR_UNKNOWN,NEW,,,
NO28213A52,CES DE MAGANAK,ALPHA_PREFIX,Nord,CONFIRMED_BY_MATCH,ESG_OR_UNKNOWN,NEW,,,
CE33277A42,CES de YANGBA,ALPHA_PREFIX,Centre,CONFIRMED_BY_MATCH,ESG_OR_UNKNOWN,NEW,,,
CE33267C41,CETIC de MBA’AM,ALPHA_PREFIX,Centre,CONFIRMED_BY_MATCH,ESTP,NEW,,,
CE33277B44,CES Bilingue de NYASSAKOUNOU,ALPHA_PREFIX,Centre,CONFIRMED_BY_MATCH,ESG_OR_UNKNOWN,NEW,,,
17451121,COLLEGE POLYVALENT SAINT FRANCOIS D&#039;ASSISE DE FOMBAP,DIGIT_PREFIX,,,ESG_OR_UNKNOWN,PROBABLE_NO_REGION_SIGNAL,Lyce Bilingue de FOMBAP,OUEST,4JK1GSBD110059115
17451122,ENIEG PRIVEE LAIQUE BILINGUE DE BANSOA,DIGIT_PREFIX,,,ENI,PROBABLE_NO_REGION_SIGNAL,Lyce Bilingue de BAKASSA-BANSOA,OUEST,4JJ1GSFD110916112
17451123,ENIET PRIVEE LAIQUE DE BANSOA,DIGIT_PREFIX,,,ENI,PROBABLE_NO_REGION_SIGNAL,Lyce Bilingue de BAKASSA-BANSOA,OUEST,4JJ1GSFD110916112
17411016,Georgian City Academy ANNEXE Foumbot,DIGIT_PREFIX,,,ESG_OR_UNKNOWN,PROBABLE_NO_REGION_SIGNAL,Lyce Bilingue de FOUMBOT,OUEST,4MH1GSBD111846095
11151002,SAINT SYLVESTRE BILINGUAL GRAMMER SCHOOL BAFIA,DIGIT_PREFIX,,,ESG_OR_UNKNOWN,PROBABLE_NO_REGION_SIGNAL,Lyce Classique et Moderne de BAFIA,CENTRE,5HC1GSFD112342106
11081004,INSTITUT POLYVALENT DES ARTS ET MÉTIERS,DIGIT_PREFIX,,,ESG_OR_UNKNOWN,NEW,,,
11081005,COLLEGE SAINTE AGATHE,DIGIT_PREFIX,,,ESG_OR_UNKNOWN,NEW,,,
11081007,COMPLEXE SCOLAIRE BILINGUE ENGELBERT MVENG,DIGIT_PREFIX,,,ESG_OR_UNKNOWN,PROBABLE_NO_REGION_SIGNAL,CES de MVENG-ESSABOUTOU,CENTRE,5JJ1GSFD100647107
11081008,COLLEGE POLYVALENT MARCUS GARVEY,DIGIT_PREFIX,,,ESG_OR_UNKNOWN,NEW,,,
11081009,COLLÈGE CATHOLIQUE BILINGUE PÈRE KIRSTEN,DIGIT_PREFIX,,,ESG_OR_UNKNOWN,NEW,,,
11081010,INSTITUT POLYTECHNIQUE TCHOKO,DIGIT_PREFIX,,,ESG_OR_UNKNOWN,NEW,,,
11081011,FRANKY HIGH SCHOOL OF EXCELLENCE,DIGIT_PREFIX,,,ESG_OR_UNKNOWN,NEW,,,
11081012,INSTITUT PETOU II,DIGIT_PREFIX,,,ESG_OR_UNKNOWN,NEW,,,
11081013,BITAME LUCIA INTERNATIONAL COLLEGE,DIGIT_PREFIX,,,ESG_OR_UNKNOWN,NEW,,,
11081014,COLLEGE CHRIST ROI DE L&#039; UNIVERS DE MELEN BA&#039;ABA,DIGIT_PREFIX,,,ESG_OR_UNKNOWN,NEW,,,
11081015,CAMEROON EDUCATION FORCE BILINGUAL COLLEGE,DIGIT_PREFIX,,,ESG_OR_UNKNOWN,NEW,,,
11141016,COLLEGE BILINGUE LINDA ET LES ANGES,DIGIT_PREFIX,,,ESG_OR_UNKNOWN,NEW,,,
11141017,COLLÈGE BILINGUE FAHONE,DIGIT_PREFIX,,,ESG_OR_UNKNOWN,NEW,,,
11141018,MOTHER MARY BILINGUAL HIGH SCHOOL,DIGIT_PREFIX,,,ESG_OR_UNKNOWN,NEW,,,
11141019,COLLÈGE POLYVALENT BILINGUE MCD D&#039;ELOUMDEN 2,DIGIT_PREFIX,,,ESG_OR_UNKNOWN,NEW,,,
11061020,COURS DU SOIR PEUPLE NOIR,DIGIT_PREFIX,,,ADULT_EVENING,NEW,,,
11061021,SAINT MARTIN&#039;S ANGLO-SAXON HIGH SCHOOL,DIGIT_PREFIX,,,ESG_OR_UNKNOWN,NEW,,,
11061022,COLLÈGE PRIVÉ LAÏC YMELE,DIGIT_PREFIX,,,ESG_OR_UNKNOWN,NEW,,,
11061023,COLLÈGE BILINGUE ELGRA,DIGIT_PREFIX,,,ESG_OR_UNKNOWN,NEW,,,
11061024,DIVINE SECONDARY SCHOOL,DIGIT_PREFIX,,,ESG_OR_UNKNOWN,NEW,,,
11061025,WITS STANDARD SCHOOL OF EXCELLENCE (WISE)YAOUNDE,DIGIT_PREFIX,,,ESG_OR_UNKNOWN,PROBABLE_NO_REGION_SIGNAL,Lyce Bilingue de YAOUNDE,CENTRE,5LJ1GSBD110162077
11061026,COLLEGE TECHNIQUE PRIVE SAINTE THERESE,DIGIT_PREFIX,,,ESG_OR_UNKNOWN,NEW,,,
11061027,COLLEGE BILINGUE MH,DIGIT_PREFIX,,,ESG_OR_UNKNOWN,NEW,,,
11061029,COMPLEXE EDUCATIF BILINGUE B AND A INSTITUTE EDUCATION,DIGIT_PREFIX,,,ESG_OR_UNKNOWN,NEW,,,
11061030,COLLEGE PRIVE BILINGUE SAINTE MARTHE,DIGIT_PREFIX,,,ESG_OR_UNKNOWN,NEW,,,
11061031,AKOUMA BILINGUAL HIGH SCHOOL,DIGIT_PREFIX,,,ESG_OR_UNKNOWN,NEW,,,
11061032,COURS DU SOIR CENTRE EDUCATIF BILINGUE INNOVANT ET D&#039;AMELIORATION DES CURSUS,DIGIT_PREFIX,,,ADULT_EVENING,PROBABLE_NO_REGION_SIGNAL,Lyce de MELONG-CENTRE,LITTORAL,7CM1GSFD111655107
11061033,COURS DU SOIR DU COLLEGE ADVENTISTE DE YAOUNDE,DIGIT_PREFIX,,,ADULT_EVENING,PROBABLE_NO_REGION_SIGNAL,Lyce Bilingue de YAOUNDE,CENTRE,5LJ1GSBD110162077
11061034,PINNACLE OF SUCCESS ACADEMY,DIGIT_PREFIX,,,ESG_OR_UNKNOWN,NEW,,,
11071035,COMPLEXE SCOLAIRE BILINGUE THOMAS D&#039;AQUIN,DIGIT_PREFIX,,,ESG_OR_UNKNOWN,NEW,,,
14290816,MARY BILINGUAL COMPREHENSIVE HIGH SCHOOL LOUM,DIGIT_PREFIX,,,ESG_OR_UNKNOWN,PROBABLE_NO_REGION_SIGNAL,Lyce Bilingue de LOUM-CHANTIER-GARE,LITTORAL,7CJ1GSBD110005110
14290817,COLLEGE CATHOLIQUE BILINGUE MGR THOMAS NKUISSI DE BOMONO BA MBENGUE,DIGIT_PREFIX,,,ESG_OR_UNKNOWN,PROBABLE_NO_REGION_SIGNAL,CES de BOMONO,LITTORAL,7CH1GSFD101821111
14290818,EFFICIENT BILINGUAL ARAB COMPREHENSIVE HIGH SCHOOL MBANGA,DIGIT_PREFIX,,,ESG_OR_UNKNOWN,PROBABLE_NO_REGION_SIGNAL,CES de MBANGA-DZENG,CENTRE,5QE1GSFD101997108
14290819,ENIEG BILINGUE PRIVEE DU MOUNGO,DIGIT_PREFIX,,,ENI,NEW,,,
14260820,FRATERNAL COLLEGE EDEA,DIGIT_PREFIX,,,ESG_OR_UNKNOWN,PROBABLE_NO_REGION_SIGNAL,Lyce Bilingue d'EDEA,LITTORAL,7HH1GSBD110360092
14280821,INSTITUT POLYVALENT BILINGUE LES RAYONS SOLEIL,DIGIT_PREFIX,,,ESG_OR_UNKNOWN,NEW,,,
14280822,HERITAGE COLLEGE OF MERIT,DIGIT_PREFIX,,,ESG_OR_UNKNOWN,NEW,,,
14280823,COLLEGE BILINGUE RENE DESCARTES,DIGIT_PREFIX,,,ESG_OR_UNKNOWN,NEW,,,
14280824,COLLEGE POLYVALENT ISLAMIQUE DE DOUALA,DIGIT_PREFIX,,,ESG_OR_UNKNOWN,PROBABLE_NO_REGION_SIGNAL,Lyce JOSS DE DOUALA,LITTORAL,7IC1GSFD112465054
14280825,INSTITUT BILINGUE CAPACITÉ LE GRAND,DIGIT_PREFIX,,,ESG_OR_UNKNOWN,PROBABLE_NO_REGION_SIGNAL,Lyce Bilingue de GRAND-SOUZA,LITTORAL,7CI1GSBD111669109
14280826,GRAND COLLEGE BILINGUE DE DOUALA YASSA,DIGIT_PREFIX,,,ESG_OR_UNKNOWN,PROBABLE_NO_REGION_SIGNAL,Lyce JOSS DE DOUALA,LITTORAL,7IC1GSFD112465054
14280827,COLLÈGE PRIVÉ LAIC BILINGUE ECHOS DU SAVOIR,DIGIT_PREFIX,,,ESG_OR_UNKNOWN,NEW,,,
14280828,COURS DU SOIR NGOUNOU,DIGIT_PREFIX,,,ADULT_EVENING,NEW,,,
14280829,COLLEGE BILINGUE ETOILES DES ANGES,DIGIT_PREFIX,,,ESG_OR_UNKNOWN,NEW,,,
14280830,COLLEGE LA PREVOYANCE,DIGIT_PREFIX,,,ESG_OR_UNKNOWN,NEW,,,
14280831,COLLEGE BILINGUE LA BOURGEONNAIRE,DIGIT_PREFIX,,,ESG_OR_UNKNOWN,NEW,,,
14280832,COURS DU SOIR MARIE THERESE,DIGIT_PREFIX,,,ADULT_EVENING,NEW,,,
14280833,COLLEGE BILINGUE SAPIENS,DIGIT_PREFIX,,,ESG_OR_UNKNOWN,NEW,,,
14280834,COLLEGE PRIVE LAÏC BILINGUE MEUKOUNTCHOU,DIGIT_PREFIX,,,ESG_OR_UNKNOWN,NEW,,,
14280835,COLLÈGE BILINGUE LE PHÉNIX,DIGIT_PREFIX,,,ESG_OR_UNKNOWN,NEW,,,
14280836,COLLEGE PRIVE LAÏC LE MARSEILLAIS,DIGIT_PREFIX,,,ESG_OR_UNKNOWN,NEW,,,
15320834,COMPLEXE SCOLAIRE BILINGUE ZAMA FILS DE RABINGHA,DIGIT_PREFIX,,,ESG_OR_UNKNOWN,PROBABLE_NO_REGION_SIGNAL,Lyce de RABINGHA,NORD,1CM1GSFD111223110
15320835,COLLÈGE ISLAMIQUE FRANCO-ARABE LA PLUME,DIGIT_PREFIX,,,ESG_OR_UNKNOWN,NEW,,,
17421063,COLLEGE POLYVALENT BILINGUE PERE FRANCOIS,DIGIT_PREFIX,,,ESG_OR_UNKNOWN,NEW,,,
17411017,COLLEGE BILINGUE LA CONQUETE (FOUMBAN),DIGIT_PREFIX,,,ESG_OR_UNKNOWN,PROBABLE_NO_REGION_SIGNAL,Lyce Classique de FOUMBAN,OUEST,4ME1GSFD112132086
17411018,COLLEGE BILINGUE ISLAMIQUE AN-NIHMA,DIGIT_PREFIX,,,ESG_OR_UNKNOWN,NEW,,,
11141001,INSTITUT SECONDAIRE BILINGUE BETHESDA,DIGIT_PREFIX,,,ESG_OR_UNKNOWN,NEW,,,
11061036,CENTRE BILINGUE D&#039;EDUCATION DE L&#039;ENFANT,DIGIT_PREFIX,,,ESG_OR_UNKNOWN,PROBABLE_NO_REGION_SIGNAL,Lyce de MELONG-CENTRE,LITTORAL,7CM1GSFD111655107
11061037,COURS DU SOIR BILINGUE D&#039;EDUCATION DE L&#039;ENFANT,DIGIT_PREFIX,,,ADULT_EVENING,NEW,,,
19561316,COMMUNITY CHRISTIAN COLLEGE (MUEA),DIGIT_PREFIX,,,ESG_OR_UNKNOWN,PROBABLE_NO_REGION_SIGNAL,Lyce Bilingue de MUEA-BUEA,SUD-OUEST,6CC1GSBD110152111
OU14018C52,CETIC DE BALACK BAFANG,ALPHA_PREFIX,Ouest,CONFIRMED_BY_MATCH,ESTP,PROBABLE,Lyce de BAFANG-RURAL,OUEST,4EC1GSFD111803106
11061038,REDEMPTION BILINGUAL COLLEGE,DIGIT_PREFIX,,,ESG_OR_UNKNOWN,NEW,,,
AD57272A52,CES DE MBALANG DJALINGO,ALPHA_PREFIX,Adamaoua,CONFIRMED_BY_MATCH,ESG_OR_UNKNOWN,NEW,,,
17431014,FONDATION KOUETCHOU,DIGIT_PREFIX,,,ESG_OR_UNKNOWN,NEW,,,
EN30340B36,CES BILINGUE DE BZOUGOUDOU,ALPHA_PREFIX,Extrême-Nord,CONFIRMED_BY_MATCH,ESG_OR_UNKNOWN,NEW,,,
EN30340A35,CES DE PALBARA,ALPHA_PREFIX,Extrême-Nord,CONFIRMED_BY_MATCH,ESG_OR_UNKNOWN,NEW,,,
17471097,COLLEGE EVANGELIQUE POLYVALENT DE BALATCHI-TIALONG,DIGIT_PREFIX,,,ESG_OR_UNKNOWN,PROBABLE_NO_REGION_SIGNAL,Lyce Bilingue de BALATCHI,OUEST,4CI1GSBD111211114
16370940,HOLY ROSARY INTEGRATED COMPREHENSIVE COLLEGE,DIGIT_PREFIX,,,ESG_OR_UNKNOWN,NEW,,,
11061039,COLLEGE BILINGUE MARIA AVOMO,DIGIT_PREFIX,,,ESG_OR_UNKNOWN,NEW,,,
16380883,SHEKINA BILINGUAL COMPREHENSIVE COLLEGE,DIGIT_PREFIX,,,ESG_OR_UNKNOWN,NEW,,,
17411019,COLLEGE BILINGUE D&#039;ENSEIGNEMENT GENERAL ET TECHNIQUE (COBIESGET),DIGIT_PREFIX,,,ESG_OR_UNKNOWN,PROBABLE_NO_REGION_SIGNAL,Lyce GENERAL LECLERC,CENTRE,5LH1GSFD111715052
11081040,COLLEGE BILINGUE GADEEN,DIGIT_PREFIX,,,ESG_OR_UNKNOWN,NEW,,,
11131041,COLLÈGE ONANA EBODE,DIGIT_PREFIX,,,ESG_OR_UNKNOWN,NEW,,,
11081042,SAINT ALBERT HIGH SCHOOL,DIGIT_PREFIX,,,ESG_OR_UNKNOWN,NEW,,,
11061043,COLLEGE BILINGUE LES CAPUCINES,DIGIT_PREFIX,,,ESG_OR_UNKNOWN,NEW,,,
11061044,COURS DU SOIR INSTITUT SIANTOU,DIGIT_PREFIX,,,ADULT_EVENING,NEW,,,
11061045,COMPLEXE SCOLAIRE BILINGUE SAINT LAURENT,DIGIT_PREFIX,,,ESG_OR_UNKNOWN,NEW,,,
11061046,COLLEGE BILINGUE LES LIONEL,DIGIT_PREFIX,,,ESG_OR_UNKNOWN,NEW,,,
11061047,SUCCESS COMPREHENSIVE HIGH SCHOOL,DIGIT_PREFIX,,,ESG_OR_UNKNOWN,NEW,,,
11061048,ROYAL HIGH SCHOOL NYOM,DIGIT_PREFIX,,,ESG_OR_UNKNOWN,PROBABLE_NO_REGION_SIGNAL,Lyce Bilingue de NYOM,CENTRE,5LC1GSFD110673115
11061049,COURS DU SOIR DU COLLEGE SAINT BENOIT,DIGIT_PREFIX,,,ADULT_EVENING,NEW,,,
11061050,HARVESTERS BILINGUAL COLLEGE,DIGIT_PREFIX,,,ESG_OR_UNKNOWN,NEW,,,
11061051,COURS DU SOIR SHAKESPEARE,DIGIT_PREFIX,,,ADULT_EVENING,NEW,,,
11061052,COURS DU SOIR SOS INSTRUCTION,DIGIT_PREFIX,,,ADULT_EVENING,NEW,,,
11061053,COLLEGE BILINGUE FOREPA,DIGIT_PREFIX,,,ESG_OR_UNKNOWN,NEW,,,
11061054,COLLÈGE PRIVÉ LAÏC BILINGUE HÉLÈNE FRANÇOISE,DIGIT_PREFIX,,,ESG_OR_UNKNOWN,NEW,,,
14260837,COLLÈGE SAINT BRUNO DE LOGBIKOY,DIGIT_PREFIX,,,ESG_OR_UNKNOWN,NEW,,,
14290838,INSTITUT SECONDAIRE POLYVALENT BILINGUE TREMAN,DIGIT_PREFIX,,,ESG_OR_UNKNOWN,NEW,,,
14290839,LADYBIRD ENGLISH SECONDARY SCHOOL BASSA-DOUALA,DIGIT_PREFIX,,,ESG_OR_UNKNOWN,PROBABLE_NO_REGION_SIGNAL,CES de BASSA,NORD-OUEST,3KI1GSAD100949110
14290840,INSTITUT ACADÉMIQUE DR JOËL EKINDI,DIGIT_PREFIX,,,ESG_OR_UNKNOWN,NEW,,,
14290841,COLLEGE POLYVALENT LES DÉLICES,DIGIT_PREFIX,,,ESG_OR_UNKNOWN,NEW,,,
14290842,COLLÈGE BILINGUE NONO DLA,DIGIT_PREFIX,,,ESG_OR_UNKNOWN,NEW,,,
14290843,BRITISH ISLES INTERNATIONAL COLLEGE,DIGIT_PREFIX,,,ESG_OR_UNKNOWN,NEW,,,
14290844,COLLEGE BILINGUE ZOFOU,DIGIT_PREFIX,,,ESG_OR_UNKNOWN,NEW,,,
14290845,COLLEGE BILINGUE SYLVIA,DIGIT_PREFIX,,,ESG_OR_UNKNOWN,NEW,,,
14290846,COMPLEXE SCOLAIRE BILINGUE HYGIÈNIX,DIGIT_PREFIX,,,ESG_OR_UNKNOWN,NEW,,,
14290847,INSTITUT BILINGUE EMAUS FONDATION KEYA NGAH,DIGIT_PREFIX,,,ESG_OR_UNKNOWN,NEW,,,
14290848,COLLEGE PRIVE MAFILOWA,DIGIT_PREFIX,,,ESG_OR_UNKNOWN,NEW,,,
14290849,COLLEGE POLYVALENT BILINGUE LES ELITES,DIGIT_PREFIX,,,ESG_OR_UNKNOWN,NEW,,,
14290850,INSTITUT SECONDAIRE LA PRALINE,DIGIT_PREFIX,,,ESG_OR_UNKNOWN,NEW,,,
14290851,COURS DU SOIR SAINTE PAULINE,DIGIT_PREFIX,,,ADULT_EVENING,NEW,,,
15320836,COLLÈGE SINI ET FILS de MANAWASSI,DIGIT_PREFIX,,,ESG_OR_UNKNOWN,NEW,,,
15320837,COLLÈGE BILINGUE LE BON SAMARITAIN DE NGONG,DIGIT_PREFIX,,,ESG_OR_UNKNOWN,PROBABLE_NO_REGION_SIGNAL,Lyce Bilingue de NGONG,NORD,1CR1GSBD111260113
11061040,ELITE SECONDARY AND HIGH SCHOOL NYOM,DIGIT_PREFIX,,,ESG_OR_UNKNOWN,PROBABLE_NO_REGION_SIGNAL,Lyce Bilingue de NYOM,CENTRE,5LC1GSFD110673115
11061041,FLORIC BILINGUAL HIGH SCHOOL FEBE,DIGIT_PREFIX,,,ESG_OR_UNKNOWN,NEW,,,
11080845,LIGHT WORD ANGLOSAXON BOARDING COLLEGE,DIGIT_PREFIX,,,ESG_OR_UNKNOWN,NEW,,,
11061042,ANGLOSAXON TECHNICAL AND GENERAL GROUP OF SCHOOLS (AGE-TEGS),DIGIT_PREFIX,,,ESG_OR_UNKNOWN,PROBABLE_NO_REGION_SIGNAL,Lyce GENERAL LECLERC,CENTRE,5LH1GSFD111715052
11061055,YOUNG WOMEN&#039;S CHRISTIAN ASSOCIATION SECONDARY AND HIGH SCHOOL,DIGIT_PREFIX,,,ESG_OR_UNKNOWN,NEW,,,
11061056,INSTITUT PRIVE LAIC GASOLENT,DIGIT_PREFIX,,,ESG_OR_UNKNOWN,NEW,,,
11120069,COMPLEXE SCOLAIRE BILINGUE POLYVALENT LE MIEL,DIGIT_PREFIX,,,ESG_OR_UNKNOWN,NEW,,,
14280852,COURS DU SOIR BILINGUE WISDOM,DIGIT_PREFIX,,,ADULT_EVENING,NEW,,,
14280853,FONDATION BILINGUE DJIOKOU,DIGIT_PREFIX,,,ESG_OR_UNKNOWN,NEW,,,
14280854,COLLÈGE PRIVE LAIC SILOE,DIGIT_PREFIX,,,ESG_OR_UNKNOWN,NEW,,,
14280855,COMPLEXE SCOLAIRE BILINGUE RAINBOW,DIGIT_PREFIX,,,ESG_OR_UNKNOWN,NEW,,,
14280856,COLLÈGE BILINGUE DES TALENTS BABE ACADEMY,DIGIT_PREFIX,,,ESG_OR_UNKNOWN,NEW,,,
14280857,COLLÈGE PRIVE LAIC SUZANNA 2,DIGIT_PREFIX,,,ESG_OR_UNKNOWN,NEW,,,
14280858,INSTITUT POLYVALENT NANA 2,DIGIT_PREFIX,,,ESG_OR_UNKNOWN,NEW,,,
11131057,THE CITADEL INTERNATIONAL BILINGUAL COMPLEX,DIGIT_PREFIX,,,ESG_OR_UNKNOWN,NEW,,,
14290858,COLLEGE DES ARTS ET METIERS LOUM,DIGIT_PREFIX,,,ESG_OR_UNKNOWN,PROBABLE_NO_REGION_SIGNAL,Lyce Bilingue de LOUM-CHANTIER-GARE,LITTORAL,7CJ1GSBD110005110
14280859,COMPLEXE SCOLAIRE BILINGUE LES SIDI,DIGIT_PREFIX,,,ESG_OR_UNKNOWN,NEW,,,
17421064,COLLEGE FRANCO CAMEROUNAIS PRIVE LAIC VICTOR HUGO,DIGIT_PREFIX,,,ESG_OR_UNKNOWN,NEW,,,
19561317,HARVARD BILINGUAL COMPREHENSIVE COLLEGE,DIGIT_PREFIX,,,ESG_OR_UNKNOWN,NEW,,,
11061057,COMPLEXE SCOLAIRE LENYA,DIGIT_PREFIX,,,ESG_OR_UNKNOWN,NEW,,,
14280860,COLLEGE POLYVALENT BILINGUE TOUGWA,DIGIT_PREFIX,,,ESG_OR_UNKNOWN,NEW,,,
EN31246C77,CETIC DE GADALA,ALPHA_PREFIX,Extrême-Nord,CONFIRMED_BY_MATCH,ESTP,NEW,,,
EN31212A76,CES DE MOSKOTA,ALPHA_PREFIX,Extrême-Nord,CONFIRMED_BY_MATCH,ESG_OR_UNKNOWN,NEW,,,
EN31246A37,CES DE LDAMANG,ALPHA_PREFIX,Extrême-Nord,CONFIRMED_BY_MATCH,ESG_OR_UNKNOWN,NEW,,,
EN27252A84,CES DE MBITCHARE,ALPHA_PREFIX,Extrême-Nord,CONFIRMED_BY_MATCH,ESG_OR_UNKNOWN,NEW,,,
EN27148C83,CETIC DE DOUBANE,ALPHA_PREFIX,Extrême-Nord,CONFIRMED_BY_MATCH,ESTP,PROBABLE,Lyce de DOUBANE,EXTREME-NORD,0IC1GSFD110242109
EN27154C82,CETIC DE PIWA,ALPHA_PREFIX,Extrême-Nord,CONFIRMED_BY_MATCH,ESTP,NEW,,,
EN26192B111,CES BILINGUE DE POUSS BAGASSARE,ALPHA_PREFIX,Extrême-Nord,CONFIRMED_BY_MATCH,ESG_OR_UNKNOWN,PROBABLE,Lyce de POUSS,EXTREME-NORD,0HL1GSFD112150107
EN06319A62,CES DE FADARE,ALPHA_PREFIX,Extrême-Nord,CONFIRMED_BY_MATCH,ESG_OR_UNKNOWN,NEW,,,
19561318,KING&#039;S BILINGUAL COMMUNITY COMPREHENSIVE COLLEGE,DIGIT_PREFIX,,,ESG_OR_UNKNOWN,PROBABLE_NO_REGION_SIGNAL,CES de KING-PLACE-BATCHAM,OUEST,4CE1GSFD101616111
17471098,COLLEGE EVANGELIQUE POLYVALENT DE BALENA,DIGIT_PREFIX,,,ESG_OR_UNKNOWN,NEW,,,
11061058,COLLEGE PRIVE ISLAMIQUE AL HARAMAIN,DIGIT_PREFIX,,,ESG_OR_UNKNOWN,NEW,,,
11111058,COLLEGE BILINGUE ST LAURENT (ESEKA),DIGIT_PREFIX,,,ESG_OR_UNKNOWN,PROBABLE_NO_REGION_SIGNAL,Lyce Bilingue d'ESEKA,CENTRE,5MJ1GSBD111670107
11111059,COLLEGEBILINGUE LA COLOMBE DE BOUMNYEBEL,DIGIT_PREFIX,,,ESG_OR_UNKNOWN,PROBABLE_NO_REGION_SIGNAL,Lyce de BOUMNYEBEL,CENTRE,5MN1GSFD112141111
14290860,BRIGHT BILINGUAL ACADEMIC COMPLEX,DIGIT_PREFIX,,,ESG_OR_UNKNOWN,NEW,,,
14290861,Pacesetters Bilingual High school penja,DIGIT_PREFIX,,,ESG_OR_UNKNOWN,PROBABLE_NO_REGION_SIGNAL,Lyce Bilingue de PENJA,LITTORAL,7CQ1GSBD111831105
14290862,Collège Épiscopal Ste Jeanne d&#039;Arc,DIGIT_PREFIX,,,ESG_OR_UNKNOWN,NEW,,,
14290863,COLLEGE ÉPISCOPAL STE MONIQUE,DIGIT_PREFIX,,,ESG_OR_UNKNOWN,NEW,,,
17411020,COLLEGE TECHNIQUE PROFESSIONNEL BILINGUE PRIVE LAIC CHIMOUN MOSE,DIGIT_PREFIX,,,ESG_OR_UNKNOWN,NEW,,,
11060751,CBC LIGHT WORLD MISSION ANGLO-SAXON BOARDING COLLEGE,DIGIT_PREFIX,,,ESG_OR_UNKNOWN,PROBABLE_NO_REGION_SIGNAL,CES Bilingue de KOTTO-MISSION,LITTORAL,7CL1GSBD102688114
17451124,RAINBOW BILINGUAL COLLEGE,DIGIT_PREFIX,,,ESG_OR_UNKNOWN,NEW,,,
16370941,MBAKWA PHOSPHATE ACADEMY OF SCIENCE ARTS AND TECHNOLOGY,DIGIT_PREFIX,,,ESG_OR_UNKNOWN,PROBABLE_NO_REGION_SIGNAL,CES de MBAKWA-SUPE,SUD-OUEST,6JC1GSAD100559107
NW43274C58,GTC AJEI,ALPHA_PREFIX,Nord-Ouest,INFERRED_BY_ELIMINATION,ESG_OR_UNKNOWN,PROBABLE,CES d'AJEI,NORD-OUEST,3KH1GSAD100074109
17431015,COLLEGE BILINGUE SAINT PAUL DE BANGOUA,DIGIT_PREFIX,,,ESG_OR_UNKNOWN,PROBABLE_NO_REGION_SIGNAL,CES de BANGOUA-SUD,OUEST,4LC1GSFD100637108
16370942,BLESSED COMPREHENSIVE SECONDARY SCHOOL BCSS MANKON,DIGIT_PREFIX,,,ESG_OR_UNKNOWN,PROBABLE_NO_REGION_SIGNAL,Lyce Bilingue de MANKON,NORD-OUEST,3JI1GSBD112041110
16370943,AMAZING GRACE HIGH SCHOOL (AGHS) NKWEN,DIGIT_PREFIX,,,ESG_OR_UNKNOWN,PROBABLE_NO_REGION_SIGNAL,Lyce Bilingue de BAYELLE-NKWEN,NORD-OUEST,3JJ1GSBD111020113
CE52229C42,CETIC DE MENGANG,ALPHA_PREFIX,Centre,CONFIRMED_BY_MATCH,ESTP,PROBABLE,Lyce Bilingue de MENGANG,CENTRE,5NI1GSFD110662104
NO02334B83,CES BILINGUE de DJEFATOU,ALPHA_PREFIX,Nord,CONFIRMED_BY_MATCH,ESG_OR_UNKNOWN,NEW,,,
NO28147C51,CETIC DE GAVAL,ALPHA_PREFIX,Nord,CONFIRMED_BY_MATCH,ESTP,NEW,,,
NO28147B55,CES BILINGUE DE MEZEDEM,ALPHA_PREFIX,Nord,CONFIRMED_BY_MATCH,ESG_OR_UNKNOWN,NEW,,,
NO29335A48,CES DE BAWAN,ALPHA_PREFIX,Nord,CONFIRMED_BY_MATCH,ESG_OR_UNKNOWN,NEW,,,
NO02083A89,CES de KOLLERE,ALPHA_PREFIX,Nord,CONFIRMED_BY_MATCH,ESG_OR_UNKNOWN,PROBABLE,Lyce Bilingue de KOLLERE-GAROUA,NORD,1CJ1GSBD110891115
NO28147B57,CES BILINGUE DE GARA-COLOMBE,ALPHA_PREFIX,Nord,CONFIRMED_BY_MATCH,ESG_OR_UNKNOWN,NEW,,,
NO28147B58,CES BILINGUE DE GATOUGUEL,ALPHA_PREFIX,Nord,CONFIRMED_BY_MATCH,ESG_OR_UNKNOWN,NEW,,,
NO28147A54,CES DE GAVAL,ALPHA_PREFIX,Nord,CONFIRMED_BY_MATCH,ESG_OR_UNKNOWN,NEW,,,
11061062,COLLÈGE D’ENSEIGNEMENT TECHNIQUE COMMERCIAL ET INDUSTRIELLE NFANDJA 2,DIGIT_PREFIX,,,ESG_OR_UNKNOWN,NEW,,,
14280864,COLLEGE PRIVE BILINGUE LE SAVOIR FOMA,DIGIT_PREFIX,,,ESG_OR_UNKNOWN,NEW,,,
14290872,INSTITUT BILINGUE POLYVALENT SACRÉ CŒUR,DIGIT_PREFIX,,,ESG_OR_UNKNOWN,NEW,,,
11061063,COLLEGE BILINGUE GRAIN DE SENEVE,DIGIT_PREFIX,,,ESG_OR_UNKNOWN,NEW,,,
14280865,COLLÈGE PRIVÉ LAIC BILINGUE BAFEL,DIGIT_PREFIX,,,ESG_OR_UNKNOWN,NEW,,,
14280866,COURS DU SOIR BILINGUE SAINTE MARTHE,DIGIT_PREFIX,,,ADULT_EVENING,NEW,,,
14280867,COURS DU SOIR DE L&#039;ESPERANCE,DIGIT_PREFIX,,,ADULT_EVENING,NEW,,,
14280868,COLLEGE BILINGUE PRIVÉ MAFEU KAMPTA,DIGIT_PREFIX,,,ESG_OR_UNKNOWN,NEW,,,
14280869,COURS DU SOIR BILINGUE DE L&#039;ESSEC,DIGIT_PREFIX,,,ADULT_EVENING,NEW,,,
15320839,COLLÈGE POLYVALENT LA REUSSITE DIEBA,DIGIT_PREFIX,,,ESG_OR_UNKNOWN,NEW,,,
11061064,COLLEGE LA FRATERNITE ADANA,DIGIT_PREFIX,,,ESG_OR_UNKNOWN,NEW,,,
11071067,COLLEGE SAINT JOSEPH INTERNATIONAL,DIGIT_PREFIX,,,ESG_OR_UNKNOWN,PROBABLE_NO_REGION_SIGNAL,Lyce TSF MONGO JOSEPH,LITTORAL,7IE1GSFD110002091
14280870,COLLEGE PRIVE LAÏC LES ÉLUS,DIGIT_PREFIX,,,ESG_OR_UNKNOWN,NEW,,,
11061066,OSMOND INNOVATORY BILINGUAL TECHNICAL COLLEGE NKOLBISSON,DIGIT_PREFIX,,,ESG_OR_UNKNOWN,PROBABLE_NO_REGION_SIGNAL,Lyce Classique de NKOLBISSON,CENTRE,5LL1GSFD112162098
14280871,COURS DU SOIR PILOTE,DIGIT_PREFIX,,,ADULT_EVENING,PROBABLE_NO_REGION_SIGNAL,CES Pilote d'EBOTENKOU,SUD,8EM1GSFD101929103
14260873,COLLEGE CATHOLIQUE BABA SIMON sis à Missolé II,DIGIT_PREFIX,,,ESG_OR_UNKNOWN,PROBABLE_NO_REGION_SIGNAL,Lyce de BABA I,NORD-OUEST,3LC1GSAD111076107
NO28147B56,CES BILINGUE DE MINDJIWA,ALPHA_PREFIX,Nord,CONFIRMED_BY_MATCH,ESG_OR_UNKNOWN,NEW,,,
17411021,COLLEGE BILINGUE PRIVE LAIC PEKEKUE,DIGIT_PREFIX,,,ESG_OR_UNKNOWN,NEW,,,
11131058,COMPLEXE SCOLAIRE BILINGUE LES MODELES,DIGIT_PREFIX,,,ESG_OR_UNKNOWN,NEW,,,
17411022,STANDARD ACADEMIC ENGLISH HIGH SCHOOL,DIGIT_PREFIX,,,ESG_OR_UNKNOWN,NEW,,,
17421065,COLLEGE BILINGUE CHARLES ET JULIETTE DE BAFOUSSAM,DIGIT_PREFIX,,,ESG_OR_UNKNOWN,PROBABLE_NO_REGION_SIGNAL,Lyce Bilingue de BAFOUSSAM,OUEST,4KC1GSBD112469091
17421066,COLLEGE POLYVALENT NEGOU,DIGIT_PREFIX,,,ESG_OR_UNKNOWN,NEW,,,
11141068,COLLEGE PRIVE BILINGUE CHÂTEAU BRILLANT,DIGIT_PREFIX,,,ESG_OR_UNKNOWN,NEW,,,
11061069,COLLEGE BILINGUE L&#039;ETERNEL MA BANNIERE,DIGIT_PREFIX,,,ESG_OR_UNKNOWN,NEW,,,
11131070,COLLEGE BILINGUE LA CHARITE,DIGIT_PREFIX,,,ESG_OR_UNKNOWN,NEW,,,
11131071,COLLEGE BILINGUE PÈRE LUC,DIGIT_PREFIX,,,ESG_OR_UNKNOWN,NEW,,,
11131072,COLLEGE BILINGUE RIVAROL NKOMETOU,DIGIT_PREFIX,,,ESG_OR_UNKNOWN,PROBABLE_NO_REGION_SIGNAL,Lyce de NKOMETOU I,CENTRE,5JN1GSFD110425115
11131073,COLLEGE BILINGUE SAINTE CATHERINE D’OBALA,DIGIT_PREFIX,,,ESG_OR_UNKNOWN,PROBABLE_NO_REGION_SIGNAL,CES de NTUISSONG-OBALA,CENTRE,5EL1GSFD100193106
11131074,COLLEGE LA PRINTANIERE-SOCRATE,DIGIT_PREFIX,,,ESG_OR_UNKNOWN,NEW,,,
11131075,COLLEGE PRIVE BILINGUE LAIC SAINT PIERRE DE NKOMETOU,DIGIT_PREFIX,,,ESG_OR_UNKNOWN,PROBABLE_NO_REGION_SIGNAL,Lyce de NKOMETOU I,CENTRE,5JN1GSFD110425115
11131076,COLLEGE PRIVE LAIC BILINGUE LES MERVEILLES (LEBOUDI),DIGIT_PREFIX,,,ESG_OR_UNKNOWN,NEW,,,
11131077,COLLEGE PRIVE LAIC LES CLARISSES,DIGIT_PREFIX,,,ESG_OR_UNKNOWN,NEW,,,
11131078,COLLEGE SERAPH ET DANIEL,DIGIT_PREFIX,,,ESG_OR_UNKNOWN,NEW,,,
11131079,DELIGHT BILINGUAL SCHOOL COMPLEX (DEBICOM),DIGIT_PREFIX,,,ESG_OR_UNKNOWN,NEW,,,
11131080,DILLIGENT BILINGUAL COLLEGE,DIGIT_PREFIX,,,ESG_OR_UNKNOWN,NEW,,,
11131081,ENIEG PRIVEE BILINGUE LA POSTERITE 2,DIGIT_PREFIX,,,ENI,NEW,,,
11131082,ENIEG PRIVEE BILINGUE LE JARDIN DU SAVOIR,DIGIT_PREFIX,,,ENI,NEW,,,
11131083,LINUS BILINGUAL SECONDARY SCHOOL DE NKOMETOU,DIGIT_PREFIX,,,ESG_OR_UNKNOWN,PROBABLE_NO_REGION_SIGNAL,Lyce de NKOMETOU I,CENTRE,5JN1GSFD110425115
11131084,VICTORY BILINGUAL COMPLEX,DIGIT_PREFIX,,,ESG_OR_UNKNOWN,NEW,,,
11121085,COLLEGE BILINGUE LE BON BERGER,DIGIT_PREFIX,,,ESG_OR_UNKNOWN,NEW,,,
11121087,COMPLEXE SCOLAIRE BILINGUE WOURI,DIGIT_PREFIX,,,ESG_OR_UNKNOWN,PROBABLE_NO_REGION_SIGNAL,CES de WOURI-BWELE,LITTORAL,7EH1GSFD102326113
11141088,COLLEGE BILINGUE NUAYU,DIGIT_PREFIX,,,ESG_OR_UNKNOWN,NEW,,,
11141089,COLLEGE BERCEAU DU SAVOIR,DIGIT_PREFIX,,,ESG_OR_UNKNOWN,NEW,,,
11141090,collège bilingue technique industriel et commercial Nguejio,DIGIT_PREFIX,,,ESG_OR_UNKNOWN,NEW,,,
11141091,COLLÈGE BILINGUE LA PERSÉVÉRANCE,DIGIT_PREFIX,,,ESG_OR_UNKNOWN,NEW,,,
11141092,COMPLEXE SCOLAIRE BILINGUE SAINTE ANNE,DIGIT_PREFIX,,,ESG_OR_UNKNOWN,NEW,,,
11141093,Séminaire Saint Joseph d&#039;Akono,DIGIT_PREFIX,,,ESG_OR_UNKNOWN,PROBABLE_NO_REGION_SIGNAL,Lyce Bilingue d'AKONO,CENTRE,5KC1GSBD110298113
11141094,COMPLEXE SCOLAIRE SALOMON JULES,DIGIT_PREFIX,,,ESG_OR_UNKNOWN,NEW,,,
11141095,COLLEGE PRIVE LAIC BILINGUE LOUANGE DIVINE,DIGIT_PREFIX,,,ESG_OR_UNKNOWN,NEW,,,
11141096,St.Mark English High School Mbadoumou,DIGIT_PREFIX,,,ESG_OR_UNKNOWN,NEW,,,
11141097,COMPLEXE SCOLAIRE BILINGUE GNC,DIGIT_PREFIX,,,ESG_OR_UNKNOWN,NEW,,,
11141098,"GRACE BILINGUAL ACADEMY OF ARTS, SCIENCE AND TECHNOLOGY",DIGIT_PREFIX,,,ESG_OR_UNKNOWN,NEW,,,
11081099,AFRICAN INTELLIGENTSIA INSTITUTE,DIGIT_PREFIX,,,ESG_OR_UNKNOWN,NEW,,,
11081100,COMPLEXE POLYVALENT DETOULAH,DIGIT_PREFIX,,,ESG_OR_UNKNOWN,NEW,,,
11081101,DIVINE BILINGAUL SECONDARY SCHOOL COMPLEX,DIGIT_PREFIX,,,ESG_OR_UNKNOWN,NEW,,,
11061102,COLLEGE BILINGUE NOTRE DAME DE LA BONNE SEMENCE,DIGIT_PREFIX,,,ESG_OR_UNKNOWN,NEW,,,
11061103,MAXEL BILINGUAL SECONDARY SCHOOL,DIGIT_PREFIX,,,ESG_OR_UNKNOWN,NEW,,,
11061104,INSTITUT KUETE GADDIEL,DIGIT_PREFIX,,,ESG_OR_UNKNOWN,NEW,,,
11061105,PEACE HOME SECONDARY SCHOOL,DIGIT_PREFIX,,,ESG_OR_UNKNOWN,NEW,,,
11061106,COURS DU SOIR DE L&#039;INSTITUT BLAISE PASCAL,DIGIT_PREFIX,,,ADULT_EVENING,NEW,,,
11061107,INSTITUT BILINGUE CHEMIN DE VIE,DIGIT_PREFIX,,,ESG_OR_UNKNOWN,NEW,,,
11061108,COLLEGE BILINGUE SOCA,DIGIT_PREFIX,,,ESG_OR_UNKNOWN,NEW,,,
11061109,COLLEGE BILINGUE TCHEUTCHOUA,DIGIT_PREFIX,,,ESG_OR_UNKNOWN,NEW,,,
11061110,COLLÈGE YANN ET MARINA,DIGIT_PREFIX,,,ESG_OR_UNKNOWN,NEW,,,
11071111,IFA MBALMAYO,DIGIT_PREFIX,,,ESG_OR_UNKNOWN,PROBABLE_NO_REGION_SIGNAL,Lyce de MBALMAYO-OYACK,CENTRE,5QH1GSFD111879099
14290874,SHALOM BILINGUAL ACADEMY-MELONG,DIGIT_PREFIX,,,ESG_OR_UNKNOWN,PROBABLE_NO_REGION_SIGNAL,Lyce de MELONG-CENTRE,LITTORAL,7CM1GSFD111655107
14290875,COLLÈGE PRIVÉ LAÏC BILINGUE LE MANENGOUBA,DIGIT_PREFIX,,,ESG_OR_UNKNOWN,PROBABLE_NO_REGION_SIGNAL,Lyce du MANENGOUBA,LITTORAL,7CT1GSFD112358060
14290876,COLLEGE BILINGUE NJAKOU,DIGIT_PREFIX,,,ESG_OR_UNKNOWN,NEW,,,
14290877,COLLEGE LA SOURCE,DIGIT_PREFIX,,,ESG_OR_UNKNOWN,NEW,,,
14290878,DIVINE HIGH SCHOOL OF WISDOM,DIGIT_PREFIX,,,ESG_OR_UNKNOWN,NEW,,,
14290879,COURS DU SOIR ALEXANDRE,DIGIT_PREFIX,,,ADULT_EVENING,NEW,,,
14290881,PAN SECONDARY AND HIGH SCHOOL LENDI DOUALA,DIGIT_PREFIX,,,ESG_OR_UNKNOWN,PROBABLE_NO_REGION_SIGNAL,Lyce JOSS DE DOUALA,LITTORAL,7IC1GSFD112465054
14290882,INSTITUT PLUMES DOR,DIGIT_PREFIX,,,ESG_OR_UNKNOWN,NEW,,,
14290883,COURS DU SOIR DE LA PROMOTION POLYVALENTE,DIGIT_PREFIX,,,ADULT_EVENING,NEW,,,
14290884,COMPLEXE SCOLAIRE ŒUVRE ET VIE,DIGIT_PREFIX,,,ESG_OR_UNKNOWN,NEW,,,
CE21184C91,CETIC DE NGOAS,ALPHA_PREFIX,Centre,CONFIRMED_BY_MATCH,ESTP,NEW,,,
ES17160C32,CETIC DE TIMANGOLO,ALPHA_PREFIX,Est,CONFIRMED_BY_MATCH,ESTP,NEW,,,
OU50130C97,CETIC SULTAN IBRAHIM MBO MBO NJOYA,ALPHA_PREFIX,Ouest,CONFIRMED_BY_MATCH,ESTP,PROBABLE,Lyce Bilingue SULTAN IBRAHIM NJOYA,OUEST,4ME1GSBD112138097
OU39297C82,CETIC DE DJIOMOCK,ALPHA_PREFIX,Ouest,CONFIRMED_BY_MATCH,ESTP,NEW,,,
OU39297C83,CETIC DE ZEMLA,ALPHA_PREFIX,Ouest,CONFIRMED_BY_MATCH,ESTP,NEW,,,
OU46342C41,CETIC BILINGUE DE BALOUA BAMBOU,ALPHA_PREFIX,Ouest,CONFIRMED_BY_MATCH,ESTP,NEW,,,
19561319,ST BERNARD&#039;S HIGH SCHOOL (MOLYKO BUEA),DIGIT_PREFIX,,,ESG_OR_UNKNOWN,PROBABLE_NO_REGION_SIGNAL,Lyce Bilingue de MOLYKO-BUEA,SUD-OUEST,6CC1GSBD111860071
12180505,SUNRISE COLLEGE OF TECHNOLOGY BERTOUA,DIGIT_PREFIX,,,ESG_OR_UNKNOWN,PROBABLE_NO_REGION_SIGNAL,CES de BERTOUA II,EST,9IH1GSFD102370113
12180506,INSTITUT DE FORMATION DES ENSEIGNANTS ENIEG BILINGUE PRIVEE LAIQUE EST,DIGIT_PREFIX,,,ENI,NEW,,,
16350974,BIHAI ROYAL COLLEGE OF ARTS SICIENCE AND TECHNOLOGY,DIGIT_PREFIX,,,ESG_OR_UNKNOWN,NEW,,,
16350975,FAITH BAPTIST ACADEMY NDOP,DIGIT_PREFIX,,,ESG_OR_UNKNOWN,PROBABLE_NO_REGION_SIGNAL,Lyce Bilingue de BAMALI-NDOP,NORD-OUEST,3LI1GSBD111432111
16350976,SAINT DOMINIC CATHOLIC TECHNICAL COLLEGE BALIKUMBAT,DIGIT_PREFIX,,,ESG_OR_UNKNOWN,PROBABLE_NO_REGION_SIGNAL,Lyce de BALIKUMBAT,NORD-OUEST,3LE1GSAD111115098
16370944,CAMBRIDGE STANDARD COMPREHENSIVE INSTITUTE (CAMSCI),DIGIT_PREFIX,,,ESG_OR_UNKNOWN,NEW,,,
16370945,ALL SAINTS DAY COLLEGE (Bamenda),DIGIT_PREFIX,,,ESG_OR_UNKNOWN,PROBABLE_NO_REGION_SIGNAL,Lyce Bilingue de BAMENDA,NORD-OUEST,3JI1GSBD112079095
SW19341B16,CES Bilingue de BUBA 1,ALPHA_PREFIX,Sud-Ouest,INFERRED_BY_ELIMINATION,ESG_OR_UNKNOWN,PROBABLE,CES Bilingue de BUBA,SUD-OUEST,6EH1GSBD100725108
11081112,COLLEGE PANAFRICAIN DE L&#039;EXCELLENCE,DIGIT_PREFIX,,,ESG_OR_UNKNOWN,NEW,,,
11061113,NINA ANGELS ACADEMY (NAA),DIGIT_PREFIX,,,ESG_OR_UNKNOWN,NEW,,,
17421067,COLLEGE EVANGELIQUE POLYVALENT DE BALENG,DIGIT_PREFIX,,,ESG_OR_UNKNOWN,PROBABLE_NO_REGION_SIGNAL,CES de SINTE-BALENG,OUEST,4KE1GSFD101322111
CE51275A74,CES DE BOUMNYEBEL,ALPHA_PREFIX,Centre,CONFIRMED_BY_MATCH,ESG_OR_UNKNOWN,PROBABLE,Lyce de BOUMNYEBEL,CENTRE,5MN1GSFD112141111
11081114,COLLEGE BILINGUE MARIE ALBERT PRESTIGE,DIGIT_PREFIX,,,ESG_OR_UNKNOWN,NEW,,,
11081115,COLLÈGE LA RELÈVE,DIGIT_PREFIX,,,ESG_OR_UNKNOWN,NEW,,,
11081116,INSTITUT BILINGUE JEAN XXIII,DIGIT_PREFIX,,,ESG_OR_UNKNOWN,NEW,,,
11081117,COLLEGE PRIVE CATHOLIQUE BILINGUE LEONORA BRAMBILLA,DIGIT_PREFIX,,,ESG_OR_UNKNOWN,NEW,,,
11081119,COLLEGE BILINGUE EMMANUEL,DIGIT_PREFIX,,,ESG_OR_UNKNOWN,NEW,,,
11061120,FONDATION MARGUERITE MARQUEZ,DIGIT_PREFIX,,,ESG_OR_UNKNOWN,NEW,,,
11061121,COLLÈGE CATHOLIQUE BILINGUE SAINT FRANÇOIS D&#039;ASSISE DE NKOLMESSENG,DIGIT_PREFIX,,,ESG_OR_UNKNOWN,PROBABLE_NO_REGION_SIGNAL,Lyce de NKOLMESSENG,CENTRE,5LJ1GSFD112791114
11061122,COURS DU SOIR DU COLLÈGE ADVENTISTE BILINGUE MARANATHA DE NYOM,DIGIT_PREFIX,,,ADULT_EVENING,PROBABLE_NO_REGION_SIGNAL,Lyce Bilingue de NYOM,CENTRE,5LC1GSFD110673115
11061123,COLLEGE PRIVE LAIC BILINGUE TANKEU,DIGIT_PREFIX,,,ESG_OR_UNKNOWN,NEW,,,
11061124,SAMEMA SECONDARY AND HIGH SCHOOL,DIGIT_PREFIX,,,ESG_OR_UNKNOWN,NEW,,,
11061125,COLLÈGE PRIVÉ BILINGUE Les FUTURS DIRIGEANTS,DIGIT_PREFIX,,,ESG_OR_UNKNOWN,NEW,,,
11061126,COURS DU SOIR DE LA PERSEVERANCE,DIGIT_PREFIX,,,ADULT_EVENING,NEW,,,
11061127,JRK.ECOLE,DIGIT_PREFIX,,,ESG_OR_UNKNOWN,NEW,,,
14280885,EMUNAH BILINGUAL COLLEGE,DIGIT_PREFIX,,,ESG_OR_UNKNOWN,NEW,,,
14280886,ELIDENS COMPREHENSIVE COLLEGE,DIGIT_PREFIX,,,ESG_OR_UNKNOWN,NEW,,,
14280887,COMPLEXE SCOLAIRE BILINGUE MARIE ALBERT EXCELLENCE,DIGIT_PREFIX,,,ESG_OR_UNKNOWN,NEW,,,
15320840,COLLÈGE PRIVÉ LA RÉUSSITE DE DJEIFATOU,DIGIT_PREFIX,,,ESG_OR_UNKNOWN,NEW,,,
16370946,VISION COLLEGE MAKON,DIGIT_PREFIX,,,ESG_OR_UNKNOWN,NEW,,,
11131128,COLLEGE AGRICOLE BULLIER DE NKOLMEBENGA,DIGIT_PREFIX,,,ESG_OR_UNKNOWN,NEW,,,
11131129,COLLEGE BILINGUE LEON THEILLER D&#039;EMANA,DIGIT_PREFIX,,,ESG_OR_UNKNOWN,PROBABLE_NO_REGION_SIGNAL,Lyce Bilingue d'EMANA,CENTRE,5LC1GSBD110334112
11131130,COLLEGE BILINGUE LA MAJESTE DE LEBOUDI II,DIGIT_PREFIX,,,ESG_OR_UNKNOWN,NEW,,,
11151132,ENIEG PRIVE BILINGUE MOREJA JEHOVAH JIRE D&#039;OMESSA,DIGIT_PREFIX,,,ENI,NEW,,,
11061133,ENIEG PRIVEE BILINGUE INCLUSIVE LOUIS BRAILLE DU CJARC,DIGIT_PREFIX,,,ENI,NEW,,,
11061134,COURS DU SOIR LA MEFOU,DIGIT_PREFIX,,,ADULT_EVENING,NEW,,,
11061135,COMPLEXE SCOLAIRE BILINGUE LAIC ALEXANDRE RAPHAEL,DIGIT_PREFIX,,,ESG_OR_UNKNOWN,NEW,,,
11061136,AURUM BILINGUAL TECHNICAL SCHOOL,DIGIT_PREFIX,,,ESG_OR_UNKNOWN,NEW,,,
11061137,COLLEGE INFIRMA MUNDI,DIGIT_PREFIX,,,ESG_OR_UNKNOWN,NEW,,,
11061138,COLLEGE LAIC BILINGUE LA PIETE,DIGIT_PREFIX,,,ESG_OR_UNKNOWN,NEW,,,
11061139,INSTITUT LA PROVIDENCE,DIGIT_PREFIX,,,ESG_OR_UNKNOWN,NEW,,,
11061140,ENIEG PRIVEE BILINGUE DJONOU,DIGIT_PREFIX,,,ENI,NEW,,,
11061141,COURS DU SOIR DE L&#039;UNITE,DIGIT_PREFIX,,,ADULT_EVENING,NEW,,,
11061142,FAIRVIEW ANGLO-SAXON COLLEGE OLEMBE,DIGIT_PREFIX,,,ESG_OR_UNKNOWN,NEW,,,
11061144,INSTITUT BILINGUE ROGER AMPERE,DIGIT_PREFIX,,,ESG_OR_UNKNOWN,NEW,,,
11061145,COLLEGE PRIVE BILINGUE TERRE PROMISE,DIGIT_PREFIX,,,ESG_OR_UNKNOWN,NEW,,,
11061146,COLLÈGE BILINGUE LE BERCEAU DES ANGES,DIGIT_PREFIX,,,ESG_OR_UNKNOWN,NEW,,,
11061147,CPB MUTUAL COMMUNITEE DU DEVELOPMENT MCD,DIGIT_PREFIX,,,ESG_OR_UNKNOWN,NEW,,,
11061148,CHRIST THE MESSIAH SCHOOL COMPLEX,DIGIT_PREFIX,,,ESG_OR_UNKNOWN,NEW,,,
14280888,SMART COLLEGE OF TECHNOLOGY DOUALA,DIGIT_PREFIX,,,ESG_OR_UNKNOWN,PROBABLE_NO_REGION_SIGNAL,Lyce JOSS DE DOUALA,LITTORAL,7IC1GSFD112465054
14280889,COLLEGE BILINGUE LES LEADERS,DIGIT_PREFIX,,,ESG_OR_UNKNOWN,NEW,,,
17421068,COURS DU SOIR BILINGUE MORUBO,DIGIT_PREFIX,,,ADULT_EVENING,NEW,,,
18501173,COLLEGE CATHOLIQUE ETOILE DE NGOULEMAKONG,DIGIT_PREFIX,,,ESG_OR_UNKNOWN,PROBABLE_NO_REGION_SIGNAL,Lyce Bilingue de NGOULEMAKONG,SUD,8EM1GSFD110172096
14290885,ATLANTIC BILINGUAL COLLEGE (MAMBANDA),DIGIT_PREFIX,,,ESG_OR_UNKNOWN,PROBABLE_NO_REGION_SIGNAL,Lyce Bilingue de MAMBANDA,LITTORAL,7II1GSBD110297110
16360868,ST. JOHN BOSCO CATHOLIC COMPREHENSIVE COLLEGE (Ngarum),DIGIT_PREFIX,,,ESG_OR_UNKNOWN,NEW,,,
16370947,WISDOM COLLEGE (Alamatu Mankon),DIGIT_PREFIX,,,ESG_OR_UNKNOWN,PROBABLE_NO_REGION_SIGNAL,Lyce Bilingue de MANKON,NORD-OUEST,3JI1GSBD112041110
CE32315C62,CETIC BILINGUE DE BOYAGNANO,ALPHA_PREFIX,Centre,CONFIRMED_BY_MATCH,ESTP,NEW,,,
16370948,ST. JOSEPH CALASANZ CATHOLIC COLLEGE Menteh-Nkwen,DIGIT_PREFIX,,,ESG_OR_UNKNOWN,PROBABLE_NO_REGION_SIGNAL,Lyce TSF MONGO JOSEPH,LITTORAL,7IE1GSFD110002091
11081113,COLLEGE PERE NCHIMI,DIGIT_PREFIX,,,ESG_OR_UNKNOWN,NEW,,,
11081120,UBUNTU INSTITUTE,DIGIT_PREFIX,,,ESG_OR_UNKNOWN,NEW,,,
11081149,FONDATION REVELATION SAINTE THERESE,DIGIT_PREFIX,,,ESG_OR_UNKNOWN,NEW,,,
11081150,COLLEGE NOTRE REINE DE LOURDES,DIGIT_PREFIX,,,ESG_OR_UNKNOWN,NEW,,,
11141151,COLLEGE BILINGUE FRANCOIS SOH,DIGIT_PREFIX,,,ESG_OR_UNKNOWN,NEW,,,
11061152,LUMEN CHRIST ANGLOSAXON COLLEGE,DIGIT_PREFIX,,,ESG_OR_UNKNOWN,NEW,,,
11081153,COLLEGE BILINGUE SAINTE FAMILLE DE NAZARETH,DIGIT_PREFIX,,,ESG_OR_UNKNOWN,NEW,,,
11151154,PETIT SEMINAIRE SAINT ANDRE DE RIMIS-BAFIA,DIGIT_PREFIX,,,ESG_OR_UNKNOWN,PROBABLE_NO_REGION_SIGNAL,Lyce Classique et Moderne de BAFIA,CENTRE,5HC1GSFD112342106
11151155,GOOD SHEPHERD BILINGUAL COLLEGE,DIGIT_PREFIX,,,ESG_OR_UNKNOWN,NEW,,,
11081156,COLLEGE D&#039;ENSEIGNEMENT TECHNIQUE CHRIST ROI D&#039;EBANG,DIGIT_PREFIX,,,ESG_OR_UNKNOWN,NEW,,,
11081157,COLLEGE BILINGUE CATHOLIQUE SAINT MARC,DIGIT_PREFIX,,,ESG_OR_UNKNOWN,NEW,,,
11081158,THE HALE ACADEMY COLLEGE,DIGIT_PREFIX,,,ESG_OR_UNKNOWN,NEW,,,
11081159,COMPLEXE BILINGUE LES PEPITES D&#039;OR,DIGIT_PREFIX,,,ESG_OR_UNKNOWN,NEW,,,
11081160,ENIEG BILINGUE EMAREL,DIGIT_PREFIX,,,ENI,NEW,,,
11081162,COMPLEXE SCOLAIRE BILINGUE JOSEPH PHILOMENE,DIGIT_PREFIX,,,ESG_OR_UNKNOWN,PROBABLE_NO_REGION_SIGNAL,Lyce TSF MONGO JOSEPH,LITTORAL,7IE1GSFD110002091
11081163,IMHOTEP BILINGUAL GREAT SCHOOL,DIGIT_PREFIX,,,ESG_OR_UNKNOWN,PROBABLE_NO_REGION_SIGNAL,Lyce de GREAT-SOPPO-BUEA,SUD-OUEST,6CC1GSAD110858118
11081164,COLLEGE BILINGUE EXCELLENCE (Nkolafamba),DIGIT_PREFIX,,,ESG_OR_UNKNOWN,PROBABLE_NO_REGION_SIGNAL,Lyce Bilingue de NKOABANG-NKOLAFAMBA,CENTRE,5JL1GSFD110746098
11081165,COLLEGE SIMO,DIGIT_PREFIX,,,ESG_OR_UNKNOWN,NEW,,,
11081166,COLLEGE BILINGUE CATHOLIQUE SAINT JOSEPH DE MESSA MVELE,DIGIT_PREFIX,,,ESG_OR_UNKNOWN,PROBABLE_NO_REGION_SIGNAL,Lyce TSF MONGO JOSEPH,LITTORAL,7IE1GSFD110002091
11081168,COLLEGE LES REFORMES,DIGIT_PREFIX,,,ESG_OR_UNKNOWN,NEW,,,
11081169,INSTITUT POLYVALENT BILINGUE LA SOPHIA,DIGIT_PREFIX,,,ESG_OR_UNKNOWN,NEW,,,
11081170,COMPLEXE SCOLAIRE BILINGUE DADJO,DIGIT_PREFIX,,,ESG_OR_UNKNOWN,NEW,,,
11081171,COLLEGE D&#039;ENSEIGNEMENT TECHNIQUE COMMERCIAL ET INDUSTRIEL LES COCOTIERS,DIGIT_PREFIX,,,ESG_OR_UNKNOWN,NEW,,,
11081172,COLLEGE SAINT PIERRE DE NKOLMEYANG,DIGIT_PREFIX,,,ESG_OR_UNKNOWN,PROBABLE_NO_REGION_SIGNAL,CES de NKOLMEYANG,CENTRE,5JL1GSFD102413100
11081173,INSTITUT NOAH,DIGIT_PREFIX,,,ESG_OR_UNKNOWN,NEW,,,
11081174,COURS DU SOIR LES COCOTIERS,DIGIT_PREFIX,,,ADULT_EVENING,NEW,,,
11081175,INSTITUT MBOUGANG PASCAL,DIGIT_PREFIX,,,ESG_OR_UNKNOWN,NEW,,,
11081176,MAHE BILINGUAL COLLEGE,DIGIT_PREFIX,,,ESG_OR_UNKNOWN,NEW,,,
11081177,COLLEGE PRIVE BILINGUE FOVOU,DIGIT_PREFIX,,,ESG_OR_UNKNOWN,NEW,,,
11081178,COMPLEXE SCOLAIRE BILINGUE LA MIREINA,DIGIT_PREFIX,,,ESG_OR_UNKNOWN,NEW,,,
11081179,COLLEGE PRIVE CATHOLIQUE D&#039;ENSEIGNEMENT GENERAL ET TECHNIQUE BILINGUE SAINT JEAN L&#039;EVANGELISTE DE NKOL AVOLO,DIGIT_PREFIX,,,ESG_OR_UNKNOWN,PROBABLE_NO_REGION_SIGNAL,Lyce GENERAL LECLERC,CENTRE,5LH1GSFD111715052
11081180,PURPOSE DRIVEN HIGH SCHOOL,DIGIT_PREFIX,,,ESG_OR_UNKNOWN,NEW,,,
14280891,COLLEGE BILINGUE LE MILLENAIRE,DIGIT_PREFIX,,,ESG_OR_UNKNOWN,NEW,,,
14280892,INSTITUT DES TECHNIQUES ECONOMIQUES ET DE GESTION,DIGIT_PREFIX,,,ESG_OR_UNKNOWN,NEW,,,
14280893,INSTITUT EDUCATION DE QUALITE,DIGIT_PREFIX,,,ESG_OR_UNKNOWN,NEW,,,
14280894,COLLEGE BILNGUE OLIVE,DIGIT_PREFIX,,,ESG_OR_UNKNOWN,NEW,,,
14280895,COLLEGE BILINGUE DUCHESNE,DIGIT_PREFIX,,,ESG_OR_UNKNOWN,NEW,,,
14280896,COURS DU SOIR ISLAMIQUE,DIGIT_PREFIX,,,ADULT_EVENING,NEW,,,
14280897,SAINT PETERS HIGH SCHOOL,DIGIT_PREFIX,,,ESG_OR_UNKNOWN,NEW,,,
14280898,ARIZA HIGH SCHOOL,DIGIT_PREFIX,,,ESG_OR_UNKNOWN,NEW,,,
14280899,COMPLEXE DE L&#039;EXCELLENCE SCOLAIRE,DIGIT_PREFIX,,,ESG_OR_UNKNOWN,NEW,,,
14280900,COMPLEXE SCOLAIRE LES GRANDS LEADERS,DIGIT_PREFIX,,,ESG_OR_UNKNOWN,NEW,,,
14280901,COURS DU SOIR SAINTE BERNADETTE DU GRESGET,DIGIT_PREFIX,,,ADULT_EVENING,NEW,,,
14280902,INSTITUT FUTURA,DIGIT_PREFIX,,,ESG_OR_UNKNOWN,NEW,,,
14280903,COURS DU SOIR DE LA CITE DES PALMIERS,DIGIT_PREFIX,,,ADULT_EVENING,PROBABLE_NO_REGION_SIGNAL,Lyce de LA CITE DES PALMIERS,LITTORAL,7IJ1GSFD110039090
14280904,COURS DU SOIR VOLTAIRE,DIGIT_PREFIX,,,ADULT_EVENING,NEW,,,
14280905,COLLEGE BILINGUE SOFT EDUCATION,DIGIT_PREFIX,,,ESG_OR_UNKNOWN,NEW,,,
14280906,COLLEGE ADVENTISTE BILINGUE DE DOUALA,DIGIT_PREFIX,,,ESG_OR_UNKNOWN,PROBABLE_NO_REGION_SIGNAL,Lyce JOSS DE DOUALA,LITTORAL,7IC1GSFD112465054
14280907,INSTITUTION MODERNE POLYVALENT DE BONABERI,DIGIT_PREFIX,,,ESG_OR_UNKNOWN,PROBABLE_NO_REGION_SIGNAL,Lyce Bilingue de BONABERI,LITTORAL,7II1GSBD110308090
14280908,STEVIN BILINGUAL COLLEGE,DIGIT_PREFIX,,,ESG_OR_UNKNOWN,NEW,,,
14280909,COMPLEXE SCOLAIRE BILINGUE ARTHUR,DIGIT_PREFIX,,,ESG_OR_UNKNOWN,NEW,,,
14280910,COLLEGE BILINGUE SAINT JEROME,DIGIT_PREFIX,,,ESG_OR_UNKNOWN,NEW,,,
14280911,COLLEGE BILINGUE LA FRANCHE,DIGIT_PREFIX,,,ESG_OR_UNKNOWN,NEW,,,
14280912,COLLEGE ISLAMIQUE IBRAHIM,DIGIT_PREFIX,,,ESG_OR_UNKNOWN,PROBABLE_NO_REGION_SIGNAL,Lyce Bilingue SULTAN IBRAHIM NJOYA,OUEST,4ME1GSBD112138097
14280913,COMPLEXE SCOLAIRE BILINGUE TCHOUNKEU,DIGIT_PREFIX,,,ESG_OR_UNKNOWN,NEW,,,
14280914,COLLEGE HIGH TECH BILINGUAL HIGH SCHOOL,DIGIT_PREFIX,,,ESG_OR_UNKNOWN,NEW,,,
14280915,COURS DU SOIR BILINGUE LA BONTE,DIGIT_PREFIX,,,ADULT_EVENING,NEW,,,
14280916,INSTITUT POLYVALENT LE NORMALIEN,DIGIT_PREFIX,,,ESG_OR_UNKNOWN,NEW,,,
14280917,ENIEG BILINGUE LA GRACE DIVINE,DIGIT_PREFIX,,,ENI,NEW,,,
14280918,INSTITUT POLYVALENT BILINGUE MBA,DIGIT_PREFIX,,,ESG_OR_UNKNOWN,NEW,,,
14280919,COLLEGE TOMI FIDELE,DIGIT_PREFIX,,,ESG_OR_UNKNOWN,NEW,,,
14280920,COLLEGE CONCEVOIR-CROIRE-RECEVOIR ( CCR ),DIGIT_PREFIX,,,ESG_OR_UNKNOWN,NEW,,,
14280921,INSTITUT BILINGUE DESTINY,DIGIT_PREFIX,,,ESG_OR_UNKNOWN,NEW,,,
14280922,COURS DU SOIR ELITE BILINGUAL EVENING HIGH SCHOOL,DIGIT_PREFIX,,,ADULT_EVENING,NEW,,,
14280923,PCSS BONAMOUSSADI,DIGIT_PREFIX,,,ESG_OR_UNKNOWN,NEW,,,
14280924,COLLEGE BILINGUE NJANKOU,DIGIT_PREFIX,,,ESG_OR_UNKNOWN,NEW,,,
14280925,COURS DU SOIR SAINTE BERNADETTE-BONAMOUSSADI,DIGIT_PREFIX,,,ADULT_EVENING,NEW,,,
14280926,COLLEGE Polyvalent MPAMOU ANDRE,DIGIT_PREFIX,,,ESG_OR_UNKNOWN,NEW,,,
14280927,COURS DU SOIR SAINT JEAN DE DEIDO,DIGIT_PREFIX,,,ADULT_EVENING,PROBABLE_NO_REGION_SIGNAL,Lyce Bilingue de DEIDO,LITTORAL,7IC1GSBD110036092
14280928,COURS DU SOIR LE KONDI,DIGIT_PREFIX,,,ADULT_EVENING,NEW,,,
14280929,COURS DU SOIR CLAIRE FONTAINE,DIGIT_PREFIX,,,ADULT_EVENING,NEW,,,
14280930,COURS DU SOIR SAINTE HELENE,DIGIT_PREFIX,,,ADULT_EVENING,NEW,,,
14280931,SAINT THOMAS EXCELLENT BILINGUAL COLLEGE,DIGIT_PREFIX,,,ESG_OR_UNKNOWN,NEW,,,
14280932,SAINT SYLVESTER COLLEGE,DIGIT_PREFIX,,,ESG_OR_UNKNOWN,NEW,,,
14280934,BETHESDA BILINGUAL Collège,DIGIT_PREFIX,,,ESG_OR_UNKNOWN,NEW,,,
11061181,AMARYLLIS EDUCATION CENTER,DIGIT_PREFIX,,,ESG_OR_UNKNOWN,NEW,,,
11061182,COLLEGE ADVENTISTE BILINGUE MARANATHA DE YAOUNDE,DIGIT_PREFIX,,,ESG_OR_UNKNOWN,PROBABLE_NO_REGION_SIGNAL,Lyce Bilingue de YAOUNDE,CENTRE,5LJ1GSBD110162077
17421069,SUNSHINE BILINGUAL EVENING INSTITUTE,DIGIT_PREFIX,,,ESG_OR_UNKNOWN,NEW,,,
11081183,CHRIST THE KING ANGLO SAXON BOARDING COLLEGE,DIGIT_PREFIX,,,ESG_OR_UNKNOWN,PROBABLE_NO_REGION_SIGNAL,CES de KING-PLACE-BATCHAM,OUEST,4CE1GSFD101616111
11081184,COLLEGE POLYVALENT BILINGUE LES JALIOS,DIGIT_PREFIX,,,ESG_OR_UNKNOWN,NEW,,,
11141186,COLLEGE BILINGUE LE GADE,DIGIT_PREFIX,,,ESG_OR_UNKNOWN,NEW,,,
11061187,DIVINE PROVIDENCE BILINGUAL COLLEGE,DIGIT_PREFIX,,,ESG_OR_UNKNOWN,NEW,,,
11061188,UNITY BILINGUAL ACADEMY,DIGIT_PREFIX,,,ESG_OR_UNKNOWN,NEW,,,
11061190,COLLÈGE BILINGUE BERYLA,DIGIT_PREFIX,,,ESG_OR_UNKNOWN,NEW,,,
11061191,GODWILL ENGLISH HIGH SCHOOL,DIGIT_PREFIX,,,ESG_OR_UNKNOWN,NEW,,,
11061192,COLLÈGE SANTA ALICIA PRESTIGE,DIGIT_PREFIX,,,ESG_OR_UNKNOWN,PROBABLE_NO_REGION_SIGNAL,Lyce Bilingue de SANTA,NORD-OUEST,3JK1GSBD110215102
11061193,MIKE DENNY ANGLO-SAXON SECONDARY SCHOOL,DIGIT_PREFIX,,,ESG_OR_UNKNOWN,NEW,,,
11061194,BRITISH COLLEGE,DIGIT_PREFIX,,,ESG_OR_UNKNOWN,NEW,,,
11061195,COURS DU SOIR LES DOUX MIGNONS,DIGIT_PREFIX,,,ADULT_EVENING,NEW,,,
11061196,ENIEG BILINGUE ESPÉRANCE,DIGIT_PREFIX,,,ENI,NEW,,,
11061197,COLLEGE BILINGUE LE SAVOIR PLUS,DIGIT_PREFIX,,,ESG_OR_UNKNOWN,NEW,,,
11061198,COURS DU SOIR DU SUCCES,DIGIT_PREFIX,,,ADULT_EVENING,NEW,,,
14290935,COLLEGE PRIVE LAIC GEORGES CARVER,DIGIT_PREFIX,,,ESG_OR_UNKNOWN,NEW,,,
14290937,INSTITUT SAINT JOSEPH,DIGIT_PREFIX,,,ESG_OR_UNKNOWN,PROBABLE_NO_REGION_SIGNAL,Lyce TSF MONGO JOSEPH,LITTORAL,7IE1GSFD110002091
14290938,NEW HOPE COLLEGE,DIGIT_PREFIX,,,ESG_OR_UNKNOWN,NEW,,,
14290939,COLLEGE BILINGUE SANTA BARBARA,DIGIT_PREFIX,,,ESG_OR_UNKNOWN,PROBABLE_NO_REGION_SIGNAL,Lyce Bilingue de SANTA,NORD-OUEST,3JK1GSBD110215102
14290940,COLLEGE POLYVALENT BILINGUE MARIE THERESE,DIGIT_PREFIX,,,ESG_OR_UNKNOWN,NEW,,,
14280941,CITY COLLEGE OF ARTS AND SCIENCE. (CCAST DOUALA),DIGIT_PREFIX,,,ESG_OR_UNKNOWN,PROBABLE_NO_REGION_SIGNAL,Lyce JOSS DE DOUALA,LITTORAL,7IC1GSFD112465054
14280942,KATHY SECONDARY AND HIGH SCHOOL,DIGIT_PREFIX,,,ESG_OR_UNKNOWN,NEW,,,
14280943,TRIDYL,DIGIT_PREFIX,,,ESG_OR_UNKNOWN,NEW,,,
14280944,COLLEGE BILINGUE PRIVE LAÏC LES MERVEILLES,DIGIT_PREFIX,,,ESG_OR_UNKNOWN,NEW,,,
14280945,FONDATION DU FUTUR,DIGIT_PREFIX,,,ESG_OR_UNKNOWN,NEW,,,
14280946,INSET BILINGUAL COLLEGE,DIGIT_PREFIX,,,ESG_OR_UNKNOWN,NEW,,,
14280947,INSTITUT BILINGUE LA PROVIDENCE NGONGANG,DIGIT_PREFIX,,,ESG_OR_UNKNOWN,NEW,,,
14280948,COLLEGE BILINGUE LA BONTE DES VAINQUEURS,DIGIT_PREFIX,,,ESG_OR_UNKNOWN,NEW,,,
14280949,ENIEG BILINGUE L&#039;ETOILE,DIGIT_PREFIX,,,ENI,NEW,,,
14280950,INSTITUT POLYVALENT SAINT EXUPERY,DIGIT_PREFIX,,,ESG_OR_UNKNOWN,NEW,,,
14280951,COLLEGE BILINGUE LES BIENS-AIMES,DIGIT_PREFIX,,,ESG_OR_UNKNOWN,NEW,,,
14280952,COLLEGE BILINGUE LA GRACE,DIGIT_PREFIX,,,ESG_OR_UNKNOWN,NEW,,,
14280953,INSTITUT POLYVALENT BILINGUE LUMIERE MOTASSI,DIGIT_PREFIX,,,ESG_OR_UNKNOWN,NEW,,,
15330841,COLLÈGE SAINT JEAN BAPTISTE DE MADINGRING,DIGIT_PREFIX,,,ESG_OR_UNKNOWN,NEW,,,
OU50039B100,CES BILINGUE DE KOUROUM-MARCHE,ALPHA_PREFIX,Ouest,CONFIRMED_BY_MATCH,ESG_OR_UNKNOWN,PROBABLE,Lyce Bilingue de MOUMEE-MARCHE,OUEST,4EK1GSBD101949110
OU50171B99,CES BILINGUE DE KOUNDJA,ALPHA_PREFIX,Ouest,CONFIRMED_BY_MATCH,ESG_OR_UNKNOWN,NEW,,,
OU50197B98,CES BILINGUE DE MAGHAM,ALPHA_PREFIX,Ouest,CONFIRMED_BY_MATCH,ESG_OR_UNKNOWN,NEW,,,
16360869,DIVINE MERCY TEACHER TRAINING COLLEGE,DIGIT_PREFIX,,,ESG_OR_UNKNOWN,NEW,,,
16360870,ISLAMIC COMPREHENSIVE COLLEGE (ICC) TATUM,DIGIT_PREFIX,,,ESG_OR_UNKNOWN,PROBABLE_NO_REGION_SIGNAL,Lyce Bilingue de TATUM,NORD-OUEST,3EI1GSBD111855101
18360871,ENGLISH TEACHER TRAINING COLLEGE (ETTC) KUMBO,DIGIT_PREFIX,,,ESG_OR_UNKNOWN,PROBABLE_NO_REGION_SIGNAL,CES de KAI-KUMBO,NORD-OUEST,3EE1GSAD101858107
16370949,DIVINE TECHNICAL AND COMMERCIAL COLLEGE,DIGIT_PREFIX,,,ESG_OR_UNKNOWN,NEW,,,
14280954,OMNITECH BILINGUAL COLLEGE,DIGIT_PREFIX,,,ESG_OR_UNKNOWN,NEW,,,
11061199,ANGEL MICHAEL BILINGUAL COLLEGE,DIGIT_PREFIX,,,ESG_OR_UNKNOWN,NEW,,,
11061200,COURS DU SOIR ISEIG,DIGIT_PREFIX,,,ADULT_EVENING,NEW,,,
10040046,GROUPE SCOLAIRE COLLEGE BILINGUE ANGLO ISLAMIQUE,DIGIT_PREFIX,,,ESG_OR_UNKNOWN,NEW,,,
16370950,GOOD NEWS COLLEGE NTENESOH MILE 4 NKWEN,DIGIT_PREFIX,,,ESG_OR_UNKNOWN,PROBABLE_NO_REGION_SIGNAL,Lyce de BONADIKOMBO-MILE 4,SUD-OUEST,6CE1GSAD110479113
16370951,FERUC COMPREHENSIVE COLLEGE,DIGIT_PREFIX,,,ESG_OR_UNKNOWN,NEW,,,
16400837,St JUDE&#039;S CATHOLIC COLLEGE FUNDONG,DIGIT_PREFIX,,,ESG_OR_UNKNOWN,PROBABLE_NO_REGION_SIGNAL,Lyce Bilingue de FUNDONG,NORD-OUEST,3CH1GSBD110289079
16370952,OUR LADY OF FATIMA COLLEGE NTAAFI,DIGIT_PREFIX,,,ESG_OR_UNKNOWN,NEW,,,
19561320,OUR MOTHER BILINGUAL HIGH SCHOOL (Mutengene),DIGIT_PREFIX,,,ESG_OR_UNKNOWN,PROBABLE_NO_REGION_SIGNAL,Lyce Bilingue de MUTENGENE,SUD-OUEST,6CI1GSBD110440106
11061201,COMPLEXE TEBAP(bilingue),DIGIT_PREFIX,,,ESG_OR_UNKNOWN,NEW,,,
11061202,CETIC COMMUNAL DE YAOUNDE 1,DIGIT_PREFIX,,,ESTP,PROBABLE_NO_REGION_SIGNAL,Lyce Bilingue de YAOUNDE,CENTRE,5LJ1GSBD110162077
11061204,Collège Moukete,DIGIT_PREFIX,,,ESG_OR_UNKNOWN,NEW,,,
11061205,ST LYDIA BILINGUAL COLLEGE,DIGIT_PREFIX,,,ESG_OR_UNKNOWN,NEW,,,
11061207,COURS DU SOIR LE BON BERGER,DIGIT_PREFIX,,,ADULT_EVENING,NEW,,,
11061208,COMPLEXE SCOLAIRE BILINGUE PHILADELPHIE LE GRAND,DIGIT_PREFIX,,,ESG_OR_UNKNOWN,PROBABLE_NO_REGION_SIGNAL,Lyce Bilingue de GRAND-SOUZA,LITTORAL,7CI1GSBD111669109
11061209,ENIEG PRIVEE BILINGUE LES CHAMPIONS,DIGIT_PREFIX,,,ENI,NEW,,,
11061210,MBOHMELITES BILINGUAL COLLEGE,DIGIT_PREFIX,,,ESG_OR_UNKNOWN,NEW,,,
11061211,INSTITUT PRIVE LAIC CENTRAL,DIGIT_PREFIX,,,ESG_OR_UNKNOWN,NEW,,,
11061212,COLLEGE BILINGUE LE PETIT TROP,DIGIT_PREFIX,,,ESG_OR_UNKNOWN,PROBABLE_NO_REGION_SIGNAL,Lyce Bilingue de BOBONGO-PETIT-PARIS,LITTORAL,7IH1GSBD110694111
14280955,COURS DU SOIR SAINTS PIERRE ET PAUL DU CAPES,DIGIT_PREFIX,,,ADULT_EVENING,PROBABLE_NO_REGION_SIGNAL,Lyce de SANGUERE PAUL,NORD,1CL1GSFD111465106
14280956,RUSSIAN INTERNATIONAL SECONDARY SCHOOL GALAXY,DIGIT_PREFIX,,,ESG_OR_UNKNOWN,NEW,,,
14280957,COURS DU SOIR DU COLLEGE POLYVALENT MOHOUA-TACHOMKAM,DIGIT_PREFIX,,,ADULT_EVENING,NEW,,,
14280958,NELSON MANDELA COMPREHENSIVE COLLEGE,DIGIT_PREFIX,,,ESG_OR_UNKNOWN,NEW,,,
14280959,COURS DU SOIR BILINGUE DE L&#039;ESPERANCE,DIGIT_PREFIX,,,ADULT_EVENING,NEW,,,
14280960,COLLEGE BILINGUE ROSALIE TOOLO TOOLO,DIGIT_PREFIX,,,ESG_OR_UNKNOWN,NEW,,,
14280961,COMPLEXE SCOLAIRE BILINGUE SAINT GABRIEL RITA,DIGIT_PREFIX,,,ESG_OR_UNKNOWN,NEW,,,
14280962,INSTITUT PRIVÉ LAIC SAINT - HUBERT DE DOUALA,DIGIT_PREFIX,,,ESG_OR_UNKNOWN,PROBABLE_NO_REGION_SIGNAL,Lyce JOSS DE DOUALA,LITTORAL,7IC1GSFD112465054
11061213,COURS DU SOIR SAGE I.B.E,DIGIT_PREFIX,,,ADULT_EVENING,NEW,,,
11061214,COLLEGE BILINGUE MUNA MBOA,DIGIT_PREFIX,,,ESG_OR_UNKNOWN,NEW,,,
14290963,BILINGUAL COMPREHENSIVE HIGH SCHOOL(BCHS) LOUM,DIGIT_PREFIX,,,ESG_OR_UNKNOWN,PROBABLE_NO_REGION_SIGNAL,Lyce Bilingue de LOUM-CHANTIER-GARE,LITTORAL,7CJ1GSBD110005110
SU56010C27,CETIC AKAM BITAM,ALPHA_PREFIX,Sud,CONFIRMED_BY_MATCH,ESTP,NEW,,,
14280964,COLLEGE BILINGUE GOD WIN,DIGIT_PREFIX,,,ESG_OR_UNKNOWN,NEW,,,
14280965,COURS DU SOIR LA METHODE,DIGIT_PREFIX,,,ADULT_EVENING,NEW,,,
14280966,COLLEGE POLYVALENT LES VALEURS,DIGIT_PREFIX,,,ESG_OR_UNKNOWN,NEW,,,
14280967,COLLEGE PROTESTANT LUC BELL,DIGIT_PREFIX,,,ESG_OR_UNKNOWN,PROBABLE_NO_REGION_SIGNAL,Lyce Bilingue de NEW-BELL,LITTORAL,7IE1GSBD110300109
14280968,DESKO INTERNATIONAL COLLEGE,DIGIT_PREFIX,,,ESG_OR_UNKNOWN,NEW,,,
11061216,INSTITUT POLYVALENT BILINGUE VIVA EDUCATION,DIGIT_PREFIX,,,ESG_OR_UNKNOWN,NEW,,,
11061217,COLLEGE BILINGUE MEKA,DIGIT_PREFIX,,,ESG_OR_UNKNOWN,PROBABLE_NO_REGION_SIGNAL,CES de MEKA-NGOLO,SUD-OUEST,6KL1GSAD100507103
11061218,COURS DU SOIR CONSCIENCE PLUS,DIGIT_PREFIX,,,ADULT_EVENING,NEW,,,
14290969,COLLEGE SAINTE CECILE DE MBANGA,DIGIT_PREFIX,,,ESG_OR_UNKNOWN,PROBABLE_NO_REGION_SIGNAL,CES de MBANGA-DZENG,CENTRE,5QE1GSFD101997108
16370953,QUALITY TEACHER TRAINING COLLEGE,DIGIT_PREFIX,,,ESG_OR_UNKNOWN,NEW,,,
ES17159A33,CES DE LOLO 1,ALPHA_PREFIX,Est,CONFIRMED_BY_MATCH,ESG_OR_UNKNOWN,NEW,,,
15320843,"DIVINE GRACE COLLEGE OF ARTS, SCIENCES AND TECHNOLOGY",DIGIT_PREFIX,,,ESG_OR_UNKNOWN,NEW,,,
15320844,COLLEGE PRIVE BILINGUE ESPERANCE DE RABINGHA,DIGIT_PREFIX,,,ESG_OR_UNKNOWN,PROBABLE_NO_REGION_SIGNAL,Lyce de RABINGHA,NORD,1CM1GSFD111223110
15320846,COURS DU SOIR LE CHAMPION,DIGIT_PREFIX,,,ADULT_EVENING,NEW,,,
11061219,COLLEGE BILINGUE BENTA,DIGIT_PREFIX,,,ESG_OR_UNKNOWN,NEW,,,
11061220,KJM COLLEGE,DIGIT_PREFIX,,,ESG_OR_UNKNOWN,NEW,,,
10030003,COLLEGE CATHOLIQUE BILINGUE SAINT THOMAS D&#039;AQUIN DE TIBATI,DIGIT_PREFIX,,,ESG_OR_UNKNOWN,PROBABLE_NO_REGION_SIGNAL,CES de YOKO-TIBATI,ADAMAOUA,2CE1GSFD102856115
17471099,COURS DU SOIR BILINGUE DE L&#039;ESPOIR DE MBOUDA,DIGIT_PREFIX,,,ADULT_EVENING,PROBABLE_NO_REGION_SIGNAL,Lyce Bilingue de MBOUDA,OUEST,4CI1GSBD112030097
17421070,Cours du soir le PROGRES (Bafoussam),DIGIT_PREFIX,,,ADULT_EVENING,PROBABLE_NO_REGION_SIGNAL,Lyce Bilingue de BAFOUSSAM,OUEST,4KC1GSBD112469091
OU50290C92,CETIC DE NJIMOM,ALPHA_PREFIX,Ouest,CONFIRMED_BY_MATCH,ESTP,PROBABLE,Lyce de NJIMOM,OUEST,4MN1GSFD112405111
18501174,Reference Anglo Saxon academy,DIGIT_PREFIX,,,ESG_OR_UNKNOWN,NEW,,,
17411023,COLLEGE TECHNIQUE BILINGUE NJOYA ET THERESA,DIGIT_PREFIX,,,ESG_OR_UNKNOWN,PROBABLE_NO_REGION_SIGNAL,Lyce Bilingue SULTAN IBRAHIM NJOYA,OUEST,4ME1GSBD112138097
NO02045C85,CETIC DE HAMAKOUSSOU,ALPHA_PREFIX,Nord,CONFIRMED_BY_MATCH,ESTP,NEW,,,
NO02083C86,CETIC DE MAYAMI,ALPHA_PREFIX,Nord,CONFIRMED_BY_MATCH,ESTP,PROBABLE,CES de MAYAMI,NORD,1CI1GSFD102684114
NO29343A46,CES DE TOUBORO AVIATION,ALPHA_PREFIX,Nord,CONFIRMED_BY_MATCH,ESG_OR_UNKNOWN,PROBABLE,Lyce Bilingue de TOUBORO,NORD,1II1GSBD102337113
11081219,CHUO BILINGUAL TECHNICAL TEACHER TRAINING COLLEGE NKOLFOULOU SOA,DIGIT_PREFIX,,,ESG_OR_UNKNOWN,NEW,,,
11061221,COLLEGE BILINGUE EPASSI FELIX,DIGIT_PREFIX,,,ESG_OR_UNKNOWN,NEW,,,
11061222,COLLEGE D&#039;ENSEIGNEMENT GÉNÉRAL PRIVÉ LAÏC ESPÉRANCE,DIGIT_PREFIX,,,ESG_OR_UNKNOWN,PROBABLE_NO_REGION_SIGNAL,Lyce GENERAL LECLERC,CENTRE,5LH1GSFD111715052
14280970,COLLEGE MANGA ET SARAH,DIGIT_PREFIX,,,ESG_OR_UNKNOWN,PROBABLE_NO_REGION_SIGNAL,Lyce de KARNA-MANGA,ADAMAOUA,2JH1GSFD111480114
11061223,LEADERSHIP ANGLO-SAXON ACADEMIC COMPLEX FEBE YAOUNDÉ,DIGIT_PREFIX,,,ESG_OR_UNKNOWN,PROBABLE_NO_REGION_SIGNAL,Lyce Bilingue de YAOUNDE,CENTRE,5LJ1GSBD110162077
19531310,BALAMORY BILINGUAL SECONDARY SCHOOL,DIGIT_PREFIX,,,ESG_OR_UNKNOWN,NEW,,,
11061224,COURS DU SOIR LA REUSSITE,DIGIT_PREFIX,,,ADULT_EVENING,NEW,,,
11071225,MOTHER OF PERPETUAL HELP COMPREHENSIVE COLLEGE MBALMAYO,DIGIT_PREFIX,,,ESG_OR_UNKNOWN,PROBABLE_NO_REGION_SIGNAL,Lyce de MBALMAYO-OYACK,CENTRE,5QH1GSFD111879099
19531311,ALPHA BILINGUAL TEACHERS&#039; TRAINING COLLEGE,DIGIT_PREFIX,,,ESG_OR_UNKNOWN,NEW,,,
19561321,"MOUNT ZION GRAMMAR, TECHNICAL AND COMMERCIAL COLLEGE",DIGIT_PREFIX,,,ESG_OR_UNKNOWN,NEW,,,
19551230,REMEDIAL CITADEL COLLEGE (RECCOL) TOMBEL,DIGIT_PREFIX,,,ESG_OR_UNKNOWN,PROBABLE_NO_REGION_SIGNAL,Lyce Bilingue de TOMBEL,SUD-OUEST,6EH1GSBD110147103
16370954,PRESBYTERIAN SECONDARY SCHOOL BAMENDA STATION,DIGIT_PREFIX,,,ESG_OR_UNKNOWN,PROBABLE_NO_REGION_SIGNAL,Lyce Bilingue de BAMENDA,NORD-OUEST,3JI1GSBD112079095
EN26157C108,CETIC de WALYA,ALPHA_PREFIX,Extrême-Nord,CONFIRMED_BY_MATCH,ESTP,NEW,,,
OU16024C34,CETIC de BANKA-BAHAM,ALPHA_PREFIX,Ouest,CONFIRMED_BY_MATCH,ESTP,PROBABLE,Lyce Bilingue de BAHAM,OUEST,4HC1GSBD112221106
14280971,SAINT AGNES BILINGUAL COLLEGE,DIGIT_PREFIX,,,ESG_OR_UNKNOWN,NEW,,,
14280972,INSTITUT ISIDORE MARIE,DIGIT_PREFIX,,,ESG_OR_UNKNOWN,NEW,,,
19531312,COLLEGE BILINGUE DAVID-AUGUSTIN,DIGIT_PREFIX,,,ESG_OR_UNKNOWN,NEW,,,
16370955,SAINT JOSEPH CALASANZ TEATCHER TRAINING COLLEGE MENTEH-NKWEN,DIGIT_PREFIX,,,ESG_OR_UNKNOWN,PROBABLE_NO_REGION_SIGNAL,Lyce TSF MONGO JOSEPH,LITTORAL,7IE1GSFD110002091
11081225,"ANGLO-SAXON COLLEGE OF ARTS, SCIENCE AND TECHNICAL STUDIES (ACASCOM)",DIGIT_PREFIX,,,ESG_OR_UNKNOWN,NEW,,,
19551231,ALBRIGHT HIGH SCHOOL TOMBEL,DIGIT_PREFIX,,,ESG_OR_UNKNOWN,PROBABLE_NO_REGION_SIGNAL,Lyce Bilingue de TOMBEL,SUD-OUEST,6EH1GSBD110147103
19561322,ST SYLVESTER INTERNATIONAL COLLEGE,DIGIT_PREFIX,,,ESG_OR_UNKNOWN,NEW,,,
16340878,ST. THERESIA&#039;S CATHOLIC COMPREHENSIVE COLLEGE,DIGIT_PREFIX,,,ESG_OR_UNKNOWN,NEW,,,
16340879,SAINT MARCELLIN COMPREHENSIVE COLLEGE (BINSHUA),DIGIT_PREFIX,,,ESG_OR_UNKNOWN,PROBABLE_NO_REGION_SIGNAL,CES de BINSHUA,NORD-OUEST,3HI1GSAD100107110
16340880,BAPTIST SECONDARY SCHOOL SABONGARI,DIGIT_PREFIX,,,ESG_OR_UNKNOWN,PROBABLE_NO_REGION_SIGNAL,CES de SABONGARI-BANYO,ADAMAOUA,2HE1GSFD102708114
14290973,AGAPE SECONDARY SCHOOL,DIGIT_PREFIX,,,ESG_OR_UNKNOWN,NEW,,,
11061226,COURS DU SOIR AMASIA,DIGIT_PREFIX,,,ADULT_EVENING,NEW,,,
11131228,LEGACY EDUCATIONAL CENTER (LECCAST),DIGIT_PREFIX,,,ESG_OR_UNKNOWN,NEW,,,
11061227,MADA INTERNATIONAL COLLEGE OBILI YAOUNDE,DIGIT_PREFIX,,,ESG_OR_UNKNOWN,PROBABLE_NO_REGION_SIGNAL,Lyce de GALAGA-MADA-KOLKOCH,EXTREME-NORD,0JH1GSFD112156107
11081229,COLLEGE BILINGUE MARIE MBAKOUP,DIGIT_PREFIX,,,ESG_OR_UNKNOWN,NEW,,,
11061230,COURS DU SOIR SAINT AUGUSTIN,DIGIT_PREFIX,,,ADULT_EVENING,NEW,,,
19561323,Fonchenela Academy of Excellence Comprehensive High School Idenau,DIGIT_PREFIX,,,ESG_OR_UNKNOWN,PROBABLE_NO_REGION_SIGNAL,Lyce d'IDENAU,SUD-OUEST,6CJ1GSAD110693107
11061231,COMPLEXE SCOLAIRE BILINGUE DIEU BENIT,DIGIT_PREFIX,,,ESG_OR_UNKNOWN,NEW,,,
19551232,CAMBRIDGE COLLEGE OF ARTS AND SCIENCE (Tombel),DIGIT_PREFIX,,,ESG_OR_UNKNOWN,PROBABLE_NO_REGION_SIGNAL,Lyce Bilingue de TOMBEL,SUD-OUEST,6EH1GSBD110147103
14290970,Providence Bilingual Comprehensive High School (Mbanga),DIGIT_PREFIX,,,ESG_OR_UNKNOWN,PROBABLE_NO_REGION_SIGNAL,CES de MBANGA-DZENG,CENTRE,5QE1GSFD101997108
11081220,COLLEGE LES CHEVALIERS,DIGIT_PREFIX,,,ESG_OR_UNKNOWN,NEW,,,
14280974,P.N.E.U COLLEGE,DIGIT_PREFIX,,,ESG_OR_UNKNOWN,NEW,,,
19551233,UNITY COMPREHENSIVE HIGH SCHOOL TOMBEL,DIGIT_PREFIX,,,ESG_OR_UNKNOWN,PROBABLE_NO_REGION_SIGNAL,Lyce Bilingue de TOMBEL,SUD-OUEST,6EH1GSBD110147103
17421071,COLLEGE BILINGUE LE BAOBAB,DIGIT_PREFIX,,,ESG_OR_UNKNOWN,NEW,,,
14280975,CENTRE D&#039;ENSEIGNEMENT DES SCIENCES DE LA GESTION,DIGIT_PREFIX,,,ESG_OR_UNKNOWN,PROBABLE_NO_REGION_SIGNAL,Lyce de MELONG-CENTRE,LITTORAL,7CM1GSFD111655107
14280976,COURS DU SOIR PRIVE LAÏC MONDE UNI,DIGIT_PREFIX,,,ADULT_EVENING,NEW,,,
11131232,COLLÈGE POLYVALENT Bilingue LES FOZANG PLUS,DIGIT_PREFIX,,,ESG_OR_UNKNOWN,NEW,,,
19541172,REDEMPTION GRAMMAR SCHOOL EKONDO TITI,DIGIT_PREFIX,,,ESG_OR_UNKNOWN,PROBABLE_NO_REGION_SIGNAL,Lyce Bilingue d'EKONDO-TITI,SUD-OUEST,6KH1GSBD111323098
11081233,COLLEGE BILINGUE NITCHEU ET EYENGA,DIGIT_PREFIX,,,ESG_OR_UNKNOWN,NEW,,,
11061234,COURS DU SOIR FONDATION OUM,DIGIT_PREFIX,,,ADULT_EVENING,NEW,,,
11061232,UNITY BILINGUAL SECONDARY HIGH SCHOOL (Olembe),DIGIT_PREFIX,,,ESG_OR_UNKNOWN,NEW,,,
11081221,PRESYTERIAN COMPREHENSIVE SECONDARY SCHOOL,DIGIT_PREFIX,,,ESG_OR_UNKNOWN,NEW,,,
11081222,AKAM BILINGUAL ACADEMY,DIGIT_PREFIX,,,ESG_OR_UNKNOWN,NEW,,,
19561324,BRIDGE COLLEGE,DIGIT_PREFIX,,,ESG_OR_UNKNOWN,NEW,,,
14290886,COLLEGE BILINGUE VEIL,DIGIT_PREFIX,,,ESG_OR_UNKNOWN,NEW,,,
11061235,JOSEPH GRAMMAR SCHOOL,DIGIT_PREFIX,,,ESG_OR_UNKNOWN,PROBABLE_NO_REGION_SIGNAL,Lyce TSF MONGO JOSEPH,LITTORAL,7IE1GSFD110002091
19561325,HARPAWISE HIGH SCHOOL,DIGIT_PREFIX,,,ESG_OR_UNKNOWN,NEW,,,
14290941,SENSEMANN BILINGUAL COLLEGE,DIGIT_PREFIX,,,ESG_OR_UNKNOWN,NEW,,,
19531313,THE APOSTOLIC SECONDARY SCHOOL (Kosala Kumba),DIGIT_PREFIX,,,ESG_OR_UNKNOWN,PROBABLE_NO_REGION_SIGNAL,Lyce Bilingue de KOSALA,SUD-OUEST,6JH1GSBD110473109
11131236,COLLEGE PRIVE LAIC BILINGUE NANCY ET FRERES,DIGIT_PREFIX,,,ESG_OR_UNKNOWN,NEW,,,
11081237,FONDATION SCOLAIRE ET ENTREPRENEURIALE SAINTS SERAPHINE-HONORE,DIGIT_PREFIX,,,ESG_OR_UNKNOWN,NEW,,,
11061233,HADASSAH BILINGUAL HIGH SCHOOL,DIGIT_PREFIX,,,ESG_OR_UNKNOWN,NEW,,,
11141238,PFISTER INH SCHOOL,DIGIT_PREFIX,,,ESG_OR_UNKNOWN,NEW,,,
16370956,"FIRM FOUNDATION COLLEGE OF ARTS, SCIENCE AND TECHNOLOGY",DIGIT_PREFIX,,,ESG_OR_UNKNOWN,NEW,,,
11061239,COURS DU SOIR PROMETHEE,DIGIT_PREFIX,,,ADULT_EVENING,NEW,,,
11061240,AMBASSADORS INTERNATIONAL ACADEMY,DIGIT_PREFIX,,,ESG_OR_UNKNOWN,NEW,,,
11061241,GOOD SAMARITAN SECONDARY SCHOOL,DIGIT_PREFIX,,,ESG_OR_UNKNOWN,NEW,,,
11121242,BAPTIST COMPRÉHENSIBE HIGH SCHOOL,DIGIT_PREFIX,,,ESG_OR_UNKNOWN,NEW,,,
14290977,ROHI BILINGUAL COMPREHENSIVE HIGH SCHOOL,DIGIT_PREFIX,,,ESG_OR_UNKNOWN,NEW,,,
11061243,MANNA GROUP COLLEGE,DIGIT_PREFIX,,,ESG_OR_UNKNOWN,NEW,,,
19531314,GLOBAL BILINGUAL COMPREHENSIVE COLLEGE,DIGIT_PREFIX,,,ESG_OR_UNKNOWN,NEW,,,
14280978,GRATITUDE BILINGUAL COLLEGE DOUALA,DIGIT_PREFIX,,,ESG_OR_UNKNOWN,PROBABLE_NO_REGION_SIGNAL,Lyce JOSS DE DOUALA,LITTORAL,7IC1GSFD112465054
14280979,COLLEGE MAARIF DOUALA BASSA,DIGIT_PREFIX,,,ESG_OR_UNKNOWN,PROBABLE_NO_REGION_SIGNAL,CES de BASSA,NORD-OUEST,3KI1GSAD100949110
11061244,WISDOM INTERNATIONAL COLLEGE,DIGIT_PREFIX,,,ESG_OR_UNKNOWN,NEW,,,
14290983,SAINT THOMAS COMPREHENSIVE HIGH SCHOOL NKONGSAMBA,DIGIT_PREFIX,,,ESG_OR_UNKNOWN,PROBABLE_NO_REGION_SIGNAL,Lyce Bilingue de NKONGSAMBA,LITTORAL,7CV1GSBD112022092
14280980,COSNA-PROGRES,DIGIT_PREFIX,,,ESG_OR_UNKNOWN,NEW,,,
11061245,SURE VISION COLLEGE -NKOLMESSENG YAOUNDE,DIGIT_PREFIX,,,ESG_OR_UNKNOWN,PROBABLE_NO_REGION_SIGNAL,Lyce de NKOLMESSENG,CENTRE,5LJ1GSFD112791114
14280981,COLLEGE MAARIF DOUALA KOUMASSI,DIGIT_PREFIX,,,ESG_OR_UNKNOWN,PROBABLE_NO_REGION_SIGNAL,Lyce JOSS DE DOUALA,LITTORAL,7IC1GSFD112465054
14280982,COLLEGE BILINGUE LES CHRYSALIDES,DIGIT_PREFIX,,,ESG_OR_UNKNOWN,NEW,,,
11061246,ENIEG PRIVÉE L&#039;EXCELLENCE,DIGIT_PREFIX,,,ENI,NEW,,,
11061247,MOPHRIC COMPREHENSWE SECONDARY SCHOOL,DIGIT_PREFIX,,,ESG_OR_UNKNOWN,NEW,,,
16370957,"SAINT JOSEPH CATHOLIC COLLEGE, MANKON",DIGIT_PREFIX,,,ESG_OR_UNKNOWN,PROBABLE_NO_REGION_SIGNAL,Lyce TSF MONGO JOSEPH,LITTORAL,7IE1GSFD110002091
17411024,COLLEGE ISLAMIQUE DE LA RAHMA,DIGIT_PREFIX,,,ESG_OR_UNKNOWN,NEW,,,
14280984,COURS DU SOIRE ENIEG DU WOURI,DIGIT_PREFIX,,,ENI,PROBABLE_NO_REGION_SIGNAL,CES de WOURI-BWELE,LITTORAL,7EH1GSFD102326113
14290985,SMART COLLEGE OF TECHNOLOGY BABENGA,DIGIT_PREFIX,,,ESG_OR_UNKNOWN,NEW,,,
19531315,SACRED HEART COMPREHENSIVE COLLEGE (Fiango),DIGIT_PREFIX,,,ESG_OR_UNKNOWN,PROBABLE_NO_REGION_SIGNAL,CES de FIANGO,SUD-OUEST,6JH1GSAD100457111
19531316,SAINT PETER&#039;S COMPREHENSIVE COLLEGE,DIGIT_PREFIX,,,ESG_OR_UNKNOWN,NEW,,,
19531317,AVE MARIA COLLEGE (Bangem),DIGIT_PREFIX,,,ESG_OR_UNKNOWN,PROBABLE_NO_REGION_SIGNAL,Lyce Bilingue de BANGEM,SUD-OUEST,6EC1GSBD112054098
19531318,SAINT FRANCIS EVENING SCHOOL,DIGIT_PREFIX,,,ESG_OR_UNKNOWN,NEW,,,
19561327,Gratitude Islamic Secondary School,DIGIT_PREFIX,,,ESG_OR_UNKNOWN,NEW,,,
16370958,SAINT ANDREW&#039;S TECHNICAL COLLEGE ALAKUMA,DIGIT_PREFIX,,,ESG_OR_UNKNOWN,NEW,,,
19561326,CUIB ENTREPRENEURIAL HIGH SCHOOL BUEA,DIGIT_PREFIX,,,ESG_OR_UNKNOWN,PROBABLE_NO_REGION_SIGNAL,Lyce Bilingue de MOLYKO-BUEA,SUD-OUEST,6CC1GSBD111860071
19561328,PRESBYTERIAN COMPREHENSIVE HIGH SCHOOL (Limbe),DIGIT_PREFIX,,,ESG_OR_UNKNOWN,PROBABLE_NO_REGION_SIGNAL,Lyce de LIMBE,SUD-OUEST,6CE1GSAD111852082
11061225,FAITH COMPREHENSIVE HIGH SCHOOL,DIGIT_PREFIX,,,ESG_OR_UNKNOWN,NEW,,,
15320847,ENIEG PRIVEE BILINGUE LES DATTIERS,DIGIT_PREFIX,,,ENI,NEW,,,
15320848,ENIEG PRIVEE BILINGUE ESPERANCE,DIGIT_PREFIX,,,ENI,NEW,,,
16370960,Imperial Comprehensive College Nitop 3,DIGIT_PREFIX,,,ESG_OR_UNKNOWN,NEW,,,
16370961,SAINT PATRICK&#039;S CATHOLIC TECHNICAL AND COMPREHENSIVE COLLEGE,DIGIT_PREFIX,,,ESG_OR_UNKNOWN,NEW,,,
19561329,BUEA SCHOOL FOR THE DEAF,DIGIT_PREFIX,,,ESG_OR_UNKNOWN,PROBABLE_NO_REGION_SIGNAL,Lyce Bilingue de MOLYKO-BUEA,SUD-OUEST,6CC1GSBD111860071
16370962,"PRESBYTERIAN GIRLS SCHOOL OF SCIENCE AND TECHNOLOGY, BAFUT",DIGIT_PREFIX,,,ESG_OR_UNKNOWN,PROBABLE_NO_REGION_SIGNAL,Lyce de BAFUT,NORD-OUEST,3JC1GSAD110230098
16370963,Our Lady Queen of Peace College Akum,DIGIT_PREFIX,,,ESG_OR_UNKNOWN,PROBABLE_NO_REGION_SIGNAL,CES d'UPKWACK-AKUM,NORD-OUEST,3IE1GSAD100847111
15320849,COLLEGE PRIVE POLYVALENT LE GENIE,DIGIT_PREFIX,,,ESG_OR_UNKNOWN,PROBABLE_NO_REGION_SIGNAL,Lyce Bilingue du GENIE MILITAIRE,LITTORAL,7IH1GSBD110223107
11061248,COURS DU SOIR DESCARTES,DIGIT_PREFIX,,,ADULT_EVENING,NEW,,,
11061249,IBIHMENTS ACADEMY BILINGUAL TEACHERS TRAINING COLLEGE,DIGIT_PREFIX,,,ESG_OR_UNKNOWN,NEW,,,
16370964,GOOD SHEPHERD ACADEMY,DIGIT_PREFIX,,,ESG_OR_UNKNOWN,NEW,,,
12180507,COLLEGE BILINGUE DE LA SALLE DE BERTOUA,DIGIT_PREFIX,,,ESG_OR_UNKNOWN,PROBABLE_NO_REGION_SIGNAL,CES de BERTOUA II,EST,9IH1GSFD102370113
19531319,PREBYTERIAN COMPREHENSIVE SECONDARY SCHOOL (PCSS) FIANGO-KUMBA,DIGIT_PREFIX,,,ESG_OR_UNKNOWN,PROBABLE_NO_REGION_SIGNAL,CES de FIANGO,SUD-OUEST,6JH1GSAD100457111
10040047,Complexe scolaire bilingue Éric et Nathan,DIGIT_PREFIX,,,ESG_OR_UNKNOWN,NEW,,,
19561330,ROYAL BILINGUAL COLLEGE (Isokolo),DIGIT_PREFIX,,,ESG_OR_UNKNOWN,NEW,,,
ES23060B19,CES BILINGUE DE KPOKOLOTA-SAMBA,ALPHA_PREFIX,Est,CONFIRMED_BY_MATCH,ESG_OR_UNKNOWN,NEW,,,
19561331,OUR LADY OF LOURDES COLLEGE (Gardens Limbe),DIGIT_PREFIX,,,ESG_OR_UNKNOWN,PROBABLE_NO_REGION_SIGNAL,Lyce de LIMBE,SUD-OUEST,6CE1GSAD111852082
19561332,HOLY TRINITY HIGH SCHOOL,DIGIT_PREFIX,,,ESG_OR_UNKNOWN,NEW,,,
19561333,HOPE ACADEMY BILINGUAL HIGH SCHOOL (Bulu Buea),DIGIT_PREFIX,,,ESG_OR_UNKNOWN,PROBABLE_NO_REGION_SIGNAL,Lyce Bilingue de MOLYKO-BUEA,SUD-OUEST,6CC1GSBD111860071
16370965,EDUCARE SECONDARY AND HIGH SCJHOOL (Nkwen),DIGIT_PREFIX,,,ESG_OR_UNKNOWN,PROBABLE_NO_REGION_SIGNAL,Lyce Bilingue de BAYELLE-NKWEN,NORD-OUEST,3JJ1GSBD111020113
19561334,RISING STARS BILINGUAL HIGH SCHOOL,DIGIT_PREFIX,,,ESG_OR_UNKNOWN,NEW,,,
16370966,PERFECTION COLLEGE OF SCIENCE AND TECHNOLOGY (PECOST),DIGIT_PREFIX,,,ESG_OR_UNKNOWN,NEW,,,
19561335,KINGSTON COMPREHENSIVE SECONDARY SCHOOL (Bokwaongo Buea),DIGIT_PREFIX,,,ESG_OR_UNKNOWN,PROBABLE_NO_REGION_SIGNAL,Lyce Bilingue de MOLYKO-BUEA,SUD-OUEST,6CC1GSBD111860071
19561336,ABEKICH COMMUNITY COLLEGE,DIGIT_PREFIX,,,ESG_OR_UNKNOWN,NEW,,,
19561337,NEW WAVE BILINGUAL SECONDARY SCHOOL,DIGIT_PREFIX,,,ESG_OR_UNKNOWN,NEW,,,
19561338,GREENFIELD SECONDARY SCHOOL LIMBE,DIGIT_PREFIX,,,ESG_OR_UNKNOWN,PROBABLE_NO_REGION_SIGNAL,Lyce de LIMBE,SUD-OUEST,6CE1GSAD111852082
19561339,NEW ERA COLLEGE (Batoke),DIGIT_PREFIX,,,ESG_OR_UNKNOWN,PROBABLE_NO_REGION_SIGNAL,Lyce de BATOKE,SUD-OUEST,6CE1GSAD110041107
19561340,LITTLE ANGELS COLLEGE LIMBE,DIGIT_PREFIX,,,ESG_OR_UNKNOWN,PROBABLE_NO_REGION_SIGNAL,Lyce de LIMBE,SUD-OUEST,6CE1GSAD111852082
19561341,EKOMBE ISLAMIC TECHNICAL COLLEGE (Buea),DIGIT_PREFIX,,,ESG_OR_UNKNOWN,PROBABLE_NO_REGION_SIGNAL,Lyce Bilingue de MOLYKO-BUEA,SUD-OUEST,6CC1GSBD111860071
19561342,LEADERS INTEGRATED COLLEGE,DIGIT_PREFIX,,,ESG_OR_UNKNOWN,NEW,,,
19561343,BLESSED LAY PRIVATE TEACHERS TRAINING COLLEGE,DIGIT_PREFIX,,,ESG_OR_UNKNOWN,NEW,,,
12160480,COLLEGE CATHOLIQUE BILINGUE ABANDA ABANDA,DIGIT_PREFIX,,,ESG_OR_UNKNOWN,NEW,,,
11131237,COLLEGE BILINGUE LES SECRETS DE LA REUSSITE,DIGIT_PREFIX,,,ESG_OR_UNKNOWN,NEW,,,
ES15222A59,CES de ZOUME,ALPHA_PREFIX,Est,CONFIRMED_BY_MATCH,ESG_OR_UNKNOWN,NEW,,,
11061250,COLLEGE BILINGUE CHARLES ET THERESE MBAKOP,DIGIT_PREFIX,,,ESG_OR_UNKNOWN,PROBABLE_NO_REGION_SIGNAL,CES de MBAKOP,OUEST,4MK1GSFD100790110
19561344,MIRACLE SECONDARY SCHOOL,DIGIT_PREFIX,,,ESG_OR_UNKNOWN,NEW,,,
19561345,GENIUS PATHFINDER COLLEGE,DIGIT_PREFIX,,,ESG_OR_UNKNOWN,NEW,,,
NW09293A67,GSS BIH,ALPHA_PREFIX,Nord-Ouest,INFERRED_BY_ELIMINATION,ESG_OR_UNKNOWN,NEW,,,
17481112,COLLEGE TECHNIQUE ET PROFESSIONNEL AGRICOLE SAINTE ELISABETH DE BALEMBO,DIGIT_PREFIX,,,ESG_OR_UNKNOWN,NEW,,,
19561346,"GLOBAL CHANGE INCLUSIVE TECHNICAL COLLEGE, BOCUDA LAYOUT-BUEA",DIGIT_PREFIX,,,ESG_OR_UNKNOWN,PROBABLE_NO_REGION_SIGNAL,Lyce Bilingue de MOLYKO-BUEA,SUD-OUEST,6CC1GSBD111860071
14280986,COUR DU SOIR BILINGUAL EVINNING SCHOOL,DIGIT_PREFIX,,,ESG_OR_UNKNOWN,NEW,,,
14280985,BRAIN BUILDERS COMPREHENSIVE COLLEGE,DIGIT_PREFIX,,,ESG_OR_UNKNOWN,NEW,,,
19561347,ST PIUS X COMMERCIAL AND TECHNICAL HIGH SCHOOL (LIMBE),DIGIT_PREFIX,,,ESG_OR_UNKNOWN,PROBABLE_NO_REGION_SIGNAL,Lyce de LIMBE,SUD-OUEST,6CE1GSAD111852082
14290986,NATIONAL BILINGUAL COLLEGE BONALEA,DIGIT_PREFIX,,,ESG_OR_UNKNOWN,NEW,,,
14280987,COLLEGE BILINGUE SANTA BARBARA DOUALA,DIGIT_PREFIX,,,ESG_OR_UNKNOWN,PROBABLE_NO_REGION_SIGNAL,Lyce JOSS DE DOUALA,LITTORAL,7IC1GSFD112465054
14280988,BELMON BILINGUAL HIGH SCHOOL (BBHS),DIGIT_PREFIX,,,ESG_OR_UNKNOWN,NEW,,,
19561348,CHAMPIONS COMPREHENSIVE HIGH SCHOOL,DIGIT_PREFIX,,,ESG_OR_UNKNOWN,NEW,,,
11101248,COLLEGE POLYVALENT MARIE DE LOURDES DE MEBASSA,DIGIT_PREFIX,,,ESG_OR_UNKNOWN,NEW,,,
19561349,Brightland Christian Comprehensive College,DIGIT_PREFIX,,,ESG_OR_UNKNOWN,NEW,,,
16350977,NDOP COMPREHENSIVE HIGH SCHOOL,DIGIT_PREFIX,,,ESG_OR_UNKNOWN,PROBABLE_NO_REGION_SIGNAL,Lyce Bilingue de BAMALI-NDOP,NORD-OUEST,3LI1GSBD111432111
16370967,ASAH AND JULIA MEMORIAL SECONDARY AND HIGH SCHOOL,DIGIT_PREFIX,,,ESG_OR_UNKNOWN,NEW,,,
16370968,GOLDEN STAR HIGH SCHOOL,DIGIT_PREFIX,,,ESG_OR_UNKNOWN,NEW,,,
14580989,MAARWIN BILINGUAL COLLEGE,DIGIT_PREFIX,,,ESG_OR_UNKNOWN,NEW,,,
14260990,PISON ACADEMY OF EXCELLENCE,DIGIT_PREFIX,,,ESG_OR_UNKNOWN,NEW,,,
14290991,HOLY TRINITY COLLEGE,DIGIT_PREFIX,,,ESG_OR_UNKNOWN,NEW,,,
14280992,INSTITUT POLYVALENT PRIVE LAIC MARTIN LUTHER,DIGIT_PREFIX,,,ESG_OR_UNKNOWN,NEW,,,
19561350,PROGRESSIVE COMPREHENSIVE HIGH SCHOOL (TIKO),DIGIT_PREFIX,,,ESG_OR_UNKNOWN,PROBABLE_NO_REGION_SIGNAL,Lyce Bilingue de TIKO,SUD-OUEST,6CI1GSBD110485100
11061251,MOLAR&#039;S PRESTIGE SECONDARY SCHOOL,DIGIT_PREFIX,,,ESG_OR_UNKNOWN,NEW,,,
11061252,"SHINA BILINGUAL COLLEGE OF ARTS, SCIENCE AND TECHNOLOGY",DIGIT_PREFIX,,,ESG_OR_UNKNOWN,NEW,,,
19561351,MICHAEL WENGEM HIGHSCHOOL (MWHS),DIGIT_PREFIX,,,ESG_OR_UNKNOWN,NEW,,,
11061253,AMERICAN SCHOOL NOLBISSON,DIGIT_PREFIX,,,ESG_OR_UNKNOWN,NEW,,,
19561352,DENIS COMPREHENSIVE COLLEGE KUMBA,DIGIT_PREFIX,,,ESG_OR_UNKNOWN,PROBABLE_NO_REGION_SIGNAL,C.C.A.S. de KUMBA,SUD-OUEST,6JI1GSAD111818082
11061254,AMIKING SUCCESS EVENING SCHOOL,DIGIT_PREFIX,,,ESG_OR_UNKNOWN,NEW,,,
11061255,COURS DU SOIR LA SECONDE CHANCE,DIGIT_PREFIX,,,ADULT_EVENING,NEW,,,
11061228,COURS DU SOIR LA SECONDE CHANCE,DIGIT_PREFIX,,,ADULT_EVENING,NEW,,,
14280993,COURS DU SOIR INSTITUT DES TECHNIQUES ÉCONOMIQUES ET SOCIALES,DIGIT_PREFIX,,,ADULT_EVENING,NEW,,,
11121256,COLLEGE DE L&#039;AVENIR,DIGIT_PREFIX,,,ESG_OR_UNKNOWN,NEW,,,
11061942,COMPLEXE SCOLAIRE WINNERS,DIGIT_PREFIX,,,ESG_OR_UNKNOWN,NEW,,,
14280995,COURS DU SOIR POLYVALENT ET MODERNE VOICI,DIGIT_PREFIX,,,ADULT_EVENING,PROBABLE_NO_REGION_SIGNAL,Lyce Classique et Moderne de BAFIA,CENTRE,5HC1GSFD112342106
OU50169H101,LYCEE BILINGUE SULTAN ROI NJOYA,ALPHA_PREFIX,Ouest,CONFIRMED_BY_MATCH,ESG_OR_UNKNOWN,PROBABLE,Lyce Bilingue SULTAN IBRAHIM NJOYA,OUEST,4ME1GSBD112138097
16370969,ST. PATRICK CATHOLIC COLLEGE NJINTEH-BAFUT,DIGIT_PREFIX,,,ESG_OR_UNKNOWN,PROBABLE_NO_REGION_SIGNAL,Lyce de BAFUT,NORD-OUEST,3JC1GSAD110230098
11061257,Collège A&B LEMAH,DIGIT_PREFIX,,,ESG_OR_UNKNOWN,NEW,,,
18491159,COLLEGE SCIENTIFIQUE SAINT JEAN,DIGIT_PREFIX,,,ESG_OR_UNKNOWN,PROBABLE_NO_REGION_SIGNAL,Lyce Scientifique de BERTOUA,EST,9IH1GSFD012203104
11061236,Formundam Awambe Anglo Saxon Standard TECHNICAL and Commercial College (FAASTACC),DIGIT_PREFIX,,,ESG_OR_UNKNOWN,NEW,,,
11061258,COLLEGE PROTESTANT JOHNSON,DIGIT_PREFIX,,,ESG_OR_UNKNOWN,NEW,,,
11061259,BASA ACADEMIC COMPLEX,DIGIT_PREFIX,,,ESG_OR_UNKNOWN,NEW,,,
11061260,NEW VISION BILINGUAL HIGHT SCHOOL,DIGIT_PREFIX,,,ESG_OR_UNKNOWN,NEW,,,
11081261,DIVINE FAVOUR BILINGUAL COMPLEX,DIGIT_PREFIX,,,ESG_OR_UNKNOWN,NEW,,,
11081262,COLLEGE BILINGUE TCHAMABE,DIGIT_PREFIX,,,ESG_OR_UNKNOWN,NEW,,,
11140105,COMPLEXE SCOLAIRE EFEDI,DIGIT_PREFIX,,,ESG_OR_UNKNOWN,NEW,,,
11061261,American Bilingual Secondary School,DIGIT_PREFIX,,,ESG_OR_UNKNOWN,NEW,,,
14260996,INSTITUT DE FORMATION EN ENTREPRENARIAT RURAL( IFER) DE DIZANGUÉ,DIGIT_PREFIX,,,ESG_OR_UNKNOWN,PROBABLE_NO_REGION_SIGNAL,Lyce Bilingue de DIZANGUE,LITTORAL,7HE1GSBD110648112
11061263,FIRM FOUNDATION ANOINTED ACADEMY,DIGIT_PREFIX,,,ESG_OR_UNKNOWN,NEW,,,
11081264,BRIGHT FUTURE INSTITUTE OF LEARNING,DIGIT_PREFIX,,,ESG_OR_UNKNOWN,NEW,,,
19561353,"VICTORY ACADEMY Of ARTS, SCIENCE AND TECHNOLOGY",DIGIT_PREFIX,,,ESG_OR_UNKNOWN,NEW,,,
11131265,COLLEGE BILINGUE LA VIERGE IMMACULEE,DIGIT_PREFIX,,,ESG_OR_UNKNOWN,NEW,,,
19541173,SHALOM ACADEMIC COMPLEX,DIGIT_PREFIX,,,ESG_OR_UNKNOWN,NEW,,,
15330850,COLLÈGE PRIVÉ POLYVALENT MAIDEL DE TOUBORO,DIGIT_PREFIX,,,ESG_OR_UNKNOWN,PROBABLE_NO_REGION_SIGNAL,Lyce Bilingue de TOUBORO,NORD,1II1GSBD102337113
19531320,HANS PENDE (H.P.) SONE SECONDARY SCHOOL,DIGIT_PREFIX,,,ESG_OR_UNKNOWN,NEW,,,
11131266,COLLEGE BILINGUE CLARITAS,DIGIT_PREFIX,,,ESG_OR_UNKNOWN,NEW,,,
11081267,INILIVA LEADERSHIP BILINGUAL COLLEGE,DIGIT_PREFIX,,,ESG_OR_UNKNOWN,NEW,,,
11061268,MAURICO BILINGUAL SECONDARY AND HIGH SCHOOL,DIGIT_PREFIX,,,ESG_OR_UNKNOWN,NEW,,,
LT237,TEST JOELLE TECHNIQUE,ALPHA_PREFIX,Littoral,CONFIRMED_BY_MATCH,ESG_OR_UNKNOWN,NEW,,,
11061269,COLLEGE CATHOLIQUE BILINGUE MONSEIGNEUR JEAN BAPTISTE AMIÉ,DIGIT_PREFIX,,,ESG_OR_UNKNOWN,NEW,,,
14280996,COLLEGE BILINGUE LES FUTES,DIGIT_PREFIX,,,ESG_OR_UNKNOWN,NEW,,,
11061271,BRIGHT MORNING STAR HIGH SCHOOL,DIGIT_PREFIX,,,ESG_OR_UNKNOWN,NEW,,,
CE33307B47,CES BILINGUE DE SALAKOUNOU,ALPHA_PREFIX,Centre,CONFIRMED_BY_MATCH,ESG_OR_UNKNOWN,NEW,,,
11131271,COLLEGE PRIVE LAÏC BILINGUE NANCY ET FRERES,DIGIT_PREFIX,,,ESG_OR_UNKNOWN,NEW,,,
13230509,BAYO BILINGUAL COMPLEX,DIGIT_PREFIX,,,ESG_OR_UNKNOWN,NEW,,,
16370970,PRUDENCE SECONDARY HIGH SCHOOL,DIGIT_PREFIX,,,ESG_OR_UNKNOWN,NEW,,,
11061272,GRATITUDE BILINGUAL HIGH SCHOOL COMPLEX,DIGIT_PREFIX,,,ESG_OR_UNKNOWN,NEW,,,
CE41360K52,LYCEE TECHNIQUE ET PROFESSIONNEL DE GENIE-CIVIL D’EKOUNOU,ALPHA_PREFIX,Centre,CONFIRMED_BY_MATCH,ESTP,PROBABLE,Lyce Bilingue d'EKOUNOU,CENTRE,5LI1GSBD110009112
14280936,COLLEGE DU LEVANT DE NGODI BAKОКО,DIGIT_PREFIX,,,ESG_OR_UNKNOWN,PROBABLE_NO_REGION_SIGNAL,Lyce Bilingue de NGODI-BAKOKO,LITTORAL,7IH1GSBD110294112
10030004,COLLEGE BILINGUE CHEICK MOHAMMED ALI DEWA,DIGIT_PREFIX,,,ESG_OR_UNKNOWN,NEW,,,
17411025,Collège Islamique Polyvalent Bilingue Ahl-Ul-Bayt,DIGIT_PREFIX,,,ESG_OR_UNKNOWN,NEW,,,
14280937,PAPYRUS BILINGUAL HIGH SCHOO,DIGIT_PREFIX,,,ESG_OR_UNKNOWN,NEW,,,
NO02045A93,CES DE NARO,ALPHA_PREFIX,Nord,CONFIRMED_BY_MATCH,ESG_OR_UNKNOWN,NEW,,,
NO02082A92,CES DE SEBORE,ALPHA_PREFIX,Nord,CONFIRMED_BY_MATCH,ESG_OR_UNKNOWN,NEW,,,
NO02210A91,CES DE GUIBDJOL,ALPHA_PREFIX,Nord,CONFIRMED_BY_MATCH,ESG_OR_UNKNOWN,NEW,,,
NO02210A90,CES DE NDAOU,ALPHA_PREFIX,Nord,CONFIRMED_BY_MATCH,ESG_OR_UNKNOWN,NEW,,,
NO28147B59,CES BILINGUE DE DJABI-GOLOMBE,ALPHA_PREFIX,Nord,CONFIRMED_BY_MATCH,ESG_OR_UNKNOWN,PROBABLE,Lyce de TCHONTCHI-GOLOMBE,NORD,1HE1GSFD110751108
NO29191A53,CES DE GAMBOU,ALPHA_PREFIX,Nord,CONFIRMED_BY_MATCH,ESG_OR_UNKNOWN,NEW,,,
NO29324A52,CES DE MAYO-WONDE,ALPHA_PREFIX,Nord,CONFIRMED_BY_MATCH,ESG_OR_UNKNOWN,PROBABLE,Lyce de MAYO-LOPE,NORD,1CE1GSFD110581113
NO29324A51,CES DJAMARE,ALPHA_PREFIX,Nord,CONFIRMED_BY_MATCH,ESG_OR_UNKNOWN,NEW,,,
NO29343B50,CES BILINGUE DE PHACOCHERE,ALPHA_PREFIX,Nord,CONFIRMED_BY_MATCH,ESG_OR_UNKNOWN,NEW,,,
15320851,COLLEGE SAINTE MONIQUE DE TOUROUA,DIGIT_PREFIX,,,ESG_OR_UNKNOWN,PROBABLE_NO_REGION_SIGNAL,Lyce de TOUROUA,NORD,1CT1GSFD111213107
14290942,KENDRA BILINGUAL HIGH SCHOOL BAKOKO,DIGIT_PREFIX,,,ESG_OR_UNKNOWN,PROBABLE_NO_REGION_SIGNAL,Lyce Bilingue de NGODI-BAKOKO,LITTORAL,7IH1GSBD110294112
NO28124C60,CETIC DE KERING FIGUIL,ALPHA_PREFIX,Nord,CONFIRMED_BY_MATCH,ESTP,PROBABLE,Lyce Bilingue de FIGUIL,NORD,1HC1GSBD111071115
15320852,COLLEGE BILINGUE BAPTISTE NAZARETH DE GOUNA,DIGIT_PREFIX,,,ESG_OR_UNKNOWN,PROBABLE_NO_REGION_SIGNAL,CES de MAYO-BOCKI-GOUNA,NORD,1CM1GSFD101885112
14280997,COLLEGE D’ENSEIGNEMENT SECONDAIRE GENERAL ET TECHNIQUE INDUSTRIEL FOUNDATION MEZEUGANG,DIGIT_PREFIX,,,ESG_OR_UNKNOWN,PROBABLE_NO_REGION_SIGNAL,Lyce GENERAL LECLERC,CENTRE,5LH1GSFD111715052
19561354,FULL GOSPEL SECONDARY SCHOOL Molyko Buea,DIGIT_PREFIX,,,ESG_OR_UNKNOWN,PROBABLE_NO_REGION_SIGNAL,Lyce Bilingue de MOLYKO-BUEA,SUD-OUEST,6CC1GSBD111860071
17471100,GREENLIGHT EDUCATIONAL COMPLEX,DIGIT_PREFIX,,,ESG_OR_UNKNOWN,NEW,,,
14280998,MAFIN&#039;S ANGLO-SAXON SCHOOL OF EXCELLENCE,DIGIT_PREFIX,,,ESG_OR_UNKNOWN,NEW,,,
15320853,COLLEGE GIACOMO LUNARDI DE DJAMBOUTOU,DIGIT_PREFIX,,,ESG_OR_UNKNOWN,PROBABLE_NO_REGION_SIGNAL,Lyce de DJAMBOUTOU-GUIDER,NORD,1HE1GSFD110862115
19561355,ST RITA OF CASCIA COMPREHENSIVE COLLEGE,DIGIT_PREFIX,,,ESG_OR_UNKNOWN,NEW,,,
17451125,SUCCES BILINGUAL COMREHENSIVE COLLEGE,DIGIT_PREFIX,,,ESG_OR_UNKNOWN,NEW,,,
14280999,COMPLEXE SCOLAIRE BILINGUE NAL GROUPE 2,DIGIT_PREFIX,,,ESG_OR_UNKNOWN,NEW,,,
11151273,COLLEGE POLYVALENT BILINGUE LES CHAMPIONS,DIGIT_PREFIX,,,ESG_OR_UNKNOWN,NEW,,,
CE52007C44,CETIC BITSOK-MELAN,ALPHA_PREFIX,Centre,CONFIRMED_BY_MATCH,ESTP,NEW,,,
AD57272B55,CES BILINGUE DE REMYANGA,ALPHA_PREFIX,Adamaoua,CONFIRMED_BY_MATCH,ESG_OR_UNKNOWN,NEW,,,
AD57056B54,CES BILINGUE DE BAYARA,ALPHA_PREFIX,Adamaoua,CONFIRMED_BY_MATCH,ESG_OR_UNKNOWN,NEW,,,
AD12337B16,CES BILINGUE DE MAYO-DJARANDI,ALPHA_PREFIX,Adamaoua,CONFIRMED_BY_MATCH,ESG_OR_UNKNOWN,PROBABLE,Lyce Bilingue de MAYO-BALEO,ADAMAOUA,2EI1GSFD110323106
NW43352A59,CES DE DINKU,ALPHA_PREFIX,Nord-Ouest,INFERRED_BY_ELIMINATION,ESG_OR_UNKNOWN,NEW,,,
NW38228A37,CES DE BENABE,ALPHA_PREFIX,Nord-Ouest,INFERRED_BY_ELIMINATION,ESG_OR_UNKNOWN,NEW,,,
NW38134A36,CES BADJI,ALPHA_PREFIX,Nord-Ouest,INFERRED_BY_ELIMINATION,ESG_OR_UNKNOWN,NEW,,,
NW09293A68,CES DE MAYO BINKA,ALPHA_PREFIX,Nord-Ouest,INFERRED_BY_ELIMINATION,ESG_OR_UNKNOWN,PROBABLE,Lyce de BINKA,NORD-OUEST,3HI1GSAD110936112
AD57309A53,CES GALDI,ALPHA_PREFIX,Adamaoua,CONFIRMED_BY_MATCH,ESG_OR_UNKNOWN,NEW,,,
AD34226A28,CES DE MBOULA,ALPHA_PREFIX,Adamaoua,CONFIRMED_BY_MATCH,ESG_OR_UNKNOWN,NEW,,,
14281000,COLLÈGE BILINGUE EXCELLENCE FOEM,DIGIT_PREFIX,,,ESG_OR_UNKNOWN,NEW,,,
14291001,COMPLEXE SCOLAIRE BILINGUE LES PROTOTYPES DE PENJA,DIGIT_PREFIX,,,ESG_OR_UNKNOWN,PROBABLE_NO_REGION_SIGNAL,Lyce Bilingue de PENJA,LITTORAL,7CQ1GSBD111831105
16370959,SAINT CLARET RELIEF ACADEMY,DIGIT_PREFIX,,,ESG_OR_UNKNOWN,NEW,,,
11121274,COLLEGE SAINT FRANCOIS D&#039;ASSISE(NTUI),DIGIT_PREFIX,,,ESG_OR_UNKNOWN,PROBABLE_NO_REGION_SIGNAL,Lyce Bilingue de NTUI,CENTRE,5II1GSBD110413111
14291002,KEMUEL AND KENDRA BILINGUAL HIGH SCHOOL,DIGIT_PREFIX,,,ESG_OR_UNKNOWN,NEW,,,
14281003,COLLEGE BILINGUE LOG MBEI,DIGIT_PREFIX,,,ESG_OR_UNKNOWN,NEW,,,
11061273,VISION COLLEGE OF EXCELLENCE,DIGIT_PREFIX,,,ESG_OR_UNKNOWN,NEW,,,
14281004,VICTORY BILINGUAL HIGH SCHOOL,DIGIT_PREFIX,,,ESG_OR_UNKNOWN,NEW,,,
11081275,COMPLEXE SCOLAIRE BILINGUE GEORGES I,DIGIT_PREFIX,,,ESG_OR_UNKNOWN,NEW,,,
14281005,THE WINNERS LAY BILINGUAL COLLEGE,DIGIT_PREFIX,,,ESG_OR_UNKNOWN,NEW,,,
19531321,TENDOH BILINGUAL HIGH SCHOOL,DIGIT_PREFIX,,,ESG_OR_UNKNOWN,NEW,,,
11061276,COMPLEXE SCOLAIRE POLYVALENT BILINGUE LE DON DE L&#039;AMITIE,DIGIT_PREFIX,,,ESG_OR_UNKNOWN,NEW,,,
11061277,COMPLEXE SCOLAIRE BILINGUE DAUDET ET VIRGINIE,DIGIT_PREFIX,,,ESG_OR_UNKNOWN,NEW,,,
14281006,INSTITUT POLYVALENT BILINGUE LES PETITS SAGES,DIGIT_PREFIX,,,ESG_OR_UNKNOWN,NEW,,,
17451126,RAINBOW INTEGRAL COLLEGE DSCHANG,DIGIT_PREFIX,,,ESG_OR_UNKNOWN,PROBABLE_NO_REGION_SIGNAL,Lyce Bilingue de DSCHANG,OUEST,4JC1GSBD111904103
14280729,INSTITUTION MODERNE POLYVALENTE,DIGIT_PREFIX,,,ESG_OR_UNKNOWN,PROBABLE_NO_REGION_SIGNAL,Lyce Classique et Moderne de BAFIA,CENTRE,5HC1GSFD112342106
18501175,BRIGHT DAWN BILINGUAL SCHOOL COMPLEX,DIGIT_PREFIX,,,ESG_OR_UNKNOWN,NEW,,,
13250516,COMPLEXE ISLAMIQUE DE LA REFORME DE KOUSSERI,DIGIT_PREFIX,,,ESG_OR_UNKNOWN,PROBABLE_NO_REGION_SIGNAL,Lyce Bilingue de KOUSSERI,EXTREME-NORD,0EK1GSBD112144104
11121278,NEW VISION BILINGUAL COLLEGE,DIGIT_PREFIX,,,ESG_OR_UNKNOWN,NEW,,,
14281007,COLLEGE BILINGUE SI-TAGNI,DIGIT_PREFIX,,,ESG_OR_UNKNOWN,NEW,,,
NW09293C66,GTC BINKA,ALPHA_PREFIX,Nord-Ouest,INFERRED_BY_ELIMINATION,ESG_OR_UNKNOWN,PROBABLE,Lyce de BINKA,NORD-OUEST,3HI1GSAD110936112
11141279,COLLEGE BILINGUE CATHOLIQUE SAINT MARTIN DE PORES,DIGIT_PREFIX,,,ESG_OR_UNKNOWN,NEW,,,
11060305,COLLEGE NFANDJA II,DIGIT_PREFIX,,,ESG_OR_UNKNOWN,NEW,,,
11121280,COLLEGE BILINGUE CAROLE PIERRE,DIGIT_PREFIX,,,ESG_OR_UNKNOWN,NEW,,,
14261008,COLLEGE BILINGUE INDUSTRIEL COMMERCIAL,DIGIT_PREFIX,,,ESG_OR_UNKNOWN,NEW,,,
AD12041B17,CES BILINGUE DE NDOUMDJOUM,ALPHA_PREFIX,Adamaoua,CONFIRMED_BY_MATCH,ESG_OR_UNKNOWN,NEW,,,
14281009,COLLEGE BILINGUE ISLAMIQUE FATIME,DIGIT_PREFIX,,,ESG_OR_UNKNOWN,NEW,,,
19561356,BRILLANT COLLEGE OF ARTS AND SCIENCE,DIGIT_PREFIX,,,ESG_OR_UNKNOWN,NEW,,,
14281010,TRINITY COMPREHENSIVE BILINGUAL HIGH SCHOOL,DIGIT_PREFIX,,,ESG_OR_UNKNOWN,NEW,,,
11121281,COLLEGE MERE EUGENIE PIERRE,DIGIT_PREFIX,,,ESG_OR_UNKNOWN,NEW,,,
18491160,COLLEGE PRIVE BILINGUE MONIQUE ET DANIEL,DIGIT_PREFIX,,,ESG_OR_UNKNOWN,NEW,,,
18511147,COLLEGE BILINGUE LES COMPETENTS,DIGIT_PREFIX,,,ESG_OR_UNKNOWN,NEW,,,
11151274,GUIGOLO AND TATAW HIGH SCHOOL,DIGIT_PREFIX,,,ESG_OR_UNKNOWN,NEW,,,
12190005,COLLEGE BILINGUE POLYVALENT FRANCOIS DE LA PLACE,DIGIT_PREFIX,,,ESG_OR_UNKNOWN,PROBABLE_NO_REGION_SIGNAL,CES de KING-PLACE-BATCHAM,OUEST,4CE1GSFD101616111
14291010,ROHI BILINGUAL COMPREHENSIVE HIGH SCHOOL LOUM,DIGIT_PREFIX,,,ESG_OR_UNKNOWN,PROBABLE_NO_REGION_SIGNAL,Lyce Bilingue de LOUM-CHANTIER-GARE,LITTORAL,7CJ1GSBD110005110
19561357,FRANKVIC HIGH SCHOOL,DIGIT_PREFIX,,,ESG_OR_UNKNOWN,NEW,,,
14281011,HIGH TECH BILINGUAL COLLEGE,DIGIT_PREFIX,,,ESG_OR_UNKNOWN,NEW,,,
14281012,INSTITUT POLYVALENT BILINGUE VOX-DEÏ,DIGIT_PREFIX,,,ESG_OR_UNKNOWN,NEW,,,
1325017,EXCELLENT BILINGUAL VICTORY&#039;S COLLEGE,DIGIT_PREFIX,,,ESG_OR_UNKNOWN,NEW,,,
14290569,COLLEGE APOSTOLIQUE BILINGUE,DIGIT_PREFIX,,,ESG_OR_UNKNOWN,NEW,,,
14281013,COLLEGE BILINGUE DES PROFESSEURS (CP PRO),DIGIT_PREFIX,,,ESG_OR_UNKNOWN,NEW,,,
13250517,COLLEGE LAIC LA REFERENCE DE KOUSSERIE,DIGIT_PREFIX,,,ESG_OR_UNKNOWN,NEW,,,
11060442,COLLEGE CATHOLIQUE BILINGUE SAINT ESPRIT ABOBO,DIGIT_PREFIX,,,ESG_OR_UNKNOWN,NEW,,,
14281014,FULLNESS BILINGUAL HIGH SCHOOL,DIGIT_PREFIX,,,ESG_OR_UNKNOWN,NEW,,,
14281015,COLLEGE BILINGUE JOSIAS ET CHEKINA,DIGIT_PREFIX,,,ESG_OR_UNKNOWN,NEW,,,
11061282,HUMANITY ACADEMIC COMPLEX,DIGIT_PREFIX,,,ESG_OR_UNKNOWN,NEW,,,
11061283,COMPLEXE SCOLAIRE LA VISION (MENDONG),DIGIT_PREFIX,,,ESG_OR_UNKNOWN,PROBABLE_NO_REGION_SIGNAL,Lyce Bilingue de MENDONG,CENTRE,5LK1GSBD111628110
14281016,COLLEGE PRIVE LAI BILINGUE NGNOBIA,DIGIT_PREFIX,,,ESG_OR_UNKNOWN,NEW,,,
10040048,AHMADOU MODIBO ISLAMIC COMPLEX BILINGUAL SECONDARY SCHOOL,DIGIT_PREFIX,,,ESG_OR_UNKNOWN,PROBABLE_NO_REGION_SIGNAL,Lyce de BEKA-MODIBO,ADAMAOUA,2JC1GSFD110318109
11140110,HILLSIDE HIGH SCHOOL,DIGIT_PREFIX,,,ESG_OR_UNKNOWN,NEW,,,
11061284,FLOURISHING BILINGUAL SECONDARY SCHOOL NKOLBISSON,DIGIT_PREFIX,,,ESG_OR_UNKNOWN,PROBABLE_NO_REGION_SIGNAL,Lyce Classique de NKOLBISSON,CENTRE,5LL1GSFD112162098
11061285,HUMANITY ACADEMIC COMPLEX,DIGIT_PREFIX,,,ESG_OR_UNKNOWN,NEW,,,
11121286,JOHNSON BILINGUAL COLLEGE,DIGIT_PREFIX,,,ESG_OR_UNKNOWN,NEW,,,
14291016,COLLEGE BILINGUE NATIONAL,DIGIT_PREFIX,,,ESG_OR_UNKNOWN,NEW,,,
11081276,COLLEGE LA SAPIENCE,DIGIT_PREFIX,,,ESG_OR_UNKNOWN,NEW,,,
11081287,COLLEGE BILINGUE CATHOLIQUE SAINTE FAMILLE,DIGIT_PREFIX,,,ESG_OR_UNKNOWN,NEW,,,
11061298,COLLEGE CATHOLIQUE BILINGUE SAINT RAPHAEL MESSAMENDONGO,DIGIT_PREFIX,,,ESG_OR_UNKNOWN,NEW,,,
11061288,COLLEGE CATHOLIQUE BILINGUE JEAN BAPTISTE DE NKOL-KOUMOU,DIGIT_PREFIX,,,ESG_OR_UNKNOWN,PROBABLE_NO_REGION_SIGNAL,CES de NKOL-NLONG I,CENTRE,5KC1GSFD100304109
14281017,INSTITUT BILINGUE ESTHER ET MARIE,DIGIT_PREFIX,,,ESG_OR_UNKNOWN,NEW,,,
16360871,SUCCES COLLEGE MBOCKEVU OKU,DIGIT_PREFIX,,,ESG_OR_UNKNOWN,NEW,,,
11061286,COMPLEXE SCOLAIRE BILINGUE ADVENTISTE DE YAOUNDÉ,DIGIT_PREFIX,,,ESG_OR_UNKNOWN,PROBABLE_NO_REGION_SIGNAL,Lyce Bilingue de YAOUNDE,CENTRE,5LJ1GSBD110162077
14281018,COURS DU SOIR COLLEGE SAINT MICHEL,DIGIT_PREFIX,,,ADULT_EVENING,PROBABLE_NO_REGION_SIGNAL,Lyce Bilingue de PENKA-MICHEL,OUEST,4JJ1GSBD111187109
11061290,COLLEGE PRIVE CATHOLIQUE BILINGUE CHRIST ROI,DIGIT_PREFIX,,,ESG_OR_UNKNOWN,NEW,,,
11061291,GLOBAL IMPACT HIGH SCHOOL,DIGIT_PREFIX,,,ESG_OR_UNKNOWN,NEW,,,
17431016,CHAMPIONS BILINGUAL COMPREHENSIVE HIGH SCHOOL Tonga,DIGIT_PREFIX,,,ESG_OR_UNKNOWN,PROBABLE_NO_REGION_SIGNAL,CES Bilingue de TONGA-RURAL,OUEST,4LI1GSBD102694114
11131292,COLLEGE PRIVE LAÏC SAPIENCIA,DIGIT_PREFIX,,,ESG_OR_UNKNOWN,NEW,,,
11081293,SANAAM BILINGUAL GREAT SCHOOL,DIGIT_PREFIX,,,ESG_OR_UNKNOWN,PROBABLE_NO_REGION_SIGNAL,Lyce de GREAT-SOPPO-BUEA,SUD-OUEST,6CC1GSAD110858118
11061287,BLESSED ANGLO-SAXON HIGH SCHOOL SIMBOCK,DIGIT_PREFIX,,,ESG_OR_UNKNOWN,NEW,,,
11081294,COLLEGE BILINGUE PRIVE LAÏC NEW SYSTEM,DIGIT_PREFIX,,,ESG_OR_UNKNOWN,NEW,,,
15320854,COLLÈGE BILINGUE DE L&#039;EXCELLENCE,DIGIT_PREFIX,,,ESG_OR_UNKNOWN,NEW,,,
11061294,FAITH ANGLO-SAXON ACADEMIC COMPLEX,DIGIT_PREFIX,,,ESG_OR_UNKNOWN,NEW,,,
11061295,COLLEGE PRIVE LAIC BILINGUE FOUO-LEPIE,DIGIT_PREFIX,,,ESG_OR_UNKNOWN,NEW,,,
17451127,COLLEGE POLYVALENT BILINGUE PAUL BOUQUE DE SANTCHOU,DIGIT_PREFIX,,,ESG_OR_UNKNOWN,PROBABLE_NO_REGION_SIGNAL,Lyce de SANGUERE PAUL,NORD,1CL1GSFD111465106
14281019,SAINT CLARET BILINGUAL ACADEMIC,DIGIT_PREFIX,,,ESG_OR_UNKNOWN,NEW,,,
11061289,MARS HILL COLLEGE,DIGIT_PREFIX,,,ESG_OR_UNKNOWN,NEW,,,
11141296,COLLEGE BILINGUE PRIVE LAIC LA PROVIDENCE,DIGIT_PREFIX,,,ESG_OR_UNKNOWN,NEW,,,
17471101,ATLANTIC COMPLEX HIGH SCHOOL (MBOUDA),DIGIT_PREFIX,,,ESG_OR_UNKNOWN,PROBABLE_NO_REGION_SIGNAL,Lyce Bilingue de MBOUDA,OUEST,4CI1GSBD112030097
16360872,AVE MARIA HIGH SCHOOL,DIGIT_PREFIX,,,ESG_OR_UNKNOWN,NEW,,,
14281020,CANADIAN BILINGUAL COLLEGE,DIGIT_PREFIX,,,ESG_OR_UNKNOWN,NEW,,,
14281021,CITY BILINGUAL COLLEGE OF EXCELLENCE,DIGIT_PREFIX,,,ESG_OR_UNKNOWN,NEW,,,
11061297,COLLEGE BILINGUE EL SHAMMAH,DIGIT_PREFIX,,,ESG_OR_UNKNOWN,NEW,,,
11061296,COLLEGE PRIVE CATHOLIQUE BILINGUE SAINTE FAMILLE,DIGIT_PREFIX,,,ESG_OR_UNKNOWN,NEW,,,
11061299,GUARDIAN ANGELS BILINGUAL SECONDARY SCHOOL,DIGIT_PREFIX,,,ESG_OR_UNKNOWN,NEW,,,
19561358,VICTORIA BILINGUAL HIGH SCHOOL LIMBE,DIGIT_PREFIX,,,ESG_OR_UNKNOWN,PROBABLE_NO_REGION_SIGNAL,Lyce de LIMBE,SUD-OUEST,6CE1GSAD111852082
11091298,BLESSED BILINGUAL EVENING SCHOOL,DIGIT_PREFIX,,,ESG_OR_UNKNOWN,NEW,,,
11061300,BLESSED BILINGUAL HIGH SCHOOL,DIGIT_PREFIX,,,ESG_OR_UNKNOWN,NEW,,,
16370971,"STAR BILINGUAL TEATCHER TRAINING COLLEGE, BAMENDA (SBTTC)",DIGIT_PREFIX,,,ESG_OR_UNKNOWN,PROBABLE_NO_REGION_SIGNAL,Lyce Bilingue de BAMENDA,NORD-OUEST,3JI1GSBD112079095
11131301,COLLEGE BILINGUE WIDNAIE ET STELLA,DIGIT_PREFIX,,,ESG_OR_UNKNOWN,NEW,,,
16370972,AWA-VERDZEKOV BILINGUAL TEACHER TRAINING COLLEGE MANKON,DIGIT_PREFIX,,,ESG_OR_UNKNOWN,PROBABLE_NO_REGION_SIGNAL,Lyce Bilingue de MANKON,NORD-OUEST,3JI1GSBD112041110
17411026,ISLAMIC SECONDARY SCHOOL,DIGIT_PREFIX,,,ESG_OR_UNKNOWN,NEW,,,
17431017,COLLEGE PRIVE LAIC BILINGUE D&#039;ENSEIGNEMENT GENERAL ET TECHNIQUE NIAT,DIGIT_PREFIX,,,ESG_OR_UNKNOWN,PROBABLE_NO_REGION_SIGNAL,Lyce GENERAL LECLERC,CENTRE,5LH1GSFD111715052
14291022,BRIGHT BILINGUAL COLLEGE,DIGIT_PREFIX,,,ESG_OR_UNKNOWN,NEW,,,
13220530,COLLEGE PRIVE LAIC D&#039;ENSEIGNEMENT TECHNIQUE ET INDUSTRIEL DE GAMBOURA,DIGIT_PREFIX,,,ESG_OR_UNKNOWN,PROBABLE_NO_REGION_SIGNAL,Lyce de GAMBOURA,EXTREME-NORD,0KC1GSFD111207113
11141297,HAPPI ELITE ENGLISH TECHNICAL HIGH SCHOOL,DIGIT_PREFIX,,,ESG_OR_UNKNOWN,NEW,,,
11061302,COMPLEXE SCOLAIRE BILINGUE SAINT FRANCIS,DIGIT_PREFIX,,,ESG_OR_UNKNOWN,NEW,,,
NW40023C53,GTHS MBAKONG,ALPHA_PREFIX,Nord-Ouest,INFERRED_BY_ELIMINATION,ESG_OR_UNKNOWN,NEW,,,
11060956,COURS DUSOIR INSTITUT STELLA,DIGIT_PREFIX,,,ESG_OR_UNKNOWN,NEW,,,
16350978,ST PETER AND PAUL TECHNICAL COLLEGE BAMUNKA-NDOP,DIGIT_PREFIX,,,ESG_OR_UNKNOWN,PROBABLE_NO_REGION_SIGNAL,CES de NTENKON-BAMUNKA,NORD-OUEST,3LI1GSAD102324113
16370973,COMMUNITY LAY PRIVATE TECHNICAL AND VOCATIONAL COLLEGE (SANTA),DIGIT_PREFIX,,,ESG_OR_UNKNOWN,PROBABLE_NO_REGION_SIGNAL,Lyce Bilingue de SANTA,NORD-OUEST,3JK1GSBD110215102
16370974,MBANGOM ACADEMIC COMPLEX,DIGIT_PREFIX,,,ESG_OR_UNKNOWN,NEW,,,
14291023,DAWN ENGLISH SECONDARY HIGH SCHOOL,DIGIT_PREFIX,,,ESG_OR_UNKNOWN,NEW,,,
16370975,COVENANT HIGH SCHOOL NKWEN (CHS),DIGIT_PREFIX,,,ESG_OR_UNKNOWN,PROBABLE_NO_REGION_SIGNAL,Lyce Bilingue de BAYELLE-NKWEN,NORD-OUEST,3JJ1GSBD111020113
10040049,MINHAJOUL-MOUSLIM,DIGIT_PREFIX,,,ESG_OR_UNKNOWN,NEW,,,
110612100,COURS DU SOIR LA RIGUEUR,DIGIT_PREFIX,,,ADULT_EVENING,NEW,,,
14281022,VICTORY BILINGUAL COLLEGE BONABERI,DIGIT_PREFIX,,,ESG_OR_UNKNOWN,PROBABLE_NO_REGION_SIGNAL,Lyce Bilingue de BONABERI,LITTORAL,7II1GSBD110308090
14291024,INTEGRITY BILINGUAL HIGH SCHOOL,DIGIT_PREFIX,,,ESG_OR_UNKNOWN,NEW,,,
11141303,FONDATION BILINGUE TOKO,DIGIT_PREFIX,,,ESG_OR_UNKNOWN,PROBABLE_NO_REGION_SIGNAL,CES de TOKO,SUD-OUEST,6KM1GSAD100934098
10040050,COLLEGE BILINGUE ISLAMIQUE DJABAL ANNOUR,DIGIT_PREFIX,,,ESG_OR_UNKNOWN,NEW,,,
14281025,Collège d&#039;étude Mixte d&#039;application (CEMAPI),DIGIT_PREFIX,,,ESG_OR_UNKNOWN,PROBABLE_NO_REGION_SIGNAL,Lyce Bilingue d'APPLICATION,CENTRE,5LH1GSBD112399092
11081305,COLLEGE CATHOLIQUE BILINGUE DE L’ENSEIGNEMENT GENERAL SAINT CŒUR DE MARIE D’OMVAN,DIGIT_PREFIX,,,ESG_OR_UNKNOWN,PROBABLE_NO_REGION_SIGNAL,Lyce GENERAL LECLERC,CENTRE,5LH1GSFD111715052
11141306,COLLEGE BILINGUE CATHOLIQUE SAINT ESPRIT (Mbankomo),DIGIT_PREFIX,,,ESG_OR_UNKNOWN,PROBABLE_NO_REGION_SIGNAL,Lyce d'OVENG-MBANKOMO,CENTRE,5KH1GSFD111947107
11061307,COMPLEXE SCOLAIRE GERMINAL,DIGIT_PREFIX,,,ESG_OR_UNKNOWN,NEW,,,
17411027,GEORGIAN CITY ACADEMY,DIGIT_PREFIX,,,ESG_OR_UNKNOWN,NEW,,,
14281026,JK BAMA BILINGUAL COMPREHENSIVE COLLEGE,DIGIT_PREFIX,,,ESG_OR_UNKNOWN,NEW,,,
19531322,FAITH MINISTRIES BILINGUAL SECONDARY SCHOOL,DIGIT_PREFIX,,,ESG_OR_UNKNOWN,NEW,,,
10040051,COLLEGE BILINGUE PRIVE LA QUALITE,DIGIT_PREFIX,,,ESG_OR_UNKNOWN,NEW,,,
11061308,COLLEGE BILINGUE LAIC ANDRE FONTAINE,DIGIT_PREFIX,,,ESG_OR_UNKNOWN,NEW,,,
14281023,COLLÈGE BILINGUE LA MAITRISE (Douala),DIGIT_PREFIX,,,ESG_OR_UNKNOWN,PROBABLE_NO_REGION_SIGNAL,Lyce JOSS DE DOUALA,LITTORAL,7IC1GSFD112465054
19561359,BEB&#039;S SECONDARY AND HIGH SCHOOL,DIGIT_PREFIX,,,ESG_OR_UNKNOWN,NEW,,,
11061309,INSTITUT POLYVALENT BILINGUE THE LEADERS,DIGIT_PREFIX,,,ESG_OR_UNKNOWN,NEW,,,
14281028,COURS DU SOIR BILINGUE MEUKOUONTCHOU,DIGIT_PREFIX,,,ADULT_EVENING,NEW,,,
11061310,DASALANA BILINGUAL HIGH SCHOOL,DIGIT_PREFIX,,,ESG_OR_UNKNOWN,NEW,,,
16370976,KING SOLOMON HIGH SCHOOL,DIGIT_PREFIX,,,ESG_OR_UNKNOWN,PROBABLE_NO_REGION_SIGNAL,CES de KING-PLACE-BATCHAM,OUEST,4CE1GSFD101616111
OU39318J84,Lycée Polyvalent de Bansoa Mbri,ALPHA_PREFIX,Ouest,CONFIRMED_BY_MATCH,ESG_OR_UNKNOWN,PROBABLE,Lyce Bilingue de BAKASSA-BANSOA,OUEST,4JJ1GSFD110916112
14281029,PEACE FOUNDATION COLLEGE,DIGIT_PREFIX,,,ESG_OR_UNKNOWN,NEW,,,
12180508,ST THERESE SECONDARY AND HIGH SCHOOL,DIGIT_PREFIX,,,ESG_OR_UNKNOWN,NEW,,,
11121287,DYNAMIC BILINGUAL COLLEGE,DIGIT_PREFIX,,,ESG_OR_UNKNOWN,NEW,,,
110612101,COLLEGE TECHNIQUE BILINGUE SIDUOCE,DIGIT_PREFIX,,,ESG_OR_UNKNOWN,NEW,,,
16400838,SAINT AGNES CATHOLIC HIGHT SCHOOL,DIGIT_PREFIX,,,ESG_OR_UNKNOWN,NEW,,,
12180509,MARTIN&#039;S BILINGUAL COLLEGE OF STANDARD (Bertoua),DIGIT_PREFIX,,,ESG_OR_UNKNOWN,PROBABLE_NO_REGION_SIGNAL,CES de BERTOUA II,EST,9IH1GSFD102370113
10020007,BAPTIST SECONDARY SCHOOL,DIGIT_PREFIX,,,ESG_OR_UNKNOWN,NEW,,,
13230309,COMPLEXE SCOLAIRE PRIVE CATHOLIQUE BILINGUE LIBERMANN DE BOGO,DIGIT_PREFIX,,,ESG_OR_UNKNOWN,PROBABLE_NO_REGION_SIGNAL,Lyce Bilingue de BOGO,EXTREME-NORD,0CC1GSFD110078092
15310855,COLLEGE PRIVE LAÏC BILINGUE JOSEPH CHRISLIN DE FIGUIL,DIGIT_PREFIX,,,ESG_OR_UNKNOWN,PROBABLE_NO_REGION_SIGNAL,Lyce Bilingue de FIGUIL,NORD,1HC1GSBD111071115
14281032,EL-SHADDAI BILINGUAL SECONDARY AND HIGH SCHOOL,DIGIT_PREFIX,,,ESG_OR_UNKNOWN,NEW,,,
17471102,Collège Bilingue FODI (Mbouda),DIGIT_PREFIX,,,ESG_OR_UNKNOWN,PROBABLE_NO_REGION_SIGNAL,Lyce Bilingue de MBOUDA,OUEST,4CI1GSBD112030097
11061311,CHRIST AMBASSADORS ACADEMY,DIGIT_PREFIX,,,ESG_OR_UNKNOWN,NEW,,,
11141307,COLLEGE D&#039;ENSEIGNEMENT TECHNIQUE INDUSTRIEL ET COMMERCIAL KENKO,DIGIT_PREFIX,,,ESG_OR_UNKNOWN,NEW,,,
14281033,CHRISMARKA BILINGUAL COLLEGE,DIGIT_PREFIX,,,ESG_OR_UNKNOWN,NEW,,,
17411028,GOLDEN GATE BILINGUAL LAY PRIVATE COMPLEX,DIGIT_PREFIX,,,ESG_OR_UNKNOWN,NEW,,,
10040052,COLLEGE BILINGUE LAIC LES MAJORS,DIGIT_PREFIX,,,ESG_OR_UNKNOWN,NEW,,,
17411029,MERCY BILINGUAL ACADEMIC COMPLEX,DIGIT_PREFIX,,,ESG_OR_UNKNOWN,NEW,,,
11081306,COLLEGE TECHNIQUE BILINGUE LOUIS FRANKY,DIGIT_PREFIX,,,ESG_OR_UNKNOWN,NEW,,,
19531323,OUR LADY&#039;S BILINGUAL COLLEGE,DIGIT_PREFIX,,,ESG_OR_UNKNOWN,NEW,,,
14281034,PROGRESSIVE BILINGUAL COMPREHENSIVE COLLEGE,DIGIT_PREFIX,,,ESG_OR_UNKNOWN,NEW,,,
14281030,COLLEGE D&#039;ENSEIGNEMENT GENERAL ET TECHNIQUE MEWE,DIGIT_PREFIX,,,ESG_OR_UNKNOWN,PROBABLE_NO_REGION_SIGNAL,Lyce GENERAL LECLERC,CENTRE,5LH1GSFD111715052
11081312,COLLEGE BILINGUE ST MAG-PUIS,DIGIT_PREFIX,,,ESG_OR_UNKNOWN,NEW,,,
13210520,COLLEGE PRIVE ISLAMIQUE BILINGUE CHEICK OUMAR LIMAN,DIGIT_PREFIX,,,ESG_OR_UNKNOWN,NEW,,,
14281035,COLLEGE BILINGUE LES ENTREPRENEURS,DIGIT_PREFIX,,,ESG_OR_UNKNOWN,NEW,,,
15320855,COLLEGE SINI ET FRERES DE TONGO,DIGIT_PREFIX,,,ESG_OR_UNKNOWN,PROBABLE_NO_REGION_SIGNAL,Lyce de FONGO-TONGO,OUEST,4JH1GSFD110680099
15320856,COLLEGE SINI ET AMIS DE BOUMEDJE,DIGIT_PREFIX,,,ESG_OR_UNKNOWN,NEW,,,
17411030,LEADERS ISLAMIC BILINGUAL COLLEGE,DIGIT_PREFIX,,,ESG_OR_UNKNOWN,NEW,,,
12160481,GREATNESS BILINGUAL HIGH SCHOOL,DIGIT_PREFIX,,,ESG_OR_UNKNOWN,NEW,,,
10051312,WISDOM BILINGUAL ACADEMY SECONDARY SCHOOL,DIGIT_PREFIX,,,ESG_OR_UNKNOWN,NEW,,,
14281306,STAFF COLLEGE DOUALA,DIGIT_PREFIX,,,ESG_OR_UNKNOWN,PROBABLE_NO_REGION_SIGNAL,Lyce JOSS DE DOUALA,LITTORAL,7IC1GSFD112465054
14281307,REDEEMED BILINGUAL COLLEGE,DIGIT_PREFIX,,,ESG_OR_UNKNOWN,NEW,,,
15330857,COLLEGE PRIVE ESPOIR ACADEMIQUE WOURLAGWE,DIGIT_PREFIX,,,ESG_OR_UNKNOWN,NEW,,,
16400839,DIVINE ACADEMIC SOLUTION COLLEGE,DIGIT_PREFIX,,,ESG_OR_UNKNOWN,NEW,,,
14281308,COLLEGE BILINGUE PRIVE LAIC BOSTON-EXCELLENCE,DIGIT_PREFIX,,,ESG_OR_UNKNOWN,NEW,,,
19531324,NATIONAL BILINGUAL COLLEGE KOSALA (Kumba),DIGIT_PREFIX,,,ESG_OR_UNKNOWN,PROBABLE_NO_REGION_SIGNAL,Lyce Bilingue de KOSALA,SUD-OUEST,6JH1GSBD110473109