establishment_id,official_id,current_region,canonical_region,source_ministry,safe_to_fix
702d96e4-2574-40ea-9501-0a9f22237ee1,2JI1GSFD100700112,Adamaoua,Adamaoua,MINESEC,NO_ALREADY_CANONICAL
cc080788-e9f6-4d4d-a6e6-6a2bbf31d558,4CC1GSBD111789112,Ouest,Ouest,MINESEC,NO_ALREADY_CANONICAL
dc38b55f-f2aa-4358-b6be-dbdcdd04e06f,4CC1GSBD111800108,Ouest,Ouest,MINESEC,NO_ALREADY_CANONICAL
f18a698c-ff41-42ae-8621-b04030d84ef6,4CC1GSFD111793110,Ouest,Ouest,MINESEC,NO_ALREADY_CANONICAL
4369cb2c-9e21-4c9a-a7c2-def388d372ae,4CE1GSBD111591114,Ouest,Ouest,MINESEC,NO_ALREADY_CANONICAL
a14ac623-6562-47cd-a85c-63e59f22788a,4CE1GSFD111823111,Ouest,Ouest,MINESEC,NO_ALREADY_CANONICAL
a0604dc2-8de8-4266-aa9f-7a97d861479c,4CE1GSFD111621107,Ouest,Ouest,MINESEC,NO_ALREADY_CANONICAL
12a7bd5b-c684-40d7-b2c0-35ed7e332642,4CE1GSFD111777107,Ouest,Ouest,MINESEC,NO_ALREADY_CANONICAL
129121ce-99f4-4895-bdc3-40b9a073e2fe,4CE1GSFD111802108,Ouest,Ouest,MINESEC,NO_ALREADY_CANONICAL
d4b000d1-744e-4705-bc90-19a8ca53ddc8,2JI1GSFD110422108,Adamaoua,Adamaoua,MINESEC,NO_ALREADY_CANONICAL
dcf51c50-e339-469a-87dd-0e691299ce1e,4CE1GSFD111137113,Ouest,Ouest,MINESEC,NO_ALREADY_CANONICAL
fc061856-90df-41c2-a14d-2b153d26209f,4CE1GSFD111611112,Ouest,Ouest,MINESEC,NO_ALREADY_CANONICAL
d9c5a312-f05b-4c21-8790-a81e66249ae7,4CH1GSFD100511111,Ouest,Ouest,MINESEC,NO_ALREADY_CANONICAL
3c1ab823-e35e-42a8-9c6a-db7bcd8ff7e7,4CH1GSBD111853112,Ouest,Ouest,MINESEC,NO_ALREADY_CANONICAL
26cd8915-f2f9-4eb8-b40d-d96694f46d98,4CH1GSFD110670109,Ouest,Ouest,MINESEC,NO_ALREADY_CANONICAL
2a43abd4-6950-4be6-857d-78833bf24a7b,4CH1GSFD110563112,Ouest,Ouest,MINESEC,NO_ALREADY_CANONICAL
2512c11f-4524-4e01-91ea-61789fe90356,4CI1GSBD111211114,Ouest,Ouest,MINESEC,NO_ALREADY_CANONICAL
297e4c83-9868-42eb-be96-3ebb66a137cf,4CI1GSBD111329110,Ouest,Ouest,MINESEC,NO_ALREADY_CANONICAL
8921b606-70f5-4499-9deb-66a74ba68560,4CI1GSBD110658107,Ouest,Ouest,MINESEC,NO_ALREADY_CANONICAL
7f3fd024-f20c-4ff4-981b-f4e71792243e,4CI1GSBD111930115,Ouest,Ouest,MINESEC,NO_ALREADY_CANONICAL
d1e05448-b0af-43a6-975a-51b1e597179b,4CI1GSFD110663109,Ouest,Ouest,MINESEC,NO_ALREADY_CANONICAL
8ef0f353-6039-4ee8-8473-ef8f18ca9c06,4CI1GSFD111798107,Ouest,Ouest,MINESEC,NO_ALREADY_CANONICAL
8ad4e992-78d2-4b15-9a3c-c77f4dd07347,2JJ1GSBD111474110,Adamaoua,Adamaoua,MINESEC,NO_ALREADY_CANONICAL
d4c5d525-cdaa-46a8-8bcd-43288531ddc5,4EC1GSFD111246111,Ouest,Ouest,MINESEC,NO_ALREADY_CANONICAL
3e18c999-9fe5-42ed-9572-22fe5cacbf80,4EE1GSFD102352113,Ouest,Ouest,MINESEC,NO_ALREADY_CANONICAL
a832c1a1-8ac3-43c1-bfc9-7e0af7b85504,4EE1GSBD111688113,Ouest,Ouest,MINESEC,NO_ALREADY_CANONICAL
4e37f345-7a78-4bd3-84f6-44e4ac6a42bb,4EH1GSBD102145112,Ouest,Ouest,MINESEC,NO_ALREADY_CANONICAL
37915e12-24f0-4aca-9c8d-c71c51339229,4EH1GSFD101775109,Ouest,Ouest,MINESEC,NO_ALREADY_CANONICAL
6ed54956-7227-4a7c-aa84-af26757fcf68,4EH1GSFD111810095,Ouest,Ouest,MINESEC,NO_ALREADY_CANONICAL
2e714ba9-c600-4fd3-a4af-c8c59abc99f9,4EI1GSFD101778110,Ouest,Ouest,MINESEC,NO_ALREADY_CANONICAL
069fd6f6-07f2-4fbd-a76c-8199e987830b,4EI1GSFD100533098,Ouest,Ouest,MINESEC,NO_ALREADY_CANONICAL
a43cabd4-683b-46cd-9b2a-d316bfd0ecd0,4EI1GSBD110484112,Ouest,Ouest,MINESEC,NO_ALREADY_CANONICAL
46ad4328-9fb4-4d0c-a205-a2c14a181da3,4EI1GSFD111801108,Ouest,Ouest,MINESEC,NO_ALREADY_CANONICAL
6349a0a0-a821-4d82-b672-2d38625fe2b8,4EI1GSFD111791106,Ouest,Ouest,MINESEC,NO_ALREADY_CANONICAL
f9ba2fde-10c4-4a74-b598-595d03022792,4EJ1GSFD110086076,Ouest,Ouest,MINESEC,NO_ALREADY_CANONICAL
0b1e4dc4-8169-4f38-b519-2dd28773eff6,2JJ1GSFD110098111,Adamaoua,Adamaoua,MINESEC,NO_ALREADY_CANONICAL
4f474ffc-60e8-4f0b-9bea-84eab3d00ea4,4EJ1GSFD110499113,Ouest,Ouest,MINESEC,NO_ALREADY_CANONICAL
56d03586-3d48-402a-ae6c-80e95279eb45,4EK1GSBD110329114,Ouest,Ouest,MINESEC,NO_ALREADY_CANONICAL
49ee4c8f-685c-4983-ab67-71e592e56325,4EK1GSBD101949110,Ouest,Ouest,MINESEC,NO_ALREADY_CANONICAL
e9a40c2f-1755-4c44-9b0b-ec3c6cad1232,4EL1GSBD110380110,Ouest,Ouest,MINESEC,NO_ALREADY_CANONICAL
ef1e77a4-a4be-4008-99c2-5e812799874c,4EL1GSBD100320110,Ouest,Ouest,MINESEC,NO_ALREADY_CANONICAL
fb15c250-3be6-4ed1-a799-92a46fe32a22,4EL1GSBD110218107,Ouest,Ouest,MINESEC,NO_ALREADY_CANONICAL
57e1d89a-7469-4368-88dc-96108ec0392e,4HC1GSBD112221106,Ouest,Ouest,MINESEC,NO_ALREADY_CANONICAL
706410cf-40cc-4840-8057-7ce1b8bc7213,4HC1GSBD110854115,Ouest,Ouest,MINESEC,NO_ALREADY_CANONICAL
960398b2-33c6-4738-9aaf-be79f3474554,4HC1GSFD110530110,Ouest,Ouest,MINESEC,NO_ALREADY_CANONICAL
6799d7ee-2ed8-4386-a665-aefc6f013f94,4HE1GSBD100099110,Ouest,Ouest,MINESEC,NO_ALREADY_CANONICAL
237ff1ec-b491-40c7-ad7b-60132915112b,4HE1GSFD111080107,Ouest,Ouest,MINESEC,NO_ALREADY_CANONICAL
84149d81-602e-4470-af16-e97bc143ebee,4HE1GSBD110092113,Ouest,Ouest,MINESEC,NO_ALREADY_CANONICAL
87ce2e72-1f9b-47f4-b809-931431ab36dc,2JK1GSBD112472091,Adamaoua,Adamaoua,MINESEC,NO_ALREADY_CANONICAL
81285c94-4fde-4789-881f-a577b0d86073,4HE1GSFD110536112,Ouest,Ouest,MINESEC,NO_ALREADY_CANONICAL
ce3111aa-f94a-4c7e-95c3-bb2dcc2352f7,4HH1GSFD100642108,Ouest,Ouest,MINESEC,NO_ALREADY_CANONICAL
c5969866-01c1-4fe0-be84-f358b7bf4a48,4HH1GSBD110084113,Ouest,Ouest,MINESEC,NO_ALREADY_CANONICAL
0a897957-0eb2-420a-afe6-cb205e1a91c3,4HH1GSFD110525113,Ouest,Ouest,MINESEC,NO_ALREADY_CANONICAL
e94d2b16-5f6e-452f-8154-42b5450c938f,4HH1GSFD111857102,Ouest,Ouest,MINESEC,NO_ALREADY_CANONICAL
786dcb22-9bc4-4944-a701-05423aed8486,4HI1GSFD100504110,Ouest,Ouest,MINESEC,NO_ALREADY_CANONICAL
241c806e-ac8b-4f30-aa81-9c71e667890d,4HI1GSFD100786111,Ouest,Ouest,MINESEC,NO_ALREADY_CANONICAL
1fa53e00-09ed-44b8-bedf-886b2905453f,4IC1GSFD111774098,Ouest,Ouest,MINESEC,NO_ALREADY_CANONICAL
c4d81253-4d99-4feb-93cd-781e0529089a,4IC1GSFD110376109,Ouest,Ouest,MINESEC,NO_ALREADY_CANONICAL
ee312847-c9dd-4401-9359-4f9f3ee9b924,4IE1GSFD111955099,Ouest,Ouest,MINESEC,NO_ALREADY_CANONICAL
f55733da-b8b7-4d1d-8c4b-eee5b4300360,4IH1GSBD110443112,Ouest,Ouest,MINESEC,NO_ALREADY_CANONICAL
c648a92b-dfdc-41d1-8d76-a803cb356421,4IH1GSFD111325091,Ouest,Ouest,MINESEC,NO_ALREADY_CANONICAL
ae715bb2-15d0-4cce-b5f4-41747576ec7a,2JL1GSFD100839113,Adamaoua,Adamaoua,MINESEC,NO_ALREADY_CANONICAL
a9ebced3-5b6c-4774-a725-1cc415873cb3,4IH1GSFD110088114,Ouest,Ouest,MINESEC,NO_ALREADY_CANONICAL
e5ec4210-e450-4fbe-92fb-47860a57ba4c,4JC1GSFD102417112,Ouest,Ouest,MINESEC,NO_ALREADY_CANONICAL
43f21659-8462-431c-a192-f18e5127b9f9,4JC1GSBD111904103,Ouest,Ouest,MINESEC,NO_ALREADY_CANONICAL
8f9d54d5-a23e-4904-86f5-26b316bb49a2,4JC1GSBD110013114,Ouest,Ouest,MINESEC,NO_ALREADY_CANONICAL
cbd6c1c7-5246-4c00-a24b-fd9e655119c6,4JC1GSFD110846111,Ouest,Ouest,MINESEC,NO_ALREADY_CANONICAL
7ae26d79-9bbe-4f9e-8e29-4cf8d0566f42,4JC1GSFD111976074,Ouest,Ouest,MINESEC,NO_ALREADY_CANONICAL
635af725-dfe4-42c9-9b82-969e4138ae56,4JC1GSFD112229111,Ouest,Ouest,MINESEC,NO_ALREADY_CANONICAL
2097be77-3265-4ce6-9e60-bd196014509e,4JC1GSFD110058105,Ouest,Ouest,MINESEC,NO_ALREADY_CANONICAL
d1eef986-e9e8-424a-bf16-a0e05cb1c38f,4JC1GSFD111943105,Ouest,Ouest,MINESEC,NO_ALREADY_CANONICAL
c227a0ed-3f0b-40cc-b15f-56abb8a591aa,4JC1GSFD111085113,Ouest,Ouest,MINESEC,NO_ALREADY_CANONICAL
02dcc6f4-0e6c-441f-a271-78ab140670bb,4JC1GSFD111302111,Ouest,Ouest,MINESEC,NO_ALREADY_CANONICAL
666d52af-8b4c-4edc-868c-678fadac28a8,4JE1GSBD112073114,Ouest,Ouest,MINESEC,NO_ALREADY_CANONICAL
fc69e19a-cacb-4b32-bc25-4ec455196df4,2JL1GSFD111268113,Adamaoua,Adamaoua,MINESEC,NO_ALREADY_CANONICAL
1519157c-ce31-4c3c-a2b9-e785208e1a8d,4JH1GSBD102426110,Ouest,Ouest,MINESEC,NO_ALREADY_CANONICAL
0b2e9793-3a57-4ebb-8ccc-46048a9474b3,4JH1GSFD102058108,Ouest,Ouest,MINESEC,NO_ALREADY_CANONICAL
695e5051-9c56-414c-b5b9-5117b376bf61,4JH1GSFD100056109,Ouest,Ouest,MINESEC,NO_ALREADY_CANONICAL
dc4c0f1d-9956-4a31-83ac-6653352cfbe1,4JH1GSBD110705114,Ouest,Ouest,MINESEC,NO_ALREADY_CANONICAL
fb712641-4ecc-43eb-ac6a-e955ab865d2a,4JH1GSFD110680099,Ouest,Ouest,MINESEC,NO_ALREADY_CANONICAL
ab02427d-84e4-43f1-87bf-980c116c6456,4JI1GSBD100506111,Ouest,Ouest,MINESEC,NO_ALREADY_CANONICAL
40c21cf9-dc2a-4ce2-8088-a43538cb1e09,4JI1GSBD111161111,Ouest,Ouest,MINESEC,NO_ALREADY_CANONICAL
c79ff35c-8c77-4eef-8d65-f126fe56b622,4JI1GSBD111967108,Ouest,Ouest,MINESEC,NO_ALREADY_CANONICAL
397503b4-3a00-4bc6-a4a4-dac84a2c597a,4JI1GSBD110639108,Ouest,Ouest,MINESEC,NO_ALREADY_CANONICAL
d8186407-3895-4097-8431-47e1048fa847,4JI1GSFD110079095,Ouest,Ouest,MINESEC,NO_ALREADY_CANONICAL
5d7a5992-7299-46f5-9a46-8696a54f41db,4JI1GSFD110061106,Ouest,Ouest,MINESEC,NO_ALREADY_CANONICAL
be296eea-8630-4f46-91e2-e3dfd7ea06da,4JJ1GSBD100942112,Ouest,Ouest,MINESEC,NO_ALREADY_CANONICAL
e6568a99-6c90-457b-9573-75b36bdc599b,2JM1GSFD110718115,Adamaoua,Adamaoua,MINESEC,NO_ALREADY_CANONICAL
baccbcc5-91fa-4909-bbf1-7f3b572d97b1,4JJ1GSFD100900107,Ouest,Ouest,MINESEC,NO_ALREADY_CANONICAL
f47181c0-bc27-4b07-8606-c8219c7bbf26,4JJ1GSBD110060106,Ouest,Ouest,MINESEC,NO_ALREADY_CANONICAL
d022c2a7-6960-4cbe-921e-8237f58fc85e,4JJ1GSBD110907112,Ouest,Ouest,MINESEC,NO_ALREADY_CANONICAL
01ba896a-ba88-40ca-bdbf-c0e795a208e2,4JJ1GSBD111187109,Ouest,Ouest,MINESEC,NO_ALREADY_CANONICAL
240ef898-5dd2-4382-b1d0-20f453ebc672,4JJ1GSFD111962108,Ouest,Ouest,MINESEC,NO_ALREADY_CANONICAL
0451c9dc-6a61-4eea-a031-406b10d4ac89,4JJ1GSFD110067105,Ouest,Ouest,MINESEC,NO_ALREADY_CANONICAL
bec2785d-7555-48e5-bca9-91d4df8c681a,4JJ1GSFD110493109,Ouest,Ouest,MINESEC,NO_ALREADY_CANONICAL
d0980a17-e175-4d66-8369-47032560ccc7,4JJ1GSFD110358110,Ouest,Ouest,MINESEC,NO_ALREADY_CANONICAL
0841aa86-1011-41cf-84f1-696e5f7ca402,4JK1GSFD101311111,Ouest,Ouest,MINESEC,NO_ALREADY_CANONICAL
2a8a222d-3482-4d4c-a212-6f8bc8fba23e,4JK1GSBD110059115,Ouest,Ouest,MINESEC,NO_ALREADY_CANONICAL
72d0fea2-87e5-4d9d-bfd7-b14edc9c766c,4JK1GSBD110469107,Ouest,Ouest,MINESEC,NO_ALREADY_CANONICAL
dc240924-8245-43df-94c0-b089e1b3ab97,4JK1GSBD111908092,Ouest,Ouest,MINESEC,NO_ALREADY_CANONICAL
540fd579-b614-4334-9e4c-dc33f450bf59,1CE1GSFD102985117,Nord,Nord,MINESEC,NO_ALREADY_CANONICAL
5ed95ae4-f980-4d1a-b3a7-40c90470f0eb,4KC1GSBD110081115,Ouest,Ouest,MINESEC,NO_ALREADY_CANONICAL
370a68b6-a472-4611-bcf4-d2e3389a8e15,4KC1GSFD112392106,Ouest,Ouest,MINESEC,NO_ALREADY_CANONICAL
57161013-5a8b-479a-b347-c68df5a369a4,4KE1GSFD101322111,Ouest,Ouest,MINESEC,NO_ALREADY_CANONICAL
ab080fbe-47ac-427a-b8e3-0dcce7caa395,4KE1GSFD110495106,Ouest,Ouest,MINESEC,NO_ALREADY_CANONICAL
eed5c0a3-7b24-449e-a212-9a70be268cbd,4KE1GSFD110096111,Ouest,Ouest,MINESEC,NO_ALREADY_CANONICAL
7e9213fb-4b2f-4b26-8f9e-f28834522c5b,4KE1GSFD110490111,Ouest,Ouest,MINESEC,NO_ALREADY_CANONICAL
82d39882-cc7a-47a3-8a39-1786581f7b24,4KH1GSBD111864110,Ouest,Ouest,MINESEC,NO_ALREADY_CANONICAL
a3e7ec9b-e2e0-4264-956d-71c3455d3c50,4KH1GSBD110460108,Ouest,Ouest,MINESEC,NO_ALREADY_CANONICAL
7a9cdb6a-5305-44a6-a7ec-7786d0d4b22e,4KH1GSFD112389110,Ouest,Ouest,MINESEC,NO_ALREADY_CANONICAL
f70957d0-a21f-4fa8-a5c9-b8d04450151c,4KH1GSFD100471110,Ouest,Ouest,MINESEC,NO_ALREADY_CANONICAL
cf1d4246-4307-4e42-941b-1d322df1c332,4LC1GSFD102345113,Ouest,Ouest,MINESEC,NO_ALREADY_CANONICAL
37524f2d-1ec0-4588-a700-592045232970,4LC1GSFD101290109,Ouest,Ouest,MINESEC,NO_ALREADY_CANONICAL
2e500464-9898-489d-a6b7-dbc6e2a8cd96,1CE1GSFD102729114,Nord,Nord,MINESEC,NO_ALREADY_CANONICAL
04971bcd-7dfe-4261-b00b-0b58f24e7c4f,4LC1GSBD102364112,Ouest,Ouest,MINESEC,NO_ALREADY_CANONICAL
bba56e05-f5d2-42b8-9fe8-7a53f5f1511f,4LC1GSFD110399111,Ouest,Ouest,MINESEC,NO_ALREADY_CANONICAL
4069042d-8654-465f-bab8-b9c091fe8e67,4LC1GSFD110750113,Ouest,Ouest,MINESEC,NO_ALREADY_CANONICAL
48576936-b8ec-4334-b3db-da2c2aa3c36c,4LC1GSFD111843098,Ouest,Ouest,MINESEC,NO_ALREADY_CANONICAL
29c82812-c560-440e-92ee-1c45fe190ea1,4LC1GSFD111683099,Ouest,Ouest,MINESEC,NO_ALREADY_CANONICAL
4d30ab1d-c355-4708-abfd-86773166896e,4LC1GSFD111631110,Ouest,Ouest,MINESEC,NO_ALREADY_CANONICAL
b9d60eec-f70f-4b17-84ca-924aac947f42,4LE1GSBD111533106,Ouest,Ouest,MINESEC,NO_ALREADY_CANONICAL
6cc0434a-b074-41d3-8b60-c9c21178737f,4LH1GSFD102380109,Ouest,Ouest,MINESEC,NO_ALREADY_CANONICAL
92d15e97-c1d8-4dc0-807c-c2f78b277a02,4LH1GSBD111178114,Ouest,Ouest,MINESEC,NO_ALREADY_CANONICAL
0b8663c2-6efb-4aea-93ce-b0b14e4e8c74,4LH1GSFD111767115,Ouest,Ouest,MINESEC,NO_ALREADY_CANONICAL
22cefb3c-3f58-4934-98af-c1943f174fb2,4LI1GSBD102694114,Ouest,Ouest,MINESEC,NO_ALREADY_CANONICAL
59266c28-9508-4f62-b7a8-386a4a9947f1,4LI1GSBD112104109,Ouest,Ouest,MINESEC,NO_ALREADY_CANONICAL
753fbd01-d44c-4d31-9ccc-061b92facb53,1CE1GSFD110953111,Nord,Nord,MINESEC,NO_ALREADY_CANONICAL
c0275948-f87e-44fd-b9fe-032041482c1d,4MC1GSBD102354113,Ouest,Ouest,MINESEC,NO_ALREADY_CANONICAL
ea66846f-3f1c-4df7-bbe8-945305c446d5,4MC1GSBD101498110,Ouest,Ouest,MINESEC,NO_ALREADY_CANONICAL
a0b23088-468e-4da0-a984-3d6f1a187bd1,4MC1GSBD101820112,Ouest,Ouest,MINESEC,NO_ALREADY_CANONICAL
80c65b35-9666-4636-b258-c8f3e897563c,4MC1GSBD111494112,Ouest,Ouest,MINESEC,NO_ALREADY_CANONICAL
004329c1-d830-453d-90cf-d2a28a467afe,4ME1GSFD102927115,Ouest,Ouest,MINESEC,NO_ALREADY_CANONICAL
22ca301b-0103-4c1c-a2fd-27401eeebe94,4ME1GSFD102373112,Ouest,Ouest,MINESEC,NO_ALREADY_CANONICAL
7c8f3897-f0ef-4a8c-8ee5-da5171f44677,4ME1GSFD112132086,Ouest,Ouest,MINESEC,NO_ALREADY_CANONICAL
3038c048-ffe0-4a6e-94ea-363ac19af6e5,4ME1GSFD112226114,Ouest,Ouest,MINESEC,NO_ALREADY_CANONICAL
c9a3feaf-803f-49bb-a754-ff7574daad20,4ME1GSFD111106113,Ouest,Ouest,MINESEC,NO_ALREADY_CANONICAL
6f3848f2-259f-4e76-badd-8c392dcf3ae0,4MH1GSFD101102108,Ouest,Ouest,MINESEC,NO_ALREADY_CANONICAL
c406d19b-5694-4593-a28a-fc6fecce072a,4MH1GSFD102984117,Ouest,Ouest,MINESEC,NO_ALREADY_CANONICAL
7ba80e8d-4af7-4e00-abc2-76fac9b4b574,4MH1GSBD101116111,Ouest,Ouest,MINESEC,NO_ALREADY_CANONICAL
cc59ec08-4d70-419f-af04-45565c026bc5,1CE1GSFD110896110,Nord,Nord,MINESEC,NO_ALREADY_CANONICAL
d03d0dd7-39b8-4c29-a694-6a42265bb527,4MH1GSFD111988108,Ouest,Ouest,MINESEC,NO_ALREADY_CANONICAL
8b19417f-e8df-4e6d-891e-84b07539eb59,4MI1GSBD111096105,Ouest,Ouest,MINESEC,NO_ALREADY_CANONICAL
bdfe83ae-4b72-4577-82aa-0ba69ef7147f,4MI1GSFD111807113,Ouest,Ouest,MINESEC,NO_ALREADY_CANONICAL
0c5c54d6-48d9-41e8-a860-2760d7f1911f,4MJ1GSBD101113111,Ouest,Ouest,MINESEC,NO_ALREADY_CANONICAL
e9782228-aebf-4b48-aa31-fe681ad79efd,4MJ1GSBD111910105,Ouest,Ouest,MINESEC,NO_ALREADY_CANONICAL
9d7464c9-8902-41f5-b7de-9f24ecd3c79e,4MJ1GSFD111889112,Ouest,Ouest,MINESEC,NO_ALREADY_CANONICAL
39ab71d3-6343-4804-8360-bd52e4b23d57,4MJ1GSFD111985112,Ouest,Ouest,MINESEC,NO_ALREADY_CANONICAL
59b06841-9a36-44ad-88e2-047ce05a0e33,4MK1GSBD100665108,Ouest,Ouest,MINESEC,NO_ALREADY_CANONICAL
5277432a-752f-4f3d-bb10-e8a96256efe8,4MK1GSFD102355113,Ouest,Ouest,MINESEC,NO_ALREADY_CANONICAL
9af4d666-8311-4c48-a3ce-a3e02cebb522,4MK1GSFD100790110,Ouest,Ouest,MINESEC,NO_ALREADY_CANONICAL
964777c6-ad3b-462d-a790-8bef269e5e77,4ML1GSFD100545112,Ouest,Ouest,MINESEC,NO_ALREADY_CANONICAL
2ac28455-9e28-4f9e-a27c-04f838caafd6,4ML1GSFD102992117,Ouest,Ouest,MINESEC,NO_ALREADY_CANONICAL
86ce3364-fc7a-4432-9f03-98229ddeb598,1CH1GSFD100853112,Nord,Nord,MINESEC,NO_ALREADY_CANONICAL
5435e6f6-f5c6-4a2d-9d62-2c37ea6dcf04,4ML1GSFD100588112,Ouest,Ouest,MINESEC,NO_ALREADY_CANONICAL
c827ec00-26bc-481d-ac7e-a920959ff2d0,4ML1GSFD102814115,Ouest,Ouest,MINESEC,NO_ALREADY_CANONICAL
b508e2bb-ba90-423a-a6d2-a2f4c01b9fe3,4ML1GSFD110582112,Ouest,Ouest,MINESEC,NO_ALREADY_CANONICAL
38867403-fd5b-449e-86b8-fcbca0a18de4,4MM1GSFD102303113,Ouest,Ouest,MINESEC,NO_ALREADY_CANONICAL
6aecc09b-437d-4a32-a875-ebf319825971,4MM1GSFD100517112,Ouest,Ouest,MINESEC,NO_ALREADY_CANONICAL
8ed849f3-f404-4462-8e72-b065d4d887a4,4MM1GSFD100830111,Ouest,Ouest,MINESEC,NO_ALREADY_CANONICAL
29c82b0c-b3fd-46b6-ae2c-ae61fccab8eb,4MM1GSFD111850113,Ouest,Ouest,MINESEC,NO_ALREADY_CANONICAL
13db2f4e-b72b-4abf-bfcb-97f381082b15,4MM1GSFD111677112,Ouest,Ouest,MINESEC,NO_ALREADY_CANONICAL
88da2382-4aaa-4daf-8486-a3c30a25beb9,4MN1GSFD102815115,Ouest,Ouest,MINESEC,NO_ALREADY_CANONICAL
76a45460-8e5e-4560-9229-ba506ae7fc49,4MN1GSFD100754112,Ouest,Ouest,MINESEC,NO_ALREADY_CANONICAL
9693f945-170b-45ff-a922-c1b292e3cb2f,4MN1GSFD111869109,Ouest,Ouest,MINESEC,NO_ALREADY_CANONICAL
83407ba4-76fa-4801-9458-79d5cf59396e,2CC1GSFD102414108,Adamaoua,Adamaoua,MINESEC,NO_ALREADY_CANONICAL
10517474-f104-43f6-bd0f-a7391025bcc0,1CI1GSFD111877102,Nord,Nord,MINESEC,NO_ALREADY_CANONICAL
5a0700a6-288a-46ba-89be-9f98829bf6ff,2CC1GSFD100550113,Adamaoua,Adamaoua,MINESEC,NO_ALREADY_CANONICAL
4c46fb4e-5238-496e-a719-d23292b51472,2CC1GSFD112401092,Adamaoua,Adamaoua,MINESEC,NO_ALREADY_CANONICAL
e416ba10-8137-4cec-accb-3c43276eea14,2CE1GSFD102428111,Adamaoua,Adamaoua,MINESEC,NO_ALREADY_CANONICAL
1e0ccbf0-b3d7-449e-a967-37dc14d3b922,2CE1GSFD100031111,Adamaoua,Adamaoua,MINESEC,NO_ALREADY_CANONICAL
44603e5c-5c19-48cd-8df9-02fd17d8e051,2CE1GSBD112294100,Adamaoua,Adamaoua,MINESEC,NO_ALREADY_CANONICAL
2a3df3e6-9051-4130-b1f1-6c55769b447f,2CE1GSFD112419115,Adamaoua,Adamaoua,MINESEC,NO_ALREADY_CANONICAL
28d1a655-31f0-4c42-8880-bf752ab802ed,2EE1GSFD100392110,Adamaoua,Adamaoua,MINESEC,NO_ALREADY_CANONICAL
f475b6c8-b4fc-4b42-90ce-0fd0a27abac3,2EE1GSFD111932102,Adamaoua,Adamaoua,MINESEC,NO_ALREADY_CANONICAL
9def18bc-65f9-4c95-83a7-5c9e087fff86,2EH1GSFD100526104,Adamaoua,Adamaoua,MINESEC,NO_ALREADY_CANONICAL
f4c83630-bf4d-40f3-9f52-ceaf1c294ebb,2EI1GSFD101984112,Adamaoua,Adamaoua,MINESEC,NO_ALREADY_CANONICAL
76281ca5-547b-4f0a-be9f-b020decd8202,2EI1GSFD110323106,Adamaoua,Adamaoua,MINESEC,NO_ALREADY_CANONICAL
2665088c-1877-46d7-a3a8-cea1a8c82af6,2EJ1GSFD102424109,Adamaoua,Adamaoua,MINESEC,NO_ALREADY_CANONICAL
34cf0f6a-1d2d-4bb2-a519-1e62d3452f2a,1CJ1GSBD110891115,Nord,Nord,MINESEC,NO_ALREADY_CANONICAL
725c5149-654d-4621-a255-4dcb4b47fcd1,2EJ1GSBD112026107,Adamaoua,Adamaoua,MINESEC,NO_ALREADY_CANONICAL
3c326683-1928-4c8e-93ab-e42924ab4a08,2HC1GSBD102852115,Adamaoua,Adamaoua,MINESEC,NO_ALREADY_CANONICAL
177750d0-8470-47e7-ae82-1212ecd9a4d3,2HC1GSBD100219113,Adamaoua,Adamaoua,MINESEC,NO_ALREADY_CANONICAL
665326b4-e320-4730-8816-98422b48e2d3,2HC1GSBD112407107,Adamaoua,Adamaoua,MINESEC,NO_ALREADY_CANONICAL
d55ff080-db81-4829-84f4-0e736ee2b53e,2HC1GSBD100659112,Adamaoua,Adamaoua,MINESEC,NO_ALREADY_CANONICAL
3a19a04b-44b6-450c-b4a0-1f57b2d710da,2HC1GSBD110625114,Adamaoua,Adamaoua,MINESEC,NO_ALREADY_CANONICAL
1a0d9a9b-8e16-42f7-8311-cc8282755280,2HE1GSFD102708114,Adamaoua,Adamaoua,MINESEC,NO_ALREADY_CANONICAL
5ddec182-b3c2-438b-8850-30a74983fc76,2HE1GSFD100508108,Adamaoua,Adamaoua,MINESEC,NO_ALREADY_CANONICAL
eb4601b5-a9f5-4708-aa0e-aa8dce5270ec,2HE1GSFD112385083,Adamaoua,Adamaoua,MINESEC,NO_ALREADY_CANONICAL
844aeb50-fcd4-4137-b37b-02392dbae467,2HH1GSBD110044114,Adamaoua,Adamaoua,MINESEC,NO_ALREADY_CANONICAL
92aaf695-0c6a-4fb1-9398-eed9b1f2d11d,2IC1GSFD101054112,Adamaoua,Adamaoua,MINESEC,NO_ALREADY_CANONICAL
7d44603d-680f-46af-afb3-1439ca446e8d,2IC1GSFD111658105,Adamaoua,Adamaoua,MINESEC,NO_ALREADY_CANONICAL
8dc150dc-5605-4f93-86d7-f8117fbba700,1CJ1GSFD112095106,Nord,Nord,MINESEC,NO_ALREADY_CANONICAL
1ef026d2-cb8c-4962-bbca-ad7786878630,2IE1GSFD100842113,Adamaoua,Adamaoua,MINESEC,NO_ALREADY_CANONICAL
1e8b0e7b-df65-45f9-87a0-f899ca251cc9,2IH1GSFD100239113,Adamaoua,Adamaoua,MINESEC,NO_ALREADY_CANONICAL
6b0543ad-3f3b-465d-9a3e-49c83a023862,2IH1GSFD102855115,Adamaoua,Adamaoua,MINESEC,NO_ALREADY_CANONICAL
cfca0d76-0021-4390-b0f6-e770f3f15f74,2IH1GSFD102854115,Adamaoua,Adamaoua,MINESEC,NO_ALREADY_CANONICAL
064d9af1-2eec-4359-9501-9c959811a1b5,2IH1GSFD102912114,Adamaoua,Adamaoua,MINESEC,NO_ALREADY_CANONICAL
5e61bb43-504f-454f-a8b7-74c080ba6344,2IH1GSBD111861107,Adamaoua,Adamaoua,MINESEC,NO_ALREADY_CANONICAL
678dab5b-98eb-406b-b2d0-a46eff145484,2IH1GSFD111152111,Adamaoua,Adamaoua,MINESEC,NO_ALREADY_CANONICAL
944c6fca-c6bc-4e6c-bdbf-171fd5727432,2IH1GSFD110796115,Adamaoua,Adamaoua,MINESEC,NO_ALREADY_CANONICAL
861dbd68-d2db-4188-bf45-b5990412cc59,2IH1GSFD110030109,Adamaoua,Adamaoua,MINESEC,NO_ALREADY_CANONICAL
188c6c97-cb6b-4211-9256-5a9d9e19be80,2II1GSFD110040112,Adamaoua,Adamaoua,MINESEC,NO_ALREADY_CANONICAL
fe42fd53-11ad-4699-9659-9c80d6c05780,2JC1GSFD111884099,Adamaoua,Adamaoua,MINESEC,NO_ALREADY_CANONICAL
b78d40e7-c385-4282-8736-5176a828452a,2JC1GSFD110780113,Adamaoua,Adamaoua,MINESEC,NO_ALREADY_CANONICAL
a796b774-12a0-483e-b3f2-671b8502f3f0,2JI1GSFD100611113,Adamaoua,Adamaoua,MINESEC,NO_ALREADY_CANONICAL
79b18a0f-c7e8-415d-8def-a019d8db62d3,2JI1GSFD110089108,Adamaoua,Adamaoua,MINESEC,NO_ALREADY_CANONICAL
7b79d2c6-f526-4203-b160-3cfa02ec8284,2JI1GSFD110018111,Adamaoua,Adamaoua,MINESEC,NO_ALREADY_CANONICAL
fa2aa605-efec-44f6-8120-8cf285aaf4a9,2JK1GSBD102853115,Adamaoua,Adamaoua,MINESEC,NO_ALREADY_CANONICAL
6ffdc6d0-7d04-412c-b134-bf0a75f823f3,2JJ1GSFD101476112,Adamaoua,Adamaoua,MINESEC,NO_ALREADY_CANONICAL
90c7f60c-5b7f-4d72-bec7-d41933fcd7be,0HH1GSFD101379110,Extrême-Nord,Extrême-Nord,MINESEC,NO_ALREADY_CANONICAL
a6c5e424-0c4d-4108-bb85-50d507753ec2,0KI1GSFD110590110,Extrême-Nord,Extrême-Nord,MINESEC,NO_ALREADY_CANONICAL
f4a459b0-4fff-4dde-994d-aac2ce46bd23,2JE1GSFD102679114,Adamaoua,Adamaoua,MINESEC,NO_ALREADY_CANONICAL
8cfd0ad5-f21d-4106-958e-6a21e030f103,2JE1GSFD111147111,Adamaoua,Adamaoua,MINESEC,NO_ALREADY_CANONICAL
220b82d3-8de1-41e1-b435-231c17ce4625,2JH1GSFD100095100,Adamaoua,Adamaoua,MINESEC,NO_ALREADY_CANONICAL
0c10f443-c4c7-4f4e-84e9-8c3cb25b5a7a,2JH1GSFD102121110,Adamaoua,Adamaoua,MINESEC,NO_ALREADY_CANONICAL
96cc9015-7088-4265-bd13-84c9104223f5,2JH1GSFD111237115,Adamaoua,Adamaoua,MINESEC,NO_ALREADY_CANONICAL
e681d345-3e0a-42c5-8f98-7dd2ec585638,2JH1GSFD111140113,Adamaoua,Adamaoua,MINESEC,NO_ALREADY_CANONICAL
b9c4b27f-07d9-499f-84ca-2868e4ac7c64,0KJ1GSFD102680113,Extrême-Nord,Extrême-Nord,MINESEC,NO_ALREADY_CANONICAL
1847ac3e-2a0f-4d4e-9640-7f64389d59ee,2JJ1GSFD111065112,Adamaoua,Adamaoua,MINESEC,NO_ALREADY_CANONICAL
b599b8d5-255c-426a-9f09-6b3ccccdb4da,2JK1GSFD111274114,Adamaoua,Adamaoua,MINESEC,NO_ALREADY_CANONICAL
bceae8a5-2f70-4cbe-962f-285eab379092,2JK1GSFD112133099,Adamaoua,Adamaoua,MINESEC,NO_ALREADY_CANONICAL
c552413c-724c-4f31-b2a6-635971a1e840,2JK1GSFD110599110,Adamaoua,Adamaoua,MINESEC,NO_ALREADY_CANONICAL
62503fb7-67b6-4c31-8f7c-e8e177948d5e,2JL1GSFD103159118,Adamaoua,Adamaoua,MINESEC,NO_ALREADY_CANONICAL
8937f771-e6ba-4a21-adb6-ff2c093ccbc6,2JL1GSBD111486106,Adamaoua,Adamaoua,MINESEC,NO_ALREADY_CANONICAL
3bb6645b-7e2d-46dc-a77e-3fda90cd007d,2JM1GSFD110731111,Adamaoua,Adamaoua,MINESEC,NO_ALREADY_CANONICAL
2aed7f38-4f83-43f7-b81b-0d95481474a4,2JM1GSFD110336113,Adamaoua,Adamaoua,MINESEC,NO_ALREADY_CANONICAL
4f2aa08d-ec90-4b28-9b4b-0a4265ccb34d,1CC1GSFD102922114,Nord,Nord,MINESEC,NO_ALREADY_CANONICAL
865d82eb-3aa5-448c-843a-b9ff4f96eb8d,1CC1GSFD110565109,Nord,Nord,MINESEC,NO_ALREADY_CANONICAL
a00055c5-85cb-4c99-af5c-eac85ff83332,1CE1GSFD102329113,Nord,Nord,MINESEC,NO_ALREADY_CANONICAL
4e70f5a9-fc0f-4755-bd31-780272eee2db,1CE1GSFD100573111,Nord,Nord,MINESEC,NO_ALREADY_CANONICAL
4ecae346-ccbd-4ada-8a58-d0d7a3cba769,0KJ1GSFD111144115,Extrême-Nord,Extrême-Nord,MINESEC,NO_ALREADY_CANONICAL
4341cae7-3604-4498-812b-405f9037a2d6,1CE1GSBD102459110,Nord,Nord,MINESEC,NO_ALREADY_CANONICAL
457b7780-9f35-49be-b1f2-10c2eafff6dd,1CE1GSFD110576113,Nord,Nord,MINESEC,NO_ALREADY_CANONICAL
e54b9995-51d8-4f0a-bdbd-f71b9d4d8674,1CE1GSFD111188112,Nord,Nord,MINESEC,NO_ALREADY_CANONICAL
211fb76e-e695-4dc3-853c-1caf36709cdb,1CE1GSFD111945100,Nord,Nord,MINESEC,NO_ALREADY_CANONICAL
b8070b23-542e-4a59-849a-093807801127,1CE1GSFD110581113,Nord,Nord,MINESEC,NO_ALREADY_CANONICAL
757a0ede-d9d6-4e00-96c4-a86383b21af0,1CE1GSFD110914110,Nord,Nord,MINESEC,NO_ALREADY_CANONICAL
b8498ca6-1f53-4ccc-9fd0-fc090a96d0f3,1CH1GSFD111939113,Nord,Nord,MINESEC,NO_ALREADY_CANONICAL
b6e74f95-fc2b-4389-8e7e-6ebeb799e8ea,1CI1GSFD100902112,Nord,Nord,MINESEC,NO_ALREADY_CANONICAL
6ec770f7-d79c-4c97-9602-4a5d6d02af99,1CI1GSFD102684114,Nord,Nord,MINESEC,NO_ALREADY_CANONICAL
4dc8e9f5-7c4b-4cf5-99e5-cdd343a50c76,1CJ1GSFD102463113,Nord,Nord,MINESEC,NO_ALREADY_CANONICAL
7023d775-8189-4142-a0be-9a84425062b0,1CJ1GSFD102374112,Nord,Nord,MINESEC,NO_ALREADY_CANONICAL
ffbcdea2-1f5d-4455-9edd-cd0492761705,1CJ1GSBD100941115,Nord,Nord,MINESEC,NO_ALREADY_CANONICAL
762b1050-ed40-438f-bd3f-17266bc43dd2,0KJ1GSFD111324114,Extrême-Nord,Extrême-Nord,MINESEC,NO_ALREADY_CANONICAL
aed5c0f8-e655-4080-89a0-4a95b9950b17,1CK1GSBD110910109,Nord,Nord,MINESEC,NO_ALREADY_CANONICAL
08364cc9-fc37-4fe5-a902-313f2d6ac706,1CK1GSFD112341074,Nord,Nord,MINESEC,NO_ALREADY_CANONICAL
ab324c3b-bc2e-488c-bf75-4ec510ad296b,1CK1GSFD111819106,Nord,Nord,MINESEC,NO_ALREADY_CANONICAL
050cad3a-0fc8-454a-81a1-476e3c81ed71,1CL1GSFD100616111,Nord,Nord,MINESEC,NO_ALREADY_CANONICAL
2b6d236e-bf21-47c9-816e-fe721fcd6dc2,1CL1GSBD110603115,Nord,Nord,MINESEC,NO_ALREADY_CANONICAL
a1cc0329-8213-45b3-a3f4-5250c5afd7b7,1CL1GSFD110619112,Nord,Nord,MINESEC,NO_ALREADY_CANONICAL
7ab34817-b80c-42cb-80e6-179686b23bd4,1CM1GSFD102923114,Nord,Nord,MINESEC,NO_ALREADY_CANONICAL
410e0bf1-a9ca-47a5-8c10-128a8301be14,1CM1GSFD101885112,Nord,Nord,MINESEC,NO_ALREADY_CANONICAL
eb665ab5-d83a-4ca0-bc25-f50681a0a723,1CM1GSFD102702114,Nord,Nord,MINESEC,NO_ALREADY_CANONICAL
5f57d88f-ea42-41b8-952b-1b887392012f,1CM1GSFD110224113,Nord,Nord,MINESEC,NO_ALREADY_CANONICAL
a65abfb8-70a1-487c-915e-fd3e8b6fd9dc,1CM1GSFD111281112,Nord,Nord,MINESEC,NO_ALREADY_CANONICAL
3addf8c7-2516-4ee5-937e-60620c8c4407,1CN1GSFD102733114,Nord,Nord,MINESEC,NO_ALREADY_CANONICAL
e01905b4-1bc5-4b07-af8e-279db59702f5,0KK1GSFD102368113,Extrême-Nord,Extrême-Nord,MINESEC,NO_ALREADY_CANONICAL
1ccf345a-fb74-472e-afd5-1e44aa5ddb7e,1CQ1GSFD102710114,Nord,Nord,MINESEC,NO_ALREADY_CANONICAL
4217f39c-f990-4555-a16b-b86fc2d1c5f6,1CQ1GSFD102829115,Nord,Nord,MINESEC,NO_ALREADY_CANONICAL
256154fe-1ae9-4b51-a7a2-fa8d5eaa7579,1CQ1GSFD102328113,Nord,Nord,MINESEC,NO_ALREADY_CANONICAL
a4f3697f-2f11-4636-a211-d04711cf971d,1CQ1GSFD111834113,Nord,Nord,MINESEC,NO_ALREADY_CANONICAL
1fff03b1-8a93-41ec-9dd9-fd1a5b08df65,1CQ1GSFD111251113,Nord,Nord,MINESEC,NO_ALREADY_CANONICAL
2437d41c-568f-43bf-92bf-b4af6534ef80,1CR1GSFD101271112,Nord,Nord,MINESEC,NO_ALREADY_CANONICAL
868a0a13-de99-444a-8384-ba80bea7e930,1CR1GSFD111241113,Nord,Nord,MINESEC,NO_ALREADY_CANONICAL
12d60bca-f870-494d-a78a-0c4b562f8a45,1CT1GSFD101179111,Nord,Nord,MINESEC,NO_ALREADY_CANONICAL
cab6dd4e-b395-4d42-9267-b7380a8184a5,1CT1GSFD102725114,Nord,Nord,MINESEC,NO_ALREADY_CANONICAL
fcf02756-31a3-4885-8b6e-cadbf9f5cef3,1EC1GSFD100686110,Nord,Nord,MINESEC,NO_ALREADY_CANONICAL
8f073778-514e-4410-bbc7-f37204adedd6,1EC1GSFD111154105,Nord,Nord,MINESEC,NO_ALREADY_CANONICAL
868fe8e7-cb20-4991-8af9-20c5a75dff5d,1EE1GSFD102737114,Nord,Nord,MINESEC,NO_ALREADY_CANONICAL
32159aa9-464e-493a-bab6-1a4275d577a7,0KK1GSFD102196113,Extrême-Nord,Extrême-Nord,MINESEC,NO_ALREADY_CANONICAL
b23ae525-5b47-4c66-8d8f-a0b83f9efa65,1EE1GSFD111872112,Nord,Nord,MINESEC,NO_ALREADY_CANONICAL
3c2c4f53-1764-467c-bbca-f33121806c58,1EE1GSFD110772114,Nord,Nord,MINESEC,NO_ALREADY_CANONICAL
67ab1851-43c6-4fb7-8bc7-c4caed9fbc70,1HC1GSFD102828115,Nord,Nord,MINESEC,NO_ALREADY_CANONICAL
e4899b5d-ad3a-4e3a-9f40-368881d2e445,1HC1GSBD111071115,Nord,Nord,MINESEC,NO_ALREADY_CANONICAL
109f3eda-08c5-4e72-9bf7-b02a949cde13,1HC1GSFD110929113,Nord,Nord,MINESEC,NO_ALREADY_CANONICAL
d49c31c7-e1ea-4d26-9a7f-1d2662f916e3,1HC1GSFD112099111,Nord,Nord,MINESEC,NO_ALREADY_CANONICAL
55758d61-de38-43ca-b2b9-1fbc4852beea,1HE1GSFD102327113,Nord,Nord,MINESEC,NO_ALREADY_CANONICAL
64c4119f-bd33-4d52-80c8-7a8b5d83136e,1HE1GSFD102742114,Nord,Nord,MINESEC,NO_ALREADY_CANONICAL
ce1d80a7-044e-44a8-9a47-e0ced7dff354,1HE1GSFD102827115,Nord,Nord,MINESEC,NO_ALREADY_CANONICAL
8ac29a72-c18f-4395-ba11-b4b916506f9f,1HE1GSFD102739114,Nord,Nord,MINESEC,NO_ALREADY_CANONICAL
9c989731-d813-4e16-a215-d3d6ae357a2e,1HE1GSBD111309109,Nord,Nord,MINESEC,NO_ALREADY_CANONICAL
8aef55d8-8125-4b5f-a323-6e54dbd28116,1HE1GSFD110669112,Nord,Nord,MINESEC,NO_ALREADY_CANONICAL
e9326024-a4a5-419a-ac2e-bfb137216a7c,0KK1GSFD102685114,Extrême-Nord,Extrême-Nord,MINESEC,NO_ALREADY_CANONICAL
6cbb6468-a02d-4e84-a53b-ea7a40a56c4a,1HE1GSFD111934114,Nord,Nord,MINESEC,NO_ALREADY_CANONICAL
f33f06d8-dbc2-4c0e-811a-ca8ffeb0bf3b,1HE1GSFD110751108,Nord,Nord,MINESEC,NO_ALREADY_CANONICAL
2bbf9707-1b50-4ebe-88d1-7b492e04020d,1HH1GSFD102986117,Nord,Nord,MINESEC,NO_ALREADY_CANONICAL
caae5ff3-cf94-4457-868b-3a5cdb3b91ec,1HH1GSFD101905110,Nord,Nord,MINESEC,NO_ALREADY_CANONICAL
920c6045-a1c2-4e48-b46f-2d1870dc246f,1HH1GSBD111084112,Nord,Nord,MINESEC,NO_ALREADY_CANONICAL
23804155-40fd-4cf0-ac72-244faa1953c4,0IL1GSFD112114106,Extrême-Nord,Extrême-Nord,MINESEC,NO_ALREADY_CANONICAL
0d30f0d0-1361-4b4f-b2d3-5283aea4f6c2,0IL1GSFD111227110,Extrême-Nord,Extrême-Nord,MINESEC,NO_ALREADY_CANONICAL
1d66cae5-2c97-47b1-b502-12e54370ac8c,0JC1GSFD102743114,Extrême-Nord,Extrême-Nord,MINESEC,NO_ALREADY_CANONICAL
76f35bc6-42b8-405a-81a1-37168dc57f25,0JC1GSFD110489112,Extrême-Nord,Extrême-Nord,MINESEC,NO_ALREADY_CANONICAL
305a9279-9606-4b82-a672-9f8e8cc2ee8c,0JE1GSFD101880112,Extrême-Nord,Extrême-Nord,MINESEC,NO_ALREADY_CANONICAL
f5f421a3-a65a-4267-be86-3f200c8b1b9f,0JE1GSFD100080111,Extrême-Nord,Extrême-Nord,MINESEC,NO_ALREADY_CANONICAL
686f3962-f942-4571-a263-22d6d2e9c9ed,0JE1GSFD102784114,Extrême-Nord,Extrême-Nord,MINESEC,NO_ALREADY_CANONICAL
52d2aa02-5241-4c41-b7ba-cb5372a923ba,0KK1GSBD110253106,Extrême-Nord,Extrême-Nord,MINESEC,NO_ALREADY_CANONICAL
82d16f6e-4068-4fc2-b7c9-5aab47ccb3e7,1CI1GSFD102692114,Nord,Nord,MINESEC,NO_ALREADY_CANONICAL
75ff776e-7319-4273-83d6-fe3e9f582ece,1IC1GSFD102336113,Nord,Nord,MINESEC,NO_ALREADY_CANONICAL
605688b7-5043-417d-9acc-40a28c436a71,1IE1GSFD100719112,Nord,Nord,MINESEC,NO_ALREADY_CANONICAL
3bdd73e3-9ead-4ba4-98b8-f2961df03c2c,1IE1GSFD102335113,Nord,Nord,MINESEC,NO_ALREADY_CANONICAL
97244645-bfc7-4d6a-a1f8-cd2a1bfecc48,1IE1GSFD110710114,Nord,Nord,MINESEC,NO_ALREADY_CANONICAL
a31517cb-2bab-4170-940d-962b704202d1,1IH1GSFD102706114,Nord,Nord,MINESEC,NO_ALREADY_CANONICAL
ae454a2d-fae8-4e47-ba3f-92eb09d2a64a,1IH1GSFD101156112,Nord,Nord,MINESEC,NO_ALREADY_CANONICAL
0e67f83d-eacb-4f0d-a20c-02e33f07df43,1IH1GSBD100598114,Nord,Nord,MINESEC,NO_ALREADY_CANONICAL
23668794-178e-471c-b20f-bca41ff7d03e,1IH1GSBD111576111,Nord,Nord,MINESEC,NO_ALREADY_CANONICAL
b65fbb59-fda3-42f6-9432-09aeb9f705d7,1IH1GSFD111135114,Nord,Nord,MINESEC,NO_ALREADY_CANONICAL
5b95bb5d-7a75-4f90-9fa8-8bb594915171,1II1GSFD102826116,Nord,Nord,MINESEC,NO_ALREADY_CANONICAL
fa9c506e-8394-4e9e-94ee-5b43044eb3de,1II1GSFD102713114,Nord,Nord,MINESEC,NO_ALREADY_CANONICAL
82faa356-114f-4398-b18e-0af717560ea4,0KK1GSFD111536112,Extrême-Nord,Extrême-Nord,MINESEC,NO_ALREADY_CANONICAL
d7d515ce-8724-4edc-96fc-49f41a966cb3,1II1GSFD102338113,Nord,Nord,MINESEC,NO_ALREADY_CANONICAL
0c48ce94-0cb1-4c14-a894-74132dd91f6e,1II1GSFD101538112,Nord,Nord,MINESEC,NO_ALREADY_CANONICAL
66bb1487-801e-4a19-8507-ed8a9c08bcde,1II1GSFD110982112,Nord,Nord,MINESEC,NO_ALREADY_CANONICAL
442a36f4-ef9a-42fe-8f74-227d20fb4bec,1II1GSFD112071098,Nord,Nord,MINESEC,NO_ALREADY_CANONICAL
6b541625-c822-42df-93ba-17715d94b701,1II1GSFD111055111,Nord,Nord,MINESEC,NO_ALREADY_CANONICAL
82260518-5823-4cf8-bce8-b7bec56c90a1,0CC1GSFD100366111,Extrême-Nord,Extrême-Nord,MINESEC,NO_ALREADY_CANONICAL
1b9c7477-03f4-4128-b6ab-33e4466b1426,0CC1GSFD102861115,Extrême-Nord,Extrême-Nord,MINESEC,NO_ALREADY_CANONICAL
b9721cf0-c873-415d-ae17-47965d51fdc9,0CC1GSFD100779111,Extrême-Nord,Extrême-Nord,MINESEC,NO_ALREADY_CANONICAL
a27500a3-12cb-4fc2-87c1-00bbf5a1241a,0CC1GSFD110078092,Extrême-Nord,Extrême-Nord,MINESEC,NO_ALREADY_CANONICAL
06ce2afa-93a7-4042-bdbf-8c06afcc7379,0CE1GSFD100544111,Extrême-Nord,Extrême-Nord,MINESEC,NO_ALREADY_CANONICAL
ab7e64c8-7244-4912-8261-072fecdecddb,0CE1GSFD100547111,Extrême-Nord,Extrême-Nord,MINESEC,NO_ALREADY_CANONICAL
6acb3d8b-1918-493e-b2e1-a870940eec95,0CH1GSFD110567115,Extrême-Nord,Extrême-Nord,MINESEC,NO_ALREADY_CANONICAL
42c73dfe-9930-4354-8697-032dbe6217ae,0CI1GSFD102220113,Extrême-Nord,Extrême-Nord,MINESEC,NO_ALREADY_CANONICAL
39714eb5-d05d-4f12-9c08-4c08f6f0eefd,0CI1GSFD112009092,Extrême-Nord,Extrême-Nord,MINESEC,NO_ALREADY_CANONICAL
dc79facc-a798-465e-a345-6dea3880bca4,0CI1GSFD111941114,Extrême-Nord,Extrême-Nord,MINESEC,NO_ALREADY_CANONICAL
36812f32-e505-4ce8-bf02-7b73e55e9fe6,0CI1GSFD110534115,Extrême-Nord,Extrême-Nord,MINESEC,NO_ALREADY_CANONICAL
2e0b7bb5-4d49-4ecb-91d2-31173e9a7204,0CI1GSFD111902103,Extrême-Nord,Extrême-Nord,MINESEC,NO_ALREADY_CANONICAL
5a5e1179-2c3d-4877-ac33-577c37a520a4,0CJ1GSFD111506112,Extrême-Nord,Extrême-Nord,MINESEC,NO_ALREADY_CANONICAL
c9b21d0a-bc46-4327-80ca-513b31c3e91f,0CJ1GSFD111240114,Extrême-Nord,Extrême-Nord,MINESEC,NO_ALREADY_CANONICAL
1f32f797-0077-4db2-a4d2-50e97b5b5700,0CJ1GSFD111231110,Extrême-Nord,Extrême-Nord,MINESEC,NO_ALREADY_CANONICAL
2c036a22-25bc-4f95-9b0b-c5312786967a,0CK1GSFD102216113,Extrême-Nord,Extrême-Nord,MINESEC,NO_ALREADY_CANONICAL
3c8e3659-ebaf-485b-b540-7e89b8d0ef5b,0CK1GSFD112456078,Extrême-Nord,Extrême-Nord,MINESEC,NO_ALREADY_CANONICAL
88557793-2380-48ec-a977-691c57a140a8,0CK1GSFD111684107,Extrême-Nord,Extrême-Nord,MINESEC,NO_ALREADY_CANONICAL
d89eea4d-e74e-4664-8863-31fc9ebb24fb,0CL1GSFD102682114,Extrême-Nord,Extrême-Nord,MINESEC,NO_ALREADY_CANONICAL
2af34a30-f907-47fe-8f25-5e80cf0155dd,0KL1GSFD101306111,Extrême-Nord,Extrême-Nord,MINESEC,NO_ALREADY_CANONICAL
811e3d9d-9ffb-42b5-b07b-568257ba2126,0CL1GSFD111217108,Extrême-Nord,Extrême-Nord,MINESEC,NO_ALREADY_CANONICAL
589fa7ca-0c13-437d-9547-0af199e1e196,0CL1GSFD111200114,Extrême-Nord,Extrême-Nord,MINESEC,NO_ALREADY_CANONICAL
0f1585fc-834c-443a-bfbb-56dfa637adee,0CL1GSFD112207092,Extrême-Nord,Extrême-Nord,MINESEC,NO_ALREADY_CANONICAL
c3be4be8-5858-4833-8926-0638566be499,0CM1GSFD102219113,Extrême-Nord,Extrême-Nord,MINESEC,NO_ALREADY_CANONICAL
9e5abfc4-ae6e-4cba-bed8-140f54498a64,0CM1GSFD111256111,Extrême-Nord,Extrême-Nord,MINESEC,NO_ALREADY_CANONICAL
eb1f6942-005f-4ae1-a119-28b9b8891f79,0CM1GSFD112452107,Extrême-Nord,Extrême-Nord,MINESEC,NO_ALREADY_CANONICAL
8452cac1-42f0-4b96-89b5-8776098b3208,0CN1GSFD111492110,Extrême-Nord,Extrême-Nord,MINESEC,NO_ALREADY_CANONICAL
1d59e998-fea5-4d91-889a-e23a7187d573,0EC1GSFD111266112,Extrême-Nord,Extrême-Nord,MINESEC,NO_ALREADY_CANONICAL
097da4fa-8210-4b6f-84d2-0ad5f42415fc,0EH1GSFD110288111,Extrême-Nord,Extrême-Nord,MINESEC,NO_ALREADY_CANONICAL
41d69f53-b9d8-4eb6-83c0-54aa72204f49,0EI1GSFD112412099,Extrême-Nord,Extrême-Nord,MINESEC,NO_ALREADY_CANONICAL
3ec3fcf0-afc9-4dd7-93e0-2386407f37e3,0EJ1GSFD101282092,Extrême-Nord,Extrême-Nord,MINESEC,NO_ALREADY_CANONICAL
006b66d4-5c38-4dff-8e99-8cf40e2b4898,0EK1GSFD111193113,Extrême-Nord,Extrême-Nord,MINESEC,NO_ALREADY_CANONICAL
97916101-3031-45aa-bf67-9ee177529b21,0KL1GSFD111999108,Extrême-Nord,Extrême-Nord,MINESEC,NO_ALREADY_CANONICAL
2434733d-b5f2-4e22-8c6d-af5e75eb7286,0EK1GSFD111278074,Extrême-Nord,Extrême-Nord,MINESEC,NO_ALREADY_CANONICAL
77cc3bf2-7b94-4d83-8974-77f19360344a,0EL1GSFD102078111,Extrême-Nord,Extrême-Nord,MINESEC,NO_ALREADY_CANONICAL
dbd8a42f-9a1f-4c6a-ab98-931d5e9f0bbb,0EL1GSFD110353111,Extrême-Nord,Extrême-Nord,MINESEC,NO_ALREADY_CANONICAL
9eb0471c-12f9-4f4f-99ae-294214a4862a,0EM1GSFD100330107,Extrême-Nord,Extrême-Nord,MINESEC,NO_ALREADY_CANONICAL
3a8d76da-c6a4-430e-a497-604b05b10887,0EM1GSFD102987117,Extrême-Nord,Extrême-Nord,MINESEC,NO_ALREADY_CANONICAL
05f40e78-c328-49ac-acf4-a31bcf186c76,0EM1GSFD111870096,Extrême-Nord,Extrême-Nord,MINESEC,NO_ALREADY_CANONICAL
57f66f94-0f89-4f6d-b488-1f86e6537184,0EQ1GSFD102425112,Extrême-Nord,Extrême-Nord,MINESEC,NO_ALREADY_CANONICAL
935c4b39-0021-4038-ab2b-4b82956ab233,0EQ1GSFD100362100,Extrême-Nord,Extrême-Nord,MINESEC,NO_ALREADY_CANONICAL
013e67c8-e2ba-4a19-a6e7-09470f51769a,0HC1GSFD100006112,Extrême-Nord,Extrême-Nord,MINESEC,NO_ALREADY_CANONICAL
e6b56b6f-317b-42c0-96b4-644d2f204940,0HC1GSFD112124114,Extrême-Nord,Extrême-Nord,MINESEC,NO_ALREADY_CANONICAL
d43db64d-edcc-4956-b89f-0849d0d40cb8,0HC1GSFD112052115,Extrême-Nord,Extrême-Nord,MINESEC,NO_ALREADY_CANONICAL
50f557ad-49ac-4392-b748-176329596357,0HE1GSFD102709114,Extrême-Nord,Extrême-Nord,MINESEC,NO_ALREADY_CANONICAL
6a46b493-261c-409b-a9ce-cac92a91afb2,0KL1GSFD111297113,Extrême-Nord,Extrême-Nord,MINESEC,NO_ALREADY_CANONICAL
19e1e8ed-df92-4b9f-bf56-c7c30bb427fe,1CK1GSBD111898112,Nord,Nord,MINESEC,NO_ALREADY_CANONICAL
94d303aa-ad81-4fbe-aad5-0480738a7133,1CL1GSFD100610111,Nord,Nord,MINESEC,NO_ALREADY_CANONICAL
60ab2098-d80c-4333-8369-0f84f0a634d2,1CL1GSFD111465106,Nord,Nord,MINESEC,NO_ALREADY_CANONICAL
e94dc645-2eb3-4a04-9ecd-55258418379d,1CM1GSBD111255112,Nord,Nord,MINESEC,NO_ALREADY_CANONICAL
b2ef2198-b51f-4b51-81ab-3b77fbef6061,1CM1GSFD111223110,Nord,Nord,MINESEC,NO_ALREADY_CANONICAL
aed578cc-92be-45e3-a6fb-33e3cb63f952,1CQ1GSFD101245111,Nord,Nord,MINESEC,NO_ALREADY_CANONICAL
007bfbe5-1ef7-4ede-a912-8bb48de01c58,0HE1GSFD102103112,Extrême-Nord,Extrême-Nord,MINESEC,NO_ALREADY_CANONICAL
1bd51f65-0e68-46cf-8f9f-4f24577d7f5e,0HE1GSFD102838116,Extrême-Nord,Extrême-Nord,MINESEC,NO_ALREADY_CANONICAL
814215e0-7457-463b-a8bd-c84e973fbe93,0HE1GSFD112086107,Extrême-Nord,Extrême-Nord,MINESEC,NO_ALREADY_CANONICAL
5726f343-a5c1-4ae4-9206-81921510ada6,0HH1GSFD102161112,Extrême-Nord,Extrême-Nord,MINESEC,NO_ALREADY_CANONICAL
53064cef-22a9-422c-a115-57957532ac97,0HH1GSFD102865116,Extrême-Nord,Extrême-Nord,MINESEC,NO_ALREADY_CANONICAL
7c5fa939-9cd6-4344-b770-d5c3eafe2847,0HH1GSFD112088111,Extrême-Nord,Extrême-Nord,MINESEC,NO_ALREADY_CANONICAL
684275c1-ba33-41b1-bc54-192536ca9e42,0HI1GSFD101014111,Extrême-Nord,Extrême-Nord,MINESEC,NO_ALREADY_CANONICAL
3f6f5c55-191b-4b45-a27a-6eb3c50260b3,0HI1GSFD110342111,Extrême-Nord,Extrême-Nord,MINESEC,NO_ALREADY_CANONICAL
3f37ebed-eb09-43d4-904b-9f610e28cefd,0HI1GSFD112006109,Extrême-Nord,Extrême-Nord,MINESEC,NO_ALREADY_CANONICAL
74020830-80e4-4c4b-a58a-8d9bc32a7ff7,0HI1GSFD110687111,Extrême-Nord,Extrême-Nord,MINESEC,NO_ALREADY_CANONICAL
33073104-3fd2-43e2-bce3-056b7973c5f8,0HJ1GSFD102917114,Extrême-Nord,Extrême-Nord,MINESEC,NO_ALREADY_CANONICAL
f7cf0515-6d9d-4bf3-9df0-d1f05f8914e6,0HJ1GSFD100604112,Extrême-Nord,Extrême-Nord,MINESEC,NO_ALREADY_CANONICAL
aaa08fd0-dad1-4dd3-ba06-621ac370e140,0HJ1GSFD112091097,Extrême-Nord,Extrême-Nord,MINESEC,NO_ALREADY_CANONICAL
145ee3ba-fd86-4985-9280-afd31dff6aba,0HJ1GSFD112109109,Extrême-Nord,Extrême-Nord,MINESEC,NO_ALREADY_CANONICAL
f702796d-b409-4e3c-872f-c2925c911490,0HK1GSFD100245111,Extrême-Nord,Extrême-Nord,MINESEC,NO_ALREADY_CANONICAL
165f54ce-677b-4a95-91f5-a1c65eb118a9,0HK1GSBD110247113,Extrême-Nord,Extrême-Nord,MINESEC,NO_ALREADY_CANONICAL
b7549947-4247-4c2d-8969-16cc3975b563,0HK1GSFD110145111,Extrême-Nord,Extrême-Nord,MINESEC,NO_ALREADY_CANONICAL
87c421d8-d384-4639-b17a-287fbeb12aec,0HK1GSFD112096114,Extrême-Nord,Extrême-Nord,MINESEC,NO_ALREADY_CANONICAL
9acb04ae-f70d-40e5-96af-1b879437bac6,0HK1GSFD111963108,Extrême-Nord,Extrême-Nord,MINESEC,NO_ALREADY_CANONICAL
35fd10d6-c94b-4bda-9ce7-7bc8b1a24a1a,0HL1GSFD102236113,Extrême-Nord,Extrême-Nord,MINESEC,NO_ALREADY_CANONICAL
e4d84833-4b62-48d5-840e-5e2ce23f4ea5,0HL1GSFD102120112,Extrême-Nord,Extrême-Nord,MINESEC,NO_ALREADY_CANONICAL
e7a11a9c-4d0e-4d17-96f8-6546b6d0d505,0HL1GSFD111980109,Extrême-Nord,Extrême-Nord,MINESEC,NO_ALREADY_CANONICAL
7b2d195f-336e-4a18-98a4-f5700d656138,0HL1GSFD112217114,Extrême-Nord,Extrême-Nord,MINESEC,NO_ALREADY_CANONICAL
1cc62876-8077-4fdd-a20b-85ac082e7816,0HL1GSFD112150107,Extrême-Nord,Extrême-Nord,MINESEC,NO_ALREADY_CANONICAL
bb962441-62a0-4e53-b8c3-7e1057059284,0HL1GSFD111541115,Extrême-Nord,Extrême-Nord,MINESEC,NO_ALREADY_CANONICAL
e322b3d5-dcfc-4055-a7e3-9f85fdc540ee,0HM1GSFD102843115,Extrême-Nord,Extrême-Nord,MINESEC,NO_ALREADY_CANONICAL
87e34582-42e5-4421-bf6d-91d5c2210641,0HM1GSFD112118114,Extrême-Nord,Extrême-Nord,MINESEC,NO_ALREADY_CANONICAL
3c21f198-dfe2-4b52-9251-793f227cdb6e,0HM1GSFD112126113,Extrême-Nord,Extrême-Nord,MINESEC,NO_ALREADY_CANONICAL
6b7470c2-c625-4caf-97d2-bf821a0e5ea9,0HM1GSFD112072113,Extrême-Nord,Extrême-Nord,MINESEC,NO_ALREADY_CANONICAL
b6ccc63a-2a05-401c-8260-737548f4ce79,0HN1GSFD102131110,Extrême-Nord,Extrême-Nord,MINESEC,NO_ALREADY_CANONICAL
394ae23e-8841-43de-9053-7243e51a872b,0HN1GSBD111478115,Extrême-Nord,Extrême-Nord,MINESEC,NO_ALREADY_CANONICAL
30ff9382-2fb4-411e-848f-913f63c1df3b,0HN1GSFD112094107,Extrême-Nord,Extrême-Nord,MINESEC,NO_ALREADY_CANONICAL
3a5c50a8-51da-47cd-b5ac-f213e8b0e8aa,0HQ1GSFD102148112,Extrême-Nord,Extrême-Nord,MINESEC,NO_ALREADY_CANONICAL
78aa0876-2c01-4b3e-8dee-c518c85a6ecf,0HQ1GSFD111093107,Extrême-Nord,Extrême-Nord,MINESEC,NO_ALREADY_CANONICAL
2e1fb1af-615f-4d47-8866-0ab54b7d56b7,0HQ1GSFD112169113,Extrême-Nord,Extrême-Nord,MINESEC,NO_ALREADY_CANONICAL
46f51848-fd5b-432b-ac94-84257b917668,0HR1GSFD102129109,Extrême-Nord,Extrême-Nord,MINESEC,NO_ALREADY_CANONICAL
7c914f39-597b-4143-9b97-b92b9a6bde3d,0HR1GSFD102192110,Extrême-Nord,Extrême-Nord,MINESEC,NO_ALREADY_CANONICAL
4bf282d9-0e84-4679-9229-eed8319eeeff,0HR1GSFD102864116,Extrême-Nord,Extrême-Nord,MINESEC,NO_ALREADY_CANONICAL
0e8a9130-d9a2-4025-8101-8d0a19f6415c,0HR1GSBD111689105,Extrême-Nord,Extrême-Nord,MINESEC,NO_ALREADY_CANONICAL
a21cc549-6e21-4478-8ee0-88936504eabf,0HR1GSFD111959109,Extrême-Nord,Extrême-Nord,MINESEC,NO_ALREADY_CANONICAL
f20cba63-8a04-404d-9633-e34d55a3ced5,0HR1GSFD111082115,Extrême-Nord,Extrême-Nord,MINESEC,NO_ALREADY_CANONICAL
b5742b95-ed77-4ee1-be1f-6ea414645cac,0HR1GSFD111089111,Extrême-Nord,Extrême-Nord,MINESEC,NO_ALREADY_CANONICAL
deea4992-ccc6-42ce-8e29-f0d8bac8b07f,0HR1GSFD112107112,Extrême-Nord,Extrême-Nord,MINESEC,NO_ALREADY_CANONICAL
55738daf-32a9-4663-9aa9-616a540e5213,0IC1GSFD102732114,Extrême-Nord,Extrême-Nord,MINESEC,NO_ALREADY_CANONICAL
d11b05f3-ca92-45c0-9541-c5380cd045ad,0IC1GSFD110242109,Extrême-Nord,Extrême-Nord,MINESEC,NO_ALREADY_CANONICAL
dea2e00e-a879-477c-8064-252b05574d5b,0IC1GSFD112384092,Extrême-Nord,Extrême-Nord,MINESEC,NO_ALREADY_CANONICAL
378302a8-7d88-4563-962c-4adf97b54e1c,0IE1GSFD102918112,Extrême-Nord,Extrême-Nord,MINESEC,NO_ALREADY_CANONICAL
aadda0bb-f212-4ea5-9656-2f75d2ba9ada,0IE1GSFD100454112,Extrême-Nord,Extrême-Nord,MINESEC,NO_ALREADY_CANONICAL
dac9a78c-8351-4329-a3e5-25865c0504d0,0IE1GSFD102836116,Extrême-Nord,Extrême-Nord,MINESEC,NO_ALREADY_CANONICAL
88bd4852-0c3f-448a-8c84-3165aecc0f5b,0IE1GSFD112211078,Extrême-Nord,Extrême-Nord,MINESEC,NO_ALREADY_CANONICAL
bb854426-14f5-4118-952b-2e022944dfaa,0IE1GSFD112174110,Extrême-Nord,Extrême-Nord,MINESEC,NO_ALREADY_CANONICAL
5bbe521b-3d5a-4f1e-b43d-884ae3366f14,0IE1GSFD110166109,Extrême-Nord,Extrême-Nord,MINESEC,NO_ALREADY_CANONICAL
c069c24c-d55b-4185-afa2-4ec0f3bb5485,0IE1GSFD110561111,Extrême-Nord,Extrême-Nord,MINESEC,NO_ALREADY_CANONICAL
c8b8b87c-593c-4a4f-a09f-07c275ac266e,0IE1GSFD111946112,Extrême-Nord,Extrême-Nord,MINESEC,NO_ALREADY_CANONICAL
8bc6e9ef-a2ee-408c-a86a-7c864f80444f,0IE1GSFD112056114,Extrême-Nord,Extrême-Nord,MINESEC,NO_ALREADY_CANONICAL
84d8b86b-9941-4a61-8637-46508e170b09,0IE1GSFD112116107,Extrême-Nord,Extrême-Nord,MINESEC,NO_ALREADY_CANONICAL
fc9c2e10-9205-469a-a631-c3fdbf95e9f9,0IE1GSFD111703107,Extrême-Nord,Extrême-Nord,MINESEC,NO_ALREADY_CANONICAL
69708e70-58ea-4ea4-adbe-a6005d075c89,0IH1GSFD100225108,Extrême-Nord,Extrême-Nord,MINESEC,NO_ALREADY_CANONICAL
e940f027-3ff0-4f30-a869-4fe56210a063,0IH1GSFD110077110,Extrême-Nord,Extrême-Nord,MINESEC,NO_ALREADY_CANONICAL
8209a886-ad93-416c-a422-b1d0790e0213,0II1GSFD102201113,Extrême-Nord,Extrême-Nord,MINESEC,NO_ALREADY_CANONICAL
b5559f53-3eb7-40ea-95f1-c0bd26d8f184,0II1GSFD102919114,Extrême-Nord,Extrême-Nord,MINESEC,NO_ALREADY_CANONICAL
bba320aa-3a76-4a6a-8b21-c2dd90deb2b7,0II1GSFD102227113,Extrême-Nord,Extrême-Nord,MINESEC,NO_ALREADY_CANONICAL
5416f103-d9e1-4a11-aa4c-803ca7f0f7c4,0II1GSFD111273115,Extrême-Nord,Extrême-Nord,MINESEC,NO_ALREADY_CANONICAL
585876af-d8cb-4f0b-92cf-cd6973f413f7,0II1GSFD111285100,Extrême-Nord,Extrême-Nord,MINESEC,NO_ALREADY_CANONICAL
a584d0c8-dec7-4dfa-bb73-a2cc2fb336e0,0IJ1GSFD110427107,Extrême-Nord,Extrême-Nord,MINESEC,NO_ALREADY_CANONICAL
594db4da-82a9-4dee-b7be-b4f23536e5d6,0IJ1GSFD112015113,Extrême-Nord,Extrême-Nord,MINESEC,NO_ALREADY_CANONICAL
a7f04ee9-f9e7-4820-8183-5677b9388a0c,3EE1GSAD111698106,NORD-OUEST,Nord-Ouest,MINESEC,YES
868738c6-c153-490c-8479-e583efabd30e,6CC1GSAD111844112,SUD-OUEST,Sud-Ouest,MINESEC,YES
726bea63-36e0-4fba-b415-f6c23c62a21e,1CQ1GSFD102718114,Nord,Nord,MINESEC,NO_ALREADY_CANONICAL
d027b1ea-a9bc-4983-834f-e778629a3300,1CQ1GSBD101277110,Nord,Nord,MINESEC,NO_ALREADY_CANONICAL
01ccdfb4-70b0-4cca-af8f-77d633882228,1CQ1GSFD111993098,Nord,Nord,MINESEC,NO_ALREADY_CANONICAL
462886ec-c9fd-4b8e-98d8-1d0240c3a604,1CR1GSFD112393103,Nord,Nord,MINESEC,NO_ALREADY_CANONICAL
835581f9-92b9-413b-8e5d-c016dcffa943,1EC1GSBD101066109,Nord,Nord,MINESEC,NO_ALREADY_CANONICAL
18a1e85b-30be-41e8-a394-c82b6822762a,1EE1GSFD100924107,Nord,Nord,MINESEC,NO_ALREADY_CANONICAL
30070e00-a740-4dd0-ad68-7d1473f0a86f,1EE1GSFD100866108,Nord,Nord,MINESEC,NO_ALREADY_CANONICAL
f51bda76-7722-4448-b5bc-355f58b9a526,0IK1GSFD102726114,Extrême-Nord,Extrême-Nord,MINESEC,NO_ALREADY_CANONICAL
7e84c54c-4616-4aa1-a940-646e196803e2,0IK1GSFD112186104,Extrême-Nord,Extrême-Nord,MINESEC,NO_ALREADY_CANONICAL
e18d4ea7-f790-49d8-823f-9a85787477d6,0IK1GSFD111497115,Extrême-Nord,Extrême-Nord,MINESEC,NO_ALREADY_CANONICAL
442c4911-2ac3-4ed6-8dae-713be59774eb,0IL1GSFD101915110,Extrême-Nord,Extrême-Nord,MINESEC,NO_ALREADY_CANONICAL
6f233cac-5184-4025-90a5-725ecdf1399e,0IL1GSFD110154114,Extrême-Nord,Extrême-Nord,MINESEC,NO_ALREADY_CANONICAL
4ca33b33-0fff-4f8b-a492-eb352843238b,0JE1GSFD102835117,Extrême-Nord,Extrême-Nord,MINESEC,NO_ALREADY_CANONICAL
5a11037c-9fd6-4a1b-b57d-541546d6b350,0JE1GSFD110398082,Extrême-Nord,Extrême-Nord,MINESEC,NO_ALREADY_CANONICAL
40894771-f0f0-40a4-b129-3a9b14cbd787,0JE1GSFD110434113,Extrême-Nord,Extrême-Nord,MINESEC,NO_ALREADY_CANONICAL
ff0e7055-600c-4202-aaa9-ef8737250df3,0JE1GSFD110262104,Extrême-Nord,Extrême-Nord,MINESEC,NO_ALREADY_CANONICAL
45b65ddf-003e-4fe9-815f-ca05f418a6f4,0JE1GSFD111249110,Extrême-Nord,Extrême-Nord,MINESEC,NO_ALREADY_CANONICAL
1bd37861-1703-4ad6-a5be-c2d92552f2fc,0JH1GSFD102858115,Extrême-Nord,Extrême-Nord,MINESEC,NO_ALREADY_CANONICAL
630de2cd-3328-4332-a5d7-0ac70e074380,0JH1GSFD112156107,Extrême-Nord,Extrême-Nord,MINESEC,NO_ALREADY_CANONICAL
0d8b391c-bfdc-45a0-930b-c08d28081038,0JH1GSFD110249110,Extrême-Nord,Extrême-Nord,MINESEC,NO_ALREADY_CANONICAL
bf40029c-a826-47b5-8a79-45a52fa09ff7,0JH1GSFD112154096,Extrême-Nord,Extrême-Nord,MINESEC,NO_ALREADY_CANONICAL
17e8106d-0f2c-494e-8a11-e68dfff02628,0KC1GSFD102920114,Extrême-Nord,Extrême-Nord,MINESEC,NO_ALREADY_CANONICAL
e424cef3-af84-4d8e-8810-9c531e4a1a2e,0KC1GSBD111974110,Extrême-Nord,Extrême-Nord,MINESEC,NO_ALREADY_CANONICAL
e05b5c54-6a3f-4cdc-ac60-c1ff5203863b,0KC1GSFD111207113,Extrême-Nord,Extrême-Nord,MINESEC,NO_ALREADY_CANONICAL
851d201c-d723-4f8d-9634-cc2e95ae1dc2,0KI1GSFD100227111,Extrême-Nord,Extrême-Nord,MINESEC,NO_ALREADY_CANONICAL
18c9bbca-5ac8-44ff-a830-ab7fed3242e2,0KI1GSFD110575108,Extrême-Nord,Extrême-Nord,MINESEC,NO_ALREADY_CANONICAL
89ab993c-e474-466d-a050-baf0d49e8a75,0KJ1GSFD102834115,Extrême-Nord,Extrême-Nord,MINESEC,NO_ALREADY_CANONICAL
113c714a-6c92-4852-ad7a-bfa243f3c7d6,0KJ1GSFD102695114,Extrême-Nord,Extrême-Nord,MINESEC,NO_ALREADY_CANONICAL
1ebe7e74-6a18-4399-a519-e4d0da9fc320,0KJ1GSFD110325105,Extrême-Nord,Extrême-Nord,MINESEC,NO_ALREADY_CANONICAL
3e6649b5-bf42-4967-be5f-23a871f7e21e,0KJ1GSBD110275115,Extrême-Nord,Extrême-Nord,MINESEC,NO_ALREADY_CANONICAL
65f4f1dd-0b51-416c-a1ba-8279aa784064,0KJ1GSFD111953114,Extrême-Nord,Extrême-Nord,MINESEC,NO_ALREADY_CANONICAL
7ab37686-baee-4208-a2be-229a5e617b2d,0KC1GSFD112134109,Extrême-Nord,Extrême-Nord,MINESEC,NO_ALREADY_CANONICAL
7933af90-ef71-4a3b-803a-fc0751f4d2cc,0KE1GSFD111970110,Extrême-Nord,Extrême-Nord,MINESEC,NO_ALREADY_CANONICAL
3d1ed21b-baaa-4e01-85af-250dc740ae3e,0KH1GSFD102241113,Extrême-Nord,Extrême-Nord,MINESEC,NO_ALREADY_CANONICAL
bae8ec71-2e66-49d4-9892-377eb4bedebd,0KH1GSFD110583114,Extrême-Nord,Extrême-Nord,MINESEC,NO_ALREADY_CANONICAL
de5ea136-70ea-436a-b6ea-b99fc6375c0a,0KI1GSBD102244113,Extrême-Nord,Extrême-Nord,MINESEC,NO_ALREADY_CANONICAL
8038d5f3-9b19-44bb-b410-d77322ca70b4,0KK1GSFD102680114,Extrême-Nord,Extrême-Nord,MINESEC,NO_ALREADY_CANONICAL
29c9c88a-1e6b-440f-b06d-cf1fa79db016,0KK1GSFD101321112,Extrême-Nord,Extrême-Nord,MINESEC,NO_ALREADY_CANONICAL
bdcf9bdd-56d2-4d2c-b57f-7a5b95627a89,0KK1GSFD100696110,Extrême-Nord,Extrême-Nord,MINESEC,NO_ALREADY_CANONICAL
fd1cba17-2179-4c4d-bc4b-9886f9867532,0KK1GSFD102857115,Extrême-Nord,Extrême-Nord,MINESEC,NO_ALREADY_CANONICAL
1c91861c-b4ee-4e49-bcf5-68334fa065e5,0KK1GSFD100269111,Extrême-Nord,Extrême-Nord,MINESEC,NO_ALREADY_CANONICAL
ac5f9733-68b0-4717-aa75-cc02ad7465b0,0KK1GSFD102231113,Extrême-Nord,Extrême-Nord,MINESEC,NO_ALREADY_CANONICAL
12088600-f248-4297-8d1e-8f851f6c74f0,0KK1GSBD112981114,Extrême-Nord,Extrême-Nord,MINESEC,NO_ALREADY_CANONICAL
3dc6ee9d-84e3-4b6b-8823-0e33d170d20e,0KK1GSFD110512111,Extrême-Nord,Extrême-Nord,MINESEC,NO_ALREADY_CANONICAL
f7d78e0e-3b2c-47b1-9672-719444471335,0KK1GSFD110724074,Extrême-Nord,Extrême-Nord,MINESEC,NO_ALREADY_CANONICAL
4c9e3a49-4c56-4f39-b538-315b438a051b,0KK1GSFD110505115,Extrême-Nord,Extrême-Nord,MINESEC,NO_ALREADY_CANONICAL
86b9bef3-59a4-46b8-947d-b2f0f2002261,0KK1GSFD111966106,Extrême-Nord,Extrême-Nord,MINESEC,NO_ALREADY_CANONICAL
43119bf7-7f92-401a-a493-396553ba64a0,0KK1GSFD111261110,Extrême-Nord,Extrême-Nord,MINESEC,NO_ALREADY_CANONICAL
fa473c84-02f3-4426-9e6a-2f10a5d4b47b,4CC1GSBD111704099,Ouest,Ouest,MINESEC,NO_ALREADY_CANONICAL
e978f555-9c6d-47ec-ac31-2e9f713fb9d5,4CE1GSBD112003114,Ouest,Ouest,MINESEC,NO_ALREADY_CANONICAL
6bfb8149-b7bb-4842-a524-f8fab6696f20,4CE1GSFD111619110,Ouest,Ouest,MINESEC,NO_ALREADY_CANONICAL
a28f04c3-a3a3-4f30-b75e-2c7b0feb3ef1,4CE1GSFD111811110,Ouest,Ouest,MINESEC,NO_ALREADY_CANONICAL
815afcaf-e095-4c70-b48c-a05a8a5dda00,4CE1GSFD111605112,Ouest,Ouest,MINESEC,NO_ALREADY_CANONICAL
bd876040-a9da-4858-8f35-1e231b15fd00,4CE1GSFD111594109,Ouest,Ouest,MINESEC,NO_ALREADY_CANONICAL
222f5b64-dae2-4b2f-afab-d9a3b01e91bf,0KL1GSFD101292112,Extrême-Nord,Extrême-Nord,MINESEC,NO_ALREADY_CANONICAL
10f3e97e-6ca6-4740-b16e-4d42a0d192e0,0KL1GSFD102234113,Extrême-Nord,Extrême-Nord,MINESEC,NO_ALREADY_CANONICAL
54b05644-1c57-4d84-a3fb-48a961c192db,0KL1GSFD102746114,Extrême-Nord,Extrême-Nord,MINESEC,NO_ALREADY_CANONICAL
39cf6339-9001-409b-81a8-bd5114c7b1b3,0KL1GSFD111313111,Extrême-Nord,Extrême-Nord,MINESEC,NO_ALREADY_CANONICAL
970955f1-7980-4bce-aaa5-cf8464b43111,0KL1GSFD112462118,Extrême-Nord,Extrême-Nord,MINESEC,NO_ALREADY_CANONICAL
b47842b6-5624-43f3-9917-c5b71a6c3f38,0KL1GSFD111259110,Extrême-Nord,Extrême-Nord,MINESEC,NO_ALREADY_CANONICAL
567e9482-1c93-4612-90c8-4c3fbf9693b6,4CH1GSBD110524111,Ouest,Ouest,MINESEC,NO_ALREADY_CANONICAL
1b92e4e7-085f-4667-84a5-06ffb2f19484,4CH1GSFD111697110,Ouest,Ouest,MINESEC,NO_ALREADY_CANONICAL
c593be5c-3b34-4006-afe1-ef82a55add34,4CI1GSBD112030097,Ouest,Ouest,MINESEC,NO_ALREADY_CANONICAL
e19a2222-5fff-497f-a042-c6dddb365900,4CI1GSFD110612109,Ouest,Ouest,MINESEC,NO_ALREADY_CANONICAL
645d66b4-4b63-40c3-8b14-31731f9e6182,4EC1GSBD101500100,Ouest,Ouest,MINESEC,NO_ALREADY_CANONICAL
8db03d6f-c8b4-4c77-a63f-f49fee51c11d,4EC1GSFD111813109,Ouest,Ouest,MINESEC,NO_ALREADY_CANONICAL
9915bec4-90a1-4672-870e-18b701562e6d,4EH1GSFD101797103,Ouest,Ouest,MINESEC,NO_ALREADY_CANONICAL
b1cb8f8d-f451-4256-9217-3995d60cd42f,4EI1GSBD100085102,Ouest,Ouest,MINESEC,NO_ALREADY_CANONICAL
4a8d4961-6735-4d45-ba42-af3665189c14,4EI1GSBD110528114,Ouest,Ouest,MINESEC,NO_ALREADY_CANONICAL
1f23fbd1-dfde-4844-b156-620914ef54b0,4EJ1GSFD101995092,Ouest,Ouest,MINESEC,NO_ALREADY_CANONICAL
35d5ef3a-ddff-4fda-a6b1-714a975a87b0,4EJ1GSFD110354109,Ouest,Ouest,MINESEC,NO_ALREADY_CANONICAL
e56b2b94-5f5c-404f-b897-cec8cb7a9210,4EK1GSBD101806112,Ouest,Ouest,MINESEC,NO_ALREADY_CANONICAL
746bba97-f54c-4b06-9461-e447cb06c681,4EL1GSBD110395113,Ouest,Ouest,MINESEC,NO_ALREADY_CANONICAL
f442a245-edea-4859-af0a-38a4b7af4e51,4EL1GSFD112224090,Ouest,Ouest,MINESEC,NO_ALREADY_CANONICAL
57a17e85-349b-4430-a3d9-94e533ae6682,4HC1GSFD111837107,Ouest,Ouest,MINESEC,NO_ALREADY_CANONICAL
fe8d2231-2582-4c47-9f77-eb2eba44c9f4,4HE1GSFD102816115,Ouest,Ouest,MINESEC,NO_ALREADY_CANONICAL
bee5f632-dc7e-4f55-a0f1-e6c458cf3834,4HE1GSFD110794105,Ouest,Ouest,MINESEC,NO_ALREADY_CANONICAL
6a943ac9-ad48-42e4-bf8f-4c3062070aef,4HE1GSFD110509111,Ouest,Ouest,MINESEC,NO_ALREADY_CANONICAL
6cea8d86-998d-4717-b7f7-23005b51a66e,4HH1GSFD100812108,Ouest,Ouest,MINESEC,NO_ALREADY_CANONICAL
b6cda68f-5d1a-4768-b846-b7a7d86fc9cd,4HH1GSFD110370107,Ouest,Ouest,MINESEC,NO_ALREADY_CANONICAL
68738f17-c6ae-4c86-a6ce-492def56e70f,4HI1GSFD111971098,Ouest,Ouest,MINESEC,NO_ALREADY_CANONICAL
3cf49730-e2e0-4330-8fd3-43ba904886ff,4IC1GSFD110384111,Ouest,Ouest,MINESEC,NO_ALREADY_CANONICAL
e4e34155-c1d7-4a23-a39b-0f9346d1cb73,4IH1GSBD112209100,Ouest,Ouest,MINESEC,NO_ALREADY_CANONICAL
e471d441-ac34-47b2-b268-779461f08c11,4IH1GSFD112237109,Ouest,Ouest,MINESEC,NO_ALREADY_CANONICAL
dfaab346-058f-40ce-9346-f234a49b93f3,4IH1GSFD111785107,Ouest,Ouest,MINESEC,NO_ALREADY_CANONICAL
7361627c-f27c-47ac-b9ce-f8166823f34e,4JC1GSBD110486115,Ouest,Ouest,MINESEC,NO_ALREADY_CANONICAL
a6114ee4-7da3-46f7-b1ab-efdb265760b5,4JC1GSFD110851110,Ouest,Ouest,MINESEC,NO_ALREADY_CANONICAL
a43af4d0-4e44-4a21-a8a5-0d564db2751b,4JC1GSFD110952111,Ouest,Ouest,MINESEC,NO_ALREADY_CANONICAL
cd57322b-3130-4c06-9884-22cd53c6f491,4JE1GSFD100883109,Ouest,Ouest,MINESEC,NO_ALREADY_CANONICAL
539f01e8-b4e8-4ccc-a129-f59f1edb5cc2,4JE1GSFD110057111,Ouest,Ouest,MINESEC,NO_ALREADY_CANONICAL
008cfcc3-7ffc-427f-9821-af3653b5fd40,4JH1GSBD100721110,Ouest,Ouest,MINESEC,NO_ALREADY_CANONICAL
2e6fa20b-1a82-4ca8-a930-c1790b342d45,4JH1GSFD110068113,Ouest,Ouest,MINESEC,NO_ALREADY_CANONICAL
c7fcfb5f-d777-4ea7-b6ab-8378fea9b2b4,4JI1GSFD102353113,Ouest,Ouest,MINESEC,NO_ALREADY_CANONICAL
612b0863-6d81-4d6b-862a-82c67c808e7e,4JI1GSBD110621113,Ouest,Ouest,MINESEC,NO_ALREADY_CANONICAL
a1293ef0-21c3-46bf-a388-1128c2153294,4JI1GSFD110653114,Ouest,Ouest,MINESEC,NO_ALREADY_CANONICAL
ba1d017a-b9a6-45ac-a9cf-c70394b11771,4JJ1GSFD100928109,Ouest,Ouest,MINESEC,NO_ALREADY_CANONICAL
882aece6-7837-4fbb-aa0a-d339b98bae29,4JJ1GSFD110916112,Ouest,Ouest,MINESEC,NO_ALREADY_CANONICAL
5783b435-b294-49a6-bf59-aef8b12f5323,4JJ1GSFD111927107,Ouest,Ouest,MINESEC,NO_ALREADY_CANONICAL
b69f1ebe-533d-4eb3-a871-e3a1bb05664f,4JJ1GSFD111922106,Ouest,Ouest,MINESEC,NO_ALREADY_CANONICAL
62611641-5f99-40ef-963d-03f8f6672e32,4JK1GSFD101912110,Ouest,Ouest,MINESEC,NO_ALREADY_CANONICAL
1bc70f5f-7090-430a-bddd-4398e9b40d9d,4JK1GSBD110497111,Ouest,Ouest,MINESEC,NO_ALREADY_CANONICAL
d3aa6291-f999-4bed-8641-bbb93f766bbb,4KC1GSBD112469091,Ouest,Ouest,MINESEC,NO_ALREADY_CANONICAL
ad341eeb-9e86-43d2-9ab5-8af506af9d4e,4KC1GSFD112471069,Ouest,Ouest,MINESEC,NO_ALREADY_CANONICAL
b2a0c0dc-c25d-4e18-8908-45421d9bcdff,4KE1GSBD112400100,Ouest,Ouest,MINESEC,NO_ALREADY_CANONICAL
e567911d-b5b1-4528-a90b-33e9c42cd875,4KE1GSFD110104115,Ouest,Ouest,MINESEC,NO_ALREADY_CANONICAL
086d28ff-4c89-45a0-b124-6f8584ff7fea,4KH1GSBD112357113,Ouest,Ouest,MINESEC,NO_ALREADY_CANONICAL
bc01b0ae-de72-46c1-a48a-d5d5ffb9094e,4LC1GSFD100637108,Ouest,Ouest,MINESEC,NO_ALREADY_CANONICAL
3a72c20c-9577-40ae-a6e2-fc00ebb84f2d,4LC1GSBD110087106,Ouest,Ouest,MINESEC,NO_ALREADY_CANONICAL
3de405ab-fd83-4334-adfc-0b6f89278ee5,4LC1GSFD110121076,Ouest,Ouest,MINESEC,NO_ALREADY_CANONICAL
60f3f6f5-2c13-43c8-8cc8-4d195801ee32,4LC1GSFD110463110,Ouest,Ouest,MINESEC,NO_ALREADY_CANONICAL
405b2a7c-fb5a-4765-8d34-87282bc03be4,4LC1GSFD111624112,Ouest,Ouest,MINESEC,NO_ALREADY_CANONICAL
e5f064c0-f334-4a18-ba1c-e8a830609568,4LH1GSBD111708114,Ouest,Ouest,MINESEC,NO_ALREADY_CANONICAL
a0d12f14-abf5-434e-a94b-9641eae7280d,4LI1GSBD111700115,Ouest,Ouest,MINESEC,NO_ALREADY_CANONICAL
dba91c1a-afcd-4357-a0b1-d9883b2f3684,4MC1GSBD101490111,Ouest,Ouest,MINESEC,NO_ALREADY_CANONICAL
8ec64baf-a8dd-4301-ae07-db7dfc774bf1,4MC1GSBD111671106,Ouest,Ouest,MINESEC,NO_ALREADY_CANONICAL
de5953d7-bc4f-4506-ba96-107f9005fedc,4ME1GSFD101077112,Ouest,Ouest,MINESEC,NO_ALREADY_CANONICAL
bec856d5-e71d-4ef2-9052-ef98f3b3961d,4ME1GSFD101021111,Ouest,Ouest,MINESEC,NO_ALREADY_CANONICAL
d14889bf-a664-4160-8291-d326e617a501,4ME1GSFD111042109,Ouest,Ouest,MINESEC,NO_ALREADY_CANONICAL
31faaf07-5008-49b5-8806-4ab9cacd400d,4MH1GSBD111846095,Ouest,Ouest,MINESEC,NO_ALREADY_CANONICAL
1ea41c5f-a8c5-46e7-a784-a4c6533c43ac,4MH1GSFD111828108,Ouest,Ouest,MINESEC,NO_ALREADY_CANONICAL
4b36267d-39d4-4ef1-bf8e-c6333560a000,4MI1GSFD102707114,Ouest,Ouest,MINESEC,NO_ALREADY_CANONICAL
e53eff13-9695-4ca4-a311-b14f08177972,4MI1GSFD111015118,Ouest,Ouest,MINESEC,NO_ALREADY_CANONICAL
b20ce2d9-3127-4498-b727-1a2fe4b9b367,4MJ1GSFD111895110,Ouest,Ouest,MINESEC,NO_ALREADY_CANONICAL
95ec3057-94bb-40fb-8fbb-97d8eb2e01ee,4MK1GSFD100747110,Ouest,Ouest,MINESEC,NO_ALREADY_CANONICAL
cc32a180-870d-416e-af4c-573498687ab7,4ML1GSBD102356113,Ouest,Ouest,MINESEC,NO_ALREADY_CANONICAL
e4cac4f7-8790-489b-b37a-597f5e60d5d7,4ML1GSFD100594110,Ouest,Ouest,MINESEC,NO_ALREADY_CANONICAL
b01cc55a-67c8-453d-93d7-d16680a7d33e,4ML1GSBD112018110,Ouest,Ouest,MINESEC,NO_ALREADY_CANONICAL
cf44640d-a996-4f9d-abce-1343a73ebd6a,4MM1GSFD101046109,Ouest,Ouest,MINESEC,NO_ALREADY_CANONICAL
ef49eb7a-b30a-4a48-ab47-46e466942cbe,4MM1GSBD112013109,Ouest,Ouest,MINESEC,NO_ALREADY_CANONICAL
2e27cce1-0f34-4126-a4ef-b3f487f57255,4MN1GSFD102715114,Ouest,Ouest,MINESEC,NO_ALREADY_CANONICAL
e790ea81-27f1-40a4-9179-512873c964a8,4MN1GSFD112405111,Ouest,Ouest,MINESEC,NO_ALREADY_CANONICAL
6379c2eb-e043-47c0-bcfd-0895ff9b21e4,2CC1GSFD102433111,Adamaoua,Adamaoua,MINESEC,NO_ALREADY_CANONICAL
563452a9-3aa6-4c52-99f7-d67c9118dbbd,2CC1GSBD112397112,Adamaoua,Adamaoua,MINESEC,NO_ALREADY_CANONICAL
ccc4e085-cd16-4d3c-9037-7e8fb96f0f4e,2CE1GSFD102856115,Adamaoua,Adamaoua,MINESEC,NO_ALREADY_CANONICAL
8b0a89a0-a7d2-4fb3-9f76-e99b5972ffca,2CE1GSFD110001114,Adamaoua,Adamaoua,MINESEC,NO_ALREADY_CANONICAL
9803a852-9fd2-4b73-9d23-2da3474831db,2EI1GSFD100832108,Adamaoua,Adamaoua,MINESEC,NO_ALREADY_CANONICAL
9077be5d-713c-4484-9b38-d3da13be918c,2EJ1GSFD102863115,Adamaoua,Adamaoua,MINESEC,NO_ALREADY_CANONICAL
7c5411fd-05fb-461d-bc33-382b92b1bbd9,2EJ1GSFD102437112,Adamaoua,Adamaoua,MINESEC,NO_ALREADY_CANONICAL
41408009-1fe1-4770-9c4b-06104e27f4db,2EJ1GSFD112382112,Adamaoua,Adamaoua,MINESEC,NO_ALREADY_CANONICAL
0f180974-8b01-4802-99b5-94fbbc762064,2HC1GSBD112416115,Adamaoua,Adamaoua,MINESEC,NO_ALREADY_CANONICAL
f208d629-a85a-4560-8f7a-e0d59ef61261,2HC1GSFD112403112,Adamaoua,Adamaoua,MINESEC,NO_ALREADY_CANONICAL
07c62063-d23d-4821-9d20-9905bd901547,2HE1GSBD110609115,Adamaoua,Adamaoua,MINESEC,NO_ALREADY_CANONICAL
e300356e-da57-4c40-896f-825a45fc968c,2IC1GSFD101061111,Adamaoua,Adamaoua,MINESEC,NO_ALREADY_CANONICAL
62fd4399-f6c0-43f6-867a-60d6ba738f4d,2IE1GSFD101263111,Adamaoua,Adamaoua,MINESEC,NO_ALREADY_CANONICAL
91dec73c-5dc4-4ed0-86a8-53c5453adc04,2IE1GSFD111184101,Adamaoua,Adamaoua,MINESEC,NO_ALREADY_CANONICAL
22ea443b-f844-49fc-8f49-487552dfec18,2IH1GSFD102190110,Adamaoua,Adamaoua,MINESEC,NO_ALREADY_CANONICAL
274aaae2-0435-43b0-80f6-7b0a0f2bc204,2IH1GSFD112450088,Adamaoua,Adamaoua,MINESEC,NO_ALREADY_CANONICAL
fa812686-6a3b-4ce1-b757-1d2a4bf8160b,2IH1GSFD110515115,Adamaoua,Adamaoua,MINESEC,NO_ALREADY_CANONICAL
9e0b3f1d-185f-472c-8f11-6dfee44d3a6e,2JC1GSFD110318109,Adamaoua,Adamaoua,MINESEC,NO_ALREADY_CANONICAL
0a6c86ce-c880-4958-9a75-80fe4fff62dd,2JC1GSFD110634113,Adamaoua,Adamaoua,MINESEC,NO_ALREADY_CANONICAL
ab977fa1-71d1-472a-a0b8-44f8ed10d576,2JE1GSFD100774113,Adamaoua,Adamaoua,MINESEC,NO_ALREADY_CANONICAL
7f81d18e-1aab-4404-87c7-76cb851bb7a3,2JH1GSBD111827113,Adamaoua,Adamaoua,MINESEC,NO_ALREADY_CANONICAL
33622c60-d484-4538-b632-7637a743fa1c,1EE1GSBD100782112,Nord,Nord,MINESEC,NO_ALREADY_CANONICAL
1cf53e70-2239-4439-9270-5123577b1e6d,1EE1GSFD110857090,Nord,Nord,MINESEC,NO_ALREADY_CANONICAL
b0692fab-45e9-458b-a3e1-458da1bd7adf,1HC1GSFD111983104,Nord,Nord,MINESEC,NO_ALREADY_CANONICAL
6508da23-b6d7-4e48-968a-d9f8e795e4c9,1HE1GSFD102745114,Nord,Nord,MINESEC,NO_ALREADY_CANONICAL
a4101f56-ea5f-43cd-b51c-8af6bdd8b163,1HE1GSFD101301112,Nord,Nord,MINESEC,NO_ALREADY_CANONICAL
c0b699ef-52be-4c4c-b553-d3b7430442de,1HE1GSFD110862115,Nord,Nord,MINESEC,NO_ALREADY_CANONICAL
2b3f8082-4eca-486e-800b-968701742b1f,1HE1GSFD111190076,Nord,Nord,MINESEC,NO_ALREADY_CANONICAL
c120a55b-c835-43f7-9edc-3f5315334c30,1HE1GSFD110744111,Nord,Nord,MINESEC,NO_ALREADY_CANONICAL
9b5dd143-1190-42ee-b280-0bbbeb1ab0cb,1HH1GSFD100816112,Nord,Nord,MINESEC,NO_ALREADY_CANONICAL
126b4785-4d3a-4092-8ba5-ee84897a1fad,0IL1GSFD111499113,Extrême-Nord,Extrême-Nord,MINESEC,NO_ALREADY_CANONICAL
c2c53bf2-319b-4d9f-bd6c-c830b4569422,0JC1GSFD112177098,Extrême-Nord,Extrême-Nord,MINESEC,NO_ALREADY_CANONICAL
323a42fb-0be3-44ee-94e2-8fc7ec3b7614,0JE1GSFD102363113,Extrême-Nord,Extrême-Nord,MINESEC,NO_ALREADY_CANONICAL
97ca0045-c4c2-49d6-b49d-1b3ca892bd5e,1HH1GSBD111893114,Nord,Nord,MINESEC,NO_ALREADY_CANONICAL
87c2b31c-1d57-41cb-b706-f66f93be514c,1HH1GSFD112297112,Nord,Nord,MINESEC,NO_ALREADY_CANONICAL
113839a9-3b4c-4f51-8c6d-381b7ceca74e,1IE1GSBD102825115,Nord,Nord,MINESEC,NO_ALREADY_CANONICAL
8dc9d747-9877-47ac-8960-5017197f5d2b,1IE1GSFD110692092,Nord,Nord,MINESEC,NO_ALREADY_CANONICAL
d61511f7-089a-4bb2-8c70-0dc811cd4ead,1IH1GSFD102339113,Nord,Nord,MINESEC,NO_ALREADY_CANONICAL
67b13a8f-85d9-47a5-b02d-75267ac67564,1IH1GSFD111654109,Nord,Nord,MINESEC,NO_ALREADY_CANONICAL
e71dde34-13c1-40bf-9ac2-d6e1b5552790,1II1GSFD100972112,Nord,Nord,MINESEC,NO_ALREADY_CANONICAL
6d4774f7-cdb6-4040-90aa-55cb08fa4e6e,1II1GSFD101534112,Nord,Nord,MINESEC,NO_ALREADY_CANONICAL
27865ad4-a09f-44a2-9458-1d19cc6ce3ba,1II1GSBD102337113,Nord,Nord,MINESEC,NO_ALREADY_CANONICAL
844b6f8d-8864-4b72-b641-c899fd9c0868,1II1GSFD111849113,Nord,Nord,MINESEC,NO_ALREADY_CANONICAL
2fa18c5d-7d9e-4449-8514-73310e1459a4,0CC1GSFD100554112,Extrême-Nord,Extrême-Nord,MINESEC,NO_ALREADY_CANONICAL
d874ec24-1d82-424e-a3cf-32c68ff8d6d0,0CE1GSFD102700114,Extrême-Nord,Extrême-Nord,MINESEC,NO_ALREADY_CANONICAL
0c57a09f-1a49-41a0-9d80-5d3ed0eef754,0CE1GSFD110595110,Extrême-Nord,Extrême-Nord,MINESEC,NO_ALREADY_CANONICAL
635a99fb-91df-42f5-bda0-d9194cceb5a7,0CI1GSFD102215113,Extrême-Nord,Extrême-Nord,MINESEC,NO_ALREADY_CANONICAL
ab730d92-28c7-4bbe-9e9e-fd4160673b54,0CI1GSFD102045112,Extrême-Nord,Extrême-Nord,MINESEC,NO_ALREADY_CANONICAL
115a4e0e-1278-49da-ac7e-f41ee2035eaf,0CI1GSFD111303114,Extrême-Nord,Extrême-Nord,MINESEC,NO_ALREADY_CANONICAL
94290f67-57ae-4035-ae32-1b83237ec04a,0CI1GSFD112039107,Extrême-Nord,Extrême-Nord,MINESEC,NO_ALREADY_CANONICAL
33a9bfc7-8e2f-4873-b432-230a8b6342b6,0CK1GSFD102689114,Extrême-Nord,Extrême-Nord,MINESEC,NO_ALREADY_CANONICAL
dc7e5e82-b729-4820-b299-65f7c843259e,0CK1GSFD111222112,Extrême-Nord,Extrême-Nord,MINESEC,NO_ALREADY_CANONICAL
53f0410d-a97c-457f-a631-f4c610532b4d,0CL1GSFD112076115,Extrême-Nord,Extrême-Nord,MINESEC,NO_ALREADY_CANONICAL
247cc66f-d8c9-46e6-bd2f-af42b7eadb5d,0CL1GSFD111672110,Extrême-Nord,Extrême-Nord,MINESEC,NO_ALREADY_CANONICAL
d41f5f30-1d71-4e4c-bb57-93dacef7136b,0CM1GSFD111362115,Extrême-Nord,Extrême-Nord,MINESEC,NO_ALREADY_CANONICAL
fb254d16-c702-4168-b816-9f49c63ce055,0CN1GSFD101836112,Extrême-Nord,Extrême-Nord,MINESEC,NO_ALREADY_CANONICAL
f15ba5c0-ecdc-4a7d-820a-41a976d0e176,0EE1GSBD101923109,Extrême-Nord,Extrême-Nord,MINESEC,NO_ALREADY_CANONICAL
263b893e-d964-41ba-98e7-d04af23f4f1a,0EK1GSBD112144104,Extrême-Nord,Extrême-Nord,MINESEC,NO_ALREADY_CANONICAL
da36824d-31ab-4f70-a059-49662f0c246e,0EK1GSFD110464115,Extrême-Nord,Extrême-Nord,MINESEC,NO_ALREADY_CANONICAL
2e3f50e3-23ed-4782-8855-4ed34069684c,0EL1GSFD100393111,Extrême-Nord,Extrême-Nord,MINESEC,NO_ALREADY_CANONICAL
86b1474d-ab96-429c-8ae2-23417bc0e7f2,0EM1GSFD100702110,Extrême-Nord,Extrême-Nord,MINESEC,NO_ALREADY_CANONICAL
0f288b26-1635-47d7-bf66-b843795540db,0EN1GSFD110302111,Extrême-Nord,Extrême-Nord,MINESEC,NO_ALREADY_CANONICAL
03646d77-2464-4229-af67-12bff75c595c,0HC1GSBD112164114,Extrême-Nord,Extrême-Nord,MINESEC,NO_ALREADY_CANONICAL
b12066d2-814c-4b33-b8c2-de34a7c84830,0HC1GSFD112082108,Extrême-Nord,Extrême-Nord,MINESEC,NO_ALREADY_CANONICAL
b2a83266-7fd2-4f81-98e2-f2508a028953,0HE1GSFD102235113,Extrême-Nord,Extrême-Nord,MINESEC,NO_ALREADY_CANONICAL
8a452229-8b3e-4d34-8f8d-eb6e5f1465f6,0HH1GSFD100620109,Extrême-Nord,Extrême-Nord,MINESEC,NO_ALREADY_CANONICAL
6552bb03-8ff5-4b9e-a467-7312b58476c8,0HH1GSFD102839116,Extrême-Nord,Extrême-Nord,MINESEC,NO_ALREADY_CANONICAL
89945239-7aca-4b5a-acce-09df92718b49,0HI1GSFD102860115,Extrême-Nord,Extrême-Nord,MINESEC,NO_ALREADY_CANONICAL
f9781a7d-a016-4932-9efc-ca44e119117c,0HI1GSFD111911107,Extrême-Nord,Extrême-Nord,MINESEC,NO_ALREADY_CANONICAL
963813da-099a-4e09-aecf-7aead63f6182,0HI1GSFD112020115,Extrême-Nord,Extrême-Nord,MINESEC,NO_ALREADY_CANONICAL
2f8d1521-83dd-475b-a4cf-9e8783b34202,0HJ1GSFD102859115,Extrême-Nord,Extrême-Nord,MINESEC,NO_ALREADY_CANONICAL
15a985d1-0cb3-4487-a209-13eafdb0d25f,0HJ1GSFD110600111,Extrême-Nord,Extrême-Nord,MINESEC,NO_ALREADY_CANONICAL
5b17f48d-993d-4185-8ab6-6c97b090bf95,0HK1GSFD110240112,Extrême-Nord,Extrême-Nord,MINESEC,NO_ALREADY_CANONICAL
7a65953f-b5c8-4fc9-80fc-2c0e720afdef,0HK1GSFD112526083,Extrême-Nord,Extrême-Nord,MINESEC,NO_ALREADY_CANONICAL
7b19b5de-855f-422e-ae55-872b4b8dc4f7,0HL1GSFD102100112,Extrême-Nord,Extrême-Nord,MINESEC,NO_ALREADY_CANONICAL
82f7901b-c773-48dd-a5e2-9aa22235cb46,0HL1GSFD112112092,Extrême-Nord,Extrême-Nord,MINESEC,NO_ALREADY_CANONICAL
312a16eb-4119-4961-90aa-54eb2348843b,0HL1GSFD112183113,Extrême-Nord,Extrême-Nord,MINESEC,NO_ALREADY_CANONICAL
236920b8-39a2-4c82-8a32-d57ae2fea205,0HM1GSBD102199113,Extrême-Nord,Extrême-Nord,MINESEC,NO_ALREADY_CANONICAL
f1bb2736-f497-44aa-a8b2-41c9233d82d0,0HN1GSFD102152110,Extrême-Nord,Extrême-Nord,MINESEC,NO_ALREADY_CANONICAL
8a25c3b1-5c6a-47ff-8b8a-003cce6284f6,0HN1GSFD101495109,Extrême-Nord,Extrême-Nord,MINESEC,NO_ALREADY_CANONICAL
967209fb-74c1-4a21-8f24-24f41ed98e3a,0HN1GSFD111481111,Extrême-Nord,Extrême-Nord,MINESEC,NO_ALREADY_CANONICAL
ef835252-6fff-4098-9340-ecb1cbed7fbb,0HQ1GSFD102212113,Extrême-Nord,Extrême-Nord,MINESEC,NO_ALREADY_CANONICAL
5e5aac0d-dbc9-4873-a137-a8525d0080f5,0HR1GSFD102238113,Extrême-Nord,Extrême-Nord,MINESEC,NO_ALREADY_CANONICAL
b66c1bc8-2b5d-40f8-9d3a-1a1f2e65bc1d,0HR1GSFD102720114,Extrême-Nord,Extrême-Nord,MINESEC,NO_ALREADY_CANONICAL
de02a771-591f-4f51-a049-0dc95987e250,0HR1GSFD111086111,Extrême-Nord,Extrême-Nord,MINESEC,NO_ALREADY_CANONICAL
7d13a513-2b24-4404-bd6f-f96ae2463dba,0HR1GSFD112146114,Extrême-Nord,Extrême-Nord,MINESEC,NO_ALREADY_CANONICAL
f566653b-c55a-43b9-9b6e-225f90a3a69a,0IC1GSBD102837116,Extrême-Nord,Extrême-Nord,MINESEC,NO_ALREADY_CANONICAL
0ab4c42d-c40c-4461-bb3b-f9a72d331f00,0IC1GSFD112084115,Extrême-Nord,Extrême-Nord,MINESEC,NO_ALREADY_CANONICAL
743b6ffe-4fda-4e12-bf5d-0a3feba0c6cd,0IE1GSFD100518111,Extrême-Nord,Extrême-Nord,MINESEC,NO_ALREADY_CANONICAL
536b4dab-0079-42d6-8af7-b5338c67d318,0IE1GSFD112142113,Extrême-Nord,Extrême-Nord,MINESEC,NO_ALREADY_CANONICAL
48f627cd-cb0e-4a46-b6e3-d1b57d7fe25b,0IE1GSFD112031114,Extrême-Nord,Extrême-Nord,MINESEC,NO_ALREADY_CANONICAL
2e66c27a-5305-40be-b2ac-b6f74582d467,0IE1GSFD111699108,Extrême-Nord,Extrême-Nord,MINESEC,NO_ALREADY_CANONICAL
09055514-4371-4d5d-b1f0-9ef10120a7f0,0IE1GSFD112098098,Extrême-Nord,Extrême-Nord,MINESEC,NO_ALREADY_CANONICAL
9563052a-ab01-4f6e-a2d9-17f0db221ed4,0IH1GSFD100220110,Extrême-Nord,Extrême-Nord,MINESEC,NO_ALREADY_CANONICAL
7a3bd89d-f777-4e16-ba46-0dcc6c5c83ad,0II1GSFD101269107,Extrême-Nord,Extrême-Nord,MINESEC,NO_ALREADY_CANONICAL
0a0cb838-e4d0-4316-aa75-d5e42ef5c3aa,0II1GSFD112137110,Extrême-Nord,Extrême-Nord,MINESEC,NO_ALREADY_CANONICAL
3d67285a-8666-41a9-b323-095f724f86cf,0IJ1GSFD112070098,Extrême-Nord,Extrême-Nord,MINESEC,NO_ALREADY_CANONICAL
65e72fa5-ee2e-402b-9584-8b1d4540d1b9,0IK1GSFD102842116,Extrême-Nord,Extrême-Nord,MINESEC,NO_ALREADY_CANONICAL
4d93841b-e9bd-4ff3-b089-d7303e0ed435,0IK1GSFD102240113,Extrême-Nord,Extrême-Nord,MINESEC,NO_ALREADY_CANONICAL
ee03250f-843c-49ab-9df1-a4cd353eaf85,0IK1GSFD112343113,Extrême-Nord,Extrême-Nord,MINESEC,NO_ALREADY_CANONICAL
583b836e-374a-4f6c-a2d2-66a47936bb04,0IL1GSFD102738114,Extrême-Nord,Extrême-Nord,MINESEC,NO_ALREADY_CANONICAL
96bfa345-cc41-41bf-aab5-1c9cd52c7706,0JE1GSFD101070112,Extrême-Nord,Extrême-Nord,MINESEC,NO_ALREADY_CANONICAL
0ebd4b7f-ae88-4084-b483-bbe548843b76,0JE1GSBD110102111,Extrême-Nord,Extrême-Nord,MINESEC,NO_ALREADY_CANONICAL
cff45752-97e9-43cd-9ffa-bb893b1debcb,0JE1GSFD112140111,Extrême-Nord,Extrême-Nord,MINESEC,NO_ALREADY_CANONICAL
93a917ce-c8eb-4434-a2d0-411348dccb64,0JH1GSFD101243111,Extrême-Nord,Extrême-Nord,MINESEC,NO_ALREADY_CANONICAL
25615d18-468d-4411-89e1-789954723fa9,0JH1GSFD110180113,Extrême-Nord,Extrême-Nord,MINESEC,NO_ALREADY_CANONICAL
9c7f9ea9-e3a2-4a95-a3a7-d416cfeccae6,0KC1GSBD111204113,Extrême-Nord,Extrême-Nord,MINESEC,NO_ALREADY_CANONICAL
dd2bde0e-dc8c-43a3-a9cf-13baa7c880d0,0KC1GSFD110742114,Extrême-Nord,Extrême-Nord,MINESEC,NO_ALREADY_CANONICAL
aa4ad16c-c6cc-401d-bc5e-fc1de0b1a8d9,0KE1GSBD110280115,Extrême-Nord,Extrême-Nord,MINESEC,NO_ALREADY_CANONICAL
52c7f367-5cfc-4516-b5a3-d274381975f1,0KH1GSFD110356111,Extrême-Nord,Extrême-Nord,MINESEC,NO_ALREADY_CANONICAL
10f10d71-90d5-4ccc-bd8a-20c85d809775,5EH1GSFD112402105,Centre,Centre,MINESEC,NO_ALREADY_CANONICAL
d94cd127-1cd4-4dbe-9748-fc0baaf2d951,5EI1GSFD100585109,Centre,Centre,MINESEC,NO_ALREADY_CANONICAL
a9123b83-a1dd-43d8-81e5-e158f4056570,5EI1GSBD111909115,Centre,Centre,MINESEC,NO_ALREADY_CANONICAL
219d7f06-8ec1-48b0-865a-ca452f5115b3,5EI1GSFD112406111,Centre,Centre,MINESEC,NO_ALREADY_CANONICAL
5da81c99-9e4f-4968-b7e7-8bc353450f63,5EJ1GSFD112136099,Centre,Centre,MINESEC,NO_ALREADY_CANONICAL
01c23bd9-a325-4076-ba9f-940e26921189,5EK1GSBD102460112,Centre,Centre,MINESEC,NO_ALREADY_CANONICAL
a2ab0d06-d636-40fc-bb40-f383bd3eda3d,5EK1GSFD110163112,Centre,Centre,MINESEC,NO_ALREADY_CANONICAL
6af2777c-bf03-4781-ae6c-3e0a323df533,5EK1GSFD111867112,Centre,Centre,MINESEC,NO_ALREADY_CANONICAL
42822517-eb59-4b0a-897f-b7880b80d93c,5EL1GSFD100133109,Centre,Centre,MINESEC,NO_ALREADY_CANONICAL
1974ed51-ab8a-4b4f-b558-8a849b72516f,5EL1GSFD102447106,Centre,Centre,MINESEC,NO_ALREADY_CANONICAL
13653654-0937-4cac-a507-e56dd398ef0c,5EL1GSFD110185111,Centre,Centre,MINESEC,NO_ALREADY_CANONICAL
9e9e2445-3d5e-4c43-aff9-aabd24f092ae,5EJ1GSFD101063110,Centre,Centre,MINESEC,NO_ALREADY_CANONICAL
dd5e651d-5e9b-4d5a-b146-671d1e22046e,5EJ1GSFD100844111,Centre,Centre,MINESEC,NO_ALREADY_CANONICAL
52c24d70-473c-4acc-8f60-218cc7702c1f,5EE1GSFD101942112,Centre,Centre,MINESEC,NO_ALREADY_CANONICAL
c248c28f-7131-4cb5-8f16-d15fbba0ad05,5EL1GSFD110017109,Centre,Centre,MINESEC,NO_ALREADY_CANONICAL
4d435e05-3fd4-4ace-ab7a-ddb2ebf00cbf,5EM1GSFD102454109,Centre,Centre,MINESEC,NO_ALREADY_CANONICAL
d7307c28-4eae-4fde-aa9d-de264bd43cf6,5EM1GSFD102386112,Centre,Centre,MINESEC,NO_ALREADY_CANONICAL
4415038f-79c6-47b5-a794-6ddeabbd651b,5EM1GSFD110122091,Centre,Centre,MINESEC,NO_ALREADY_CANONICAL
dcff9666-8962-4fce-ae70-0a9d15de1dea,5EM1GSFD112245109,Centre,Centre,MINESEC,NO_ALREADY_CANONICAL
7f1628b7-33f3-4723-b8b8-1473824bf3df,5EM1GSFD110103106,Centre,Centre,MINESEC,NO_ALREADY_CANONICAL
aafb184c-0512-48af-861b-9e67c0640993,5EN1GSFD100160106,Centre,Centre,MINESEC,NO_ALREADY_CANONICAL
beabbf37-ae33-403e-ab31-3a59faf7f35f,5EN1GSFD100736108,Centre,Centre,MINESEC,NO_ALREADY_CANONICAL
2b78a11c-d921-40ca-9054-3b62d82b1783,5EN1GSFD112179100,Centre,Centre,MINESEC,NO_ALREADY_CANONICAL
4957af67-9be1-40ad-baac-e52e63b8356d,5EN1GSFD111938106,Centre,Centre,MINESEC,NO_ALREADY_CANONICAL
36464fbe-18e8-4f8d-a458-aca6f5c6c710,5HC1GSFD100893109,Centre,Centre,MINESEC,NO_ALREADY_CANONICAL
004d653e-1aaa-4bbf-ac1d-e87b5fdf2550,5HC1GSFD100920104,Centre,Centre,MINESEC,NO_ALREADY_CANONICAL
5f26956c-ad26-4e01-a045-cafbd8477549,5EM1GSFD102451112,Centre,Centre,MINESEC,NO_ALREADY_CANONICAL
be600ecf-5513-4577-a8d3-d509f57e0827,5EN1GSFD110769115,Centre,Centre,MINESEC,NO_ALREADY_CANONICAL
722b5f50-952d-44ed-9b6e-86d80e3516fe,5EL1GSFD110340097,Centre,Centre,MINESEC,NO_ALREADY_CANONICAL
5301ec50-65fb-4832-a55e-e3f6a2acc45b,5HH1GSFD100136105,Centre,Centre,MINESEC,NO_ALREADY_CANONICAL
bf78102e-56bb-480b-9992-e6ac93700983,5HE1GSFD101052110,Centre,Centre,MINESEC,NO_ALREADY_CANONICAL
95ff2e5d-01ba-4411-b5bb-247e79aba555,5HE1GSFD110826111,Centre,Centre,MINESEC,NO_ALREADY_CANONICAL
d4f72d5a-3d30-4f30-b2a0-a3e1f87cea81,5HH1GSFD100540110,Centre,Centre,MINESEC,NO_ALREADY_CANONICAL
67a285df-f8d7-4786-a8a9-3807153b93e3,5HI1GSFD100118110,Centre,Centre,MINESEC,NO_ALREADY_CANONICAL
836206f9-237c-4695-8464-49d66f01cfff,5HI1GSFD101969110,Centre,Centre,MINESEC,NO_ALREADY_CANONICAL
cc85dcfa-168f-4250-9804-cf92651491a2,5HJ1GSFD102445109,Centre,Centre,MINESEC,NO_ALREADY_CANONICAL
e902d7e6-b4e3-40e1-8b39-60b539f411b4,5HJ1GSFD110451113,Centre,Centre,MINESEC,NO_ALREADY_CANONICAL
42ff58ab-aec6-48ae-8f2a-9d391649df6c,5HK1GSFD110404097,Centre,Centre,MINESEC,NO_ALREADY_CANONICAL
825ad97d-2b44-410c-8313-72ea2009b79b,5HL1GSFD100482108,Centre,Centre,MINESEC,NO_ALREADY_CANONICAL
3e2da9ed-e176-4b57-96a8-66f5593a52a2,5HL1GSFD101960102,Centre,Centre,MINESEC,NO_ALREADY_CANONICAL
8b75aeb7-0aaa-469c-91b3-ed635bb33f69,5HL1GSFD110633107,Centre,Centre,MINESEC,NO_ALREADY_CANONICAL
992ea313-04d4-4047-93bc-8768e587b687,5HI1GSBD103234120,Centre,Centre,MINESEC,NO_ALREADY_CANONICAL
deea5d0b-b9bc-4f17-a975-44015072e998,5HK1GSBD103235120,Centre,Centre,MINESEC,NO_ALREADY_CANONICAL
0aa40fec-7157-4a79-9c02-f746af6d18b9,5HE1GSFD102851115,Centre,Centre,MINESEC,NO_ALREADY_CANONICAL
cd32d788-9159-4565-9668-759332c0dd51,5HN1GSFD110439118,Centre,Centre,MINESEC,NO_ALREADY_CANONICAL
b094015d-7262-4941-b786-efb39671fc4a,5IC1GSFD100456111,Centre,Centre,MINESEC,NO_ALREADY_CANONICAL
19dac7b4-f75f-4f17-9f66-0b3ad06fec97,5IC1GSFD100923110,Centre,Centre,MINESEC,NO_ALREADY_CANONICAL
c4b70f4f-d5fc-4af8-ae72-abef9a9217cb,5IC1GSFD110132114,Centre,Centre,MINESEC,NO_ALREADY_CANONICAL
72b94059-a936-48cf-a0c3-c12fa25d49cb,5IE1GSFD102043112,Centre,Centre,MINESEC,NO_ALREADY_CANONICAL
8fce80bb-d5c7-40df-85d6-c36aa6c87cd9,5IE1GSFD100477110,Centre,Centre,MINESEC,NO_ALREADY_CANONICAL
3d28e9a6-fc0a-4d7e-83e4-4d627e56d229,5IH1GSBD100192109,Centre,Centre,MINESEC,NO_ALREADY_CANONICAL
2d940880-83e1-4286-85fc-9361b9b5a507,5IH1GSFD101990109,Centre,Centre,MINESEC,NO_ALREADY_CANONICAL
1a3009fa-4840-488d-b923-fd9dfd2f2326,5IH1GSFD110401110,Centre,Centre,MINESEC,NO_ALREADY_CANONICAL
41de22b2-c6bd-428e-9a53-298507440360,5IC1GSFD101058107,Centre,Centre,MINESEC,NO_ALREADY_CANONICAL
4d11b5d2-28a3-413f-ae05-65ebbbe25031,5II1GSBD110413111,Centre,Centre,MINESEC,NO_ALREADY_CANONICAL
af76f97c-5b99-4f7e-9872-15becfc576af,5IJ1GSFD100462110,Centre,Centre,MINESEC,NO_ALREADY_CANONICAL
9bd9cb40-a6f0-47c2-a382-bea9839be906,5IJ1GSFD100387110,Centre,Centre,MINESEC,NO_ALREADY_CANONICAL
b63d5af3-c02c-46c4-8478-946a0170f97e,5IJ1GSFD102436111,Centre,Centre,MINESEC,NO_ALREADY_CANONICAL
6b2ba23d-e700-46b2-852a-87d98db2cb72,5HN1GSFD110626091,Centre,Centre,MINESEC,NO_ALREADY_CANONICAL
74de36ee-b67f-42a7-9e1b-f64cc71bd664,5JH1GSFD101729108,Centre,Centre,MINESEC,NO_ALREADY_CANONICAL
35080fa3-ac3b-4691-8f5c-53395b1dd8d2,5JH1GSFD101182108,Centre,Centre,MINESEC,NO_ALREADY_CANONICAL
c59ff0d1-4875-4192-9372-6c7a11ff6420,5JI1GSFD100765100,Centre,Centre,MINESEC,NO_ALREADY_CANONICAL
73911c4b-5c01-4d74-abb9-9baa0e06303c,5JJ1GSFD100666106,Centre,Centre,MINESEC,NO_ALREADY_CANONICAL
87dc2d31-dad2-4282-bbd1-aae6428fb3bd,5JJ1GSFD100727110,Centre,Centre,MINESEC,NO_ALREADY_CANONICAL
039077a3-f1c2-468c-a438-cc9cf1d0b0a5,5JJ1GSFD100647107,Centre,Centre,MINESEC,NO_ALREADY_CANONICAL
cf4444fc-7809-4ebf-bb6b-6d59769b2ae8,5JK1GSFD102427103,Centre,Centre,MINESEC,NO_ALREADY_CANONICAL
ff6ef0a8-2360-4aec-8776-a9da128ce0c3,5JK1GSFD102438106,Centre,Centre,MINESEC,NO_ALREADY_CANONICAL
ff300481-a03e-4a0f-9762-50697903611e,5JK1GSFD100142107,Centre,Centre,MINESEC,NO_ALREADY_CANONICAL
c88a851f-a920-464e-8cab-b9b336e46a02,5JK1GSFD100126108,Centre,Centre,MINESEC,NO_ALREADY_CANONICAL
50b6ba19-a466-4c72-b00e-a89405bae78c,5JK1GSFD110763107,Centre,Centre,MINESEC,NO_ALREADY_CANONICAL
e19e32b1-fcf0-4731-b38f-6b9b24af2620,5JK1GSFD110714099,Centre,Centre,MINESEC,NO_ALREADY_CANONICAL
d591ed4a-5027-4896-84e8-c7b7f26a41f2,5JK1GSFD110726107,Centre,Centre,MINESEC,NO_ALREADY_CANONICAL
ba383cd0-a539-4fbd-9f7d-66b9ecca39d0,5JH1GSFD111172105,Centre,Centre,MINESEC,NO_ALREADY_CANONICAL
33d0e665-00fd-46a5-9eea-b94a80dcb1a3,5JH1GSBD101724109,Centre,Centre,MINESEC,NO_ALREADY_CANONICAL
14f84386-3543-4023-a283-1022650ec97e,5JN1GSFD100695113,Centre,Centre,MINESEC,NO_ALREADY_CANONICAL
62c190a0-8ac7-4992-a83b-2fda1ce23721,5JN1GSBD102705114,Centre,Centre,MINESEC,NO_ALREADY_CANONICAL
0e628131-9fe7-47cb-861d-6b344b48a646,5JN1GSFD110333112,Centre,Centre,MINESEC,NO_ALREADY_CANONICAL
c9851089-a39e-427a-b5c8-5a4fccdbbe3b,5JN1GSFD110014091,Centre,Centre,MINESEC,NO_ALREADY_CANONICAL
88987a72-10b8-4da1-8356-377aa4e02000,5JN1GSFD110472109,Centre,Centre,MINESEC,NO_ALREADY_CANONICAL
6212dfd0-37fb-4596-b863-b278cf18584d,5KC1GSFD100304109,Centre,Centre,MINESEC,NO_ALREADY_CANONICAL
98d941b4-9f29-4ce5-938f-b0730be41eca,5KE1GSFD100261099,Centre,Centre,MINESEC,NO_ALREADY_CANONICAL
abb72a08-9d60-46ea-a5b4-9892d3fb6232,5KE1GSFD100455100,Centre,Centre,MINESEC,NO_ALREADY_CANONICAL
706f78d9-035d-47b4-9b76-2f38dad60b37,5KE1GSFD102442110,Centre,Centre,MINESEC,NO_ALREADY_CANONICAL
0a322e5b-df8a-4ae6-b3fb-944790b0aaa4,5KE1GSFD110254111,Centre,Centre,MINESEC,NO_ALREADY_CANONICAL
5122b130-69dc-43bd-95d4-b95faa09dc8e,5KH1GSFD112410111,Centre,Centre,MINESEC,NO_ALREADY_CANONICAL
6ed86114-2a15-4b2d-8cab-2755d7c7600d,5KH1GSFD112422115,Centre,Centre,MINESEC,NO_ALREADY_CANONICAL
c83ff862-e314-4b88-b512-6dda32efb555,5JL1GSFD110746098,Centre,Centre,MINESEC,NO_ALREADY_CANONICAL
aac228f7-26a7-4e3a-9b70-9a0453b0eb58,5JL1GSFD102413100,Centre,Centre,MINESEC,NO_ALREADY_CANONICAL
47c0842c-9a2e-470b-9ab6-ed887488c014,5KI1GSFD110250107,Centre,Centre,MINESEC,NO_ALREADY_CANONICAL
209c8fac-07eb-40e5-a71f-4a06ceddfe5b,5KI1GSFD112473074,Centre,Centre,MINESEC,NO_ALREADY_CANONICAL
2b63495a-86bd-4c70-b19f-e9c31060e2bc,5LC1GSFD102847115,Centre,Centre,MINESEC,NO_ALREADY_CANONICAL
19c4fbd7-ff89-4b33-a137-d2207e986fb7,5LC1GSFD110673115,Centre,Centre,MINESEC,NO_ALREADY_CANONICAL
3ebb89b8-4499-41e5-890a-5000f6d2ef06,5LC1GSFD110189091,Centre,Centre,MINESEC,NO_ALREADY_CANONICAL
6e9cbd22-bc91-4406-8357-0a01e6a4fbb9,5LC1GSFD110699105,Centre,Centre,MINESEC,NO_ALREADY_CANONICAL
8a344675-ad08-4d7e-9d72-ac48fccef02d,5LE1GSFD110120091,Centre,Centre,MINESEC,NO_ALREADY_CANONICAL
457e51dd-6c32-43c8-b62e-a576d4bc08b6,5LH1GSFD111196113,Centre,Centre,MINESEC,NO_ALREADY_CANONICAL
3021a718-28fd-4f62-8cce-b1a68191e26f,5LI1GSBD110135110,Centre,Centre,MINESEC,NO_ALREADY_CANONICAL
5d00b608-c002-411a-a367-104e2be58f99,5LI1GSFD110382091,Centre,Centre,MINESEC,NO_ALREADY_CANONICAL
09bd9a17-470f-43c4-8e4f-e8c39af0240a,5LI1GSFD110155106,Centre,Centre,MINESEC,NO_ALREADY_CANONICAL
e37de21c-061d-4088-b2a7-e532fa955bf1,5LH1GSBD112399092,Centre,Centre,MINESEC,NO_ALREADY_CANONICAL
3ca6bb83-b452-4a28-bb6b-a18664724d75,5ME1GSFD112151110,Centre,Centre,MINESEC,NO_ALREADY_CANONICAL
f57fe219-6e37-49b1-95fa-23f1152fbb92,5KI1GSBD100285112,Centre,Centre,MINESEC,NO_ALREADY_CANONICAL
b3faaef6-d9b7-42ef-8851-9d5c5038459c,5MH1GSFD102197110,Centre,Centre,MINESEC,NO_ALREADY_CANONICAL
f70a7303-a693-4a96-819c-d855d9ba92c5,5MH1GSFD100514106,Centre,Centre,MINESEC,NO_ALREADY_CANONICAL
266ff5ec-c990-4e68-a3b9-6ed27a8dc37d,5MH1GSFD100403109,Centre,Centre,MINESEC,NO_ALREADY_CANONICAL
41a9ab88-66b3-46db-b7d3-e33e4b5948a5,5MH1GSFD110519107,Centre,Centre,MINESEC,NO_ALREADY_CANONICAL
d1176943-2a94-43a1-be69-006cdad66760,5MI1GSFD101239107,Centre,Centre,MINESEC,NO_ALREADY_CANONICAL
4c12026d-6527-4947-8966-e7a296094862,5MI1GSFD111830092,Centre,Centre,MINESEC,NO_ALREADY_CANONICAL
04ea1e01-a0ea-48a3-9e53-f28564b1ec8f,5MJ1GSFD111234112,Centre,Centre,MINESEC,NO_ALREADY_CANONICAL
3f21f1af-782a-4bdd-a060-b851c8528dce,5MK1GSFD102377113,Centre,Centre,MINESEC,NO_ALREADY_CANONICAL
b8c3ecbf-9ad5-44a8-9dc1-efc66b5f1697,5MK1GSFD100433112,Centre,Centre,MINESEC,NO_ALREADY_CANONICAL
7277a39c-f8bf-44cc-ad86-663255cc817e,5LK1GSBD110117098,Centre,Centre,MINESEC,NO_ALREADY_CANONICAL
350ba4b3-4e68-44fe-8181-b1d682b16274,5ME1GSFD100552107A,Centre,Centre,MINESEC,NO_ALREADY_CANONICAL
d55789d2-b82e-4e6f-9584-6b896cff6d44,5MH1GSFD102365107,Centre,Centre,MINESEC,NO_ALREADY_CANONICAL
80fd9a0c-8a0e-4f20-a975-7503f59a11f5,5MJ1GSBD111670107,Centre,Centre,MINESEC,NO_ALREADY_CANONICAL
c5f9ba94-a77d-4bde-981e-56c29cacd7f2,5MK1GSFD101903103,Centre,Centre,MINESEC,NO_ALREADY_CANONICAL
cc88a27e-f4a5-4242-b1b8-93186e29e441,5LL1GSBD110373110,Centre,Centre,MINESEC,NO_ALREADY_CANONICAL
8a7b4041-b99f-435b-bba3-ceffaac06c7b,5ML1GSFD112243111,Centre,Centre,MINESEC,NO_ALREADY_CANONICAL
0fb4c96b-04ef-4d2c-a600-a5540b616ba2,5MM1GSFD102172110,Centre,Centre,MINESEC,NO_ALREADY_CANONICAL
e765c7fd-5525-4a38-bcae-af5c623f2b37,5MM1GSFD102049106,Centre,Centre,MINESEC,NO_ALREADY_CANONICAL
f4745ed2-6ef1-4554-87eb-0896f5290f7b,5MN1GSFD101826109,Centre,Centre,MINESEC,NO_ALREADY_CANONICAL
1ed21d22-2dc2-402d-a724-042f68b0a14e,5MN1GSBD110834110,Centre,Centre,MINESEC,NO_ALREADY_CANONICAL
3fe8a175-c536-415e-9a9c-1544e99ff798,5MN1GSFD112457071,Centre,Centre,MINESEC,NO_ALREADY_CANONICAL
44d0fd6a-4633-4385-8a8f-685cee77c49a,5MQ1GSFD101254106,Centre,Centre,MINESEC,NO_ALREADY_CANONICAL
0efefef0-45a6-48bb-861b-5fa64913578e,5MQ1GSFD110557109,Centre,Centre,MINESEC,NO_ALREADY_CANONICAL
b864365b-e21f-4f3e-bea1-a6cd3243e1c2,5NC1GSFD100874113,Centre,Centre,MINESEC,NO_ALREADY_CANONICAL
31d8d1d6-605e-47a9-b6cf-34d1a70441ba,5NC1GSFD101267099,Centre,Centre,MINESEC,NO_ALREADY_CANONICAL
4af6b330-3f26-4b08-9739-2ccbecf98a1d,5NC1GSFD101272110,Centre,Centre,MINESEC,NO_ALREADY_CANONICAL
9906aa09-4af3-4ee9-9dd8-bdbf25da0a96,5NC1GSFD112242115,Centre,Centre,MINESEC,NO_ALREADY_CANONICAL
b3b2cdc4-1185-4f7e-86eb-7217a190c18d,5ML1GSFD112468095,Centre,Centre,MINESEC,NO_ALREADY_CANONICAL
94d3f3b4-7b99-4d3e-88c7-fd3c056132b2,5ML1GSFD102383113,Centre,Centre,MINESEC,NO_ALREADY_CANONICAL
b7884805-0b24-4fbc-b0ac-435a70117b31,5NH1GSFD100631109,Centre,Centre,MINESEC,NO_ALREADY_CANONICAL
2e63c350-8bcf-4ecb-9971-acbfa2fd60b4,5NH1GSFD100622110,Centre,Centre,MINESEC,NO_ALREADY_CANONICAL
8718d061-b990-4307-a960-c8aacc36351b,5NH1GSFD111933091,Centre,Centre,MINESEC,NO_ALREADY_CANONICAL
08478504-ec14-43a6-b65a-6128733aadde,5NJ1GSFD100650109,Centre,Centre,MINESEC,NO_ALREADY_CANONICAL
0dc5bbe1-0d77-4ba0-8bc4-2da0bf4837f4,5NJ1GSBD112206111,Centre,Centre,MINESEC,NO_ALREADY_CANONICAL
cb377da5-5cbf-4f0e-8788-ff507dc25c72,5QE1GSFD102250100,Centre,Centre,MINESEC,NO_ALREADY_CANONICAL
9eab8576-36ca-46a4-8a0a-068d27bfceb6,5QE1GSFD100720106,Centre,Centre,MINESEC,NO_ALREADY_CANONICAL
d20c5d83-a22a-4088-a4f8-57207aa0a548,5QE1GSBD111854098,Centre,Centre,MINESEC,NO_ALREADY_CANONICAL
da7fa14b-3dc2-41ea-91f8-95a058d5616d,5QH1GSFD102988117,Centre,Centre,MINESEC,NO_ALREADY_CANONICAL
1533251d-a175-40bf-873b-63df09a70f94,5QH1GSFD111879099,Centre,Centre,MINESEC,NO_ALREADY_CANONICAL
83d9c47b-acee-464b-80d6-94cb0df01806,5QI1GSFD101862098,Centre,Centre,MINESEC,NO_ALREADY_CANONICAL
a27f22ce-f112-4048-a582-115cd690584f,5QJ1GSFD102055100,Centre,Centre,MINESEC,NO_ALREADY_CANONICAL
30208b2e-30d2-486f-8073-f05ccb1460da,5NE1GSBD102913114,Centre,Centre,MINESEC,NO_ALREADY_CANONICAL
2dab5ae6-5598-4090-a80d-f72494718cf3,5NE1GSFD110607111,Centre,Centre,MINESEC,NO_ALREADY_CANONICAL
b3fc936b-03ab-429e-a73d-38a537480964,5QK1GSFD102005109,Centre,Centre,MINESEC,NO_ALREADY_CANONICAL
33faa2ec-505d-4668-9fdf-6564fbcb5af6,7CE1GSFD102040112,Littoral,Littoral,MINESEC,NO_ALREADY_CANONICAL
2fbf62ae-94c3-426e-972a-ab4b23428381,7CE1GSBD111588114,Littoral,Littoral,MINESEC,NO_ALREADY_CANONICAL
70168a77-226d-43fb-aa50-24878828b2e5,7CE1GSFD110282115,Littoral,Littoral,MINESEC,NO_ALREADY_CANONICAL
01f96d6c-d12f-4631-8381-c6090102b67c,7CI1GSBD102833115,Littoral,Littoral,MINESEC,NO_ALREADY_CANONICAL
2cfdbabf-216a-4b9d-974c-ee7ce50f10dd,7CI1GSBD112067113,Littoral,Littoral,MINESEC,NO_ALREADY_CANONICAL
30f48b1e-c5a4-43bd-8de8-754b1fa5f416,7CI1GSBD111996107,Littoral,Littoral,MINESEC,NO_ALREADY_CANONICAL
91c6f62c-eb45-4e27-aba2-9e2148db3fb0,7CJ1GSBD110217115,Littoral,Littoral,MINESEC,NO_ALREADY_CANONICAL
e8bcebc5-e4a5-46f3-9193-0032054dab23,7CK1GSFD102340113,Littoral,Littoral,MINESEC,NO_ALREADY_CANONICAL
99af84bd-e223-4574-afd9-3d3c684960d4,7CK1GSFD110234092,Littoral,Littoral,MINESEC,NO_ALREADY_CANONICAL
341cbd10-daae-4fd6-b2f8-ec3c6ec0e853,7CL1GSBD111678109,Littoral,Littoral,MINESEC,NO_ALREADY_CANONICAL
6c1ff20e-265f-4bf4-870f-ce30856df9c7,5QJ1GSFD100408111,Centre,Centre,MINESEC,NO_ALREADY_CANONICAL
a6fbe91e-70d7-4f18-bd37-a1c4eb259e2e,7CJ1GSBD110005110,Littoral,Littoral,MINESEC,NO_ALREADY_CANONICAL
05774cea-54b4-4a18-a6a1-1d24d4140576,5QK1GSFD100388109,Centre,Centre,MINESEC,NO_ALREADY_CANONICAL
006e18ea-0349-4eee-899b-4318e6dd33ca,7CM1GSBD112101113,Littoral,Littoral,MINESEC,NO_ALREADY_CANONICAL
34da34ad-1b04-4378-b650-f5069a7e7ac0,7CM1GSFD111655107,Littoral,Littoral,MINESEC,NO_ALREADY_CANONICAL
4a2c9fec-0222-4189-ae3f-f63bd05f633f,7CQ1GSBD111989113,Littoral,Littoral,MINESEC,NO_ALREADY_CANONICAL
18fb6146-fe6e-4665-a595-64a7193a7b1e,7CT1GSBD111358115,Littoral,Littoral,MINESEC,NO_ALREADY_CANONICAL
f1fdf8e1-da21-4661-9a7e-2fc39cee5773,7CX1GSBD100276110,Littoral,Littoral,MINESEC,NO_ALREADY_CANONICAL
8c1a927e-7e5b-4427-9d20-60dbfda29fd0,7CX1GSBD110291113,Littoral,Littoral,MINESEC,NO_ALREADY_CANONICAL
dabc8427-71e1-4423-a8c5-6dcf8f68dac4,7CX1GSBD110236113,Littoral,Littoral,MINESEC,NO_ALREADY_CANONICAL
beafdf87-984b-4da4-a7c7-2cdde7d43992,5EL1GSBD110715109,Centre,Centre,MINESEC,NO_ALREADY_CANONICAL
cd7b76e1-0c37-4a9c-8fec-358280b83a76,5EL1GSFD110311110,Centre,Centre,MINESEC,NO_ALREADY_CANONICAL
1fd7ffae-91e4-4def-8376-38ab96c06d52,5EM1GSFD102420111,Centre,Centre,MINESEC,NO_ALREADY_CANONICAL
d62d8623-01eb-4928-a8e6-a8b00eb66453,5EN1GSFD100139110,Centre,Centre,MINESEC,NO_ALREADY_CANONICAL
436cf5c9-11ba-4de6-80a8-aab0b14df28c,7CM1GSBD103238120,Littoral,Littoral,MINESEC,NO_ALREADY_CANONICAL
b95c5f12-83e3-486c-aed6-c74051430185,7CT1GSFD112358060,Littoral,Littoral,MINESEC,NO_ALREADY_CANONICAL
5ebebfc6-09f2-499d-ab33-3dc6efd0a48f,7CMGSFD102683114,Littoral,Littoral,MINESEC,NO_ALREADY_CANONICAL
1e8bdabd-56a5-4f3a-a338-1851d8827e62,7EC1GSFD110231108,Littoral,Littoral,MINESEC,NO_ALREADY_CANONICAL
7508120b-fe91-42d5-af46-d4eddddaa5b4,7EE1GSFD100691110,Littoral,Littoral,MINESEC,NO_ALREADY_CANONICAL
27652bab-e51e-40dd-8acd-251d2a067e51,7EE1GSFD100337112,Littoral,Littoral,MINESEC,NO_ALREADY_CANONICAL
ed736ef9-d8e9-4699-9da0-ac4aa5dc6ac7,7EH1GSBD100351114,Littoral,Littoral,MINESEC,NO_ALREADY_CANONICAL
3eb44da6-9201-4f8b-9848-260d755cebf4,7EC1GSFD100344112,Littoral,Littoral,MINESEC,NO_ALREADY_CANONICAL
b32734bf-c411-46d9-a953-adb31c983e2f,7EH1GSFD100045111,Littoral,Littoral,MINESEC,NO_ALREADY_CANONICAL
4668099b-0ebc-4c5c-a180-fcea050905bd,7EH1GSFD100981110,Littoral,Littoral,MINESEC,NO_ALREADY_CANONICAL
bb0e9496-6cfe-411c-a9ab-557a69ab8137,7EH1GSFD111595108,Littoral,Littoral,MINESEC,NO_ALREADY_CANONICAL
66a5c07f-1631-43c8-8890-bea64e651b2b,7HC1GSFD102331113,Littoral,Littoral,MINESEC,NO_ALREADY_CANONICAL
947a8afe-424c-46f6-aa05-c683f7919020,7HE1GSBD110313107,Littoral,Littoral,MINESEC,NO_ALREADY_CANONICAL
db7d2bb1-aef5-42c4-a0f9-e790fdf395cd,7EC1GSFD102832115,Littoral,Littoral,MINESEC,NO_ALREADY_CANONICAL
25f2c1d1-336c-4f45-a909-1fd7cc7e0081,7EI1GSFD102831115,Littoral,Littoral,MINESEC,NO_ALREADY_CANONICAL
eae97453-09d8-4dc4-af4f-7081d2fad386,7HE1GSBD110648112,Littoral,Littoral,MINESEC,NO_ALREADY_CANONICAL
bddc602c-38a0-46e1-b48f-89deb3d16d45,7EE1GSFD100328111,Littoral,Littoral,MINESEC,NO_ALREADY_CANONICAL
9fa51859-6001-4c56-bf8e-dc2fb8747b97,7HH1GSFD112218074,Littoral,Littoral,MINESEC,NO_ALREADY_CANONICAL
2bc09adb-05a4-4727-aa83-82978449f50c,7HI1GSFD103028117,Littoral,Littoral,MINESEC,NO_ALREADY_CANONICAL
4c665ff0-6f72-488c-ba9f-5c883d3dcdaa,7HI1GSFD101316108,Littoral,Littoral,MINESEC,NO_ALREADY_CANONICAL
31a05a2d-3780-41b4-a52b-9ab24588d610,7HJ1GSFD100492108,Littoral,Littoral,MINESEC,NO_ALREADY_CANONICAL
ed4f8e0d-5a4e-4202-8cdd-1cd9a774d7d2,7HJ1GSFD110052109,Littoral,Littoral,MINESEC,NO_ALREADY_CANONICAL
46b5ff39-a5ca-45c8-a445-130500c6160a,7HK1GSFD102375113,Littoral,Littoral,MINESEC,NO_ALREADY_CANONICAL
ebe55c51-1acf-4e52-bc41-366731276958,7HL1GSBD102693114,Littoral,Littoral,MINESEC,NO_ALREADY_CANONICAL
9d79ec0e-5ee6-4da2-a931-958feb526960,7HL1GSFD101310112,Littoral,Littoral,MINESEC,NO_ALREADY_CANONICAL
aef2c136-252f-47d4-b66e-198a659b6543,7HL1GSFD100226100,Littoral,Littoral,MINESEC,NO_ALREADY_CANONICAL
9fbebd64-4f45-45af-ae6f-84c1ec4b3594,7HL1GSFD102727114,Littoral,Littoral,MINESEC,NO_ALREADY_CANONICAL
bc35de24-bbdf-46f3-999f-3379c0c96ced,7HM1GSFD100977109,Littoral,Littoral,MINESEC,NO_ALREADY_CANONICAL
2f8ba7f3-6963-4ffd-b816-70ad0c0457a4,7HM1GSFD111558112,Littoral,Littoral,MINESEC,NO_ALREADY_CANONICAL
a324fbbd-3278-4f84-ab3f-7e707ac3b56a,7HN1GSFD101549109,Littoral,Littoral,MINESEC,NO_ALREADY_CANONICAL
0b4904f4-d127-4134-bc59-32500b458bcd,7HM1GSFD101555098,Littoral,Littoral,MINESEC,NO_ALREADY_CANONICAL
9c5fa5ec-d12d-43c7-aaa9-29d338283e23,7HH1GSBD110332112,Littoral,Littoral,MINESEC,NO_ALREADY_CANONICAL
de36899f-2bf5-4143-911d-ce19fde6e065,7HQ1GSFD111176113,Littoral,Littoral,MINESEC,NO_ALREADY_CANONICAL
82ed2993-0b89-4f1e-b26a-6d5c02615376,7HQ1GSFD111542112,Littoral,Littoral,MINESEC,NO_ALREADY_CANONICAL
58c6ea2f-1eb0-4e92-9907-abaf8f5d51a2,7HQ1GSFD111979096,Littoral,Littoral,MINESEC,NO_ALREADY_CANONICAL
0945f6dc-2976-4229-bfc2-cd830833c546,7HQ1GSFD111603109,Littoral,Littoral,MINESEC,NO_ALREADY_CANONICAL
386c453d-d7e0-4184-8a7d-b559d0852de2,7HR1GSFD102057111,Littoral,Littoral,MINESEC,NO_ALREADY_CANONICAL
f3d33a22-86f3-4a71-afaf-cec88103e228,7IH1GSFD110083099,Littoral,Littoral,MINESEC,NO_ALREADY_CANONICAL
c223f706-05e6-4f53-a71b-74f40fdf47c3,7IH1GSBD111167105,Littoral,Littoral,MINESEC,NO_ALREADY_CANONICAL
a1256e95-80b1-44f1-b358-b483fd2c9519,7IH1GSFD110273115,Littoral,Littoral,MINESEC,NO_ALREADY_CANONICAL
541e8fab-0528-4c47-8801-f25b60969bf2,7HR1GSFD102175110,Littoral,Littoral,MINESEC,NO_ALREADY_CANONICAL
952a6812-0b77-4870-879f-c2c63e35b671,7IE1GSFD110002091,Littoral,Littoral,MINESEC,NO_ALREADY_CANONICAL
bd310430-6f15-4da0-b3ce-dd1b8fa0c163,7IH1GSBD103239120,Littoral,Littoral,MINESEC,NO_ALREADY_CANONICAL
fa78b1cb-7baa-45dc-955e-f86dbfe712b0,7IH1GSFD112053095,Littoral,Littoral,MINESEC,NO_ALREADY_CANONICAL
9d3af2e2-8ad7-474c-aac1-762a2c6582a8,7IH1GSBD110223107,Littoral,Littoral,MINESEC,NO_ALREADY_CANONICAL
58a65489-97d2-42b8-8a23-9c11e2233f05,7HQ1GSFD101130108,Littoral,Littoral,MINESEC,NO_ALREADY_CANONICAL
b7402eb7-f108-4291-ba03-e32c439ef1b5,7II1GSBD111330112,Littoral,Littoral,MINESEC,NO_ALREADY_CANONICAL
00b33f4c-24c2-4fa6-a75c-839051b0d2ec,7II1GSFD012470072,Littoral,Littoral,MINESEC,NO_ALREADY_CANONICAL
534487ad-f6f6-464d-a668-353b2d06a2d3,7IJ1GSBD111195108,Littoral,Littoral,MINESEC,NO_ALREADY_CANONICAL
03abf451-0918-48b8-8a01-2611535bd0bb,3EE1GSAD111279112,NORD-OUEST,Nord-Ouest,MINESEC,YES
67677872-2347-4ed6-8ddc-db81cbd5549f,7IJ1GSBD110007113,Littoral,Littoral,MINESEC,NO_ALREADY_CANONICAL
496d524e-45e9-4d37-a476-fa66b8cac7ba,4CE1GSFD101616111,Ouest,Ouest,MINESEC,NO_ALREADY_CANONICAL
cc18a73a-479f-477b-9136-9d3df698d651,4EC1GSFD111803106,Ouest,Ouest,MINESEC,NO_ALREADY_CANONICAL
f89c710a-37a8-450b-8642-b7870ff6553e,4IE1GSBD110474115,Ouest,Ouest,MINESEC,NO_ALREADY_CANONICAL
9fd96b55-18c2-4fae-abcf-35bd9df4a52c,4LC1GSBD103245120,Ouest,Ouest,MINESEC,NO_ALREADY_CANONICAL
c11f691f-c845-4622-b620-9ac9a57408dc,4ME1GSFD112233107,Ouest,Ouest,MINESEC,NO_ALREADY_CANONICAL
f6238969-0f32-4ed7-8632-ee4b77c410e8,4ML1GSBD103247120,Ouest,Ouest,MINESEC,NO_ALREADY_CANONICAL
41969c6d-8142-45e9-958f-7b30f916af09,2HC1GSBD112409108,Adamaoua,Adamaoua,MINESEC,NO_ALREADY_CANONICAL
9c52dab9-f974-426a-aecf-1416bbfa4e9a,2HE1GSBD103231120,Adamaoua,Adamaoua,MINESEC,NO_ALREADY_CANONICAL
0321de00-f7cc-4485-9cfa-83397cd17e0e,2JC1GSFD110093108,Adamaoua,Adamaoua,MINESEC,NO_ALREADY_CANONICAL
76fade41-e379-40a8-83c2-400a2a456c82,7II1GSBD112333115,Littoral,Littoral,MINESEC,NO_ALREADY_CANONICAL
7f3b2ac0-8f2a-4c5d-a4c4-4e39574f0e0a,6CC1GSAD110858118,SUD-OUEST,Sud-Ouest,MINESEC,YES
590ec97b-3f0e-49da-b06f-07744c1a0bb7,5CE1GSFD110124108,Centre,Centre,MINESEC,NO_ALREADY_CANONICAL
a4af6e4e-655e-4976-bf4b-63042822033d,5CI1GSFD102464099,Centre,Centre,MINESEC,NO_ALREADY_CANONICAL
c4cb6650-75a3-416d-a1a0-558b27b5d033,5CI1GSFD100480106,Centre,Centre,MINESEC,NO_ALREADY_CANONICAL
41cc2109-3d7c-4359-a592-baa59f3c7353,5CI1GSBD112087112,Centre,Centre,MINESEC,NO_ALREADY_CANONICAL
0c940074-5861-4e18-94da-21f97cbede6d,5CJ1GSFD110432114,Centre,Centre,MINESEC,NO_ALREADY_CANONICAL
9a144aeb-e649-4d3b-ba4f-c601dee06865,1CM1GSFD101470112,Nord,Nord,MINESEC,NO_ALREADY_CANONICAL
a9b74bec-8b87-4245-b371-5a470c4cde7e,1CR1GSFD112036108,Nord,Nord,MINESEC,NO_ALREADY_CANONICAL
fd67dc40-66db-478e-a7a9-b5892b4903b1,1EE1GSFD102330113,Nord,Nord,MINESEC,NO_ALREADY_CANONICAL
62c8fd7e-79cf-49ee-b336-788d9635f26a,1HC1GSFD100950112,Nord,Nord,MINESEC,NO_ALREADY_CANONICAL
2d88e6ec-16c9-464c-9394-f241975a70d4,0EM1GSFD102074099,Extrême-Nord,Extrême-Nord,MINESEC,NO_ALREADY_CANONICAL
3940e88b-46e7-430e-967e-bbf6fcabdec3,1IC1GSFD110800113,Nord,Nord,MINESEC,NO_ALREADY_CANONICAL
1425f89f-8a69-4198-81d7-21ebc961ab45,1IH1GSFD102699114,Nord,Nord,MINESEC,NO_ALREADY_CANONICAL
63569e63-caaa-4fb9-b202-716590ee8299,0HE1GSFD110346111,Extrême-Nord,Extrême-Nord,MINESEC,NO_ALREADY_CANONICAL
5f72a4f2-02f5-4133-8bf5-3bfce1745829,0HK1GSFD102214113,Extrême-Nord,Extrême-Nord,MINESEC,NO_ALREADY_CANONICAL
2a215aff-18d3-421d-8433-6111b369fd80,5CC1GSFD110596107,Centre,Centre,MINESEC,NO_ALREADY_CANONICAL
728af060-ce95-40f1-ad37-ad1e97463e17,5EM1GSFD102423111,Centre,Centre,MINESEC,NO_ALREADY_CANONICAL
0461aab3-2580-4e34-a4ec-8d21fff9a646,5EM1GSFD110549111,Centre,Centre,MINESEC,NO_ALREADY_CANONICAL
c6ebc04d-99f4-4203-ac39-5a8f2b91609a,5HC1GSFD101873111,Centre,Centre,MINESEC,NO_ALREADY_CANONICAL
734ac3ca-a915-4d3b-ba65-a2e82c58dc60,5EE1GSFD100863110,Centre,Centre,MINESEC,NO_ALREADY_CANONICAL
e291e0e7-8720-4b1c-b53c-9bd79ee33b1a,5EH1GSFD110627111,Centre,Centre,MINESEC,NO_ALREADY_CANONICAL
6c276420-dcdf-4ba4-b6f0-afd452217d02,5EI1GSFD101079110,Centre,Centre,MINESEC,NO_ALREADY_CANONICAL
3bf12354-b1bc-4b69-b992-cffb91dd8d2b,5EI1GSFD110176111,Centre,Centre,MINESEC,NO_ALREADY_CANONICAL
4857e709-f3a2-4d17-b6fa-f05bda760abd,5EI1GSFD111913112,Centre,Centre,MINESEC,NO_ALREADY_CANONICAL
e9751a7e-8aea-44fa-916e-dda807e3149c,5EJ1GSFD111068108,Centre,Centre,MINESEC,NO_ALREADY_CANONICAL
b392326c-12d5-44eb-93b6-b7d2f5d787be,5EN1GSFD100127107,Centre,Centre,MINESEC,NO_ALREADY_CANONICAL
bed65742-bca0-464b-b6b5-29bf7609806a,5EN1GSFD112128110,Centre,Centre,MINESEC,NO_ALREADY_CANONICAL
022bad83-8e38-4f89-be1c-863ef9cd35d9,5CJ1GSFD100415107,Centre,Centre,MINESEC,NO_ALREADY_CANONICAL
9d43b4e8-2724-4404-bcb1-6c9bcfd0a79e,5CL1GSFD110015112,Centre,Centre,MINESEC,NO_ALREADY_CANONICAL
9528f7a4-e453-4b11-854a-8b83182a611b,5EK1GSFD102359110,Centre,Centre,MINESEC,NO_ALREADY_CANONICAL
6b232b18-6027-4b75-986e-5f116e656e6e,5EE1GSFD112081101,Centre,Centre,MINESEC,NO_ALREADY_CANONICAL
9f3b17e9-5303-4874-b567-8b957e6a566c,5IC1GSFD111954106,Centre,Centre,MINESEC,NO_ALREADY_CANONICAL
87fd3ec7-2dbd-47fa-a07f-398e928a6f33,5EK1GSFD102362110,Centre,Centre,MINESEC,NO_ALREADY_CANONICAL
788587eb-6804-4509-9518-f18653cf6c9c,5EL1GSFD102434109,Centre,Centre,MINESEC,NO_ALREADY_CANONICAL
68f446f9-4e08-49d9-83c4-31b1a5d08939,5NC1GSFD101275109,Centre,Centre,MINESEC,NO_ALREADY_CANONICAL
5ab694d0-a8b0-4cbd-a487-48cc3c65e22f,5QH1GSBD111890097,Centre,Centre,MINESEC,NO_ALREADY_CANONICAL
5b0fe2f8-d355-417d-9f1c-839b1c7c0a66,5QJ1GSFD100345107,Centre,Centre,MINESEC,NO_ALREADY_CANONICAL
ce9bbbd6-9b48-4ace-be53-9252ff6a18fb,5QJ1GSFD110429112,Centre,Centre,MINESEC,NO_ALREADY_CANONICAL
7598d3c9-780b-4e6e-a828-c96b50432229,7CH1GSBD112034107,Littoral,Littoral,MINESEC,NO_ALREADY_CANONICAL
bc3c8f83-a813-4835-97e7-77c0788f3323,5NC1GSFD101257110,Centre,Centre,MINESEC,NO_ALREADY_CANONICAL
8cf10c30-54d0-42bd-b80f-9fb393fd041a,5NC1GSBD111514111,Centre,Centre,MINESEC,NO_ALREADY_CANONICAL
61381b54-4164-4946-8ff5-025e729e76f9,5NE1GSFD100651110,Centre,Centre,MINESEC,NO_ALREADY_CANONICAL
59958111-f96c-4a4b-a7e6-47f9b8d87787,5MQ1GSFD101247108,Centre,Centre,MINESEC,NO_ALREADY_CANONICAL
b620e6f4-5a2f-4cdb-9d8e-25514eb91045,5NI1GSFD110662104,Centre,Centre,MINESEC,NO_ALREADY_CANONICAL
4b0b1471-e435-4b8f-b31a-010baaeb3ba9,5HN1GSFD112360112,Centre,Centre,MINESEC,NO_ALREADY_CANONICAL
e695bca5-b1d8-4d42-9323-ea079e122ed7,5EL1GSFD102441111,Centre,Centre,MINESEC,NO_ALREADY_CANONICAL
7efc81cf-7307-4315-88df-095e0a96d38d,5EL1GSFD112458074,Centre,Centre,MINESEC,NO_ALREADY_CANONICAL
b0709bc1-8c7f-4a47-abdb-83cca6b82990,5EM1GSFD100806109,Centre,Centre,MINESEC,NO_ALREADY_CANONICAL
019776c1-a83b-49f1-91b0-e0a8308a3aa0,5HC1GSFD102850115,Centre,Centre,MINESEC,NO_ALREADY_CANONICAL
c4db4cc8-cc39-4eb3-b56d-3b45f4339cfe,5HE1GSFD102690114,Centre,Centre,MINESEC,NO_ALREADY_CANONICAL
8ed39d48-baa7-4b68-b257-9a730b0c0fc4,5HE1GSFD110592111,Centre,Centre,MINESEC,NO_ALREADY_CANONICAL
fe1889f0-611a-413b-8163-c5d5f6434c7c,5EL1GSFD100193106,Centre,Centre,MINESEC,NO_ALREADY_CANONICAL
ebc4bc2d-e8d3-4b2b-8956-51ecad1762f7,5EM1GSFD102429112,Centre,Centre,MINESEC,NO_ALREADY_CANONICAL
52867b65-7cda-48f5-aae6-1e49eb91571c,5EN1GSFD102366109,Centre,Centre,MINESEC,NO_ALREADY_CANONICAL
a59288e7-3d29-46ad-9951-63c468059b14,5EN1GSBD100778113,Centre,Centre,MINESEC,NO_ALREADY_CANONICAL
f1a05975-c7cf-4c4f-a593-7944ac62ba49,5EN1GSFD112395091,Centre,Centre,MINESEC,NO_ALREADY_CANONICAL
f1fc5fc4-847d-413c-8533-9b06f9426893,5HM1GSFD111928102,Centre,Centre,MINESEC,NO_ALREADY_CANONICAL
9789201a-62fb-484d-9b3a-e6b6c8446b2e,5HN1GSFD110437115,Centre,Centre,MINESEC,NO_ALREADY_CANONICAL
5c9fdbde-1f36-41fc-b4c5-1aadb2a7b8dc,5HE1GSFD100402113,Centre,Centre,MINESEC,NO_ALREADY_CANONICAL
f3aabbe2-1d7d-4fb1-bcbd-938b86081a5d,5JE1GSFD101629108,Centre,Centre,MINESEC,NO_ALREADY_CANONICAL
1fbb9c2a-db83-4323-9b70-ed3fc17da878,5JJ1GSBD111359115,Centre,Centre,MINESEC,NO_ALREADY_CANONICAL
8b338a2c-8bb5-468e-bd98-047e945cc48b,5JK1GSFD102418106,Centre,Centre,MINESEC,NO_ALREADY_CANONICAL
7bdd16d7-0e65-450b-b542-5cb187363e7b,5KE1GSFD102430111,Centre,Centre,MINESEC,NO_ALREADY_CANONICAL
787e2647-c03f-4486-ada6-dddf8d6b80cd,5HE1GSBD111897115,Centre,Centre,MINESEC,NO_ALREADY_CANONICAL
d4230c76-0130-4a7a-9d5e-0b70ca5de187,5HK1GSBD102369112,Centre,Centre,MINESEC,NO_ALREADY_CANONICAL
009967d7-2863-49a8-a5f3-e4dfd79755af,5IE1GSFD100845111,Centre,Centre,MINESEC,NO_ALREADY_CANONICAL
006a8ab0-2936-4579-8b4a-a0d2ae9a9f21,5IH1GSFD112213103,Centre,Centre,MINESEC,NO_ALREADY_CANONICAL
e3ae73a1-2ab3-475e-bb1f-9ad8caf5f8f5,5II1GSBD110852111,Centre,Centre,MINESEC,NO_ALREADY_CANONICAL
2fec2b17-172b-497d-94ac-aee4b8555d95,5IJ1GSFD102200110,Centre,Centre,MINESEC,NO_ALREADY_CANONICAL
a4715e57-d9de-4dc9-94be-dbbb323a5c02,5HI1GSFD100383109,Centre,Centre,MINESEC,NO_ALREADY_CANONICAL
4f0ba305-c5ce-47c2-8acd-5ac4e7da6d14,5HJ1GSFD101965100,Centre,Centre,MINESEC,NO_ALREADY_CANONICAL
133ff772-a966-4699-9149-0e7209145d5f,5HK1GSFD110446112,Centre,Centre,MINESEC,NO_ALREADY_CANONICAL
4624b9e5-d7ff-4892-8007-0d66f8b7aa63,5HI1GSFD110364107,Centre,Centre,MINESEC,NO_ALREADY_CANONICAL
b4c8c123-f4c5-46f2-8d8c-8d290668159a,5II1GSFD110372092,Centre,Centre,MINESEC,NO_ALREADY_CANONICAL
070ba328-6135-4610-a202-54233e5a10a9,5IJ1GSFD103027115,Centre,Centre,MINESEC,NO_ALREADY_CANONICAL
f9d6f38e-8cdb-4af3-a7e3-528cb49a5206,5II1GSFD102032112,Centre,Centre,MINESEC,NO_ALREADY_CANONICAL
34433ab4-75ee-405d-a19d-bf80930d49eb,5JH1GSFD101185105,Centre,Centre,MINESEC,NO_ALREADY_CANONICAL
83b28028-6e53-41ff-adfe-d682ebe48826,5JI1GSFD110672114,Centre,Centre,MINESEC,NO_ALREADY_CANONICAL
b03ba2e6-e927-4237-a47d-c5a1f5224d60,5JN1GSBD102810115,Centre,Centre,MINESEC,NO_ALREADY_CANONICAL
17698bc2-7f6a-4d90-b5a3-26b2b1cccbdf,5JN1GSFD110425115,Centre,Centre,MINESEC,NO_ALREADY_CANONICAL
161c4fe9-87f0-488b-8e79-30131e22edc0,5KC1GSBD110298113,Centre,Centre,MINESEC,NO_ALREADY_CANONICAL
8196d4fd-223c-4da5-99d9-695bad423b89,5IJ1GSFD110811092,Centre,Centre,MINESEC,NO_ALREADY_CANONICAL
fc85c2ea-e3b4-4a7b-b400-6cca60b3744f,5JJ1GSFD102187105,Centre,Centre,MINESEC,NO_ALREADY_CANONICAL
3fe422ce-a139-44ec-9c81-f4bb5ba0f885,5JK1GSFD102432107,Centre,Centre,MINESEC,NO_ALREADY_CANONICAL
67d8e9f4-7f2d-4ac6-8d0d-d17bbea59b04,5JK1GSFD112168079,Centre,Centre,MINESEC,NO_ALREADY_CANONICAL
8983e4c3-b548-42dd-b286-441ccb7cb261,5JL1GSFD102415103,Centre,Centre,MINESEC,NO_ALREADY_CANONICAL
99fc859e-5a6f-4555-a11f-4aed36d11851,5IE1GSFD102983117,Centre,Centre,MINESEC,NO_ALREADY_CANONICAL
f66ea928-8f23-49b0-8d0c-69a0b38ad1df,5JE1GSFD111845105,Centre,Centre,MINESEC,NO_ALREADY_CANONICAL
848031b6-6f2e-4968-aa38-8df7f44ab705,5JJ1GSFD100688113,Centre,Centre,MINESEC,NO_ALREADY_CANONICAL
c7f9ece6-bc4c-4be2-9e7b-80f87eabb9c8,5JK1GSFD110757115,Centre,Centre,MINESEC,NO_ALREADY_CANONICAL
851449a5-77a6-4004-84df-dd56bd197fb7,5JL1GSFD100101105,Centre,Centre,MINESEC,NO_ALREADY_CANONICAL
4fe77a9d-3ec9-4c73-b47e-cd67b730c963,5KH1GSFD111947107,Centre,Centre,MINESEC,NO_ALREADY_CANONICAL
cb849835-0222-44b1-bb17-34b97607488e,5KI1GSFD100281106,Centre,Centre,MINESEC,NO_ALREADY_CANONICAL
15214cde-b20f-4a1d-be43-a6370c2459ea,5LC1GSBD110334112,Centre,Centre,MINESEC,NO_ALREADY_CANONICAL
26708ae4-532a-4e2d-be84-c92d2871f1c5,5JH1GSFD111977092,Centre,Centre,MINESEC,NO_ALREADY_CANONICAL
9f138bb2-a403-456a-85e9-f8b0b9d3fce6,5JN1GSFD110417111,Centre,Centre,MINESEC,NO_ALREADY_CANONICAL
aa58fc54-202d-4156-8651-daba8fbb9194,5KC1GSFD102449110,Centre,Centre,MINESEC,NO_ALREADY_CANONICAL
05af223b-a1df-4806-b3a7-e9c2e8f9a51a,5LE1GSFD110141092,Centre,Centre,MINESEC,NO_ALREADY_CANONICAL
00a22851-1db1-4123-9127-075b8b2f556d,5LH1GSFD111709087,Centre,Centre,MINESEC,NO_ALREADY_CANONICAL
63357785-526a-456f-a2ba-e8524453184d,5JK1GSBD110733104,Centre,Centre,MINESEC,NO_ALREADY_CANONICAL
128c5fd0-0048-44a1-9c07-befbb05ce7a1,5KE1GSFD100274110,Centre,Centre,MINESEC,NO_ALREADY_CANONICAL
cdf443d3-b716-469c-818b-a76945d40f8c,5LC1GSFD111859091,Centre,Centre,MINESEC,NO_ALREADY_CANONICAL
7281fbc5-dedf-44e7-8c85-01e8482a436b,5LH1GSFD110685106,Centre,Centre,MINESEC,NO_ALREADY_CANONICAL
0b9e052c-5e41-46e4-b810-0ef769751103,5LI1GSBD110009112,Centre,Centre,MINESEC,NO_ALREADY_CANONICAL
edfd7a4e-fcff-4afd-8cd9-ad2fbc2460b0,5MH1GSFD112388092,Centre,Centre,MINESEC,NO_ALREADY_CANONICAL
2ec235e4-25d8-4fc7-b8da-8746fbccb436,5KH1GSBD110016114,Centre,Centre,MINESEC,NO_ALREADY_CANONICAL
2af7d5f5-57a7-473e-b3ea-4ed6c32bdb3f,5LH1GSFD111749110,Centre,Centre,MINESEC,NO_ALREADY_CANONICAL
89a0de36-816d-4217-a2f6-e96083fa7060,5LI1GSFD110412112,Centre,Centre,MINESEC,NO_ALREADY_CANONICAL
5f381d89-d805-4018-a7ce-435ea6c7b8a0,5LK1GSFD103118118,Centre,Centre,MINESEC,NO_ALREADY_CANONICAL
57fc1cb8-cdc0-4a2f-b377-2b8b01f2aa2f,5MH1GSFD100129109,Centre,Centre,MINESEC,NO_ALREADY_CANONICAL
46121dac-87ca-418e-9c3d-3111b4b03ba5,5KH1GSFD110143111,Centre,Centre,MINESEC,NO_ALREADY_CANONICAL
baf0fa09-6ac8-431b-a762-e80848e040a9,5LC1GSFD102848115,Centre,Centre,MINESEC,NO_ALREADY_CANONICAL
e850a2b7-3caa-47d5-bae1-1728fcca503b,5LJ1GSFD110037104,Centre,Centre,MINESEC,NO_ALREADY_CANONICAL
3af59b19-137b-4d93-a253-c82f2a356a0a,5MH1GSFD100438111,Centre,Centre,MINESEC,NO_ALREADY_CANONICAL
181d97b6-796b-405f-9141-b4dc0fbfbfde,5KH1GSFD112202109,Centre,Centre,MINESEC,NO_ALREADY_CANONICAL
55383377-2779-4a0d-b7db-990adf0f0e2b,5MJ1GSFD102372111,Centre,Centre,MINESEC,NO_ALREADY_CANONICAL
3099f94a-39be-49f9-b336-90f6297729fe,5MJ1GSFD111921076,Centre,Centre,MINESEC,NO_ALREADY_CANONICAL
1ecc3f9a-e162-400c-aa38-a4815f1f058d,5MK1GSFD102444110,Centre,Centre,MINESEC,NO_ALREADY_CANONICAL
615b6db7-5b1b-46ec-8956-9cf51cc1dbfd,5MK1GSFD102019111,Centre,Centre,MINESEC,NO_ALREADY_CANONICAL
a63ec945-001c-4729-a9cd-37da4f85a49a,5MK1GSFD110111092,Centre,Centre,MINESEC,NO_ALREADY_CANONICAL
465e98b7-beac-4d1d-bc23-0f1a18792183,5MK1GSFD111347111,Centre,Centre,MINESEC,NO_ALREADY_CANONICAL
6d78855d-d47d-4c47-b9ab-2575073be81d,5ML1GSBD112204110,Centre,Centre,MINESEC,NO_ALREADY_CANONICAL
cb5640d3-f20d-4ff0-b96a-5aa76f2bec65,5ML1GSFD112391108,Centre,Centre,MINESEC,NO_ALREADY_CANONICAL
41b9afcb-8ce3-4166-b324-3a8e1df875ed,5MM1GSFD102404110,Centre,Centre,MINESEC,NO_ALREADY_CANONICAL
a3174344-7338-4fd4-9ac9-c4aaadf1049c,5MM1GSFD110510111,Centre,Centre,MINESEC,NO_ALREADY_CANONICAL
9a43d5d5-a092-4092-98b5-dcee7857f7e4,5MM1GSFD111350097,Centre,Centre,MINESEC,NO_ALREADY_CANONICAL
6031d4d8-8848-49c4-b85a-c20574bcf6cb,5NC1GSFD101973102,Centre,Centre,MINESEC,NO_ALREADY_CANONICAL
632a681f-1526-42c9-a895-5f47fbd52f0f,5MN1GSFD112141111,Centre,Centre,MINESEC,NO_ALREADY_CANONICAL
a968ef82-7aca-4c39-8fb3-83d3deddab94,5MH1GSFD102448108,Centre,Centre,MINESEC,NO_ALREADY_CANONICAL
1ef7d84b-0f90-43e2-9ad5-426f65225597,5NI1GSFD100821109,Centre,Centre,MINESEC,NO_ALREADY_CANONICAL
c2947323-8064-413b-9bfc-6b90ec804849,5NE1GSFD100749108,Centre,Centre,MINESEC,NO_ALREADY_CANONICAL
839094a5-484a-4df1-973a-7b0634e3c333,5NE1GSFD110756113,Centre,Centre,MINESEC,NO_ALREADY_CANONICAL
089282d6-9939-48dc-ab1d-503bed4ceac2,5NH1GSFD100601112,Centre,Centre,MINESEC,NO_ALREADY_CANONICAL
dfcd31a9-b90a-4233-b7a7-cde77a28ad53,7CH1GSFD111841092,Littoral,Littoral,MINESEC,NO_ALREADY_CANONICAL
dbf26de8-9664-40af-b316-65bd950dff27,7CJ1GSFD101874096,Littoral,Littoral,MINESEC,NO_ALREADY_CANONICAL
253851cd-ac77-4bfd-b7c6-b50c9f413cdf,7CK1GSBD102062096,Littoral,Littoral,MINESEC,NO_ALREADY_CANONICAL
dc289b0b-4898-4c8f-9926-0edb9b8a4b24,5NE1GSFD101192110,Centre,Centre,MINESEC,NO_ALREADY_CANONICAL
5d52a214-f2f5-4639-8a05-3790f5deadf3,5QC1GSFD102064097,Centre,Centre,MINESEC,NO_ALREADY_CANONICAL
1378d786-d681-46c4-9ed3-cfd6d059af93,7CK1GSBD112108111,Littoral,Littoral,MINESEC,NO_ALREADY_CANONICAL
9e37eee8-dea6-4dcd-90ee-d24485893df2,7CM1GSBD101718111,Littoral,Littoral,MINESEC,NO_ALREADY_CANONICAL
527802a5-933c-4981-bf07-ac2031970663,7CM1GSBD111578106,Littoral,Littoral,MINESEC,NO_ALREADY_CANONICAL
1a22a722-d362-4fb1-8aef-ede8284d0583,7EC1GSFD102371113,Littoral,Littoral,MINESEC,NO_ALREADY_CANONICAL
d95bdee7-3d0b-4582-9192-c0a1fc297758,7CX1GSFD102439096,Littoral,Littoral,MINESEC,NO_ALREADY_CANONICAL
b1f515cd-63f5-4a74-97a3-b323bb4005f2,5QJ1GSBD112090111,Centre,Centre,MINESEC,NO_ALREADY_CANONICAL
8b6222d7-85f2-4188-8da4-5c71408f6d5b,7CJ1GSFD112010091,Littoral,Littoral,MINESEC,NO_ALREADY_CANONICAL
d44cae9a-65eb-4beb-b0d8-f5023d61e3a0,5QJ1GSFD102038112,Centre,Centre,MINESEC,NO_ALREADY_CANONICAL
ced0dcd2-1d0b-4498-85b3-e9da52f3d29f,5QK1GSFD112092106,Centre,Centre,MINESEC,NO_ALREADY_CANONICAL
c644fab7-3d7f-46ee-872e-2f04b9dc1135,7CH1GSFD101821111,Littoral,Littoral,MINESEC,NO_ALREADY_CANONICAL
b557ddb8-09ef-4994-806e-a4b1340f2b26,7CI1GSBD111669109,Littoral,Littoral,MINESEC,NO_ALREADY_CANONICAL
29e0ff76-740c-4958-8f0c-67cf4fcfa19a,7CM1GSBD112119114,Littoral,Littoral,MINESEC,NO_ALREADY_CANONICAL
285f3216-bcc9-4a45-b0d0-1eae7f81f56d,7CR1GSFD111891103,Littoral,Littoral,MINESEC,NO_ALREADY_CANONICAL
8f8cbf15-0c4a-4966-a455-66e16549238b,7CM1GSBD112016111,Littoral,Littoral,MINESEC,NO_ALREADY_CANONICAL
ca9171ce-ac19-4a9c-a5c3-d803f5f85b16,7CN1GSBD111713108,Littoral,Littoral,MINESEC,NO_ALREADY_CANONICAL
1f99ad58-e1b4-4a3a-8f6c-abc98fc87875,5QE1GSFD101997108,Centre,Centre,MINESEC,NO_ALREADY_CANONICAL
6444c56e-40b9-41c1-8870-1b4f5193c9db,5QH1GSFD100349109,Centre,Centre,MINESEC,NO_ALREADY_CANONICAL
4d871e60-df57-4d42-bc0c-50ecb51c3618,7EC1GSFD102046110,Littoral,Littoral,MINESEC,NO_ALREADY_CANONICAL
ea97241c-4359-4ed2-97a0-0ab0b2b0e89e,5NJ1GSFD100657107,Centre,Centre,MINESEC,NO_ALREADY_CANONICAL
6f569f5f-f85e-48ee-8208-9c960d7fd4af,7HI1GSFD111881103,Littoral,Littoral,MINESEC,NO_ALREADY_CANONICAL
9e6192c6-b006-43fc-b059-8921b5b92433,7HQ1GSFD101142110,Littoral,Littoral,MINESEC,NO_ALREADY_CANONICAL
604417b9-bfea-4907-a778-05f2cdb4e4fe,7CV1GSBD112022092,Littoral,Littoral,MINESEC,NO_ALREADY_CANONICAL
2e71d41c-df7f-4f3f-be0b-2e5658087ebc,7EE1GSFD101711111,Littoral,Littoral,MINESEC,NO_ALREADY_CANONICAL
7c53d33e-22bc-480e-b8bf-857917b953cf,7EH1GSBD110322112,Littoral,Littoral,MINESEC,NO_ALREADY_CANONICAL
1baf22f7-692a-4401-96ab-4be703cf39b0,7HC1GSBD110636113,Littoral,Littoral,MINESEC,NO_ALREADY_CANONICAL
5d5a2d3c-a72a-4c3a-b46c-88bb9e6aff2f,7HH1GSFD102990117,Littoral,Littoral,MINESEC,NO_ALREADY_CANONICAL
91f1819f-ab1b-4c4b-94b5-05d088a8d851,7CX1GSFD102117096,Littoral,Littoral,MINESEC,NO_ALREADY_CANONICAL
e8ffd7e0-ba0d-45c4-8b92-e1a7c55c270f,7EC1GSFD111899113,Littoral,Littoral,MINESEC,NO_ALREADY_CANONICAL
a71ba754-fe58-4616-9c2c-458506b57136,7HE1GSBD100496111,Littoral,Littoral,MINESEC,NO_ALREADY_CANONICAL
7c8b0f2c-c37a-46ab-a8b2-8f26c1da681a,7HJ1GSFD110063106,Littoral,Littoral,MINESEC,NO_ALREADY_CANONICAL
e6d62829-6933-4292-9a1f-2d7f23a9408d,7HL1GSFD101320109,Littoral,Littoral,MINESEC,NO_ALREADY_CANONICAL
ed070120-0ba1-4cad-b185-de76882302c6,7EI1GSFD111687095,Littoral,Littoral,MINESEC,NO_ALREADY_CANONICAL
4b598cfc-017b-44ae-864a-d0b878141202,7HH1GSBD111952109,Littoral,Littoral,MINESEC,NO_ALREADY_CANONICAL
dfc566ea-2bfd-4322-8360-7ab0a142057c,7HH1GSFD100764109,Littoral,Littoral,MINESEC,NO_ALREADY_CANONICAL
abdc4eda-d842-4c72-b1e9-3d9cb188779b,7HH1GSFD110448113,Littoral,Littoral,MINESEC,NO_ALREADY_CANONICAL
c6978958-77aa-48b4-9eed-ce15930e2efa,7HJ1GSFD110070109,Littoral,Littoral,MINESEC,NO_ALREADY_CANONICAL
2dab0c99-6fc2-4f82-a475-8e0af2c66cdf,7HM1GSFD111681092,Littoral,Littoral,MINESEC,NO_ALREADY_CANONICAL
1ed7d2f0-74be-4ead-9d9f-98e4eba7b4a1,7HN1GSFD111155107,Littoral,Littoral,MINESEC,NO_ALREADY_CANONICAL
75aa380d-bf43-4368-9b4b-be1cb4093e93,7IE1GSBD102809115,Littoral,Littoral,MINESEC,NO_ALREADY_CANONICAL
95ed99bd-1ac6-4c0b-b431-422928b18043,7EE1GSFD111692108,Littoral,Littoral,MINESEC,NO_ALREADY_CANONICAL
5ed281a8-8c73-46a2-ab2e-2aaade5db9ba,7EH1GSFD102717114,Littoral,Littoral,MINESEC,NO_ALREADY_CANONICAL
6f71cb4c-ec26-4b3b-9ea8-8c4077130f2f,7HL1GSFD111573107,Littoral,Littoral,MINESEC,NO_ALREADY_CANONICAL
63088e4b-fb85-49dc-ad3d-afc3517d2798,7IH1GSBD110294112,Littoral,Littoral,MINESEC,NO_ALREADY_CANONICAL
23a1776b-e412-4b56-a83f-5e4a4493d666,7HK1GSBD111887108,Littoral,Littoral,MINESEC,NO_ALREADY_CANONICAL
d1b517ac-c4f5-4fa7-b1bc-171cef3275c2,7HQ1GSFD110970109,Littoral,Littoral,MINESEC,NO_ALREADY_CANONICAL
abe725e5-ca7c-4a9f-87b4-50615ce3f8de,7IH1GSFD111287099,Littoral,Littoral,MINESEC,NO_ALREADY_CANONICAL
9e0dce08-e5fc-4db3-a860-05a78d0401d0,7EC1GSBD110051110,Littoral,Littoral,MINESEC,NO_ALREADY_CANONICAL
62517f98-15dd-4cd6-ba57-6fcd619b1b20,7HQ1GSFD102378113,Littoral,Littoral,MINESEC,NO_ALREADY_CANONICAL
329e813b-058f-48a0-8dde-fb481d007cba,7HR1GSFD111931091,Littoral,Littoral,MINESEC,NO_ALREADY_CANONICAL
208982a1-e6a8-4a23-95fe-17942205893a,7IH1GSBD110694111,Littoral,Littoral,MINESEC,NO_ALREADY_CANONICAL
420471ee-2e04-4d05-a8de-67e5f7466d3e,7IH1GSBD111146111,Littoral,Littoral,MINESEC,NO_ALREADY_CANONICAL
e0f7e0da-bcb7-48d4-b50d-6cdeea516a8c,7IH1GSBD102232112,Littoral,Littoral,MINESEC,NO_ALREADY_CANONICAL
ceb5c79e-ce74-4b87-a202-d5e159c15b77,7II1GSBD110268108,Littoral,Littoral,MINESEC,NO_ALREADY_CANONICAL
7097f0aa-de19-4e69-8615-2beed954bd15,7HR1GSFD102113102,Littoral,Littoral,MINESEC,NO_ALREADY_CANONICAL
626e6bc4-ecf9-4997-9b67-4f579803f144,2CE1GSFD102249108,Adamaoua,Adamaoua,MINESEC,NO_ALREADY_CANONICAL
1ab03ec8-b966-4dab-b04e-856015a514bf,4CI1GSFD111795110,Ouest,Ouest,MINESEC,NO_ALREADY_CANONICAL
78894d31-4bd6-4a5c-887e-880d9a51b80f,4HI1GSBD100487112,Ouest,Ouest,MINESEC,NO_ALREADY_CANONICAL
ab34c1c5-8b48-4297-b775-3eac46abd6da,7II1GSBD110297110,Littoral,Littoral,MINESEC,NO_ALREADY_CANONICAL
a0ba89bc-8b88-4620-ac50-3af88c54be83,7IJ1GSFD110043100,Littoral,Littoral,MINESEC,NO_ALREADY_CANONICAL
1bb45a5f-1e96-4e33-beea-1aa82b056ed2,4EC1GSBD111504105,Ouest,Ouest,MINESEC,NO_ALREADY_CANONICAL
949f8536-7c7d-4624-acc2-c51868f7b1ff,7HN1GSFD101132111,Littoral,Littoral,MINESEC,NO_ALREADY_CANONICAL
a0acca99-9633-4444-af2f-04ddb6b2fe80,4IE1GSFD100476109,Ouest,Ouest,MINESEC,NO_ALREADY_CANONICAL
881fa13f-2786-4eb2-8ab3-ffe3df3533ed,4KH1GSFD112398107,Ouest,Ouest,MINESEC,NO_ALREADY_CANONICAL
7ce09204-d7d0-46d4-afbe-93f9aab16376,2HE1GSBD103232120,Adamaoua,Adamaoua,MINESEC,NO_ALREADY_CANONICAL
b9da8437-2664-44ec-9dc9-2f1f4f104781,4LC1GSBD103246120,Ouest,Ouest,MINESEC,NO_ALREADY_CANONICAL
4eab90b7-98da-42f0-a65e-486d5a63555e,4MI1GSFD101512108,Ouest,Ouest,MINESEC,NO_ALREADY_CANONICAL
83918558-c453-4ed2-a4fb-78749776a512,2JC1GSFD100338111,Adamaoua,Adamaoua,MINESEC,NO_ALREADY_CANONICAL
4f399622-3f50-4631-a3ae-f2e312b5057e,7II1GSBD110308090,Littoral,Littoral,MINESEC,NO_ALREADY_CANONICAL
efd9d438-621c-4ab2-8c0b-b615e159a275,7IJ1GSFD101305110,Littoral,Littoral,MINESEC,NO_ALREADY_CANONICAL
fb2542c8-c1fb-4cfa-825e-ef1be0ece17d,7IK1GSBD110237111,Littoral,Littoral,MINESEC,NO_ALREADY_CANONICAL
9a94663d-3dc4-4669-aed7-f013a61d15dc,4CI1GSBD103242120,Ouest,Ouest,MINESEC,NO_ALREADY_CANONICAL
601307cc-a8a3-4a8b-a34e-e3531c7e6ec4,4HE1GSFD110791110,Ouest,Ouest,MINESEC,NO_ALREADY_CANONICAL
ae960b89-d810-494f-a5d3-27b02238ed88,4JK1GSBD101308111,Ouest,Ouest,MINESEC,NO_ALREADY_CANONICAL
105e0b4a-1203-48c6-9a8f-838fdc6eded1,4LC1GSFD111626110,Ouest,Ouest,MINESEC,NO_ALREADY_CANONICAL
dc442980-f019-4335-b0b5-ddde6295b39d,2JH1GSFD111480114,Adamaoua,Adamaoua,MINESEC,NO_ALREADY_CANONICAL
77c6cfbe-5959-4e06-9560-0cfa21056251,1CL1GSFD102867115,Nord,Nord,MINESEC,NO_ALREADY_CANONICAL
691fb1ed-5620-4ac5-a2c4-2e2ab487affb,1HC1GSFD102866115,Nord,Nord,MINESEC,NO_ALREADY_CANONICAL
5ce7209d-a592-4d8a-8efa-92676b72a067,4EE1GSFD101181110,Ouest,Ouest,MINESEC,NO_ALREADY_CANONICAL
d27567c0-1723-4ff5-85d9-e72c16101189,4JJ1GSBD103243120,Ouest,Ouest,MINESEC,NO_ALREADY_CANONICAL
afa953e3-a883-48c5-aca6-9e685d825efd,4MK1GSBD111937100,Ouest,Ouest,MINESEC,NO_ALREADY_CANONICAL
a2c92897-9c61-4ffa-9ce2-4a2a1461f7d3,2HC1GSFD110029109,Adamaoua,Adamaoua,MINESEC,NO_ALREADY_CANONICAL
e39da0b6-bf91-445d-8b8f-e24c9a259f26,1CL1GSFD102696114,Nord,Nord,MINESEC,NO_ALREADY_CANONICAL
b7dcd283-49a9-4518-b77c-5547487fbe6c,1CR1GSBD111260113,Nord,Nord,MINESEC,NO_ALREADY_CANONICAL
16aaa5cc-1e76-44b3-a910-1290c03ab026,1EE1GSFD100775110,Nord,Nord,MINESEC,NO_ALREADY_CANONICAL
a3bc4ee1-b33e-45bd-924f-85cf2950de09,4KC1GSBD103244120,Ouest,Ouest,MINESEC,NO_ALREADY_CANONICAL
5f7c007e-d5cc-4818-b495-53356bb86979,4MN1GSBD103248120,Ouest,Ouest,MINESEC,NO_ALREADY_CANONICAL
3d48b370-9fc6-4bb8-a373-5446e33d2077,2HE1GSBD110503107,Adamaoua,Adamaoua,MINESEC,NO_ALREADY_CANONICAL
b33476bc-cd42-4326-93fb-d5ccecaea470,2JJ1GSFD111840074,Adamaoua,Adamaoua,MINESEC,NO_ALREADY_CANONICAL
ac6e8cb4-9235-48a2-b54c-8dbf44186008,1CT1GSFD111213107,Nord,Nord,MINESEC,NO_ALREADY_CANONICAL
85a337e1-85b3-4471-a971-92a93ea4616c,1HC1GSFD102678114,Nord,Nord,MINESEC,NO_ALREADY_CANONICAL
5205b086-2cfd-4305-822d-d84d64261fd6,2HH1GSBD103233120,Adamaoua,Adamaoua,MINESEC,NO_ALREADY_CANONICAL
27f24395-21fd-4a3f-bae2-f8fffdd4480b,1CE1GSFD102830115,Nord,Nord,MINESEC,NO_ALREADY_CANONICAL
c7406c37-333c-4f3f-bcc5-e2d7b818e93d,1CM1GSFD112222098,Nord,Nord,MINESEC,NO_ALREADY_CANONICAL
a45641fa-78f4-4ff8-9275-0aa639974d84,1EC1GSFD111160110,Nord,Nord,MINESEC,NO_ALREADY_CANONICAL
e4cbb49c-1f97-4850-93f0-471e78fa171a,1HH1GSBD103240120,Nord,Nord,MINESEC,NO_ALREADY_CANONICAL
a220e2d8-2163-4425-841a-4a332acbccc1,1IE1GSFD110868115,Nord,Nord,MINESEC,NO_ALREADY_CANONICAL
fbb96df4-46e1-4a8f-a06e-a2d68a820ff0,0CK1GSBD111236092,Extrême-Nord,Extrême-Nord,MINESEC,NO_ALREADY_CANONICAL
9fe7fe52-50f5-478a-a7da-f408690eee68,1CN1GSFD111233109,Nord,Nord,MINESEC,NO_ALREADY_CANONICAL
26fe2f21-aa56-47d9-a6bf-1536c31031b7,1HC1GSFD101069110,Nord,Nord,MINESEC,NO_ALREADY_CANONICAL
b5a320a9-7744-4d4f-856e-248a9fd891a9,1HH1GSBD111073115,Nord,Nord,MINESEC,NO_ALREADY_CANONICAL
3a0ea4c5-1e07-4aef-8718-0479961c25ce,0HJ1GSFD102840116,Extrême-Nord,Extrême-Nord,MINESEC,NO_ALREADY_CANONICAL
059027ef-ff6c-43a7-bdbc-6cd3b1e422db,0HQ1GSFD111100113,Extrême-Nord,Extrême-Nord,MINESEC,NO_ALREADY_CANONICAL
f10374e7-749c-4fa7-b829-cdd280f44e0d,0IJ1GSFD110174111,Extrême-Nord,Extrême-Nord,MINESEC,NO_ALREADY_CANONICAL
50670496-5136-4a66-8f0a-855e3cd05da0,1HE1GSFD102334113,Nord,Nord,MINESEC,NO_ALREADY_CANONICAL
8903141e-cee6-4421-88b7-a84e2de8bef3,1II1GSFD102924114,Nord,Nord,MINESEC,NO_ALREADY_CANONICAL
9d960a94-a4ae-4f16-ad8a-fdfba9732675,0HC1GSBD103236120,Extrême-Nord,Extrême-Nord,MINESEC,NO_ALREADY_CANONICAL
f7342ad5-a076-4cf4-a296-b0e6b63bfa95,0HK1GSFD102841116,Extrême-Nord,Extrême-Nord,MINESEC,NO_ALREADY_CANONICAL
f36a1e07-3ba5-4c2d-b432-c88ec39a20a5,0HR1GSFD112467078,Extrême-Nord,Extrême-Nord,MINESEC,NO_ALREADY_CANONICAL
cb323aa2-38ed-45fb-9b73-ef2025659304,0KE1GSFD110570115,Extrême-Nord,Extrême-Nord,MINESEC,NO_ALREADY_CANONICAL
ebc8d9de-2436-4633-a733-e870b7bcfe25,1HE1GSFD101315112,Nord,Nord,MINESEC,NO_ALREADY_CANONICAL
727617f1-6327-45ad-af61-1f0f6d016357,1IC1GSFD110864106,Nord,Nord,MINESEC,NO_ALREADY_CANONICAL
cac922db-2a3a-4848-896a-f1c7819edebd,0CH1GSFD110296107,Extrême-Nord,Extrême-Nord,MINESEC,NO_ALREADY_CANONICAL
e14c7535-d76d-4994-81cd-9abb6ae40d1b,0HE1GSFD112189115,Extrême-Nord,Extrême-Nord,MINESEC,NO_ALREADY_CANONICAL
8e9eea46-57ec-4cdf-993c-6d07a9602541,0IC1GSFD100441112,Extrême-Nord,Extrême-Nord,MINESEC,NO_ALREADY_CANONICAL
1e9365b6-21c7-4275-ad3c-ed1d74e865be,0KH1GSBD110579110,Extrême-Nord,Extrême-Nord,MINESEC,NO_ALREADY_CANONICAL
2bf6a34c-94aa-4710-9d60-3ba03644fb45,0CJ1GSFD111936113,Extrême-Nord,Extrême-Nord,MINESEC,NO_ALREADY_CANONICAL
e66dd724-3d17-4b43-a776-bf72383bb008,0IE1GSBD112065104,Extrême-Nord,Extrême-Nord,MINESEC,NO_ALREADY_CANONICAL
beb62b0f-1f11-4583-91fa-1654e14fa688,0KK1GSFD110284113,Extrême-Nord,Extrême-Nord,MINESEC,NO_ALREADY_CANONICAL
e143f487-439a-479b-9812-adcdbf59324c,0HH1GSFD112080107,Extrême-Nord,Extrême-Nord,MINESEC,NO_ALREADY_CANONICAL
026a7af3-27ea-4d7a-b9db-8bdc16e09747,0HM1GSFD112122103,Extrême-Nord,Extrême-Nord,MINESEC,NO_ALREADY_CANONICAL
00adf683-c14a-433b-ae0f-e5c8eda6347f,0IH1GSBD112105114,Extrême-Nord,Extrême-Nord,MINESEC,NO_ALREADY_CANONICAL
2162eab2-32a4-41fe-a0ce-f296f73fd60d,5EC1GSFD102379110,Centre,Centre,MINESEC,NO_ALREADY_CANONICAL
548e2e6a-91e0-4e67-bc68-7b3147c9789e,5EE1GSFD100668107,Centre,Centre,MINESEC,NO_ALREADY_CANONICAL
784dc676-ca93-4c69-bb24-914da13befd8,5CJ1GSFD100378107,Centre,Centre,MINESEC,NO_ALREADY_CANONICAL
ca35b4b1-4fbf-4d19-ab85-e4c8868222da,5EE1GSFD101075109,Centre,Centre,MINESEC,NO_ALREADY_CANONICAL
67f926ad-580b-42b2-b3fd-54fdf0de963d,5EL1GSFD110363111,Centre,Centre,MINESEC,NO_ALREADY_CANONICAL
cabe17db-464e-40d2-a1a0-dac60ed50238,5EL1GSFD110377112,Centre,Centre,MINESEC,NO_ALREADY_CANONICAL
1a203908-b147-46a1-bc0e-77b636d8aff0,5HC1GSBD111839105,Centre,Centre,MINESEC,NO_ALREADY_CANONICAL
3ebc37ee-852d-4ad7-9c29-018923027db1,5HN1GSBD100458111,Centre,Centre,MINESEC,NO_ALREADY_CANONICAL
277abdd9-548e-4e5d-9c36-5bde3bae63b2,5JC1GSFD101134100,Centre,Centre,MINESEC,NO_ALREADY_CANONICAL
dc5d14d7-592e-473f-974a-e768a85c7f40,5LH1GSFD110108097,Centre,Centre,MINESEC,NO_ALREADY_CANONICAL
bd213c43-dda1-489b-9848-3830da7b052d,5LJ1GSFD112791114,Centre,Centre,MINESEC,NO_ALREADY_CANONICAL
33a65891-5949-4449-aca0-08207f7cd736,5NC1GSFD101521112,Centre,Centre,MINESEC,NO_ALREADY_CANONICAL
8be4a065-f669-4339-9e43-f27d2f1eb8ac,5NC1GSFD111002076,Centre,Centre,MINESEC,NO_ALREADY_CANONICAL
24e0d0d2-2b17-41b8-be7c-b2484bd7e25a,5QJ1GSFD100119111,Centre,Centre,MINESEC,NO_ALREADY_CANONICAL
783b931b-1998-414b-9e52-33316f95433d,7CH1GSFD102149098,Littoral,Littoral,MINESEC,NO_ALREADY_CANONICAL
7dbd1e0a-9e72-4dde-9a26-b8400a916df6,7CM1GSBD102921115,Littoral,Littoral,MINESEC,NO_ALREADY_CANONICAL
62c2effe-f85d-4f1c-bde3-12b4753eeb76,7EC1GSFD102028110,Littoral,Littoral,MINESEC,NO_ALREADY_CANONICAL
5e86446e-2473-41ae-8253-c739ef954fe9,7HN1GSFD101138110,Littoral,Littoral,MINESEC,NO_ALREADY_CANONICAL
1214639b-7329-4af4-81e0-eb638cfaa4b2,5CC1GSFD102014103,Centre,Centre,MINESEC,NO_ALREADY_CANONICAL
78db5233-c3a6-4882-bc7f-e86e7162548a,5HJ1GSFD100112097,Centre,Centre,MINESEC,NO_ALREADY_CANONICAL
88301cfd-6309-49b6-9885-e495280a043b,5HC1GSFD112342106,Centre,Centre,MINESEC,NO_ALREADY_CANONICAL
3f5926f9-acc6-4646-a939-bc769f250cf5,5HH1GSFD110385110,Centre,Centre,MINESEC,NO_ALREADY_CANONICAL
3f98b025-1174-4fe7-8dff-bb1fd7b71f44,3EE1GSAD111252115,NORD-OUEST,Nord-Ouest,MINESEC,YES
f0a3253d-6e3a-4d15-81ea-56af1c6e1a50,6CE1GSAD101935112,SUD-OUEST,Sud-Ouest,MINESEC,YES
c877d6a0-813d-4963-9195-4062ddb4f6ab,5JL1GSFD100761112,Centre,Centre,MINESEC,NO_ALREADY_CANONICAL
84fca479-ae33-40e9-982a-f077a9438f8f,5KH1GSBD110309112,Centre,Centre,MINESEC,NO_ALREADY_CANONICAL
e108ae47-27f0-4933-8350-c75f60975276,5ML1GSFD102247110,Centre,Centre,MINESEC,NO_ALREADY_CANONICAL
f8a901c3-286b-4069-b1e8-fe2ee16ac2a2,7CQ1GSBD111831105,Littoral,Littoral,MINESEC,NO_ALREADY_CANONICAL
2a8bf65b-ba52-48ba-b56e-b598c9549e66,7HC1GSFD110053109,Littoral,Littoral,MINESEC,NO_ALREADY_CANONICAL
4c035f12-bd15-4b5a-925b-870d94ac522b,7HH1GSBD110360092,Littoral,Littoral,MINESEC,NO_ALREADY_CANONICAL
adf859e0-fb06-4be6-bca0-9a22969ba88f,7IC1GSFD112465054,Littoral,Littoral,MINESEC,NO_ALREADY_CANONICAL
1fd4ead5-ef07-42b7-8dd5-421853123bb8,7II1GSBD102868116,Littoral,Littoral,MINESEC,NO_ALREADY_CANONICAL
8020a83b-2ee8-442b-bf5f-9ada638330b6,5EC1GSFD110571100,Centre,Centre,MINESEC,NO_ALREADY_CANONICAL
ff4a004b-258b-43cd-9d22-d5e97dcf5846,7CE1GSBD111326112,Littoral,Littoral,MINESEC,NO_ALREADY_CANONICAL
3af7dba1-1f75-4923-ac6f-832c54160118,5HM1GSFD100501109,Centre,Centre,MINESEC,NO_ALREADY_CANONICAL
09b41c27-a27c-470d-9b65-0b9a9dce459b,5JL1GSFD110739105,Centre,Centre,MINESEC,NO_ALREADY_CANONICAL
54f90f62-fc0a-473d-822a-b4afc4d90b1e,5KE1GSBD110265115,Centre,Centre,MINESEC,NO_ALREADY_CANONICAL
2063c5ed-76c2-4f67-8840-74055b381ba9,5CE1GSFD100766112,Centre,Centre,MINESEC,NO_ALREADY_CANONICAL
8f888f65-241a-405f-a681-63075779d08f,5CE1GSFD100593111,Centre,Centre,MINESEC,NO_ALREADY_CANONICAL
0494a421-e5c2-4cf1-879b-1fc9e8babeee,5CH1GSFD102443109,Centre,Centre,MINESEC,NO_ALREADY_CANONICAL
d6c43cd4-eced-434f-a9af-46e8387d4269,5CH1GSBD110468106,Centre,Centre,MINESEC,NO_ALREADY_CANONICAL
bcb10eca-8128-4147-89cf-da2b9f05002c,5MC1GSFD111676112,Centre,Centre,MINESEC,NO_ALREADY_CANONICAL
2913bf85-5975-4f4b-8e9b-8660be8d6540,5QH1GSFD100623110,Centre,Centre,MINESEC,NO_ALREADY_CANONICAL
ee2a06db-8df1-4d45-a32e-5ed507ba9013,5NH1GSFD100615110,Centre,Centre,MINESEC,NO_ALREADY_CANONICAL
b541ddd3-8415-4f22-93ec-f068876218cc,7CL1GSBD102688114,Littoral,Littoral,MINESEC,NO_ALREADY_CANONICAL
dc2edd6d-7a48-421a-ac5c-ea587277e40e,7EH1GSFD102326113,Littoral,Littoral,MINESEC,NO_ALREADY_CANONICAL
d2338973-9c66-4f29-9f09-65f849f8b141,7EH1GSFD102332113,Littoral,Littoral,MINESEC,NO_ALREADY_CANONICAL
9e91851c-d9c1-4d3e-855a-5febe7d2f355,7HL1GSFD111582091,Littoral,Littoral,MINESEC,NO_ALREADY_CANONICAL
39f05bca-14d9-4d9a-b1a1-0d6260993940,7HR1GSFD101600108,Littoral,Littoral,MINESEC,NO_ALREADY_CANONICAL
982d9e69-97c1-4eb0-a18a-3b2aa1effc2e,7HL1GSFD101585108,Littoral,Littoral,MINESEC,NO_ALREADY_CANONICAL
480b9b4f-3ea8-40ed-bff9-10ac8a7d55de,7IJ1GSFD110039090,Littoral,Littoral,MINESEC,NO_ALREADY_CANONICAL
a7a30c43-26e1-4348-a302-5d78b47eb6e9,5CI1GSFD100114108,Centre,Centre,MINESEC,NO_ALREADY_CANONICAL
daaed515-3023-4fab-9829-cf02a73aa41f,5CJ1GSFD111355078,Centre,Centre,MINESEC,NO_ALREADY_CANONICAL
2462fc27-9abb-40bf-9ca9-77c7a94620c0,5CK1GSBD110390109,Centre,Centre,MINESEC,NO_ALREADY_CANONICAL
d44ca8e1-f84e-44e4-8fc7-858986897cfa,5NE1GSBD112139114,Centre,Centre,MINESEC,NO_ALREADY_CANONICAL
151e5302-d734-4f5a-80d6-70bc87f6aa2e,5CI1GSFD110426111,Centre,Centre,MINESEC,NO_ALREADY_CANONICAL
48b21cc1-5842-4153-a3f5-8c795ca0faf9,5CK1GSFD101633112,Centre,Centre,MINESEC,NO_ALREADY_CANONICAL
c85a7d9e-d4e4-4a38-b4ed-b30943a56a63,5EK1GSFD112455078,Centre,Centre,MINESEC,NO_ALREADY_CANONICAL
43c11fe7-a549-4a72-afea-67f14212f384,5HL1GSBD111917109,Centre,Centre,MINESEC,NO_ALREADY_CANONICAL
a9110c15-f584-4394-bac5-a2c305686854,5II1GSFD100113112,Centre,Centre,MINESEC,NO_ALREADY_CANONICAL
940dd7aa-f1ba-425c-9abd-caf6fd43ce31,5LC1GSBD112381112,Centre,Centre,MINESEC,NO_ALREADY_CANONICAL
d8af02e1-a96b-4e9d-84bf-8c16dda67c58,5MH1GSFD111175111,Centre,Centre,MINESEC,NO_ALREADY_CANONICAL
735e32b4-5982-4b17-90fa-b48af42e1b5e,1CJ1GSFD110833098,Nord,Nord,MINESEC,NO_ALREADY_CANONICAL
9a6c5101-9bef-4b19-8103-762069656399,4ME1GSBD112138097,Ouest,Ouest,MINESEC,NO_ALREADY_CANONICAL
ed7217ec-477b-4308-a86c-5631077f927e,0EK1GSFD103230120,Extrême-Nord,Extrême-Nord,MINESEC,NO_ALREADY_CANONICAL
690de07a-b746-434e-964f-6bc02b8e4d8b,1IE1GSFD110704108,Nord,Nord,MINESEC,NO_ALREADY_CANONICAL
9d031d74-c554-48a9-8b99-bf5a460bbe23,0HM1GSBD103237120,Extrême-Nord,Extrême-Nord,MINESEC,NO_ALREADY_CANONICAL
6512783b-1331-4668-9c86-c927303d4f90,5KH1GSFD110374106,Centre,Centre,MINESEC,NO_ALREADY_CANONICAL
312cca34-3b5a-46b7-8fac-432b0539908b,5MI1GSBD111665112,Centre,Centre,MINESEC,NO_ALREADY_CANONICAL
0da21a75-4a3a-4058-9e0e-5f2c5dc191b2,5QI1GSFD111958098,Centre,Centre,MINESEC,NO_ALREADY_CANONICAL
87b5ffc0-c33e-45f5-9d6d-471bfa59d68f,6CE1GSBD110461092,SUD-OUEST,Sud-Ouest,MINESEC,YES
06f1746b-7517-408f-8a27-9ca93b78dba2,6CE1GSAD110041107,SUD-OUEST,Sud-Ouest,MINESEC,YES
42e0e79f-aef2-4f68-8501-a91446c50f3d,3EH1GSBD101517106,NORD-OUEST,Nord-Ouest,MINESEC,YES
54bf9750-d55c-4a44-87ad-87c6aefdce6d,3EI1GSAD101202110,NORD-OUEST,Nord-Ouest,MINESEC,YES
88722d8d-2476-4925-845f-e56a1b24451d,3EI1GSAD101149106,NORD-OUEST,Nord-Ouest,MINESEC,YES
851a5675-fdaf-42b2-bea0-47a68f997534,6CE1GSAD110491113,SUD-OUEST,Sud-Ouest,MINESEC,YES
2266b3db-028e-4fb6-ac33-91ce4194e70b,6CH1GSAD100386113,SUD-OUEST,Sud-Ouest,MINESEC,YES
d3380497-a622-400e-ac52-0c4e3d202688,6CH1GSBD110428090,SUD-OUEST,Sud-Ouest,MINESEC,YES
f77bf6ee-9bf4-4892-b4a2-b5dae713886d,6CH1GSAD112153110,SUD-OUEST,Sud-Ouest,MINESEC,YES
036548c8-c6cc-43d0-b846-035e3d147951,6CH1GSAD110435109,SUD-OUEST,Sud-Ouest,MINESEC,YES
cdfafb00-00d4-4874-96b6-2ce191611a50,6CH1GSAD110020104,SUD-OUEST,Sud-Ouest,MINESEC,YES
bcfea169-1f89-4c62-aecb-86c146ebd500,6CI1GSBD110681113,SUD-OUEST,Sud-Ouest,MINESEC,YES
03410b82-52da-4343-b29c-945d45656d59,6CI1GSBD110440106,SUD-OUEST,Sud-Ouest,MINESEC,YES
0adea091-204a-4986-b447-e2d9ffaac469,6CI1GSAD110140113,SUD-OUEST,Sud-Ouest,MINESEC,YES
db2045f1-681f-4c90-8ab7-34c225f4176a,6EC1GSBD102323113,SUD-OUEST,Sud-Ouest,MINESEC,YES
1989b127-4621-45f3-a9ec-45eb51a2e121,6EH1GSBD101832104,SUD-OUEST,Sud-Ouest,MINESEC,YES
f19ed60e-ca69-428e-9ad8-e6b45c66d329,6EC1GSAD101679110,SUD-OUEST,Sud-Ouest,MINESEC,YES
db12bd64-ef20-4083-91a2-733e292db975,6EC1GSAD101171110,SUD-OUEST,Sud-Ouest,MINESEC,YES
f90774ab-0caa-4091-bc57-979261c9237f,6EC1GSAD101668097,SUD-OUEST,Sud-Ouest,MINESEC,YES
dccaa69a-2a4b-4400-8249-454b8174b74f,3EI1GSAD101205110,NORD-OUEST,Nord-Ouest,MINESEC,YES
bd50ab1b-6575-47f3-96ac-c8ae33fbec93,6EC1GSAD102310113,SUD-OUEST,Sud-Ouest,MINESEC,YES
da905fb0-31d9-4d1c-bbe7-087113b70783,6EC1GSBD112054098,SUD-OUEST,Sud-Ouest,MINESEC,YES
3caf5416-1c97-4faa-8718-218cc9cd2f79,3EI1GSAD101180110,NORD-OUEST,Nord-Ouest,MINESEC,YES
4d36547f-979c-48c0-ae66-d0df85ef43c5,6EC1GSBD112075108,SUD-OUEST,Sud-Ouest,MINESEC,YES
10b8e825-b872-461a-b045-d9f86e6c4ef2,3EI1GSAD111198113,NORD-OUEST,Nord-Ouest,MINESEC,YES
4fd359e1-f12e-4435-8162-5ba214fbcd7e,6EE1GSAD101122108,SUD-OUEST,Sud-Ouest,MINESEC,YES
81a3c660-6f3f-4d14-9cd8-59d116f55642,6EE1GSAD102025108,SUD-OUEST,Sud-Ouest,MINESEC,YES
40249bab-fff4-40ca-8931-002af3732e45,6EE1GSAD100822109,SUD-OUEST,Sud-Ouest,MINESEC,YES
2f28d837-8532-4ee1-936d-4d76fb8802f1,6EE1GSBD110678115,SUD-OUEST,Sud-Ouest,MINESEC,YES
04e0d6cc-30d5-4b7f-b4b1-1cbaaf460c19,6EE1GSAD110614107,SUD-OUEST,Sud-Ouest,MINESEC,YES
8fd69f1d-02f1-4090-b03d-bbd599b53ed7,6EH1GSBD100725108,SUD-OUEST,Sud-Ouest,MINESEC,YES
a79e5fdb-2132-4a96-96bc-dd177ceab2fe,6EH1GSAD100713107,SUD-OUEST,Sud-Ouest,MINESEC,YES
1c3c2fa5-e0c3-4a35-a06d-839d13bc2113,3EJ1GSAD101139109,NORD-OUEST,Nord-Ouest,MINESEC,YES
c61bf513-820c-4596-843b-4bc8650c9229,3EJ1GSAD101467110,NORD-OUEST,Nord-Ouest,MINESEC,YES
8c73fec7-c28e-44eb-9a88-ce58fc1563b1,3EJ1GSAD111463112,NORD-OUEST,Nord-Ouest,MINESEC,YES
9914f39f-21d7-490d-9690-f8ce1770286a,3EK1GSAD102348113,NORD-OUEST,Nord-Ouest,MINESEC,YES
d03e810e-44e6-495a-9ee2-d66db70213ee,3EK1GSAD101530110,NORD-OUEST,Nord-Ouest,MINESEC,YES
ff405061-0c94-4231-8fbe-1117c593040b,3EK1GSAD102143110,NORD-OUEST,Nord-Ouest,MINESEC,YES
335eb7bf-6a8f-4a76-a2d1-6e903f698872,3EK1GSBD101158110,NORD-OUEST,Nord-Ouest,MINESEC,YES
503fdca7-6684-4530-b45d-3e3965f399e7,3EK1GSBD111659109,NORD-OUEST,Nord-Ouest,MINESEC,YES
a20c1408-21a1-4cfd-8e43-d7b94dcb116c,3EK1GSAD111485110,NORD-OUEST,Nord-Ouest,MINESEC,YES
25f11890-e07a-44d3-ab20-e49c4a9973a9,3EK1GSAD111477113,NORD-OUEST,Nord-Ouest,MINESEC,YES
1db05ed1-434c-4aa8-846e-fe973f82c50d,3HC1GSAD101368110,NORD-OUEST,Nord-Ouest,MINESEC,YES
976ba661-b673-48a0-a046-6c35b868a749,3HC1GSAD101404106,NORD-OUEST,Nord-Ouest,MINESEC,YES
8bfaf669-93fc-4006-ab3e-52a9bf99fc59,3HC1GSAD101406109,NORD-OUEST,Nord-Ouest,MINESEC,YES
098d6142-691a-4a0b-99d9-5233a0e67dfa,3HC1GSBD111696115,NORD-OUEST,Nord-Ouest,MINESEC,YES
3a0a492f-c3d7-44dc-8f4d-b7b5e6538d5e,3HE1GSAD102716114,NORD-OUEST,Nord-Ouest,MINESEC,YES
428e3d91-b756-40bd-9da1-8648d8c3131a,3HE1GSAD111693114,NORD-OUEST,Nord-Ouest,MINESEC,YES
6e0450a2-6de4-4c5d-b2f2-1b9a762c349e,3HH1GSAD101528109,NORD-OUEST,Nord-Ouest,MINESEC,YES
cec7fd3e-d4a5-432a-854d-fcfb2d4acfa5,3HH1GSAD102819115,NORD-OUEST,Nord-Ouest,MINESEC,YES
66e8e0c0-3015-4f2c-9ef2-5566c081cf41,3HH1GSBD110840107,NORD-OUEST,Nord-Ouest,MINESEC,YES
ef7b63bc-cafd-4f9f-8481-68c28116eeb5,3HH1GSAD111522115,NORD-OUEST,Nord-Ouest,MINESEC,YES
d81964d4-b7d0-4c2c-a93d-13693ebcda18,6IC1GSAD101091099,SUD-OUEST,Sud-Ouest,MINESEC,YES
888d2a1c-29b7-44a1-9eca-f003f7199852,6IC1GSAD102292113,SUD-OUEST,Sud-Ouest,MINESEC,YES
7da53b81-7ec4-4014-a7d4-87c13b5fcdc5,6IC1GSAD102130104,SUD-OUEST,Sud-Ouest,MINESEC,YES
fa0e0d14-088c-41ca-9cf0-56e2d19594fd,6IC1GSAD111824107,SUD-OUEST,Sud-Ouest,MINESEC,YES
47215400-f185-482f-899c-794b34757361,6IE1GSBD101648109,SUD-OUEST,Sud-Ouest,MINESEC,YES
145fefa5-636c-4fdd-83e8-b1ece07778b2,6IE1GSAD102252113,SUD-OUEST,Sud-Ouest,MINESEC,YES
1fcf75db-8367-460f-8ff6-1d58cd20d735,6IE1GSAD101162108,SUD-OUEST,Sud-Ouest,MINESEC,YES
e88812b5-4d59-4e90-983f-78d94ee820f2,6IE1GSAD101157110,SUD-OUEST,Sud-Ouest,MINESEC,YES
a8b12bd6-3879-414d-aee2-4630d32314e7,6IE1GSAD101169112,SUD-OUEST,Sud-Ouest,MINESEC,YES
4454abcf-aacd-496e-9038-cf79af441cf6,8CC1GSFD100028109,SUD,Sud,MINESEC,YES
d94b6a91-bfa8-402a-92de-1a259c263969,8CC1GSFD101940109,SUD,Sud,MINESEC,YES
f0e7e601-11ff-4d68-8491-2a96fded412e,8CE1GSFD101871104,SUD,Sud,MINESEC,YES
6c6729bf-f149-4d17-8d88-a194a0871f30,8CE1GSFD100357110,SUD,Sud,MINESEC,YES
7748ea3b-1653-4234-ac93-e258b1c5df7a,8CH1GSBD101950112,SUD,Sud,MINESEC,YES
af42bafa-efe3-4b0b-926d-d85afcb59d0e,8CH1GSFD100347112,SUD,Sud,MINESEC,YES
a0f7b21b-80bb-4d86-9866-5f327eb51d8f,3HH1GSAD110047111,NORD-OUEST,Nord-Ouest,MINESEC,YES
85b1b4d3-a119-42d4-a5c5-50898fb6de22,8CH1GSFD101925106,SUD,Sud,MINESEC,YES
889b8a74-2db2-471e-917e-7918709fb40a,8CH1GSFD101944105,SUD,Sud,MINESEC,YES
20869247-83b6-430f-8c6f-8c6cbfbb3bf6,8CH1GSFD102251100,SUD,Sud,MINESEC,YES
c9e35516-9473-4550-a4b2-c04d8df7f395,8CH1GSFD110091090,SUD,Sud,MINESEC,YES
af816c1a-8632-45b1-89de-183f8e08afd6,8CI1GSFD102314113,SUD,Sud,MINESEC,YES
b4311cc5-5090-491f-8437-39d48e92dcbf,8CJ1GSFD112008110,SUD,Sud,MINESEC,YES
d48fb6ce-2ecf-421a-a5d7-bae790007f1f,8CL1GSFD100618109,SUD,Sud,MINESEC,YES
3520c716-e80a-44a3-9758-5d96e1fd6d7e,8CL1GSFD102002096,SUD,Sud,MINESEC,YES
1430aa55-eae5-4d3f-aff0-44211f36c7c9,8CL1GSFD111825069,SUD,Sud,MINESEC,YES
56880c6e-4fb6-470c-a238-d2739d346aad,8CL1GSFD111544112,SUD,Sud,MINESEC,YES
80421b92-6501-45ff-98ab-48e313c5a4ef,6IE1GSAD101838102,SUD-OUEST,Sud-Ouest,MINESEC,YES
2f0c6575-37ab-42f8-82bf-98345b67e77f,8CL1GSFD111998107,SUD,Sud,MINESEC,YES
b84e6e94-06fd-49e3-9c15-b98d4534733e,8CM1GSFD102176102,SUD,Sud,MINESEC,YES
da7bd80b-a0c1-488a-87aa-24e067986e80,8CM1GSFD100965103,SUD,Sud,MINESEC,YES
3abc76ed-7333-488a-a359-f17459bb2c25,8CM1GSBD111650114,SUD,Sud,MINESEC,YES
977fb854-6f4e-4926-8ff4-4591819d04af,8CM1GSFD110960107,SUD,Sud,MINESEC,YES
d7665881-8f88-455a-b6f1-653c3f4099a3,8EC1GSFD111956097,SUD,Sud,MINESEC,YES
3c9e55d4-4a5a-4ec0-a9e6-2db1fd7c0a46,8EE1GSFD100414098,SUD,Sud,MINESEC,YES
d4899231-a6dc-49be-bd96-307cb9b5787b,8EE1GSFD103162118,SUD,Sud,MINESEC,YES
2fa7687c-d98c-4c8c-a105-e26ab2b157ad,8EE1GSFD110419111,SUD,Sud,MINESEC,YES
c20167ad-b48b-44d3-9cf5-14c50e6ccd81,8EH1GSFD100317108,SUD,Sud,MINESEC,YES
4b25079b-ce35-49cf-95a6-038c54add30f,8EH1GSFD100558103,SUD,Sud,MINESEC,YES
74226671-17c2-427b-a293-531d700a2927,6JC1GSAD102435110,SUD-OUEST,Sud-Ouest,MINESEC,YES
6944faf3-09b0-4904-8539-08016248029a,8EH1GSFD111968114,SUD,Sud,MINESEC,YES
7d5d9f16-2835-452b-b5bb-6f36a098cec5,8JI1GSFD102724114,SUD,Sud,MINESEC,YES
88db5794-d8d3-4c1c-b4af-0bcfbf173f94,8EI1GSFD102691114,SUD,Sud,MINESEC,YES
24a25c64-7271-4d1a-bbf1-141abecc0149,8EI1GSFD100759108,SUD,Sud,MINESEC,YES
ca84ed54-6a6c-4d38-9b09-0d8b45c5ca43,8EI1GSFD112440107,SUD,Sud,MINESEC,YES
774e2474-4864-41d3-a444-7f7209f85029,8EI1GSFD110212113,SUD,Sud,MINESEC,YES
8f0f8578-c60b-4174-ae78-d10486bd7e3d,8EJ1GSFD100831106,SUD,Sud,MINESEC,YES
163f2ab5-9f91-45bd-a8b6-608cf6f12f07,8EJ1GSFD110835110,SUD,Sud,MINESEC,YES
45f7e5f3-ff26-45ea-ad60-ecc90c2d7d8f,8EK1GSBD102701114,SUD,Sud,MINESEC,YES
107cd893-311e-4090-a0e4-4edcf1044d1e,8EK1GSFD110187110,SUD,Sud,MINESEC,YES
fc3791ca-a2c8-4e26-8651-5b146be85207,8EK1GSFD111914112,SUD,Sud,MINESEC,YES
faaff00d-af61-43e1-bdc9-ccb8682e34b2,8EL1GSFD102367113,SUD,Sud,MINESEC,YES
df60fc01-742b-42ed-930e-cd3b5ad1b239,3HI1GSAD102820115,NORD-OUEST,Nord-Ouest,MINESEC,YES
055c989c-2b53-47ce-a9cd-e1e08c426186,8EM1GSFD100179109,SUD,Sud,MINESEC,YES
fd61cb89-662d-491f-bdda-fc41141a0e82,8EM1GSFD100531100,SUD,Sud,MINESEC,YES
55caf186-d605-4f49-b183-e73bbee4e22b,8EM1GSFD101929103,SUD,Sud,MINESEC,YES
1e532fc9-e352-4094-9d80-59c1044db027,8HC1GSBD100310114,SUD,Sud,MINESEC,YES
116b2e16-2c5b-4561-9b36-56eaf25535d7,8HC1GSFD101026105,SUD,Sud,MINESEC,YES
aa9109fd-5126-4da4-847f-4d4ef782a546,3HI1GSAD100901110,NORD-OUEST,Nord-Ouest,MINESEC,YES
9943a268-ba82-4aa0-9455-189098a574d8,8HE1GSFD101212110,SUD,Sud,MINESEC,YES
2af2e987-9518-4468-a056-a596c9bdac81,8HH1GSFD101865110,SUD,Sud,MINESEC,YES
f4389a8a-63d4-4c04-9ad7-bafc1b6673ad,8HH1GSFD111374098,SUD,Sud,MINESEC,YES
1b3145fe-1bab-4a7a-a870-61c09f69df3d,8HI1GSFD110421106,SUD,Sud,MINESEC,YES
170039b3-b97b-401a-9566-cd17030f291e,8HJ1GSFD100203111,SUD,Sud,MINESEC,YES
eb1d3041-8b88-4a90-b079-80b2199ea555,3HI1GSAD110872111,NORD-OUEST,Nord-Ouest,MINESEC,YES
f50218de-f7f3-4680-828c-5b3e19e8dd74,8HK1GSFD100734108,SUD,Sud,MINESEC,YES
eaa7e1b3-c7b6-4686-95a4-912d1dcdf15f,8HK1GSFD102862115,SUD,Sud,MINESEC,YES
8a726d99-143c-4680-8167-299776db0db1,8HK1GSFD100741100,SUD,Sud,MINESEC,YES
4cbd4176-602b-400a-87b1-f70461dd4532,8HK1GSFD111165106,SUD,Sud,MINESEC,YES
2cd6cc8d-a1de-4b7a-b573-1cd1d597b397,8HL1GSFD112033091,SUD,Sud,MINESEC,YES
8f09e4d1-8416-4dba-9a41-b65e00bdc286,8HM1GSFD112077095,SUD,Sud,MINESEC,YES
94503493-b0e6-49c1-aba6-aa2bc4b05dd7,8HN1GSFD100660107,SUD,Sud,MINESEC,YES
5de87dec-2ebb-46d7-bd8e-3fc29a77e08b,8IC1GSFD100381112,SUD,Sud,MINESEC,YES
0a635eea-30c2-4cae-b930-20b19db9bd21,8IC1GSFD100019109,SUD,Sud,MINESEC,YES
6b7bb85f-a8ac-4853-9c15-7bdc16c7b85e,3HJ1GSAD100818108,NORD-OUEST,Nord-Ouest,MINESEC,YES
e624fd96-8b6a-43a2-982c-07c7b03f9415,8IC1GSFD112102108,SUD,Sud,MINESEC,YES
2e7e0edb-f78e-425d-b354-5b5718c38d7e,8IC1GSFD111168107,SUD,Sud,MINESEC,YES
cdb71d24-f683-4627-aa02-8dae2138fbc7,8IE1GSBD112155108,SUD,Sud,MINESEC,YES
65d4063a-009a-473e-9414-d2d2b769fd1a,8IH1GSFD102719114,SUD,Sud,MINESEC,YES
b609f003-5cc6-44d6-b3b0-726ea77008ba,8IH1GSFD102159107,SUD,Sud,MINESEC,YES
ab5a2929-f9f9-4f67-9231-93f7ffc58894,8IH1GSFD110624099,SUD,Sud,MINESEC,YES
b710c7ec-4b0e-49ad-8cc5-25181e0f5c83,8IH1GSFD110369110,SUD,Sud,MINESEC,YES
323e3408-6300-4f1c-890b-5f1c072d8a5b,8II1GSFD102037108,SUD,Sud,MINESEC,YES
f9cb9efd-c150-4340-a698-e1a6b0439b3a,3HJ1GSAD101296111,NORD-OUEST,Nord-Ouest,MINESEC,YES
8f682b31-2d36-49c1-a209-1a7ecd305e2a,8II1GSFD102325113,SUD,Sud,MINESEC,YES
be2af467-1ce0-47f0-924d-38ca7268b077,9CC1GSFD102000108,EST,Est,MINESEC,YES
7aedb489-78b7-4af9-97a9-b21e77588186,3HJ1GSAD101642106,NORD-OUEST,Nord-Ouest,MINESEC,YES
0575013f-51e7-459d-a2c3-6ae0101bc848,9CC1GSFD102047112,EST,Est,MINESEC,YES
27d0366b-45da-4da1-b91a-844d5f02012e,9CE1GSFD100578109,EST,Est,MINESEC,YES
ed106e34-ba00-48f3-9294-cd123293c7b2,3HJ1GSAD102818115,NORD-OUEST,Nord-Ouest,MINESEC,YES
af6eaa64-1051-485b-b794-e1e95e382b17,9CH1GSFD110574108,EST,Est,MINESEC,YES
7c107572-23e7-4c58-a68f-1169047b630a,9CI1GSFD102165112,EST,Est,MINESEC,YES
70238c17-678b-40b4-864a-3434e73d9d99,9CI1GSFD102205107,EST,Est,MINESEC,YES
cb138eb1-e04e-4d61-b15a-f12dcd467812,9CI1GSFD100062110,EST,Est,MINESEC,YES
3fba293e-1752-4f9b-8120-3f0620623432,9CI1GSFD112390076,EST,Est,MINESEC,YES
39056ac1-f428-4c1c-b182-3ef01b6eb3c4,9EC1GSFD103160118,EST,Est,MINESEC,YES
feb93ebc-cf59-4cbe-b79e-7e09730c98cc,9EC1GSFD100447111,EST,Est,MINESEC,YES
c4080000-bd4e-469f-ad6c-2d4bdddd1970,9EC1GSFD111148106,EST,Est,MINESEC,YES
5d7d180d-27ae-404a-b188-67a84cb8ebcf,9EQ1GSFD100216110,EST,Est,MINESEC,YES
bb9628da-1605-4c9f-9095-df526b396d9b,6JC1GSAD100539108,SUD-OUEST,Sud-Ouest,MINESEC,YES
2845f9b8-e478-4fe1-a47a-f4954cebecbb,9EI1GSFD112408112,EST,Est,MINESEC,YES
58f34461-742a-46df-b3cf-c9a1ea519b1b,9EJ1GSFD110194115,EST,Est,MINESEC,YES
0193290a-6bb7-4ef0-ba8e-3a91feb2b02b,9EK1GSFD102914114,EST,Est,MINESEC,YES
ae868c48-1569-4c23-9527-72974e46ba79,9EL1GSFD100190112,EST,Est,MINESEC,YES
2159812a-6257-40fb-b1cf-672167df33a6,9EL1GSFD111896112,EST,Est,MINESEC,YES
df8928f7-09d0-40c1-814d-f502bec951e0,9EM1GSBD110177114,EST,Est,MINESEC,YES
9126b817-bf52-48d9-818a-ca75c1ea536a,9EN1GSFD100258110,EST,Est,MINESEC,YES
e7b8bcba-24b2-4939-b6b8-60a0482c6360,9ER1GSBD100732112,EST,Est,MINESEC,YES
2e5f76df-6e8e-4ac8-9725-9cb9dcae9c41,9ER1GSFD110208107,EST,Est,MINESEC,YES
4c5b0fb2-aaee-46e3-b726-2493be02c0b6,9ES1GSFD102681114,EST,Est,MINESEC,YES
2f48877c-96cc-419e-b5d2-635b2988ea8d,9ES1GSFD102686114,EST,Est,MINESEC,YES
5cd6945c-2654-4f28-a739-c23cf8fc6f8a,9ES1GSFD110256092,EST,Est,MINESEC,YES
1942aa47-837e-42c3-b834-162953f5096e,9EY1GSFD102208111,EST,Est,MINESEC,YES
77b6b894-b83e-49e7-b797-b20a11295f2b,9EY1GSFD100654107,EST,Est,MINESEC,YES
076426dc-fa85-421d-b469-9fb9d621f523,9EY1GSFD110206091,EST,Est,MINESEC,YES
59e5c722-308c-48dc-b53e-ae9544a5281d,9HC1GSFD102011108,EST,Est,MINESEC,YES
b5c50283-2bdb-4e25-836b-231cdf1a238f,9HC1GSFD100394112,EST,Est,MINESEC,YES
f65e0590-3029-44ed-80ec-9cb15a44baee,9HC1GSFD110339115,EST,Est,MINESEC,YES
c39d7fb0-de5c-4bad-a2c9-36b45ef7abf1,9HE1GSFD112248106,EST,Est,MINESEC,YES
ca47549f-7c22-409a-bf94-0cf334a6e83d,9HH1GSFD100776112,EST,Est,MINESEC,YES
e16d7fb0-3595-4320-bed6-ab6d09b0c5a6,6IE1GSAD101848112,SUD-OUEST,Sud-Ouest,MINESEC,YES
5642caf5-b3c2-41b9-8b4b-025b9a3aa45a,6IE1GSBD112050098,SUD-OUEST,Sud-Ouest,MINESEC,YES
874e6c49-02dc-4b0e-81d0-db6e12a68aca,6IE1GSAD111994107,SUD-OUEST,Sud-Ouest,MINESEC,YES
ac1d2949-851c-445f-ab5a-f83ae8297e78,9HI1GSFD102698114,EST,Est,MINESEC,YES
c26c2fe4-fb3d-4e48-91fb-142a9d950f7e,9HI1GSBD111151107,EST,Est,MINESEC,YES
d439dd5a-99a8-4ae1-af88-02770872d148,9HJ1GSFD100494107,EST,Est,MINESEC,YES
775a68a9-0685-4016-b72d-9bbbb30e1d10,9HK1GSFD110188112,EST,Est,MINESEC,YES
c6d8f2a1-408d-4ec0-84d6-221297eed5af,9HL1GSFD101992109,EST,Est,MINESEC,YES
8878a67c-1130-419b-bbc7-51e35f8a3306,9IC1GSFD100407111,EST,Est,MINESEC,YES
26d0b002-030d-4fab-b92b-4e1f5d2aa94c,3HJ1GSAD111817092,NORD-OUEST,Nord-Ouest,MINESEC,YES
197ed617-c407-47ae-b51b-4d1c6d5e123f,9IC1GSFD102421111,EST,Est,MINESEC,YES
dff05c31-de91-4719-97ea-24a2d409fe3b,9IC1GSFD110073091,EST,Est,MINESEC,YES
081527b2-8aed-4736-895c-64042bebc3fa,9IE1GSFD102916114,EST,Est,MINESEC,YES
d496b8b6-bdc7-462a-82ac-ef7aef27a5ee,9IH1GSFD012203104,EST,Est,MINESEC,YES
c31eb73a-f6e8-4893-81b5-3c8a07f39a7b,9II1GSFD102051113,EST,Est,MINESEC,YES
814f7bb7-2e1c-4762-b6cc-bf8e0bf3855b,9II1GSFD110064111,EST,Est,MINESEC,YES
60892fb7-86da-45e1-b14b-7049faccedf8,9IJ1GSFD100065111,EST,Est,MINESEC,YES
4cd6548b-63c9-4c11-8c80-1e294d6241ad,9IK1GSFD102228109,EST,Est,MINESEC,YES
97e8edb8-a205-4cf3-bce6-2ea9fd85ef5b,9IL1GSFD102027113,EST,Est,MINESEC,YES
a74a487a-14a7-4b41-8a64-e6940d84d6c4,9IL1GSFD100522104,EST,Est,MINESEC,YES
62c595fb-3dc2-4f08-b1a6-e737408d1e6a,9IM1GSFD100532110,EST,Est,MINESEC,YES
74c66bdc-bdf1-4d77-9e7f-d2607d1cbdee,9IC1GSFD101876109,EST,Est,MINESEC,YES
dee3b720-5e7c-4373-84ac-f13f34b39ce4,9IM1GSFD110151111,EST,Est,MINESEC,YES
3d09ed3c-d8f8-4645-9e2a-650e873035ca,3IC1GSAD101719111,NORD-OUEST,Nord-Ouest,MINESEC,YES
80ef111f-618f-49d3-89f1-1d7e6851a7a5,3CC1GSAD110899111,NORD-OUEST,Nord-Ouest,MINESEC,YES
28c45d1e-8fdf-48f9-94df-78090db45880,3CC1GSAD110161107,NORD-OUEST,Nord-Ouest,MINESEC,YES
3c2acd1c-0c2c-464e-a9eb-b91afe5f0c23,3CC1GSAD110892111,NORD-OUEST,Nord-Ouest,MINESEC,YES
be8363e4-cc1b-4aeb-9d24-530079a1876a,3CE1GSAD102824115,NORD-OUEST,Nord-Ouest,MINESEC,YES
d544504b-d764-444e-ad26-636120f02e3a,3CE1GSAD100979107,NORD-OUEST,Nord-Ouest,MINESEC,YES
22380558-bf74-4b55-b1e2-a81d604c4eb9,3CH1GSAD101640110,NORD-OUEST,Nord-Ouest,MINESEC,YES
50529fd2-0604-406f-aa2a-e80eed392f3d,3CH1GSAD100938100,NORD-OUEST,Nord-Ouest,MINESEC,YES
0138bbb0-9707-42a5-bfbc-185809e0461e,3CH1GSAD100248109,NORD-OUEST,Nord-Ouest,MINESEC,YES
10f357f1-c299-4fba-a2c8-a7610c4af6ea,3CH1GSBD110289079,NORD-OUEST,Nord-Ouest,MINESEC,YES
e856d619-0435-4630-a12a-4cf34141a09a,3CH1GSAD110272110,NORD-OUEST,Nord-Ouest,MINESEC,YES
61bf1748-3251-4913-aa27-bb7d189882e5,3CH1GSAD101646109,NORD-OUEST,Nord-Ouest,MINESEC,YES
2657349c-a2ae-46a5-923e-f7f08e02bfbe,3CI1GSAD100986107,NORD-OUEST,Nord-Ouest,MINESEC,YES
b2c69451-55d1-439c-8db2-3ff2fe8fd0e6,3CI1GSAD100968110,NORD-OUEST,Nord-Ouest,MINESEC,YES
1d02ec07-adbb-45c7-9cde-30f56b1ab49e,3EC1GSBD101253107,NORD-OUEST,Nord-Ouest,MINESEC,YES
9e36ff2c-95e0-432c-a9f9-725b96711cca,3EC1GSAD102344113,NORD-OUEST,Nord-Ouest,MINESEC,YES
0b6ab682-4986-458a-83c8-d325e1094fa9,3EC1GSAD101242110,NORD-OUEST,Nord-Ouest,MINESEC,YES
fff83ff0-9a50-46ff-b7d5-2c5932b5df07,3EC1GSBD111822105,NORD-OUEST,Nord-Ouest,MINESEC,YES
e4e8e60a-c246-44cc-9eb4-27cac52e8d71,3EC1GSAD111258113,NORD-OUEST,Nord-Ouest,MINESEC,YES
0334683e-b068-46c2-bb01-7eea3f8590b6,3EE1GSAD101858107,NORD-OUEST,Nord-Ouest,MINESEC,YES
c574c9ce-ab7f-4c96-9a8a-1e46900d7f61,3EE1GSAD102349113,NORD-OUEST,Nord-Ouest,MINESEC,YES
0bc63705-675b-4bdb-b936-cd6c28a134c0,3EE1GSBD112127107,NORD-OUEST,Nord-Ouest,MINESEC,YES
534f6e07-e83c-47b2-8b89-e642a01dc474,3EE1GSBD111458112,NORD-OUEST,Nord-Ouest,MINESEC,YES
dbfb3677-863c-442f-81a1-e2c293862ad4,3EE1GSAD111163112,NORD-OUEST,Nord-Ouest,MINESEC,YES
b2d5a86c-e515-417a-b8e4-2a8443390131,3EE1GSAD111527112,NORD-OUEST,Nord-Ouest,MINESEC,YES
191ab927-9353-4c9b-bb66-752a96cccade,3EE1GSAD111238114,NORD-OUEST,Nord-Ouest,MINESEC,YES
893ad8c8-5b08-4568-aeaf-bfa4246b3d23,3EH1GSBD101283111,NORD-OUEST,Nord-Ouest,MINESEC,YES
dabc6af2-7e36-442c-8ed5-a53320454790,3EH1GSAD102822115,NORD-OUEST,Nord-Ouest,MINESEC,YES
afc459c8-b147-4265-9801-2214df32a11e,3EH1GSAD111520106,NORD-OUEST,Nord-Ouest,MINESEC,YES
f2beb41e-6335-4f65-98b5-9200a50b4235,3EI1GSAD101183111,NORD-OUEST,Nord-Ouest,MINESEC,YES
8252d0f3-f495-4121-a038-9ea9de82c5d2,3EI1GSAD101194108,NORD-OUEST,Nord-Ouest,MINESEC,YES
68da10cd-6772-49b2-8c0f-2094012920c9,3EI1GSAD101218110,NORD-OUEST,Nord-Ouest,MINESEC,YES
1d745f29-a570-4033-80d1-fb9c4ab0102b,3EI1GSBD111855101,NORD-OUEST,Nord-Ouest,MINESEC,YES
e80a59d7-1d4e-4d0e-ae6c-6955b9dfcee5,3EI1GSAD111191110,NORD-OUEST,Nord-Ouest,MINESEC,YES
b4e897f1-616a-4765-ac87-935c092b6d2d,3EJ1GSAD101136106,NORD-OUEST,Nord-Ouest,MINESEC,YES
461bdce4-8cc0-42eb-a73f-c96a40da4c52,3EJ1GSAD102712114,NORD-OUEST,Nord-Ouest,MINESEC,YES
a34ef6a7-d7f3-4654-a357-d7f890652474,3EJ1GSAD111524115,NORD-OUEST,Nord-Ouest,MINESEC,YES
24f94257-a3b3-449c-b030-40527339e981,3EJ1GSAD111829101,NORD-OUEST,Nord-Ouest,MINESEC,YES
3aa70414-2262-45e1-a733-d971bb798b41,3EK1GSAD101174109,NORD-OUEST,Nord-Ouest,MINESEC,YES
f4e89314-c9f8-49bd-a1af-6b67d8c44df1,3EK1GSAD102301113,NORD-OUEST,Nord-Ouest,MINESEC,YES
d62cd64b-dba3-493b-b149-a54450e241fc,3EK1GSAD102811115,NORD-OUEST,Nord-Ouest,MINESEC,YES
83be9002-0a87-4e31-aef1-a54f63bea65c,3EK1GSBD111177114,NORD-OUEST,Nord-Ouest,MINESEC,YES
64058bff-d9f0-4d41-9c8d-de9589320548,3EK1GSAD111661097,NORD-OUEST,Nord-Ouest,MINESEC,YES
6140bd46-0b7e-4dc9-a067-04f28347f757,3EK1GSAD111493114,NORD-OUEST,Nord-Ouest,MINESEC,YES
33c28fda-cff4-47ea-9c38-d3e62d47b29c,3EK1GSAD111505113,NORD-OUEST,Nord-Ouest,MINESEC,YES
2e2eb5c2-3f1e-4684-83c0-1c2a8bcced29,3HC1GSAD101835111,NORD-OUEST,Nord-Ouest,MINESEC,YES
7bf4ba45-8bbd-49a5-8aec-6963da01921f,3HC1GSAD102812115,NORD-OUEST,Nord-Ouest,MINESEC,YES
9b7b81b5-7dd1-479d-9e95-7e183a0d5d0f,3HC1GSAD101511109,NORD-OUEST,Nord-Ouest,MINESEC,YES
bcbe1e97-dd84-4762-aa25-17e72308570c,3HC1GSAD101394111,NORD-OUEST,Nord-Ouest,MINESEC,YES
e64fa6ee-dfb2-4ea6-8f5d-9415e23b07db,3HE1GSAD100880110,NORD-OUEST,Nord-Ouest,MINESEC,YES
5d0b0d0a-5b76-4b49-aaef-fd90c2b0b51d,3HE1GSAD103161118,NORD-OUEST,Nord-Ouest,MINESEC,YES
97e83074-9413-4264-97e2-9245865873d9,3HE1GSBD111525111,NORD-OUEST,Nord-Ouest,MINESEC,YES
185c40b4-6a75-4468-b243-15d5459c22de,3HE1GSAD111088114,NORD-OUEST,Nord-Ouest,MINESEC,YES
95bf4500-69fb-4e91-bdb6-d9c1abe5b5b2,3HH1GSAD101716104,NORD-OUEST,Nord-Ouest,MINESEC,YES
56725c9f-3974-4551-a753-fc6222b5daf2,3HH1GSAD101710108,NORD-OUEST,Nord-Ouest,MINESEC,YES
8704e785-3a3f-4f87-8e66-f75a59d00275,3HH1GSAD101409112,NORD-OUEST,Nord-Ouest,MINESEC,YES
2fed340c-c972-426f-acdf-d382592c4ebc,3HH1GSAD111721113,NORD-OUEST,Nord-Ouest,MINESEC,YES
ba506415-c2e0-4354-919b-67a6011deb47,3HH1GSAD110038107,NORD-OUEST,Nord-Ouest,MINESEC,YES
60108d27-4c78-426b-a252-569dcbb49447,3HH1GSAD110922110,NORD-OUEST,Nord-Ouest,MINESEC,YES
3bfdb77f-a685-4861-b1ef-9c3bd678d2ef,3HI1GSAD100107110,NORD-OUEST,Nord-Ouest,MINESEC,YES
bb2a29d9-102e-4ee5-8e2b-f3521f14d118,3HI1GSBD111725098,NORD-OUEST,Nord-Ouest,MINESEC,YES
bbfb14a3-cfad-4a23-8d5c-9047d0f1965f,3HI1GSAD110936112,NORD-OUEST,Nord-Ouest,MINESEC,YES
8bd09c67-8431-4dff-a33a-67864cdf5c65,3HI1GSAD110855109,NORD-OUEST,Nord-Ouest,MINESEC,YES
b71c3564-48bf-4986-ad87-fe9f987f9173,3HJ1GSAD100890111,NORD-OUEST,Nord-Ouest,MINESEC,YES
e414546a-f9ad-4b35-bf20-b71fae30b39b,3HJ1GSAD101730110,NORD-OUEST,Nord-Ouest,MINESEC,YES
91ee5d1f-4672-40ad-a5d2-844f6944d11e,3HJ1GSAD101092109,NORD-OUEST,Nord-Ouest,MINESEC,YES
d10b4095-52bb-4deb-bcec-c42c310e3a53,3HJ1GSAD111314112,NORD-OUEST,Nord-Ouest,MINESEC,YES
cf098508-0cb2-454c-8341-a04dc5b99dc3,3HJ1GSAD111298112,NORD-OUEST,Nord-Ouest,MINESEC,YES
e487ad95-eef0-4196-84d4-fb53cb29b3d6,3HJ1GSAD111286111,NORD-OUEST,Nord-Ouest,MINESEC,YES
cf5e08e4-e6d4-4944-b7f1-deb0aa164c6a,3IC1GSAD101373110,NORD-OUEST,Nord-Ouest,MINESEC,YES
cd32e9a3-2ddc-4096-a6e3-74d2503003ff,3IC1GSAD102350113,NORD-OUEST,Nord-Ouest,MINESEC,YES
f64c5c37-6f1f-4aa6-8d78-0713f26a5d54,3IC1GSAD101770110,NORD-OUEST,Nord-Ouest,MINESEC,YES
fadd9dd6-40ec-4a0b-ba35-0d36a32da2cd,3IC1GSAD101518110,NORD-OUEST,Nord-Ouest,MINESEC,YES
36fc3185-5f57-4b98-a210-ba3199fdbed0,3IC1GSAD111763111,NORD-OUEST,Nord-Ouest,MINESEC,YES
e20b7aa2-0b40-45e3-905a-030382ec53f6,3IE1GSAD100847111,NORD-OUEST,Nord-Ouest,MINESEC,YES
a701c338-fa99-45ee-8010-5a35ef870f4a,3IE1GSAD110146112,NORD-OUEST,Nord-Ouest,MINESEC,YES
f4b26bb6-f839-48d6-a6bb-2ab9f79bcbdc,3IH1GSAD100025109,NORD-OUEST,Nord-Ouest,MINESEC,YES
6b63e65a-6305-40f9-b06d-30b023e3d5e6,3IC1GSAD112012106,NORD-OUEST,Nord-Ouest,MINESEC,YES
4fe31db5-b0ce-432c-8ee9-d2c70fea4470,3IH1GSAD111972103,NORD-OUEST,Nord-Ouest,MINESEC,YES
d49cddb2-0895-452c-b634-3e134ce352c0,3II1GSAD101044107,NORD-OUEST,Nord-Ouest,MINESEC,YES
7cd17753-be93-438f-ae14-ad802bacb22d,3II1GSAD101510108,NORD-OUEST,Nord-Ouest,MINESEC,YES
c2122cad-4cf4-40d9-aa21-e8aa10774e74,3II1GSAD112453091,NORD-OUEST,Nord-Ouest,MINESEC,YES
ded9555d-f376-4ec1-b4e0-322d8edb6b80,3IC1GSAD112023100,NORD-OUEST,Nord-Ouest,MINESEC,YES
aad9285e-8740-4ad4-b46b-8ef79df1ece6,3JC1GSBD100012111,NORD-OUEST,Nord-Ouest,MINESEC,YES
848164a0-f05c-415e-9dc6-c4712515f6c2,3JC1GSBD101037109,NORD-OUEST,Nord-Ouest,MINESEC,YES
227c7fb6-b307-4e1c-aaad-27c24349b08f,3JC1GSAD101747112,NORD-OUEST,Nord-Ouest,MINESEC,YES
e31bb4c9-19ea-4e1a-9b38-666bf2f482b4,3IC1GSAD111765111,NORD-OUEST,Nord-Ouest,MINESEC,YES
b0283aeb-d4c1-434f-96a9-09c32c5e97de,3JC1GSAD110230098,NORD-OUEST,Nord-Ouest,MINESEC,YES
bf71db8e-46a1-4001-b01d-fc6945442f3d,3IH1GSAD100128108,NORD-OUEST,Nord-Ouest,MINESEC,YES
e9f3661a-f110-456d-9055-b5da7b135cb7,3IH1GSAD110927114,NORD-OUEST,Nord-Ouest,MINESEC,YES
6b7848df-1275-4f1e-bc5c-4f31ee5a64f8,6IE1GSAD112042099,SUD-OUEST,Sud-Ouest,MINESEC,YES
c224455a-80b0-4d6f-9710-fdc8592f21eb,6IH1GSAD101034110,SUD-OUEST,Sud-Ouest,MINESEC,YES
f3707f1a-0be5-4da6-b374-dcbf8931cfa9,6IH1GSBD111868099,SUD-OUEST,Sud-Ouest,MINESEC,YES
ddf73001-815e-493b-b664-fa84760be74a,3IH1GSAD100798110,NORD-OUEST,Nord-Ouest,MINESEC,YES
52a1f927-2079-4ba0-92c4-f86af41226fb,3JE1GSBD111041113,NORD-OUEST,Nord-Ouest,MINESEC,YES
c9600f42-85f1-455f-a9fd-04bac048b1bc,3JH1GSAD101062112,NORD-OUEST,Nord-Ouest,MINESEC,YES
7086c1e9-f183-42c4-8c6a-56816e87a7c0,3II1GSAD100801111,NORD-OUEST,Nord-Ouest,MINESEC,YES
9fe4035b-fc49-41da-9492-52968b11e52e,3II1GSBD110879103,NORD-OUEST,Nord-Ouest,MINESEC,YES
bd16f410-fb55-453a-84d0-7f9c20332147,3JI1GSAD102926114,NORD-OUEST,Nord-Ouest,MINESEC,YES
85c1510d-c552-497d-ab57-e32fd8b35031,3JI1GSBD112079095,NORD-OUEST,Nord-Ouest,MINESEC,YES
ca263874-9577-47b8-bbd6-51238c0137dc,3JI1GSBD111067105,NORD-OUEST,Nord-Ouest,MINESEC,YES
65e572f5-804b-41f4-8838-7ba4353dab49,3JC1GSAD101751111,NORD-OUEST,Nord-Ouest,MINESEC,YES
e2ee37d4-0669-410a-ab95-80ef2ac7f3a5,3JC1GSAD111072115,NORD-OUEST,Nord-Ouest,MINESEC,YES
ac840d63-dbc0-4076-921c-0bd73f91468f,3JC1GSAD111111111,NORD-OUEST,Nord-Ouest,MINESEC,YES
7836b65c-bd80-4948-903f-1c569aebcb9f,3JC1GSAD111051110,NORD-OUEST,Nord-Ouest,MINESEC,YES
84c6dc10-e350-4312-b4aa-548079c02381,3JC1GSAD111056108,NORD-OUEST,Nord-Ouest,MINESEC,YES
04b4a4db-b323-4744-b134-37a208cacfe0,3JE1GSBD111754108,NORD-OUEST,Nord-Ouest,MINESEC,YES
2e531d06-08e9-40f9-b393-f9644f79c47a,3JI1GSBD110712113,NORD-OUEST,Nord-Ouest,MINESEC,YES
0cc22d77-44c5-478f-adb9-cf3de738f2c7,3JJ1GSBD112048108,NORD-OUEST,Nord-Ouest,MINESEC,YES
b845a76c-701e-471a-adf5-779d6ef549e2,3JJ1GSBD111020113,NORD-OUEST,Nord-Ouest,MINESEC,YES
3564f304-0774-4fd2-81f6-18ebc6cbd930,6IH1GSAD101112112,SUD-OUEST,Sud-Ouest,MINESEC,YES
66e94089-fd24-442c-8379-b093a8cd592f,3JE1GSBD111110115,NORD-OUEST,Nord-Ouest,MINESEC,YES
39e89146-cccc-4b2b-8653-04b53b84ad43,3JH1GSAD102925114,NORD-OUEST,Nord-Ouest,MINESEC,YES
246e9b3d-858c-49e2-ab9d-9bfb60171048,3JH1GSBD112147098,NORD-OUEST,Nord-Ouest,MINESEC,YES
cca50cfe-90b7-4fad-9c9e-fb3d909cea6d,3JK1GSAD102730114,NORD-OUEST,Nord-Ouest,MINESEC,YES
73f804f6-8551-4a5b-800c-ec8471baa4c1,3JK1GSAD100251110,NORD-OUEST,Nord-Ouest,MINESEC,YES
ca1e0728-1d07-44f8-b121-cadfc182f51d,3JK1GSAD110210106,NORD-OUEST,Nord-Ouest,MINESEC,YES
ec2ca1f7-d26d-42f1-a4c3-69259a8fffba,3JK1GSAD110785109,NORD-OUEST,Nord-Ouest,MINESEC,YES
2fc9ce35-57a4-4b5d-9cc1-716f4aa051dc,3JK1GSAD111427114,NORD-OUEST,Nord-Ouest,MINESEC,YES
ff8adf93-a781-4ab8-a65d-857bd800d641,3JK1GSAD110076101,NORD-OUEST,Nord-Ouest,MINESEC,YES
0719db5f-2102-4fa7-8649-329fb0476316,3JL1GSAD111847062,NORD-OUEST,Nord-Ouest,MINESEC,YES
558c9bef-7f53-4773-bea7-c9dfc5994a23,3JL1GSBD101421111,NORD-OUEST,Nord-Ouest,MINESEC,YES
bd69c1ba-57b4-4e17-b19d-465578c44954,3JL1GSAD102347113,NORD-OUEST,Nord-Ouest,MINESEC,YES
e206009c-d9ce-4f1e-888a-691171aed353,3JI1GSBD102724114,NORD-OUEST,Nord-Ouest,MINESEC,YES
f1c6d6cc-46bc-4f40-834a-c3b2a723efd7,3JI1GSBD112041110,NORD-OUEST,Nord-Ouest,MINESEC,YES
d2fc12c3-afe6-4d69-b623-64b6623f3b04,3JI1GSAD102991117,NORD-OUEST,Nord-Ouest,MINESEC,YES
5be35b57-f00e-4176-8c41-239a75afae68,3JL1GSAD110824114,NORD-OUEST,Nord-Ouest,MINESEC,YES
aba0d0cc-781d-4856-badf-1950f14a1064,3KC1GSAD101727107,NORD-OUEST,Nord-Ouest,MINESEC,YES
83091156-6697-4e55-a3a2-3b5aa7febedd,3KC1GSBD111436114,NORD-OUEST,Nord-Ouest,MINESEC,YES
6c3f1130-0718-41c1-913b-5a6b492bdc24,3JI1GSBD112001096,NORD-OUEST,Nord-Ouest,MINESEC,YES
c74621c9-2884-427c-8b0a-7819b281a96b,3JI1GSAD111214113,NORD-OUEST,Nord-Ouest,MINESEC,YES
89b91218-9416-47d1-a792-b3bc666de7b6,3JK1GSAD101027109,NORD-OUEST,Nord-Ouest,MINESEC,YES
db8804ab-6789-4147-963f-a7ddebfcbc17,3JK1GSAD111414114,NORD-OUEST,Nord-Ouest,MINESEC,YES
a8fe6a5a-6a70-4b63-8d82-ac7394672b3d,3JK1GSAD101418112,NORD-OUEST,Nord-Ouest,MINESEC,YES
6fd2d12e-f599-4b73-ad01-689753b3f4fe,3JK1GSBD110215102,NORD-OUEST,Nord-Ouest,MINESEC,YES
250a2e7e-e7ef-4a35-8824-4661f656f042,3JK1GSAD111430115,NORD-OUEST,Nord-Ouest,MINESEC,YES
2c8cc548-d420-428c-ab11-d82a7c41ea56,3KC1GSAD111331109,NORD-OUEST,Nord-Ouest,MINESEC,YES
03d387eb-d634-4006-aeda-728edc304127,3KC1GSAD111682104,NORD-OUEST,Nord-Ouest,MINESEC,YES
9c993085-5022-4f15-847a-85d8687f7608,3KC1GSAD111515111,NORD-OUEST,Nord-Ouest,MINESEC,YES
f38e19aa-c35a-4557-b4c7-75da55399949,3KC1GSAD110904111,NORD-OUEST,Nord-Ouest,MINESEC,YES
b8e45a54-9f4d-4656-9575-6eaf23c3cea0,3KE1GSAD101746108,NORD-OUEST,Nord-Ouest,MINESEC,YES
068b505e-3565-4883-84f1-adf9699817ee,3KE1GSAD101736106,NORD-OUEST,Nord-Ouest,MINESEC,YES
03a8fca9-554d-4aba-977e-eaab45b116fb,3JK1GSAD110689099,NORD-OUEST,Nord-Ouest,MINESEC,YES
58de8465-7bcf-4516-ac60-2454f7d807b4,3JK1GSAD111424114,NORD-OUEST,Nord-Ouest,MINESEC,YES
0eed0eaa-e53d-421c-a731-26f4b7b5bc0d,3JL1GSBD100703111,NORD-OUEST,Nord-Ouest,MINESEC,YES
7676d489-8b8e-4a67-8e5a-2889f8fade74,3JL1GSAD111883110,NORD-OUEST,Nord-Ouest,MINESEC,YES
b35e7dbe-fa85-4d6f-8010-b8ecf571929c,3JL1GSAD111842109,NORD-OUEST,Nord-Ouest,MINESEC,YES
17b702ab-b816-4579-b8b7-528bc506edaa,3KC1GSAD102059104,NORD-OUEST,Nord-Ouest,MINESEC,YES
24189324-0666-4108-8926-4020c6518055,3KC1GSBD111735112,NORD-OUEST,Nord-Ouest,MINESEC,YES
32418bb2-02fa-4509-b52a-47d290cf00ab,3KC1GSAD111866092,NORD-OUEST,Nord-Ouest,MINESEC,YES
110bd40a-151b-438e-9ac8-b4fddf713b2e,3KC1GSAD111081115,NORD-OUEST,Nord-Ouest,MINESEC,YES
b63fc516-1252-40e6-b49d-50a71f4128e5,3KC1GSAD111743109,NORD-OUEST,Nord-Ouest,MINESEC,YES
a9e781af-478d-4836-845d-c6c9e1b75050,3KC1GSAD111235112,NORD-OUEST,Nord-Ouest,MINESEC,YES
91dbf291-b2dc-4f06-8474-32856482f4e3,3KC1GSAD111740109,NORD-OUEST,Nord-Ouest,MINESEC,YES
5d8201f6-6ad1-4545-acf1-7a44726aafb9,3KE1GSAD101438109,NORD-OUEST,Nord-Ouest,MINESEC,YES
749ed94c-4601-4ddf-b2c5-66c6b15f12a6,3KE1GSAD101733112,NORD-OUEST,Nord-Ouest,MINESEC,YES
2b21177e-1291-436c-868e-167a110c491a,3KE1GSBD112223095,NORD-OUEST,Nord-Ouest,MINESEC,YES
773ca090-8d81-499a-b1b0-9e750b5881da,3KH1GSBD100156112,NORD-OUEST,Nord-Ouest,MINESEC,YES
a30158f2-d601-41a8-bb2b-5e55f979c7d5,3KE1GSAD100974111,NORD-OUEST,Nord-Ouest,MINESEC,YES
a78731e7-f262-4b44-ab16-cbcd9bb061ce,3KE1GSAD100004107,NORD-OUEST,Nord-Ouest,MINESEC,YES
97991fe1-013b-43a7-8d4d-0284a3a9f51a,3KE1GSAD110046110,NORD-OUEST,Nord-Ouest,MINESEC,YES
971acdde-ac6c-46a8-aa4d-e574fe67b324,3KH1GSBD102817115,NORD-OUEST,Nord-Ouest,MINESEC,YES
9977beda-e1b2-41c4-a76a-dea09853b2bc,3KH1GSAD100605106,NORD-OUEST,Nord-Ouest,MINESEC,YES
35cfe448-39a6-4ef5-8ee9-1613bfe8a82f,3KI1GSAD100949110,NORD-OUEST,Nord-Ouest,MINESEC,YES
cf7cbad1-f43c-4391-a942-73cc307efdd5,3KJ1GSAD100911109,NORD-OUEST,Nord-Ouest,MINESEC,YES
13ea47a8-e5c7-4c68-977e-c9749e9b6821,3LC1GSAD102320113,NORD-OUEST,Nord-Ouest,MINESEC,YES
c57515a3-a56b-4c3e-85b0-a4eda6ecd710,3KI1GSAD101580109,NORD-OUEST,Nord-Ouest,MINESEC,YES
229754ce-b91f-4e42-8d83-2c3faf3a25cf,3KI1GSAD111986091,NORD-OUEST,Nord-Ouest,MINESEC,YES
ada5f59c-6bd9-4c1a-8494-1dc09b8717aa,3KJ1GSAD101563109,NORD-OUEST,Nord-Ouest,MINESEC,YES
9fe5a3e2-d720-4708-9c95-ff65b563e397,3LC1GSBD102299113,NORD-OUEST,Nord-Ouest,MINESEC,YES
5ee13565-7f4a-4354-921f-11f968d51559,3KH1GSAD100074109,NORD-OUEST,Nord-Ouest,MINESEC,YES
4d943fab-3888-4d9e-8e0c-8b98188dffbc,3KH1GSAD100613110,NORD-OUEST,Nord-Ouest,MINESEC,YES
64f07ce7-42a3-4eb4-a115-4fd78cd4b630,3KH1GSAD112029099,NORD-OUEST,Nord-Ouest,MINESEC,YES
90ff519b-692b-4fea-905b-473ff4635d68,3LC1GSAD102351113,NORD-OUEST,Nord-Ouest,MINESEC,YES
e826626a-c312-423e-8a12-22ef0f4cc6a3,3KI1GSAD101568110,NORD-OUEST,Nord-Ouest,MINESEC,YES
b16eb3e7-b945-47f5-a712-9d2d554a2eaa,3KI1GSAD110168111,NORD-OUEST,Nord-Ouest,MINESEC,YES
6159d7c9-7f0a-4804-ab3b-b20af70a3839,3KJ1GSAD100946098,NORD-OUEST,Nord-Ouest,MINESEC,YES
b21bcdcd-d22b-4b39-9d6f-a3d80dd1a7db,3LC1GSAD101057111,NORD-OUEST,Nord-Ouest,MINESEC,YES
565733e1-0ede-4796-938c-fadacaeca6c3,3LC1GSBD112230107,NORD-OUEST,Nord-Ouest,MINESEC,YES
b75815ef-8f7a-4e46-82a1-3960a5960a1e,3LC1GSAD111053111,NORD-OUEST,Nord-Ouest,MINESEC,YES
da65e473-5683-4a11-9e63-16f605d434af,3LC1GSBD110787112,NORD-OUEST,Nord-Ouest,MINESEC,YES
a32f63ba-6196-4e00-b4b2-2482d02b073b,3KJ1GSAD111572113,NORD-OUEST,Nord-Ouest,MINESEC,YES
a4c65afe-d186-4be9-8d7d-913613536686,3KJ1GSAD111756100,NORD-OUEST,Nord-Ouest,MINESEC,YES
d294b4ef-5f8f-4c89-be19-a165108e0331,3LC1GSAD102740114,NORD-OUEST,Nord-Ouest,MINESEC,YES
81956266-fddd-42d6-8a47-0833f150bc63,3LC1GSAD100201111,NORD-OUEST,Nord-Ouest,MINESEC,YES
df8129ee-ab41-44a6-9913-2e7cccb07ec0,3LC1GSAD101030111,NORD-OUEST,Nord-Ouest,MINESEC,YES
44324590-6755-41d3-a322-3fce8afa5f35,3LC1GSAD111076107,NORD-OUEST,Nord-Ouest,MINESEC,YES
12473163-581a-4c07-9552-a3307178795a,3LC1GSAD111032115,NORD-OUEST,Nord-Ouest,MINESEC,YES
631694ea-e1f1-4a97-a392-13171d35f2ac,3LE1GSAD101399112,NORD-OUEST,Nord-Ouest,MINESEC,YES
0d749d1d-88d1-43d4-bdb6-9d3ec80b760d,3LE1GSBD111377109,NORD-OUEST,Nord-Ouest,MINESEC,YES
26f27baf-ba8c-4e9e-9b47-9bf7e6375999,3LE1GSAD111115098,NORD-OUEST,Nord-Ouest,MINESEC,YES
f9adc1f1-f353-4af9-87bd-6a9bcf28594a,6II1GSAD100100109,SUD-OUEST,Sud-Ouest,MINESEC,YES
4c62490b-d125-4f54-8ebc-6de8533114be,3LE1GSAD102734114,NORD-OUEST,Nord-Ouest,MINESEC,YES
22a17a24-f3f7-426b-8e90-039ae95312d6,3LE1GSBD111060113,NORD-OUEST,Nord-Ouest,MINESEC,YES
876279ba-5892-4904-b255-686b33198e88,3LE1GSAD101434110,NORD-OUEST,Nord-Ouest,MINESEC,YES
9789636e-858b-4fd0-ae9f-cf718d27be50,6IH1GSAD111023115,SUD-OUEST,Sud-Ouest,MINESEC,YES
f4d9323d-72fc-4c08-a6cb-3edef95df481,6II1GSAD101878112,SUD-OUEST,Sud-Ouest,MINESEC,YES
9ccd08c2-9710-4ab9-8525-f02cdfb2d72d,3LE1GSAD111045112,NORD-OUEST,Nord-Ouest,MINESEC,YES
e3e6b373-996d-4b23-a3b6-d3bda411b253,3LI1GSBD111432111,NORD-OUEST,Nord-Ouest,MINESEC,YES
4ef88015-f2bc-4e62-b875-fe722eb16139,3LC1GSAD100198110,NORD-OUEST,Nord-Ouest,MINESEC,YES
30c4d580-b640-427b-bfe1-a8f4aef6a3a8,3LI1GSAD102324113,NORD-OUEST,Nord-Ouest,MINESEC,YES
4c6d0793-1d08-4a2e-87f6-b32f3a4a5ba8,3LI1GSBD101125111,NORD-OUEST,Nord-Ouest,MINESEC,YES
8fe4c14e-aee4-4682-b52b-ec99d5db146e,3LI1GSFD102744114,NORD-OUEST,Nord-Ouest,MINESEC,YES
bddb20cc-2974-41c5-b63a-dcf66f7eb7b6,3LI1GSAD102305113,NORD-OUEST,Nord-Ouest,MINESEC,YES
de7ff46c-5826-4781-aae5-6cf63a8210ae,3LI1GSBD111342114,NORD-OUEST,Nord-Ouest,MINESEC,YES
07b3a993-9e9a-434f-a629-b0419648baa6,3LI1GSBD111760095,NORD-OUEST,Nord-Ouest,MINESEC,YES
90dc52b0-6dcc-4a1b-891c-03c79d16673c,3LI1GSBD110989104,NORD-OUEST,Nord-Ouest,MINESEC,YES
58ddb83b-5cd5-4bfc-9b2d-1cd9458ca509,3LI1GSBD111017113,NORD-OUEST,Nord-Ouest,MINESEC,YES
eda49f90-1411-4017-bdcd-9bc0fcdd68c8,6II1GSAD100500109,SUD-OUEST,Sud-Ouest,MINESEC,YES
f4a6f09d-9abe-430a-8546-fce34bd00714,3LI1GSAD110996106,NORD-OUEST,Nord-Ouest,MINESEC,YES
2b95cd49-7fd9-4fbe-bab2-a2078acd592b,6CC1GSAD102731114,SUD-OUEST,Sud-Ouest,MINESEC,YES
f788d3b6-6b2d-4849-ba54-3644b6ba0500,6CC1GSBD111860071,SUD-OUEST,Sud-Ouest,MINESEC,YES
a5cabb82-7341-41ac-9999-1567bbad7de8,3LI1GSAD111104115,NORD-OUEST,Nord-Ouest,MINESEC,YES
1b65990d-388c-40e4-9572-c35ba3e046c4,6CC1GSAD100908103,SUD-OUEST,Sud-Ouest,MINESEC,YES
4c86ffce-b308-4939-8014-c6193cec1173,6CC1GSAD100502113,SUD-OUEST,Sud-Ouest,MINESEC,YES
160fd5f4-e03d-419c-8dfc-f3c1049ed9e5,6CC1GSAD100849111,SUD-OUEST,Sud-Ouest,MINESEC,YES
e8fcea3f-239d-49b0-abdb-874488205a40,6CC1GSAD110903114,SUD-OUEST,Sud-Ouest,MINESEC,YES
c4ae2794-d3ae-41cd-ae8a-3e7f84f277f1,6IH1GSAD111951107,SUD-OUEST,Sud-Ouest,MINESEC,YES
c36ec3e0-e737-46cb-b1ec-426c565c80f7,6JC1GSAD100559107,SUD-OUEST,Sud-Ouest,MINESEC,YES
ab6a4331-6620-4b94-bb84-607f145f611b,6II1GSAD100628108,SUD-OUEST,Sud-Ouest,MINESEC,YES
971490aa-ec19-477c-8f13-c933b589af26,6JC1GSAD100470112,SUD-OUEST,Sud-Ouest,MINESEC,YES
ead11ab3-2ada-439f-b3ee-72ce9e6b3ae1,6CC1GSBD110152111,SUD-OUEST,Sud-Ouest,MINESEC,YES
9750ce31-842c-4b35-ad86-96496ba44d8a,6CC1GSAD110829118,SUD-OUEST,Sud-Ouest,MINESEC,YES
00a84cc5-4c03-4bfe-9e67-3f3c4d7499f1,6CC1GSAD110371105,SUD-OUEST,Sud-Ouest,MINESEC,YES
854856f7-b77e-447f-bfee-a5fc684ee06e,6IH1GSAD111900076,SUD-OUEST,Sud-Ouest,MINESEC,YES
860f9a93-73e6-4899-89b6-caf80da2589c,6II1GSBD100656110,SUD-OUEST,Sud-Ouest,MINESEC,YES
18fc1cb1-e692-4e69-958f-a7c4e82a8b0a,6II1GSAD100652110,SUD-OUEST,Sud-Ouest,MINESEC,YES
3ff2b3cb-cb39-4d92-97cb-86ffc4e01681,6II1GSAD100520106,SUD-OUEST,Sud-Ouest,MINESEC,YES
c47d7e17-4a87-43f8-8ad6-904aaf523bec,6II1GSAD101957104,SUD-OUEST,Sud-Ouest,MINESEC,YES
24fcadae-21b0-4a37-940b-59932b5b4e93,6II1GSAD100138111,SUD-OUEST,Sud-Ouest,MINESEC,YES
785645f2-466b-4130-ac36-0a3ecaa95e33,6JC1GSAD110597115,SUD-OUEST,Sud-Ouest,MINESEC,YES
d108a338-b82e-481d-8c7f-8aaf18649224,6JC1GSAD110110113,SUD-OUEST,Sud-Ouest,MINESEC,YES
7627d215-5ae2-4458-a82b-bc52b789b5c1,6JE1GSBD111888105,SUD-OUEST,Sud-Ouest,MINESEC,YES
3bcc2d48-3103-4a43-938e-91f7af061255,6JI1GSAD111737113,SUD-OUEST,Sud-Ouest,MINESEC,YES
fa0f4478-ee81-4e15-8fc1-d27b11d114ff,6JE1GSAD110465113,SUD-OUEST,Sud-Ouest,MINESEC,YES
7a7e86a6-b61c-4d98-9591-7c03d3804b48,6JH1GSBD110473109,SUD-OUEST,Sud-Ouest,MINESEC,YES
7ea948c9-12fb-4a28-afbe-0dd7e4afd0b3,6JI1GSBD112035111,SUD-OUEST,Sud-Ouest,MINESEC,YES
1b7a9dd4-a7e8-4aa8-bd86-82d84eaacca0,6JJ1GSBD102714114,SUD-OUEST,Sud-Ouest,MINESEC,YES
1a09d5ec-6ec9-4f3f-a7b1-c35cac96cd38,6JJ1GSAD100889110,SUD-OUEST,Sud-Ouest,MINESEC,YES
231ee406-4ce0-4835-807b-bd5827d4ae26,6JJ1GSAD100817110,SUD-OUEST,Sud-Ouest,MINESEC,YES
e5f895a2-ea32-4d90-8e7a-f66df3abf4ee,6JJ1GSAD100881110,SUD-OUEST,Sud-Ouest,MINESEC,YES
16bd988b-d908-404e-a299-109305b2ed5a,6JJ1GSAD101863104,SUD-OUEST,Sud-Ouest,MINESEC,YES
6c6198b0-89c5-42d4-9124-44b0ecb3a526,6JJ1GSAD100828107,SUD-OUEST,Sud-Ouest,MINESEC,YES
1ecf3cb5-5419-42bf-98f0-b532650363cd,6JJ1GSAD100813110,SUD-OUEST,Sud-Ouest,MINESEC,YES
677ec08a-afa9-474a-a407-f059a5c1a705,6JJ1GSAD100767106,SUD-OUEST,Sud-Ouest,MINESEC,YES
c4a2da43-bbc5-493d-8103-dcf2c9a32468,6JJ1GSAD100635111,SUD-OUEST,Sud-Ouest,MINESEC,YES
918f85ee-1741-43fd-9dc6-66dd11782aea,6JJ1GSAD100738109,SUD-OUEST,Sud-Ouest,MINESEC,YES
efdda5bd-2cc7-4dcb-be99-9bf2c701f377,6JJ1GSBD110698115,SUD-OUEST,Sud-Ouest,MINESEC,YES
7b8f7ccf-5df7-47c7-a9d1-44900e210c19,6JJ1GSAD111717113,SUD-OUEST,Sud-Ouest,MINESEC,YES
a320c18c-4088-4364-82af-8ffa80d963a0,6JJ1GSAD111319111,SUD-OUEST,Sud-Ouest,MINESEC,YES
0298475b-7db0-4e83-82fd-a11f519d462e,6JJ1GSAD111892112,SUD-OUEST,Sud-Ouest,MINESEC,YES
af8ee4ce-c0f1-4a82-9f3c-ee5635b831a0,6KC1GSAD101048110,SUD-OUEST,Sud-Ouest,MINESEC,YES
aebf1225-8765-4c9e-95e6-b0d87e036717,6KE1GSAD101098110,SUD-OUEST,Sud-Ouest,MINESEC,YES
8df59ecc-4dd9-4696-b459-7e95943e9fe7,6KE1GSAD100878106,SUD-OUEST,Sud-Ouest,MINESEC,YES
1e269106-c3b5-42da-9280-cc2c30986be6,6KH1GSAD102068109,SUD-OUEST,Sud-Ouest,MINESEC,YES
d154bcf3-eff1-499f-93fc-b88b00d20337,6KH1GSAD101304109,SUD-OUEST,Sud-Ouest,MINESEC,YES
fb62dab2-0bb3-4d66-b1d2-1b9d276fdc20,6KH1GSAD100042110,SUD-OUEST,Sud-Ouest,MINESEC,YES
94350d3f-ce3a-470c-96b5-01e92eedd39b,6KH1GSAD100452110,SUD-OUEST,Sud-Ouest,MINESEC,YES
f83b777c-3b9e-4c33-bb8d-56c0ceb49c7c,6KH1GSAD111327113,SUD-OUEST,Sud-Ouest,MINESEC,YES
2553bc12-b9db-4f32-a6bb-5ba5e37df414,6KC1GSAD112106100,SUD-OUEST,Sud-Ouest,MINESEC,YES
04115090-f4c9-49d5-8a0f-3c81b1492462,6KI1GSAD100838109,SUD-OUEST,Sud-Ouest,MINESEC,YES
9f6ff399-de49-4c14-a02c-8d9c3ba17542,6KK1GSAD102125110,SUD-OUEST,Sud-Ouest,MINESEC,YES
adfaa15d-6d94-478e-94d5-19206aa3f913,6KL1GSAD100513107,SUD-OUEST,Sud-Ouest,MINESEC,YES
dc318b60-b143-4097-8935-6cd61b46fdbe,6KL1GSAD100507103,SUD-OUEST,Sud-Ouest,MINESEC,YES
4b9cce9b-6090-4a2b-b381-9f735b79c0da,6KL1GSBD112466103,SUD-OUEST,Sud-Ouest,MINESEC,YES
6c62e16a-10d6-4ea7-b4a6-7bc02f3cbee7,6KM1GSAD100934098,SUD-OUEST,Sud-Ouest,MINESEC,YES
d796ba6f-2e25-4b6c-a97d-3a985c07e80d,6II1GSAD100523109,SUD-OUEST,Sud-Ouest,MINESEC,YES
c48b38fd-f4f2-4c20-9837-6bfb0f411cb7,6CC1GSAD110406096,SUD-OUEST,Sud-Ouest,MINESEC,YES
5cb0b10d-af66-4685-9e30-ddd5a3677c36,6CC1GSAD110449111,SUD-OUEST,Sud-Ouest,MINESEC,YES
c864dbd4-b810-4d87-a597-493d956ee247,6CH1GSAD111948115,SUD-OUEST,Sud-Ouest,MINESEC,YES
bd857d71-44cb-4fec-924b-6a2e988d830a,6CI1GSBD110485100,SUD-OUEST,Sud-Ouest,MINESEC,YES
e1283455-c3a2-46f4-a10b-d772d0b1375e,6CJ1GSAD110693107,SUD-OUEST,Sud-Ouest,MINESEC,YES
9129ff73-6d13-46a7-99f9-2f7ef09fc175,6EE1GSAD101987097,SUD-OUEST,Sud-Ouest,MINESEC,YES
1c966fe7-489b-45c4-95e8-ab4dd94e8b4a,6EH1GSAD100608097,SUD-OUEST,Sud-Ouest,MINESEC,YES
398a1edb-15b9-4bd2-ab9b-cce615cc2a60,6EH1GSAD110467109,SUD-OUEST,Sud-Ouest,MINESEC,YES
efc569a4-aaa8-4ee4-b84d-6a0623fce1e8,6II1GSAD110027099,SUD-OUEST,Sud-Ouest,MINESEC,YES
4933a96c-50d6-4f26-ae85-00df24cb1f6a,6HC1GSBD101103107,SUD-OUEST,Sud-Ouest,MINESEC,YES
8883cc17-747a-455b-8c99-a83f0d14b7ae,6JC1GSAD102431109,SUD-OUEST,Sud-Ouest,MINESEC,YES
31f8b6c4-1fc3-441d-93b0-4a8b59b48b25,6EE1GSAD101108107,SUD-OUEST,Sud-Ouest,MINESEC,YES
a781834d-4017-467c-9c15-d102f4395197,6II1GSAD110050112,SUD-OUEST,Sud-Ouest,MINESEC,YES
857555c2-7c56-4105-807f-95432926625d,6EH1GSAD110411112,SUD-OUEST,Sud-Ouest,MINESEC,YES
69695344-684d-4e2a-b1b4-5fa09f0ad13b,6HC1GSBD101117109,SUD-OUEST,Sud-Ouest,MINESEC,YES
24053963-6fb3-4c14-9356-70246cf25c20,6HC1GSAD102735114,SUD-OUEST,Sud-Ouest,MINESEC,YES
cddcc3b9-f387-4f11-b99d-376d20ae1af8,6HC1GSBD111197114,SUD-OUEST,Sud-Ouest,MINESEC,YES
f77e8f92-51f7-4541-9006-ee9daec64226,6EH1GSBD110147103,SUD-OUEST,Sud-Ouest,MINESEC,YES
bb50f0cf-be6a-49c3-b5d6-b28ab3aba563,6EH1GSAD110026092,SUD-OUEST,Sud-Ouest,MINESEC,YES
215a0eac-608f-4a9f-9992-c50d0f820bba,6JC1GSAD101712112,SUD-OUEST,Sud-Ouest,MINESEC,YES
1318bf89-a675-46d0-885e-e02d6005386c,6HC1GSAD102225113,SUD-OUEST,Sud-Ouest,MINESEC,YES
9459978b-f248-4a31-b5dc-e00218ffca46,6HC1GSBD111123111,SUD-OUEST,Sud-Ouest,MINESEC,YES
7b8252fb-2695-4373-9058-0f5f5dcd394d,6HC1GSAD112184114,SUD-OUEST,Sud-Ouest,MINESEC,YES
2abdef8d-6234-462c-b15c-dabf929340da,6HC1GSAD110674108,SUD-OUEST,Sud-Ouest,MINESEC,YES
02249518-7421-4a35-9657-94a339236692,6HE1GSBD100649106,SUD-OUEST,Sud-Ouest,MINESEC,YES
48acc2c5-1c11-4a8c-8182-d9c33a3e2965,6HE1GSAD112063107,SUD-OUEST,Sud-Ouest,MINESEC,YES
ca90d480-b1f5-497a-9b59-22159a4d1807,6HH1GSAD100481108,SUD-OUEST,Sud-Ouest,MINESEC,YES
acaaa94c-f824-4163-aa25-df9c60a7653e,6HH1GSAD110475108,SUD-OUEST,Sud-Ouest,MINESEC,YES
5a843ce4-882a-423e-a4c0-1a722b5f2a00,6IC1GSAD101926107,SUD-OUEST,Sud-Ouest,MINESEC,YES
01e711c9-73f0-4c97-92b4-9d468d68a181,6HC1GSAD110706107,SUD-OUEST,Sud-Ouest,MINESEC,YES
20608b6a-d838-4508-92aa-55c652f33885,6HE1GSAD100602108,SUD-OUEST,Sud-Ouest,MINESEC,YES
d134018e-b4d3-477c-88ef-6bb0146f2bb7,6HE1GSAD110488110,SUD-OUEST,Sud-Ouest,MINESEC,YES
6aedde0e-e3da-40ce-bd2e-bf8ef93c7e27,6HH1GSAD102461110,SUD-OUEST,Sud-Ouest,MINESEC,YES
029f30d1-4dd8-42c3-82a7-b3fe89c4443a,6HH1GSAD110671114,SUD-OUEST,Sud-Ouest,MINESEC,YES
6bfcfd39-1104-49cb-862a-0cf266a6c3e3,6IC1GSAD111360111,SUD-OUEST,Sud-Ouest,MINESEC,YES
78d89966-e5e6-48ea-b6b2-4f8a76aff5d7,6HE1GSBD111918110,SUD-OUEST,Sud-Ouest,MINESEC,YES
c07b2ae7-ec8b-4d12-867a-b7b0c43b703b,6HH1GSAD100144111,SUD-OUEST,Sud-Ouest,MINESEC,YES
4ffef8d7-b60f-415e-a172-33552b8ce075,6HH1GSAD110553113,SUD-OUEST,Sud-Ouest,MINESEC,YES
712e63ea-93ec-45f4-8a97-6e672e397e4c,6HH1GSAD110021107,SUD-OUEST,Sud-Ouest,MINESEC,YES
3a630a27-fe49-40d4-af39-fe7e6b9fcee9,6IC1GSAD101087106,SUD-OUEST,Sud-Ouest,MINESEC,YES
d9a741c4-936a-4e31-845b-c9c476404a13,6IC1GSAD102246113,SUD-OUEST,Sud-Ouest,MINESEC,YES
e3225c5e-957c-431d-a62d-02b4b1c1fc29,6IEGSBD102697114,SUD-OUEST,Sud-Ouest,MINESEC,YES
c6b06d36-206e-4a87-9e5f-3cc0530061e3,8CH1GSFD102316113,SUD,Sud,MINESEC,YES
d201f191-817d-45f5-8e22-df4e49eb0655,8CH1GSFD100409105,SUD,Sud,MINESEC,YES
119f6ec4-b5ca-4291-9fe1-711453cdc2a7,8CH1GSBD110580107,SUD,Sud,MINESEC,YES
412bfaac-d010-489a-95dc-828b6f8c89e9,8CL1GSFD112111113,SUD,Sud,MINESEC,YES
dc6a7be8-517b-41c5-82f0-6b684f6f8b64,8CL1GSFD110992111,SUD,Sud,MINESEC,YES
e858c29a-18bb-4fac-96e8-836fce6dbb8a,6IE1GSAD100116113,SUD-OUEST,Sud-Ouest,MINESEC,YES
4c2a5997-66c0-4170-a138-2cacc8db8a7f,6IE1GSAD102293113,SUD-OUEST,Sud-Ouest,MINESEC,YES
ccce34be-39e3-4e7f-8af9-6dd8aea206c7,8CC1GSFD100010107,SUD,Sud,MINESEC,YES
c4fbddcf-3ddc-4b7a-adc5-c7facc998b8b,8CC1GSFD111856092,SUD,Sud,MINESEC,YES
8dde2e32-3722-45e7-9733-54e2e1613eb3,8CI1GSBD101833112,SUD,Sud,MINESEC,YES
9c1ecba6-a561-481c-b983-1adfcf28a615,8CI1GSFD110157110,SUD,Sud,MINESEC,YES
f04ad23f-ea8a-40b6-a77f-742e079f09c8,8CM1GSFD110973109,SUD,Sud,MINESEC,YES
d41d9236-f9c8-4636-9fa0-403beb59fa98,8CC1GSBD123147118,SUD,Sud,MINESEC,YES
c985ea92-b707-47b7-a18b-0709adee1acd,8CE1GSBD110167107,SUD,Sud,MINESEC,YES
4f8dc645-d36d-4b59-bf12-33919cd8007e,8CH1GSFD102157109,SUD,Sud,MINESEC,YES
d96f9d6d-13c2-472a-8c8d-0187c823cff5,8CH1GSFD101982105,SUD,Sud,MINESEC,YES
a3a45c9b-a415-4c3a-a5d2-6cdbf92c9981,8CI1GSFD100629103,SUD,Sud,MINESEC,YES
acfa104b-84f7-40c6-8d91-17dd3e4db492,8CK1GSFD110153111,SUD,Sud,MINESEC,YES
b652eac8-490e-4700-b94b-bf8f91f49bdf,8CM1GSFD101531110,SUD,Sud,MINESEC,YES
c1b27fe6-136c-4a25-8745-c1ff4ac1183c,8CL1GSBD110279106,SUD,Sud,MINESEC,YES
818a00f3-5665-4c75-90e6-50679f06c798,8CL1GSFD110995112,SUD,Sud,MINESEC,YES
b6498d40-3484-4595-8e82-1c5365c9e2a3,8EI1GSBD110205115,SUD,Sud,MINESEC,YES
d8676335-0731-4e16-8b36-c581125cc1c7,8EH1GSFD110516112,SUD,Sud,MINESEC,YES
eb5dc367-34cf-4c08-8429-f191d15bd90c,8EI1GSFD101975102,SUD,Sud,MINESEC,YES
a67e0fc7-916b-4857-a146-b1c1dad4ee68,8EI1GSFD112024107,SUD,Sud,MINESEC,YES
1589e9cd-63dc-41d5-9181-ead361e52ddc,8CM1GSFD101991105,SUD,Sud,MINESEC,YES
905344ec-aa26-49e2-be1c-1c81b8767a4a,8EC1GSFD110229114,SUD,Sud,MINESEC,YES
cee83632-6383-4273-a54c-05c6a2ddd4c9,8EI1GSFD112446074,SUD,Sud,MINESEC,YES
eb51ed7f-0c36-461c-9070-17a7ad9e10c7,8EI1GSFD110755113,SUD,Sud,MINESEC,YES
617f2552-4654-4123-a583-fb78dd98bbc6,8EJ1GSFD102361109,SUD,Sud,MINESEC,YES
e050d59a-aba1-4d8f-b5b4-8d0fc7a6a370,8EK1GSFD102928114,SUD,Sud,MINESEC,YES
aee0fc16-62fc-4f5f-9a54-f9327e4534bc,8EC1GSFD112060107,SUD,Sud,MINESEC,YES
4a465a72-cff6-4b99-80ab-48c9420d5a68,8EE1GSFD100566099,SUD,Sud,MINESEC,YES
f613d6aa-117e-476d-92f2-3e4ecc29c739,8EE1GSFD110200109,SUD,Sud,MINESEC,YES
2ea35143-ec9a-4f15-92cf-64b3611967bc,8EH1GSBD111894092,SUD,Sud,MINESEC,YES
161113fc-1076-4d23-b51d-1887bdfc1a86,8EH1GSFD110181105,SUD,Sud,MINESEC,YES
d8a856fe-5629-481b-b34d-04a54cabc3c4,8EL1GSFD110184092,SUD,Sud,MINESEC,YES
5903a53b-0d16-4645-9470-bd9456199194,8EK1GSFD110257099,SUD,Sud,MINESEC,YES
7faed383-b0e5-4faf-ac07-1b3592a9a382,8EM1GSFD101901100,SUD,Sud,MINESEC,YES
a1703d1f-8db9-444f-b041-3c38a1088f65,8HE1GSFD101150104,SUD,Sud,MINESEC,YES
01c7afbf-ba95-4016-ae55-4135515f1f3d,8HE1GSFD110090098,SUD,Sud,MINESEC,YES
b0570cc6-aae6-413d-a18f-4fc843bcd80e,8HI1GSFD110375113,SUD,Sud,MINESEC,YES
ebc914dd-1f5e-4637-8d9b-a39ac3978e68,8HJ1GSFD110675113,SUD,Sud,MINESEC,YES
50f263ea-c22e-4648-87d6-989a1b6d43ad,8EM1GSFD101851102,SUD,Sud,MINESEC,YES
626b8f2c-800a-422a-8338-ee0271026bc8,8EM1GSFD110172096,SUD,Sud,MINESEC,YES
efbe9ed4-5bef-4626-baa8-58a837a5cb3c,8HC1GSFD110259092,SUD,Sud,MINESEC,YES
9ca85036-8bc2-43d4-86c0-50ea53b2c7a9,8HK1GSFD102929114,SUD,Sud,MINESEC,YES
c7a36699-54eb-4872-b7f2-a989b3e26a64,8HL1GSFD102728114,SUD,Sud,MINESEC,YES
f93751a6-65bb-484e-8c6c-817c94bb655a,8IC1GSFD100352112,SUD,Sud,MINESEC,YES
509bae0b-8380-4a4a-9a57-5a36ede65194,8HE1GSFD103165118,SUD,Sud,MINESEC,YES
1706de40-ac12-41a9-9885-9f938191a36c,8HJ1GSBD111964100,SUD,Sud,MINESEC,YES
f08d8465-85ab-42ac-ba21-b9fbde61131b,8HK1GSFD102321113,SUD,Sud,MINESEC,YES
eba37d3b-8905-4a8b-aa9a-1e9e112cb7b7,8HK1GSFD100748112,SUD,Sud,MINESEC,YES
6d7e0aac-4ea4-485b-98a3-c2b205afab19,8HL1GSFD101882110,SUD,Sud,MINESEC,YES
1a22facd-9131-4c37-bca6-f9636c26c6b0,8HM1GSFD102085105,SUD,Sud,MINESEC,YES
9303a1b3-e328-478a-b149-dcd5d8219fb3,8HN1GSBD111919112,SUD,Sud,MINESEC,YES
d4fe9fda-07c7-472f-8cb2-afeda5cdd78c,8HL1GSFD102193113,SUD,Sud,MINESEC,YES
f33b791f-949d-4c3c-a95b-800f15bfdce3,8II1GSFD112021100,SUD,Sud,MINESEC,YES
344ff5cb-c8fe-4054-b38e-dc97c16068bf,9CE1GSBD110055114,EST,Est,MINESEC,YES
c012e2b6-7bc4-4096-9fce-e04086f5cbaa,9CI1GSFD100071112,EST,Est,MINESEC,YES
2453d6ac-1332-48ed-b34c-2b570ecafef0,9CI1GSFD102845115,EST,Est,MINESEC,YES
09543cf8-9e96-4ed7-8189-0c7a8e0cff0b,9CI1GSBD112210110,EST,Est,MINESEC,YES
93860b99-4d5b-481c-9ce3-916bf5085a7b,8IC1GSFD100827109,SUD,Sud,MINESEC,YES
28020705-2c9b-4c62-bc55-d08764ed2045,8IC1GSFD110195110,SUD,Sud,MINESEC,YES
ddc2e032-13cb-493a-97fd-5bb09f26e22b,8IH1GSFD100444108,SUD,Sud,MINESEC,YES
0375115c-c459-48aa-bbc2-ba62ce82836e,6JC1GSAD100584111,SUD-OUEST,Sud-Ouest,MINESEC,YES
d478be50-c73e-471a-aa04-b2410e61a1b9,9CE1GSFD102194113,EST,Est,MINESEC,YES
3fca8a31-b8e0-4fc1-9aa7-16cd83057c19,9CH1GSFD100182110,EST,Est,MINESEC,YES
0fb8e18a-a744-424c-ac4e-015a46ef3d1a,9EN1GSFD102191113,EST,Est,MINESEC,YES
b995c1d2-3c62-446e-84b0-5001ef876945,9CC1GSFD110202103,EST,Est,MINESEC,YES
fdfe3ee1-0011-45c6-bf67-20d988bd8f6e,9CI1GSFD100707111,EST,Est,MINESEC,YES
8433e942-8b68-4bb5-8fe3-60b10909d912,9EQ1GSFD110264106,EST,Est,MINESEC,YES
9b571b0f-848e-4ae5-8ceb-d76751a9074d,9EJ1GSFD110213096,EST,Est,MINESEC,YES
8b96c0e7-3b96-4170-9650-c98dcea26ada,9EK1GSFD110173107,EST,Est,MINESEC,YES
64182d47-aa94-4156-8d28-bb63e9332877,9EM1GSFD102989117,EST,Est,MINESEC,YES
11e7d2e8-3b9d-4cf1-99d4-9c6abaf8803f,9CI1GSBD110701112,EST,Est,MINESEC,YES
d42d122c-e801-494e-8df3-72f82d19870a,9EM1GSFD110186118,EST,Est,MINESEC,YES
0a072656-5e97-4f7e-a1ae-2705f9594579,9EN1GSBD112239114,EST,Est,MINESEC,YES
088cbbbe-5075-4b8a-bd48-5595c9e84748,9ES1GSFD100646111,EST,Est,MINESEC,YES
1af7a11f-6b4a-4e14-9780-6591f4c7a2af,9ES1GSFD102061113,EST,Est,MINESEC,YES
b1be8ff6-87fc-45fc-8da7-023b63f03a1a,9EX1GSFD110591111,EST,Est,MINESEC,YES
863c34b9-4c1b-4e7b-9abc-3df4117bc5a4,9EC1GSFD100024111,EST,Est,MINESEC,YES
3e74c085-d84a-48d6-a9cd-6d97fe3ffe2b,9EC1GSBD110359100,EST,Est,MINESEC,YES
0bdb051c-bd06-4712-a491-ae5b01366e1b,9EQ1GSFD101206111,EST,Est,MINESEC,YES
8ebe1e87-f333-4ef2-892f-aa939dfe6130,9EI1GSFD102178113,EST,Est,MINESEC,YES
36fb939c-2eda-479f-8d17-c952fcabc533,9ET1GSFD101141104,EST,Est,MINESEC,YES
6910eab7-fc6b-4e4a-8131-b163c25669c1,9EZ1GSFD111978112,EST,Est,MINESEC,YES
2ec34b0d-bc0c-4a03-8d27-2e1408828fbc,9EY1GSFD110587118,EST,Est,MINESEC,YES
464c7c84-b4ca-4712-8c48-5bf3b3659efa,9HC1GSFD110171114,EST,Est,MINESEC,YES
5ef16de7-6b9d-4e74-9a02-78571ed8a777,9IC1GSFD100106108,EST,Est,MINESEC,YES
24ca5be9-9e9b-4d24-b44e-fad7965bbbdb,9IE1GSFD110314111,EST,Est,MINESEC,YES
aa2fe087-29ca-4d89-bc65-72a708fd6079,3CC1GSAD100049109,NORD-OUEST,Nord-Ouest,MINESEC,YES
008ac0e8-f1df-493b-bd0a-4fe69544d9b5,3CC1GSAD110032115,NORD-OUEST,Nord-Ouest,MINESEC,YES
675636a5-0a7e-416e-93fc-ef4f7409cdaa,9HC1GSBD112198099,EST,Est,MINESEC,YES
68f9a55d-7b04-413c-8154-ff18db5c5434,9HC1GSFD110008111,EST,Est,MINESEC,YES
e60b59bc-0b3a-4ea9-8d0d-143b2636e289,6IC1GSAD101210108,SUD-OUEST,Sud-Ouest,MINESEC,YES
f5836b48-bb0c-4b7c-bd77-2aac96b76694,6IE1GSAD111651113,SUD-OUEST,Sud-Ouest,MINESEC,YES
b8b68e8c-72a4-4f84-aeb8-992df7dffe58,9HH1GSFD112017112,EST,Est,MINESEC,YES
bdcd4af6-b03b-49d5-b1bb-3ce2c6698ae8,9IC1GSBD110069113,EST,Est,MINESEC,YES
f56ff375-1e38-4671-a754-6da473dc2029,9HH1GSBD110450107,EST,Est,MINESEC,YES
7ca6163f-544f-4031-baa5-16f4dc0b3347,9HI1GSFD102915115,EST,Est,MINESEC,YES
3f9dc7dc-0d13-43fb-bb32-587ef79efa34,9HK1GSBD111907114,EST,Est,MINESEC,YES
eba2c4a4-8266-41bb-9e2c-581b5b47f133,9HL1GSBD112007113,EST,Est,MINESEC,YES
18728efa-480c-496a-a871-9fec1b5a0678,9IE1GSFD102844115,EST,Est,MINESEC,YES
226a2b94-8d1d-4945-96be-5975137085de,9IH1GSBD112387092,EST,Est,MINESEC,YES
d953473a-4efd-4993-9704-98948c9aceee,9IE1GSFD110165111,EST,Est,MINESEC,YES
1d47ef17-bf2c-42fd-9202-040d9a2d3166,9IK1GSFD102724114,EST,Est,MINESEC,YES
c5887304-eae5-4c2e-a1b6-a1c9f6c522f7,3CH1GSAD101644110,NORD-OUEST,Nord-Ouest,MINESEC,YES
ae947188-122f-4480-8df1-088b7d4383be,3CH1GSAD102687114,NORD-OUEST,Nord-Ouest,MINESEC,YES
7a44eb24-d823-4aea-9bbb-1e731e186528,3EC1GSAD111232110,NORD-OUEST,Nord-Ouest,MINESEC,YES
414f59a9-7707-44d4-8650-3df21a270c4b,3EE1GSAD102821115,NORD-OUEST,Nord-Ouest,MINESEC,YES
18e603d2-872b-4125-a565-abb313136fb2,3EE1GSBD111664098,NORD-OUEST,Nord-Ouest,MINESEC,YES
24aadd95-4bd1-47e5-9feb-92e45ffff0e6,9II1GSFD100773108,EST,Est,MINESEC,YES
9f2f3e07-4a0d-4d0f-a0a1-ccea7047776e,9II1GSBD112396114,EST,Est,MINESEC,YES
30df3585-4c3e-45d0-aeec-dce7ffeb4f4b,9IJ1GSFD110196100,EST,Est,MINESEC,YES
f354e187-c4f3-418c-958a-72b37981f89b,9IK1GSBD102376113,EST,Est,MINESEC,YES
dd62ba10-eca5-486a-a310-54443f3a0a04,9IL1GSFD112411111,EST,Est,MINESEC,YES
8311ae18-9a2b-48fa-9336-667e62a8c927,9IM1GSFD102115102,EST,Est,MINESEC,YES
23baa7e5-0c2a-4da6-b891-7b41acc6958f,3CC1GSAD100097111,NORD-OUEST,Nord-Ouest,MINESEC,YES
26b5e28f-abd2-41bc-9b0b-110ac1278cec,3CE1GSBD110961115,NORD-OUEST,Nord-Ouest,MINESEC,YES
05c5d01b-36e7-492e-b88f-13bc94097ebf,3CH1GSAD100243110,NORD-OUEST,Nord-Ouest,MINESEC,YES
1a99741d-c872-4b91-a117-a3b1a8db9fab,3CH1GSAD110214109,NORD-OUEST,Nord-Ouest,MINESEC,YES
da03ed0b-f096-4d4f-9b17-d7437511794c,3CI1GSAD100964109,NORD-OUEST,Nord-Ouest,MINESEC,YES
89bd1f85-0eaf-4acf-8dfd-705906c28223,3CI1GSAD111916107,NORD-OUEST,Nord-Ouest,MINESEC,YES
d8ab1adb-7be0-4f0d-83b6-7ac805f8136b,3CE1GSAD100991110,NORD-OUEST,Nord-Ouest,MINESEC,YES
17a7b8db-5b19-4268-ac31-12cf725a917a,3CE1GSAD102703114,NORD-OUEST,Nord-Ouest,MINESEC,YES
f5b8a47a-a67b-4c2b-ba7d-4d5f519678b7,3CH1GSAD110204111,NORD-OUEST,Nord-Ouest,MINESEC,YES
77d3c63f-f801-48bd-b14e-a3f0a79b97b0,3EC1GSAD102346113,NORD-OUEST,Nord-Ouest,MINESEC,YES
70e72ced-d216-46c5-94c1-a0881bc15c7b,3EC1GSAD101244107,NORD-OUEST,Nord-Ouest,MINESEC,YES
eabb2e31-16a9-4a2a-a3b6-fbc14a806f60,3EC1GSAD111264107,NORD-OUEST,Nord-Ouest,MINESEC,YES
c9d3af9d-e19a-44cb-8cee-573d4fac2813,3EE1GSAD102823115,NORD-OUEST,Nord-Ouest,MINESEC,YES
0b1c2afc-ac94-4fca-b8e6-04fecba3c904,6JC1GSAD110418103,SUD-OUEST,Sud-Ouest,MINESEC,YES
4a5c8df4-26d9-4175-a6a7-552a4236ab90,6JE1GSAD111961108,SUD-OUEST,Sud-Ouest,MINESEC,YES
695da109-5258-46d2-a45c-d3591136dc6d,6JH1GSAD100457111,SUD-OUEST,Sud-Ouest,MINESEC,YES
9bdf46b7-7b51-4e8a-9a98-b235a2dfa65b,6JI1GSAD101744111,SUD-OUEST,Sud-Ouest,MINESEC,YES
13caca09-c5c6-4690-9492-3bdb26b203aa,6JJ1GSAD100943110,SUD-OUEST,Sud-Ouest,MINESEC,YES
18d47588-4a6f-4913-a65c-9f052faaf2a5,6JJ1GSAD101189110,SUD-OUEST,Sud-Ouest,MINESEC,YES
2b46dc9f-f9a7-4f94-83ba-f465e9af08d0,6JI1GSAD111818082,SUD-OUEST,Sud-Ouest,MINESEC,YES
380fb1ad-3c6b-4484-a685-a35a0e375fa3,6JI1GSAD111732112,SUD-OUEST,Sud-Ouest,MINESEC,YES
4c5c5288-8e14-4e8c-8ece-f63a928e1259,6JJ1GSAD100955110,SUD-OUEST,Sud-Ouest,MINESEC,YES
50d28c2f-4e56-4b81-9f11-c230ebaa01fa,6JJ1GSAD100884109,SUD-OUEST,Sud-Ouest,MINESEC,YES
f6dccd30-ee70-4efb-b28a-bcf3e2650e88,6JJ1GSAD101906100,SUD-OUEST,Sud-Ouest,MINESEC,YES
af076e53-fb1f-4a6f-87fa-9cebb704107d,6JJ1GSBD110022111,SUD-OUEST,Sud-Ouest,MINESEC,YES
9b81c0fe-6b9c-4aaf-b312-fa4716f67ae8,6JJ1GSAD100915110,SUD-OUEST,Sud-Ouest,MINESEC,YES
3ac74f3f-e4b5-476c-bc15-d3874a88f98f,6JJ1GSAD110951115,SUD-OUEST,Sud-Ouest,MINESEC,YES
2b9ff8a0-6c53-40ab-9fa7-402484a30cdc,6JJ1GSAD110423106,SUD-OUEST,Sud-Ouest,MINESEC,YES
ef201017-55cf-460e-b6df-a6a5df886c98,6KH1GSBD111323098,SUD-OUEST,Sud-Ouest,MINESEC,YES
a635475f-600a-4fd9-a5f0-87730a022c55,6KH1GSAD110400111,SUD-OUEST,Sud-Ouest,MINESEC,YES
6c42f4bb-2c96-4445-9cee-5418daf257de,6KJ1GSBD110661109,SUD-OUEST,Sud-Ouest,MINESEC,YES
d0da38a6-c440-45db-bbf2-7017d0772832,6KE1GSAD110221108,SUD-OUEST,Sud-Ouest,MINESEC,YES
347e20f0-2268-44f9-ab93-012755b0597d,6KE1GSAD100498109,SUD-OUEST,Sud-Ouest,MINESEC,YES
f9bdf9ab-3316-4a59-9131-b137a60e6326,6KH1GSAD100871109,SUD-OUEST,Sud-Ouest,MINESEC,YES
582fadec-02b9-43c4-a28d-217395698295,6KH1GSAD100134112,SUD-OUEST,Sud-Ouest,MINESEC,YES
1be16319-a92e-4050-8e33-bf0b693a2ee2,6KH1GSAD110940107,SUD-OUEST,Sud-Ouest,MINESEC,YES
27f78fa2-e6e7-45d8-9aaa-6f97b3816b0e,6KL1GSAD100130107,SUD-OUEST,Sud-Ouest,MINESEC,YES
fbc7f5f5-07d6-417d-bdf5-72c02d51b2ad,6KM1GSAD100529110,SUD-OUEST,Sud-Ouest,MINESEC,YES