official_id,official_name,region,locality,locality_quality,staging_status,identity_quality,review_reason
5EM1GSFD112245109,Lyce de NTUISSONG-OKOLA,CENTRE,NTUISSONG-OKOLA,VALID,promoted,COMPLETE,
5EN1GSFD100160106,CES de NKOLZOA I,CENTRE,NKOLZOA I,VALID,promoted,COMPLETE,
5EN1GSFD110769115,Lyce de MENGAMA,CENTRE,,MISSING,promoted,COMPLETE,
5HE1GSFD102851115,CES d'EDIOLOMO,CENTRE,EDIOLOMO,VALID,promoted,COMPLETE,
5HE1GSFD101052110,CES de GUEFIGUE,CENTRE,GUEFIGUE,VALID,promoted,COMPLETE,
5CE1GSFD110541109,Lyce de LEMBE-YEZOUM,CENTRE,1 er degre,CLEARLY_INVALID,ready,COMPLETE,locality_review
5CH1GSFD110137113,Lyce de MBANDJOCK,CENTRE,2e DEGRE,CLEARLY_INVALID,ready,COMPLETE,locality_review
5JJ1GSFD102187105,CES d'EWOT,CENTRE,EWOT,VALID,promoted,COMPLETE,
5EN1GSFD111938106,Lyce de NKOLVE,CENTRE,NKOLVE,VALID,promoted,COMPLETE,
5JC1GSFD101134100,CES d'AFANLOUM,CENTRE,AFANLOUM,VALID,promoted,COMPLETE,
5CJ1GSFD101886104,CES d'OUASSA-BAMVELE,CENTRE,3e degre Oussa Bamvele,NEEDS_REVIEW,ready,COMPLETE,locality_review
5HH1GSFD100136105,CES de BANGONG,CENTRE,BISSIA,VALID,promoted,COMPLETE,
5HE1GSFD110826111,Lyce de BALAMBA,CENTRE,BALAMBA 1,VALID,promoted,COMPLETE,
5CJ1GSBD112195111,Lyce Bilingue de NANGA-EBOKO,CENTRE,3me DEGRE,CLEARLY_INVALID,ready,COMPLETE,locality_review
5CK1GSFD111673096,Lyce de NKOTENG,CENTRE,3me DEGRE,CLEARLY_INVALID,ready,COMPLETE,locality_review
5EM1GSFD110103106,Lyce de ZAMENGOUE,CENTRE,NGOYA,VALID,promoted,COMPLETE,
5EN1GSFD112179100,Lyce d'EKEKOM,CENTRE,EKEKOM,VALID,promoted,COMPLETE,
5MK1GSFD102444110,CES de MBENG,CENTRE,MBENG,VALID,promoted,COMPLETE,
5HH1GSFD100540110,CES de BOKO,CENTRE,BOKO,VALID,promoted,COMPLETE,
5HI1GSFD101969110,CES de GBARAM-YAKAN,CENTRE,kiiki,VALID,promoted,COMPLETE,
5EH1GSFD110860112,Lyce de KOKODO,CENTRE,OUI,CLEARLY_INVALID,ready,COMPLETE,locality_review
5CE1GSFD100766112,CES d'ENDOUMDANE,CENTRE,,MISSING,promoted,COMPLETE,
5HI1GSBD103234120,CES Bilingue de KIIKI,CENTRE,,MISSING,promoted,COMPLETE,
5HJ1GSFD102445109,CES de BAPE,CENTRE,BAPE,VALID,promoted,COMPLETE,
5JJ1GSFD100647107,CES de MVENG-ESSABOUTOU,CENTRE,MVENG,VALID,promoted,COMPLETE,
5JK1GSFD110714099,Lyce d'ESSAZOK,CENTRE,MVOG-AMOUG III,VALID,promoted,COMPLETE,
5JL1GSFD102413100,CES de NKOLMEYANG,CENTRE,NKOLMEYANG II,VALID,promoted,COMPLETE,
5CE1GSFD100593111,CES de ZOA,CENTRE,,MISSING,promoted,COMPLETE,
5HI1GSFD100118110,CES de BEP,CENTRE,BEP,VALID,promoted,COMPLETE,
5JK1GSFD100126108,CES de NKOLOVENG,CENTRE,Nkoloveng,VALID,promoted,COMPLETE,
5JK1GSFD110726107,Lyce de NKOLNDA,CENTRE,NKOLNDA,VALID,promoted,COMPLETE,
5JN1GSFD110333112,Lyce de MBANSAN,CENTRE,MBANSAN1,VALID,promoted,COMPLETE,
8IC1GSFD100352112,CES de THO II,SUD,THO II,VALID,promoted,COMPLETE,
5CH1GSFD102443109,CES de NDJORE,CENTRE,,MISSING,promoted,COMPLETE,
5HN1GSFD110626091,Lyce d'OMBESSA,CENTRE,GUIENTSING,VALID,promoted,COMPLETE,
5JH1GSBD101724109,CES Bilingue d'AWAE,CENTRE,NKOLNGUET,VALID,promoted,COMPLETE,
5KE1GSFD110254111,Lyce de MEYILA,CENTRE,Nkongndougou 6,VALID,promoted,COMPLETE,
5KI1GSFD110250107,Lyce d'OTELE,CENTRE,OTELE,VALID,promoted,COMPLETE,
8HE1GSFD103165118,CES d'EBIMIMBANG,SUD,EBIMIMBANG,VALID,promoted,COMPLETE,
5CH1GSBD110468106,Lyce Bilingue de MBANDJOCK,CENTRE,,MISSING,promoted,COMPLETE,
5JN1GSBD102705114,Lyce Bilingue de NKOZOA,CENTRE,NKOZOA,VALID,promoted,COMPLETE,
5LC1GSFD110189091,Lyce d'ELIG-ESSONO,CENTRE,DJOUNGOLO 3,VALID,promoted,COMPLETE,
5LH1GSBD112399092,Lyce Bilingue d'APPLICATION,CENTRE,,MISSING,promoted,COMPLETE,
5EM1GSFD100792109,CES de VOA II,CENTRE,oui,CLEARLY_INVALID,ready,COMPLETE,locality_review
5ME1GSFD112151110,Lyce de BONDJOCK,CENTRE,,MISSING,promoted,COMPLETE,
8HJ1GSBD111964100,Lyce Bilingue de KRIBI,SUD,NGOE NZAMBI,VALID,promoted,COMPLETE,
5CI1GSFD100114108,CES de NGO'O,CENTRE,,MISSING,promoted,COMPLETE,
5KC1GSFD100304109,CES de NKOL-NLONG I,CENTRE,NKOLNLONG I,VALID,promoted,COMPLETE,
5KH1GSFD112410111,Lyce d'ANGONGO,CENTRE,ANGONGO,VALID,promoted,COMPLETE,
5KI1GSBD100285112,CES Bilingue de NKONGZOK II,CENTRE,Nkongzok 2,VALID,promoted,COMPLETE,
5LC1GSFD102847115,CES de TSINGA-VILLAGE,CENTRE,TSINGA VILLAGE,VALID,promoted,COMPLETE,
8HM1GSFD102085105,CES de MELONDO,SUD,,MISSING,promoted,COMPLETE,
5CI1GSFD110426111,Lyce de WALL,CENTRE,,MISSING,promoted,COMPLETE,
5LH1GSFD110108097,Lyce de NSAM-EFOULAN,CENTRE,EFOULAN,VALID,promoted,COMPLETE,
5LI1GSFD110155106,Lyce de MINKAN,CENTRE,MINKAN,VALID,promoted,COMPLETE,
5LK1GSBD110117098,Lyce Bilingue d'ETOUG-EBE,CENTRE,,MISSING,promoted,COMPLETE,
5MI1GSFD111830092,Lyce de DIBANG,CENTRE,DIBANG-CENTRE,VALID,promoted,COMPLETE,
8HL1GSFD102193113,CES de BANGO-BOULOU,SUD,Mbango-Boulou,VALID,promoted,COMPLETE,
5HE1GSFD100850111,CES de BOKAGA II,CENTRE,3e degre,CLEARLY_INVALID,ready,COMPLETE,locality_review
5CJ1GSFD100378107,CES de DEA,CENTRE,CHEFFERIE DE DEA,POSSIBLE_REAL_LOCALITY,promoted,COMPLETE,
5MH1GSFD100514106,CES de MOM-LELEP II,CENTRE,LELEP II NORD,VALID,promoted,COMPLETE,
5MJ1GSFD111234112,Lyce de BOGSO,CENTRE,BOGSO,VALID,promoted,COMPLETE,
5NC1GSFD100874113,CES d'ANDOM-YEMBAMA,CENTRE,ANDOM-YEMBAMA,VALID,promoted,COMPLETE,
5NE1GSBD112139114,Lyce Bilingue d'AYOS,CENTRE,,MISSING,promoted,COMPLETE,
9CE1GSBD110055114,Lyce Bilingue de MOLOUNDOU,EST,MOLOUNDOU,VALID,promoted,COMPLETE,
5CJ1GSFD111355078,Lyce Classique de NANGA-EBOKO,CENTRE,,MISSING,promoted,COMPLETE,
5MK1GSFD101903103,CES de MBEMNDJOCK,CENTRE,,MISSING,promoted,COMPLETE,
5MQ1GSFD101254106,CES d'ELALE,CENTRE,ELALE,VALID,promoted,COMPLETE,
5NJ1GSBD112206111,Lyce Bilingue de KOBDOMBO,CENTRE,KOBDOMBO,VALID,promoted,COMPLETE,
5QE1GSBD111854098,Lyce Bilingue de DZENG,CENTRE,DZENG VILLE,VALID,promoted,COMPLETE,
9CI1GSBD112210110,Lyce Bilingue de NGATTO,EST,NGATTO,VALID,promoted,COMPLETE,
5CK1GSFD101633112,CES de CAMP-NANGAH,CENTRE,,MISSING,promoted,COMPLETE,
5MM1GSFD102172110,CES de BIKOK-BI-MBOUI,CENTRE,MBOUI,VALID,promoted,COMPLETE,
5MN1GSBD110834110,Lyce Bilingue de MAKAI,CENTRE,makai,VALID,promoted,COMPLETE,
5NC1GSFD101272110,CES de NKOL-EBOTAN,CENTRE,NKOLEBOTAN,VALID,promoted,COMPLETE,
5NC1GSFD111002076,Lyce Mixte d'AKONOLINGA,CENTRE,QUARTIER ADMINISTRATIF,VALID,promoted,COMPLETE,
8IC1GSFD100827109,CES de MINDI-MI-OVENG,SUD,MINDI-MI-OVENG,VALID,promoted,COMPLETE,
5CK1GSBD110390109,Lyce Bilingue de NKOTENG,CENTRE,,MISSING,promoted,COMPLETE,
5NH1GSFD111933091,Lyce Mixte d'ENDOM,CENTRE,ENDOM,VALID,promoted,COMPLETE,
5QJ1GSFD102055100,CES d'AKONGO,CENTRE,AKONGO III,VALID,promoted,COMPLETE,
7CI1GSBD102833115,CES Bilingue de KOMPINA,LITTORAL,KOMPINA,VALID,promoted,COMPLETE,
5IE1GSBD111981106,Lyce Bilingue de NGAMBE-TIKAR,CENTRE,1,CLEARLY_INVALID,ready,COMPLETE,locality_review
7CJ1GSBD110005110,Lyce Bilingue de LOUM-CHANTIER-GARE,LITTORAL,,MISSING,promoted,COMPLETE,
6JC1GSAD100584111,CES de BADUMA,SUD-OUEST,BADUMA,VALID,promoted,COMPLETE,
5EC1GSFD102379110,CES d'ELON,CENTRE,ELON,VALID,promoted,COMPLETE,
5QH1GSFD111879099,Lyce de MBALMAYO-OYACK,CENTRE,OYACK II,VALID,promoted,COMPLETE,
7CE1GSFD110282115,Lyce de BAREHOCK,LITTORAL,BAREHOCK,VALID,promoted,COMPLETE,
7CJ1GSBD110217115,Lyce Bilingue de MANENGWASSA,LITTORAL,MANENGWASSA,VALID,promoted,COMPLETE,
7CMGSFD102683114,CES de NINONG,LITTORAL,NINONG,VALID,promoted,COMPLETE,
6CE1GSAD110479113,Lyce de BONADIKOMBO-MILE 4,SUD-OUEST,BONADIKOMBO MILE 4,NEEDS_REVIEW,ready,COMPLETE,locality_review
9CH1GSFD100182110,CES de LIBONGO,EST,LIBONGO,VALID,promoted,COMPLETE,
5EE1GSFD100668107,CES de KOAN,CENTRE,KOAN,VALID,promoted,COMPLETE,
7CE1GSFD102040112,CES de BAKEM,LITTORAL,NKONIA-BAKEM,VALID,promoted,COMPLETE,
7EC1GSFD102028110,CES de MADIP,LITTORAL,MBANG,VALID,promoted,COMPLETE,
7EC1GSFD110231108,Lyce de SOHOCK,LITTORAL,SOHOCK,VALID,promoted,COMPLETE,
7HC1GSFD110053109,Lyce de LOGBADJECK,LITTORAL,LOGBADJECK,VALID,promoted,COMPLETE,
6CE1GSAD111852082,Lyce de LIMBE,SUD-OUEST,LIMBE 1,NEEDS_REVIEW,ready,COMPLETE,locality_review
9CC1GSFD110202103,Lyce Bilingue de GARI-GOMBO,EST,,MISSING,promoted,COMPLETE,
5EE1GSFD101075109,CES de NKANG-EFOK,CENTRE,BENYABEGA,VALID,promoted,COMPLETE,
7CK1GSFD110234092,Lyce de MANJO,LITTORAL,MANEHAS,VALID,promoted,COMPLETE,
7CM1GSBD103238120,CES Bilingue de MBOUASSOUM,LITTORAL,,MISSING,promoted,COMPLETE,
7CM1GSFD111655107,Lyce de MELONG-CENTRE,LITTORAL,MBOUDJOU,VALID,promoted,COMPLETE,
7CT1GSBD111358115,Lyce Bilingue d'EKANGTE,LITTORAL,BANEKA,VALID,promoted,COMPLETE,
9EQ1GSFD110264106,Lyce d'ANGOSSAS,EST,ANGOSSAS I,VALID,promoted,COMPLETE,
5EE1GSFD101942112,CES de NKOM,CENTRE,NKOM,VALID,promoted,COMPLETE,
7CT1GSFD112358060,Lyce du MANENGOUBA,LITTORAL,,MISSING,promoted,COMPLETE,
7EH1GSFD100045111,CES de DIWOM-PK-34,LITTORAL,DIWOM PK 32-35,VALID,promoted,COMPLETE,
7HL1GSBD102693114,CES Bilingue de NDOM,LITTORAL,ndom centre,VALID,promoted,COMPLETE,
7HR1GSFD102175110,CES de SONG-SIMOUTH,LITTORAL,,MISSING,promoted,COMPLETE,
9EM1GSFD102989117,CES d'AMBAKA,EST,AMBAKA,VALID,promoted,COMPLETE,
5IJ1GSFD100462110,CES de DOUME-YOKO,CENTRE,DOUME,VALID,promoted,COMPLETE,
7CX1GSBD110291113,Lyce Bilingue d'EBONE,LITTORAL,BAKAKA,VALID,promoted,COMPLETE,
7EH1GSFD111595108,Lyce de BONEPOUPA,LITTORAL,BONEPOUPA II,VALID,promoted,COMPLETE,
7HH1GSBD110332112,Lyce Bilingue de BEON,LITTORAL,BEON,VALID,promoted,COMPLETE,
7HN1GSFD101138110,CES de NDJOCK-LOUMBE,LITTORAL,NJOCK-LOUMBE,VALID,promoted,COMPLETE,
9CI1GSBD110701112,Lyce Bilingue de YOKADOUMA,EST,QUARTIER PARADIS,VALID,promoted,COMPLETE,
5EH1GSFD112402105,Lyce d'ELIG-MFOMO,CENTRE,ELIG-MFOMO,VALID,promoted,COMPLETE,
7HH1GSBD110360092,Lyce Bilingue d'EDEA,LITTORAL,PLATEAU ADMINISTRATIF,VALID,promoted,COMPLETE,
7HN1GSFD101549109,CES d'EBOMBE,LITTORAL,EBOMBE,VALID,promoted,COMPLETE,
7HQ1GSFD111176113,Lyce de KELLENG,LITTORAL,KELLENG,VALID,promoted,COMPLETE,
7HQ1GSFD111603109,Lyce de SONGMBOG,LITTORAL,SONGMBOG II,VALID,promoted,COMPLETE,
9EN1GSBD112239114,Lyce Bilingue de LOMIE,EST,,MISSING,promoted,COMPLETE,
5EI1GSFD100585109,CES de NLOUDOU,CENTRE,NLOUDOU,VALID,promoted,COMPLETE,
7HR1GSFD102057111,CES de NKONGA,LITTORAL,NKONGA,VALID,promoted,COMPLETE,
7IE1GSFD110002091,Lyce TSF MONGO JOSEPH,LITTORAL,,MISSING,promoted,COMPLETE,
1CM1GSFD101470112,CES d'OURO-DOUKOUDJE,NORD,,MISSING,promoted,COMPLETE,
7IH1GSBD110223107,Lyce Bilingue du GENIE MILITAIRE,LITTORAL,,MISSING,promoted,COMPLETE,
9EX1GSFD110591111,Lyce de NGOYLA,EST,LYCEE,VALID,promoted,COMPLETE,
5IJ1GSFD100387110,CES de LINTE,CENTRE,LINTE,VALID,promoted,COMPLETE,
7IH1GSBD111167105,Lyce Bilingue de NYALLA,LITTORAL,LOGTCHA,VALID,promoted,COMPLETE,
7II1GSBD111330112,Lyce Bilingue de SODIKO,LITTORAL,SODIKO,VALID,promoted,COMPLETE,
4IE1GSBD110474115,Lyce Bilingue de DJEBEM,OUEST,,MISSING,promoted,COMPLETE,
5CJ1GSFD110432114,Lyce de NANGA-EBOKO-RURAL,CENTRE,NGUINDAL,VALID,promoted,COMPLETE,
9EC1GSFD100024111,CES d'ABONG-DOUM,EST,Abong-doum,VALID,promoted,COMPLETE,
7II1GSBD112333115,Lyce Bilingue de BONASSAMA,LITTORAL,BONASSAMA,VALID,promoted,COMPLETE,
7IJ1GSBD110007113,Lyce Bilingue de BEPANDA,LITTORAL,,MISSING,promoted,COMPLETE,
4EC1GSFD111803106,Lyce de BAFANG-RURAL,OUEST,,MISSING,promoted,COMPLETE,
4ME1GSFD112233107,Lyce de KOUPA-MATAPIT,OUEST,,MISSING,promoted,COMPLETE,
0HK1GSFD102214113,CES de SIRLAWE,EXTREME-NORD,,MISSING,promoted,COMPLETE,
5LI1GSFD112295089,Lyce d'ANGUISSA,CENTRE,1,CLEARLY_INVALID,ready,COMPLETE,locality_review
2HC1GSBD112409108,Lyce Bilingue d'ATTA,ADAMAOUA,,MISSING,promoted,COMPLETE,
1CR1GSFD112036108,Lyce de TCHEBOA,NORD,,MISSING,promoted,COMPLETE,
5CL1GSFD110015112,Lyce de NSEM,CENTRE,,MISSING,promoted,COMPLETE,
9EQ1GSFD101206111,CES de BEUL,EST,BEUL,VALID,promoted,COMPLETE,
5LK1GSBD111628110,Lyce Bilingue de MENDONG,CENTRE,3e DEGRE DE MENDONG,NEEDS_REVIEW,ready,COMPLETE,locality_review
5LL1GSFD112162098,Lyce Classique de NKOLBISSON,CENTRE,IRAD,VALID,ready,COMPLETE,
5EI1GSBD111909115,Lyce Bilingue d'EVODOULA,CENTRE,accueil,VALID,promoted,COMPLETE,
5CI1GSBD112087112,Lyce Bilingue de MINTA,CENTRE,minta,VALID,promoted,COMPLETE,
9EZ1GSFD111978112,Lyce de SOMALOMO,EST,,MISSING,promoted,COMPLETE,
6CI1GSAD110140113,Lyce de MOTOMBOLOMBO,SUD-OUEST,TIKO,VALID,promoted,COMPLETE,
9IC1GSFD100106108,CES de DONDI,EST,DONDI,VALID,promoted,COMPLETE,
6EH1GSBD101832104,CES Bilingue de NDOM-MUASUNDEM,SUD-OUEST,NDOM-MUASUNDEM,VALID,promoted,COMPLETE,
5EI1GSFD112406111,Lyce de NKOLKOUGDA,CENTRE,NKOLKOUGDA,VALID,promoted,COMPLETE,
5EJ1GSFD111068108,Lyce de LOBO,CENTRE,LOBO,VALID,promoted,COMPLETE,
5EL1GSFD100193106,CES de NTUISSONG-OBALA,CENTRE,NKOLTOMO I,VALID,promoted,COMPLETE,
5EN1GSBD100778113,Lyce Bilingue de SA'A,CENTRE,ELIG-ZOGO,VALID,promoted,COMPLETE,
5HJ1GSFD101965100,CES DE BONECK,CENTRE,BONECK,VALID,promoted,COMPLETE,
9EY1GSFD110587118,Lyce d'AZOMEKOUT,EST,,MISSING,promoted,COMPLETE,
5EJ1GSFD101063110,CES d'EKEKAM III,CENTRE,,MISSING,promoted,COMPLETE,
5EN1GSFD112128110,Lyce de NKOL-EBASSIMBI,CENTRE,Nkol-Ebassimbi,VALID,promoted,COMPLETE,
5EM1GSFD102420111,CES de BITSINGDA,CENTRE,MBELEKIE,VALID,promoted,COMPLETE,
5HC1GSFD112342106,Lyce Classique et Moderne de BAFIA,CENTRE,BIABEZOK,VALID,promoted,COMPLETE,
5JE1GSFD101629108,CES de NKOLESSONG,CENTRE,NKOLESSONG,VALID,promoted,COMPLETE,
3CC1GSAD110032115,Lyce d'IBAL-ACHA,NORD-OUEST,KOM,VALID,promoted,COMPLETE,
5EJ1GSFD100844111,CES de NKOLMEYANG-LOBO,CENTRE,,MISSING,promoted,COMPLETE,
5HN1GSFD112360112,Lyce de BALIAMA,CENTRE,BOYABISSOUMBI,VALID,promoted,COMPLETE,
5EK1GSFD102362110,CES de KOUGOUDA-CENTRE,CENTRE,kougouda-centre,VALID,promoted,COMPLETE,
5KE1GSFD102430111,CES d'EBOUG-MENYOU,CENTRE,OU-MEN,VALID,promoted,COMPLETE,
5HN1GSFD110437115,Lyce de GUETSAMBANA-OMBESSA,CENTRE,GUIENTSING I,VALID,promoted,COMPLETE,
9HC1GSBD112198099,Lyce Bilingue de BATOURI,EST,SAMBO,VALID,promoted,COMPLETE,
5EJ1GSFD112136099,Lyce Moderne de NLONG,CENTRE,NLONG,VALID,promoted,COMPLETE,
5JK1GSFD102418106,CES de NKASSOMO,CENTRE,NKASSOMO,VALID,promoted,COMPLETE,
5HL1GSBD111917109,Lyce Bilingue de NDIKINIMEKI,CENTRE,,MISSING,promoted,COMPLETE,
5II1GSFD100113112,CES de BILANGA-KOMBE,CENTRE,BILANGA-KOMBE,VALID,promoted,COMPLETE,
5II1GSFD102032112,CES de KOUSSE II,CENTRE,KOUSSE,VALID,promoted,COMPLETE,
5NC1GSFD101262108,CES de ZALOM,CENTRE,1,CLEARLY_INVALID,ready,COMPLETE,locality_review
6IC1GSAD101210108,CES de BATABI-BALU,SUD-OUEST,BATIBI-BALU,VALID,promoted,COMPLETE,
5EK1GSBD102460112,Lyce Bilingue de MONATELE,CENTRE,NGONG-MESSA,VALID,promoted,COMPLETE,
5HE1GSBD111897115,Lyce Bilingue de BOKITO,CENTRE,BOKITO-VILLE N 1,VALID,promoted,COMPLETE,
5JN1GSFD110425115,Lyce de NKOMETOU I,CENTRE,NKOMETOU I,VALID,promoted,COMPLETE,
5JK1GSFD102432107,CES de MENDONG II,CENTRE,MENDONG 2,VALID,promoted,COMPLETE,
5KH1GSFD111947107,Lyce d'OVENG-MBANKOMO,CENTRE,OVENG,VALID,promoted,COMPLETE,
9IC1GSBD110069113,Lyce Bilingue de BELABO,EST,BELABO VILLAGE,VALID,promoted,COMPLETE,
5EK1GSFD110163112,Lyce de MONABO,CENTRE,Monabo,VALID,promoted,COMPLETE,
5IJ1GSFD110811092,Lyce de YOKO,CENTRE,YOKO,VALID,promoted,COMPLETE,
5KH1GSFD112202109,Lyce d'ONGOT,CENTRE,ONGOT,VALID,promoted,COMPLETE,
5LI1GSBD110009112,Lyce Bilingue d'EKOUNOU,CENTRE,EKOUNOU,VALID,promoted,COMPLETE,
5MK1GSFD102019111,CES de NGWATE-POHE,CENTRE,NGWATE,VALID,promoted,COMPLETE,
9HH1GSBD110450107,Lyce Bilingue de KETTE,EST,,MISSING,promoted,COMPLETE,
5EK1GSFD111867112,Lyce de MONATELE II,CENTRE,MONATELE II,VALID,promoted,COMPLETE,
5JK1GSFD112168079,Lyce Classique de MFOU,CENTRE,NKOL NGUET,VALID,promoted,COMPLETE,
5QH1GSFD110348111,Lyce de MBALMAYO-RURAL,CENTRE,2,CLEARLY_INVALID,ready,COMPLETE,locality_review
5JK1GSFD110757115,Lyce de MBELOA-NSIMALEN,CENTRE,NSIMALEN,VALID,promoted,COMPLETE,
5JK1GSBD110733104,Lyce Bilingue de MFOU,CENTRE,,MISSING,promoted,COMPLETE,
5LC1GSBD112381112,Lyce Bilingue de NKOL-ETON,CENTRE,,MISSING,promoted,COMPLETE,
9HK1GSBD111907114,Lyce Bilingue de NDELELE,EST,NDELELE,VALID,promoted,COMPLETE,
5EL1GSFD100133109,CES d'ELIG-NKOUMA,CENTRE,ELIG-NKOUMA I,VALID,promoted,COMPLETE,
5JH1GSFD111977092,Lyce Mixte d'AWAE,CENTRE,AWAE - NKOABANG,VALID,promoted,COMPLETE,
5LH1GSFD111709087,Lyce de BIYEM-ASSI,CENTRE,YDE 3E,VALID,promoted,COMPLETE,
5LC1GSFD111859091,Lyce de MBALLA II,CENTRE,MBALLA 2,VALID,promoted,COMPLETE,
5KH1GSBD110016114,Lyce Bilingue de MBANKOMO,CENTRE,MBANKOMO,VALID,promoted,COMPLETE,
9IE1GSFD110165111,Lyce Bilingue de BONIS,EST,BONIS,VALID,promoted,COMPLETE,
5LK1GSFD103118118,CES de MENDONG,CENTRE,3e Dgr de Mendong,VALID,promoted,COMPLETE,
5MJ1GSFD102372111,CES de MANDJACK (Eska),CENTRE,MANDJACK-ESEKA,VALID,promoted,COMPLETE,
5QH1GSBD111890097,Lyce Bilingue de MBALMAYO,CENTRE,MBOCK-KULU,VALID,promoted,COMPLETE,
7CE1GSBD111326112,Lyce Bilingue de BARE,LITTORAL,BARE VILLAGE,VALID,promoted,COMPLETE,
5NI1GSFD110662104,Lyce Bilingue de MENGANG,CENTRE,,MISSING,promoted,COMPLETE,
7CK1GSBD102062096,Lyce Bilingue de MOUMEKENG,LITTORAL,Moumekeng,VALID,promoted,COMPLETE,
5EL1GSFD102447106,CES d'ESSONG (Obala),CENTRE,ESSONG,VALID,promoted,COMPLETE,
5KH1GSFD110143111,Lyce de NKOLBIYEN,CENTRE,NKOLBIYEN,VALID,promoted,COMPLETE,
5LJ1GSFD110037104,Lyce de NGOUSSO-NGOULMEKONG,CENTRE,ngoulmekong,VALID,promoted,COMPLETE,
5MK1GSFD110111092,Lyce Bilingue de MAKAK,CENTRE,MAKAK II,VALID,promoted,COMPLETE,
5MM1GSFD111350097,Lyce de MESSONDO,CENTRE,SOUCK,VALID,promoted,COMPLETE,
6EE1GSAD102322113,CES de BABENSI I,SUD-OUEST,Babensi 1,NEEDS_REVIEW,ready,COMPLETE,locality_review
3CH1GSAD102687114,CES de FUJUA-LAIKOM,NORD-OUEST,KOM,VALID,promoted,COMPLETE,
5MI1GSBD111665112,Lyce Bilingue de SOMBO,CENTRE,peslipan,VALID,promoted,COMPLETE,
5ML1GSBD112204110,Lyce Bilingue de MANGUEN II,CENTRE,MANGUEN II,VALID,promoted,COMPLETE,
5MM1GSFD110510111,Lyce de BADJOB,CENTRE,BADJOB,VALID,promoted,COMPLETE,
5QI1GSFD111958098,Lyce de MENGUEME,CENTRE,MENGUEME CENTRE,VALID,promoted,COMPLETE,
7CH1GSFD111841092,Lyce de DIBOMBARI,LITTORAL,DJOBWELE,VALID,promoted,COMPLETE,
5QH1GSFD100349109,CES de NKOLNYAMA,CENTRE,,MISSING,promoted,COMPLETE,
5EL1GSFD110185111,Lyce d'EFOK,CENTRE,EFOK,VALID,promoted,COMPLETE,
5MQ1GSFD101247108,CES de BOUMNDJACK,CENTRE,,MISSING,promoted,COMPLETE,
5NE1GSFD100651110,CES de NYAMVOUDOU,CENTRE,NYAMVOUDOU,VALID,promoted,COMPLETE,
7CK1GSBD112108111,Lyce Bilingue de NLOHE,LITTORAL,MANEHAS,VALID,promoted,COMPLETE,
5QE1GSFD101997108,CES de MBANGA-DZENG,CENTRE,,MISSING,promoted,COMPLETE,
3EE1GSAD102821115,CES de MELUF,NORD-OUEST,NSO,VALID,promoted,COMPLETE,
5EL1GSFD110363111,Lyce d'EZEZANG-MENDOUM,CENTRE,EZEZANG-MENDOUM,VALID,promoted,COMPLETE,
5QJ1GSBD112090111,Lyce Bilingue de NGOMEDZAP,CENTRE,AKOK,VALID,promoted,COMPLETE,
7CI1GSBD111669109,Lyce Bilingue de GRAND-SOUZA,LITTORAL,Kollo,VALID,promoted,COMPLETE,
7EH1GSFD102326113,CES de WOURI-BWELE,LITTORAL,TONDE VILLAGE,VALID,promoted,COMPLETE,
7EH1GSFD102332113,CES de BODIMAN,LITTORAL,CANTON BODIMAN,VALID,promoted,COMPLETE,
9II1GSFD100773108,CES de BORONGO,EST,BORONGO,VALID,promoted,COMPLETE,
7EI1GSFD102831115,CES de MOSSE,LITTORAL,,MISSING,promoted,COMPLETE,
7CL1GSBD102688114,CES Bilingue de KOTTO-MISSION,LITTORAL,KOTTO MISSION,VALID,promoted,COMPLETE,
7CH1GSFD101821111,CES de BOMONO,LITTORAL,Bomono ba jedu,VALID,promoted,COMPLETE,
7CR1GSFD111891103,Lyce Bilingue de NLONAKO,LITTORAL,EKEL KOH,VALID,promoted,COMPLETE,
7EC1GSFD102046110,CES de NDOGTIBA,LITTORAL,,MISSING,promoted,COMPLETE,
9IJ1GSFD110196100,Lyce de DIANG,EST,BINGOMO,VALID,promoted,COMPLETE,
5IJ1GSFD102436111,CES de NGOUETOU,CENTRE,NGOUETOU,VALID,promoted,COMPLETE,
7HI1GSFD111881103,Lyce d'EKITE,LITTORAL,EKITE IV,VALID,promoted,COMPLETE,
7EE1GSFD101711111,CES DE MBIAM,LITTORAL,CANTON MBIAM,VALID,promoted,COMPLETE,
7HC1GSBD110636113,Lyce Bilingue de MISSOLE,LITTORAL,MISSOLE II,VALID,promoted,COMPLETE,
7EC1GSFD111899113,Lyce de TAM-CARREFOUR,LITTORAL,NDOBAN,VALID,promoted,COMPLETE,
9IM1GSFD102115102,CES de NGOURA,EST,,MISSING,promoted,COMPLETE,
5EL1GSFD110377112,Lyce de KOUDANDENG,CENTRE,KOUDANDENG,VALID,promoted,COMPLETE,
7EI1GSFD111687095,Lyce de YINGUI,LITTORAL,,MISSING,promoted,COMPLETE,
7IH1GSFD111287099,Lyce de NDOG-HEM,LITTORAL,,MISSING,promoted,COMPLETE,
7HR1GSFD102113102,CES de NGOMPEM,LITTORAL,,MISSING,promoted,COMPLETE,
7HQ1GSFD102378113,CES de POCK-MAHONDA,LITTORAL,MAHONDA,VALID,promoted,COMPLETE,
3CE1GSBD110961115,Lyce Bilingue de FONFUKA,NORD-OUEST,KOM,VALID,promoted,COMPLETE,
5EL1GSFD110340097,Lyce de NKOMOTOU,CENTRE,Nkomotou  III,VALID,promoted,COMPLETE,
7HE1GSBD100496111,Lyce Bilingue de MBAMBOU,LITTORAL,MBIMBE,VALID,promoted,COMPLETE,
7HH1GSFD110448113,Lyce d'OSSOMBAH,LITTORAL,TIBDA,VALID,promoted,COMPLETE,
7HN1GSFD111155107,Lyce de MAKONDO,LITTORAL,MAKONDO,VALID,promoted,COMPLETE,
7EH1GSFD102717114,CES de NDONDAK,LITTORAL,NDOKNDAK,VALID,promoted,COMPLETE,
3CH1GSAD110214109,Lyce d'ADUK,NORD-OUEST,KOM,VALID,promoted,COMPLETE,
5EL1GSFD110017109,Lyce de YEMESSOA I,CENTRE,YEMESSOA I,VALID,promoted,COMPLETE,
7EC1GSBD110051110,Lyce Bilingue de NKONDJOCK,LITTORAL,MBEMA,VALID,promoted,COMPLETE,
7HJ1GSFD110070109,Lyce de MASSOCK-SONGLOULOU,LITTORAL,MASSOCK,VALID,promoted,COMPLETE,
7HL1GSFD111573107,Lyce d'OMENG,LITTORAL,YANA-LOUANGO,VALID,promoted,COMPLETE,
7IJ1GSFD110039090,Lyce de LA CITE DES PALMIERS,LITTORAL,BOBONG,VALID,promoted,COMPLETE,
3CE1GSAD100991110,CES de CHONGKANG-BUABUA,NORD-OUEST,BUM,VALID,promoted,COMPLETE,
7HR1GSFD101600108,CES de SOKELLE,LITTORAL,SOKELLE 1,VALID,promoted,COMPLETE,
7IC1GSFD110287091,Lyce d'AKWA,LITTORAL,OUI,CLEARLY_INVALID,ready,COMPLETE,locality_review
7HR1GSFD111931091,Lyce Bilingue de POUMA,LITTORAL,BIKOK,VALID,promoted,COMPLETE,
7IJ1GSFD110043100,Lyce de MAKEPE,LITTORAL,,MISSING,promoted,COMPLETE,
4MI1GSFD101512108,CES de NGBETNSOUEN II,OUEST,,MISSING,promoted,COMPLETE,
6EH1GSAD102813115,CES de NGOBENYOE,SUD-OUEST,0,CLEARLY_INVALID,ready,COMPLETE,locality_review
5EM1GSFD102454109,CES d'OKOUKOUDA,CENTRE,Okoukouda,VALID,promoted,COMPLETE,
7IH1GSBD111146111,Lyce Bilingue de NYLON-BRAZZAVILLE,LITTORAL,brazzaville/ bonaloka,VALID,promoted,COMPLETE,
7II1GSBD110268108,Lyce Bilingue de BOJONGO,LITTORAL,BOJONGO,VALID,promoted,COMPLETE,
7II1GSBD110308090,Lyce Bilingue de BONABERI,LITTORAL,BONAMIKANO,VALID,promoted,COMPLETE,
4JJ1GSBD103243120,CES Bilingue de BALESSING,OUEST,,MISSING,promoted,COMPLETE,
7IH1GSFD110305090,Lyce d'OYACK,LITTORAL,3me DEGRE,CLEARLY_INVALID,ready,COMPLETE,locality_review
3EC1GSAD111264107,Lyce de SOB,NORD-OUEST,NSO,VALID,promoted,COMPLETE,
5EM1GSFD102386112,CES de NGOYA II,CENTRE,NGOYA II,VALID,promoted,COMPLETE,
4EC1GSBD111504105,Lyce Bilingue de BAFANG,OUEST,,MISSING,promoted,COMPLETE,
7IK1GSBD110237111,Lyce Bilingue de MANOKA,LITTORAL,Manoka centre,VALID,promoted,COMPLETE,
4HE1GSFD110791110,Lyce Bilingue de BANGAM,OUEST,,MISSING,promoted,COMPLETE,
4EE1GSFD101181110,CES de BABOUTCHA-FONGAM,OUEST,,MISSING,promoted,COMPLETE,
6JC1GSAD110418103,Lyce de KONYE,SUD-OUEST,KONYE,VALID,promoted,COMPLETE,
7IJ1GSFD112004091,Lyce d'AKWA-NORD,LITTORAL,3e DEGRE,CLEARLY_INVALID,ready,COMPLETE,locality_review
5EM1GSFD102451112,CES de NKOLAKIE,CENTRE,,MISSING,promoted,COMPLETE,
4CC1GSBD111704099,Lyce Bilingue de BABADJOU,OUEST,BABADJOUI,VALID,duplicate_exact,COMPLETE,
4CC1GSBD111789112,Lyce Bilingue de BACHUA,OUEST,BACHUA,VALID,duplicate_exact,COMPLETE,
4CC1GSBD111800108,Lyce Bilingue de ZAVION,OUEST,Zavion,VALID,duplicate_exact,COMPLETE,
4CC1GSFD111793110,Lyce de BAMENDJINGHA,OUEST,BABADJOU,VALID,duplicate_exact,COMPLETE,
6JH1GSAD100457111,CES de FIANGO,SUD-OUEST,EKEMBA,VALID,promoted,COMPLETE,
4CE1GSBD112003114,Lyce Bilingue de BANGANG,OUEST,BANGANG,VALID,duplicate_exact,COMPLETE,
4CE1GSBD111591114,Lyce Bilingue de BATCHAM,OUEST,BALAFOTIO,VALID,duplicate_exact,COMPLETE,
4CE1GSFD111823111,Lyce de BABEKOUO,OUEST,babekouo,VALID,duplicate_exact,COMPLETE,
4CE1GSFD111619110,Lyce de BALEGHANG,OUEST,BATCHAM,VALID,duplicate_exact,COMPLETE,
4CE1GSFD111621107,Lyce de BAMBI-BATCHAM,OUEST,BAMBI,VALID,duplicate_exact,COMPLETE,
4CE1GSFD111777107,Lyce de BAMETIM,OUEST,BAMETIM,VALID,duplicate_exact,COMPLETE,
4CE1GSFD111811110,Lyce de BAMOUGONG,OUEST,BATOSSESSONG,VALID,duplicate_exact,COMPLETE,
4CE1GSFD111802108,Lyce de BANGWANG,OUEST,BANGWANG,VALID,duplicate_exact,COMPLETE,
4CE1GSFD111605112,Lyce de BATCHUETIO,OUEST,BATCHUETIO,VALID,duplicate_exact,COMPLETE,
4CE1GSFD111137113,Lyce de BATSINTSUE,OUEST,BANTSIET,VALID,duplicate_exact,COMPLETE,
4CE1GSFD111594109,Lyce de NZINDONG,OUEST,BANGANG,VALID,duplicate_exact,COMPLETE,
4CE1GSFD111611112,Lyce de TSINTSUET,OUEST,BASSOH,VALID,duplicate_exact,COMPLETE,
4CH1GSFD100511111,CES de MENFOUNG,OUEST,BAGAM,VALID,duplicate_exact,COMPLETE,
4CH1GSBD111853112,Lyce Bilingue de GALIM,OUEST,BAGAM,VALID,duplicate_exact,COMPLETE,
4CH1GSBD110524111,Lyce Bilingue de KIENEGHANG,OUEST,BAGAM,VALID,duplicate_exact,COMPLETE,
4CH1GSFD110670109,Lyce de BAGAM,OUEST,BAGAM,VALID,duplicate_exact,COMPLETE,
4CH1GSFD110563112,Lyce de BAMENYAM,OUEST,BAMENYAM,VALID,duplicate_exact,COMPLETE,
4CH1GSFD111697110,Lyce de BATI,OUEST,BATI,VALID,duplicate_exact,COMPLETE,
4CI1GSBD111211114,Lyce Bilingue de BALATCHI,OUEST,BALATCHI,VALID,duplicate_exact,COMPLETE,
4CI1GSBD111329110,Lyce Bilingue de BAMESSO,OUEST,BAMESSO,VALID,duplicate_exact,COMPLETE,
4CI1GSBD112030097,Lyce Bilingue de MBOUDA,OUEST,FOUALA,VALID,duplicate_exact,COMPLETE,
4CI1GSBD110658107,Lyce Bilingue de MBOUDA-BANOCK,OUEST,BAMENDJINDA,VALID,duplicate_exact,COMPLETE,
4CI1GSBD111930115,Lyce Bilingue de MBOUDA-RURAL,OUEST,BAMESSINGUE BAMELO'O,VALID,duplicate_exact,COMPLETE,
4CI1GSFD110663109,Lyce de BABETE,OUEST,FIELAH,VALID,duplicate_exact,COMPLETE,
4CI1GSFD110612109,Lyce de BAMENKOMBO,OUEST,BAMENKOMBO,VALID,duplicate_exact,COMPLETE,
4CI1GSFD111798107,Lyce de MBOUGONG,OUEST,BAFOUNDA,VALID,duplicate_exact,COMPLETE,
4EC1GSBD101500100,CES Bilingue de BANKONDJI,OUEST,BANKONDJI,VALID,duplicate_exact,COMPLETE,
5EM1GSFD110122091,Lyce d'OKOLA,CENTRE,MVOG-NAMA,VALID,promoted,COMPLETE,
4EC1GSFD111246111,Lyce de BABOUTCHA-NINTCHEU,OUEST,BABOUTCHA NINTCHEU,VALID,duplicate_exact,COMPLETE,
4EC1GSFD111813109,Lyce de BABOUTCHEU-NGALEU,OUEST,OUI,CLEARLY_INVALID,duplicate_exact,COMPLETE,
6JJ1GSAD101189110,CES de MARUMBA II,SUD-OUEST,MARUMBA,VALID,promoted,COMPLETE,
6JI1GSAD111818082,C.C.A.S. de KUMBA,SUD-OUEST,3RD CLASS,VALID,promoted,COMPLETE,
4EE1GSFD102352113,CES de FOPOUANGA,OUEST,FOPOUANGA,VALID,duplicate_exact,COMPLETE,
4EE1GSBD111688113,Lyce Bilingue de BAKOU,OUEST,FONDJANTI,VALID,duplicate_exact,COMPLETE,
4EH1GSBD102145112,CES Bilingue de BADOUMBASSA,OUEST,Bandoumkassa,VALID,duplicate_exact,COMPLETE,
4EH1GSFD101797103,CES de BAKASSA,OUEST,BAKASA,VALID,duplicate_exact,COMPLETE,
4EH1GSFD101775109,CES de BATCHA,OUEST,BATCHA,VALID,duplicate_exact,COMPLETE,
4EH1GSFD111810095,Lyce de BANA,OUEST,Bana,VALID,duplicate_exact,COMPLETE,
4EI1GSBD100085102,CES Bilingue de BANDJA-RURAL,OUEST,BANDJA,VALID,duplicate_exact,COMPLETE,
4EI1GSFD101778110,CES de BASSEU,OUEST,BASSEU,VALID,duplicate_exact,COMPLETE,
4EI1GSFD100533098,CES de FONDANTI,OUEST,FONDANTI,VALID,duplicate_exact,COMPLETE,
4EI1GSBD110528114,Lyce Bilingue de BABOUANTOU,OUEST,BABOUANTOU,VALID,duplicate_exact,COMPLETE,
4EI1GSBD110484112,Lyce Bilingue de BANDJA,OUEST,BAMENCHI,VALID,duplicate_exact,COMPLETE,
4EI1GSFD111801108,Lyce de FONDJOMEKWET,OUEST,FONDJOMEKWET,VALID,duplicate_exact,COMPLETE,
4EI1GSFD111791106,Lyce de FOTOUNI,OUEST,FOTOUNI,VALID,duplicate_exact,COMPLETE,
4EJ1GSFD101995092,CES de BANFEKO,OUEST,BANFEKO,VALID,duplicate_exact,COMPLETE,
4EJ1GSFD110086076,Lyce Classique de BAFANG,OUEST,BANKA,VALID,duplicate_exact,COMPLETE,
4EJ1GSFD110354109,Lyce de BABOATE,OUEST,POUADEU,VALID,duplicate_exact,COMPLETE,
4EJ1GSFD110499113,Lyce de MANILA-BANKA,OUEST,TOUSSA,VALID,duplicate_exact,COMPLETE,
4EK1GSBD101806112,CES Bilingue de FOMESSA,OUEST,FOMESSA II,VALID,duplicate_exact,COMPLETE,
4EK1GSBD110329114,Lyce Bilingue de BANWA,OUEST,BANWA CENTRE,VALID,duplicate_exact,COMPLETE,
4EK1GSBD101949110,Lyce Bilingue de MOUMEE-MARCHE,OUEST,BAPOUNGUE,VALID,duplicate_exact,COMPLETE,
4EL1GSBD110395113,Lyce Bilingue de BAMENGUI,OUEST,BAMENGUI,VALID,duplicate_exact,COMPLETE,
4EL1GSBD110380110,Lyce Bilingue de FONKOUA-NKEM,OUEST,FONKOUANKEM,VALID,duplicate_exact,COMPLETE,
4EL1GSBD100320110,Lyce Bilingue de KEKEM,OUEST,Kekem,VALID,duplicate_exact,COMPLETE,
4EL1GSBD110218107,Lyce Bilingue de MBOEBO,OUEST,MBOEBO,VALID,duplicate_exact,COMPLETE,
4EL1GSFD112224090,Lyce de KEKEM,OUEST,CHEFFERIE SUPERIEURE DU 3EME DEGRE,POSSIBLE_REAL_LOCALITY,duplicate_exact,COMPLETE,
4HC1GSBD112221106,Lyce Bilingue de BAHAM,OUEST,BAHAM,VALID,duplicate_exact,COMPLETE,
4HC1GSBD110854115,Lyce Bilingue de CHENGNE,OUEST,CHENGNE,VALID,duplicate_exact,COMPLETE,
4HC1GSFD111837107,Lyce de MEDJO,OUEST,MEDJO,VALID,duplicate_exact,COMPLETE,
4HC1GSFD110530110,Lyce de POUMZE,OUEST,BAHAM,VALID,duplicate_exact,COMPLETE,
4HE1GSBD100099110,CES Bilingue de BATOUNTA,OUEST,BATOUNTA,VALID,duplicate_exact,COMPLETE,
4HE1GSFD102816115,CES de BAMESSING-LATSIT,OUEST,Bameka,VALID,duplicate_exact,COMPLETE,
4HE1GSFD111080107,Lyce Bilingue de BAMEKA,OUEST,SUPERIEURE BAMEKA,VALID,duplicate_exact,COMPLETE,
4HE1GSBD110092113,Lyce Bilingue de BAMENDJOU,OUEST,bamendjou,VALID,duplicate_exact,COMPLETE,
4HE1GSFD110794105,Lyce de BAHOUAN,OUEST,BAHOUAN,VALID,duplicate_exact,COMPLETE,
4HE1GSFD110509111,Lyce de BATCHOUM,OUEST,BAMENDJOU,VALID,duplicate_exact,COMPLETE,
4HE1GSFD110536112,Lyce de TCHIKANG,OUEST,BAKANG,VALID,duplicate_exact,COMPLETE,
4HH1GSFD100642108,CES de BALAMBO,OUEST,BANGOU,VALID,duplicate_exact,COMPLETE,
4HH1GSFD100812108,CES de TAMDJO,OUEST,BANGOU,VALID,duplicate_exact,COMPLETE,
4HH1GSBD110084113,Lyce Bilingue de BANGOU,OUEST,BANGOU,VALID,duplicate_exact,COMPLETE,
4HH1GSFD110525113,Lyce de BALOUMGOU,OUEST,oui,CLEARLY_INVALID,duplicate_exact,COMPLETE,
4HH1GSFD110370107,Lyce de BANDENKOP,OUEST,BANDENKOP,VALID,duplicate_exact,COMPLETE,
4HH1GSFD111857102,Lyce de BAPA,OUEST,BAPA,VALID,duplicate_exact,COMPLETE,
4HI1GSFD100504110,CES de BALIG,OUEST,BALIG,VALID,duplicate_exact,COMPLETE,
4HI1GSFD100786111,CES de BAMETCHETCHA,OUEST,BAMETCHETCHA,VALID,duplicate_exact,COMPLETE,
4HI1GSFD111971098,Lyce de BATIE,OUEST,BATIE,VALID,duplicate_exact,COMPLETE,
4IC1GSFD111774098,Lyce Bilingue de BAYANGAM,OUEST,BAYANGAM,VALID,duplicate_exact,COMPLETE,
4IC1GSFD110376109,Lyce de BATOUFAM,OUEST,BATOUFAM,VALID,duplicate_exact,COMPLETE,
4IC1GSFD110384111,Lyce de KASSAP,OUEST,BAYANGAM,VALID,duplicate_exact,COMPLETE,
4CI1GSBD103242120,CES Bilingue de BAMENDJO-BAMETEGOU,OUEST,,MISSING,promoted,COMPLETE,
4IE1GSFD111955099,Lyce de FAMTUM,OUEST,FAMTUM,VALID,duplicate_exact,COMPLETE,
4IH1GSBD110443112,Lyce Bilingue de FAMLENG,OUEST,BANDJOUN,VALID,duplicate_exact,COMPLETE,
4IH1GSBD112209100,Lyce Bilingue de YOM III,OUEST,YOM,VALID,duplicate_exact,COMPLETE,
4IH1GSFD111325091,Lyce de BANDJOUN,OUEST,BANDJOUN,VALID,duplicate_exact,COMPLETE,
4IH1GSFD112237109,Lyce de HA,OUEST,BANDJOUN,VALID,duplicate_exact,COMPLETE,
4IH1GSFD110088114,Lyce de MBO-YOM,OUEST,BANDJOUN,VALID,duplicate_exact,COMPLETE,
4IH1GSFD111785107,Lyce de TSELA,OUEST,BANDJOUN,VALID,duplicate_exact,COMPLETE,
4JC1GSFD102417112,CES de FOTETSA,OUEST,FOTETSA,VALID,duplicate_exact,COMPLETE,
4JC1GSBD111904103,Lyce Bilingue de DSCHANG,OUEST,TOUTSANG,VALID,duplicate_exact,COMPLETE,
4JC1GSBD110486115,Lyce Bilingue de FOSSONG-WENTCHENG,OUEST,FOSSONG WENTCHENG,VALID,duplicate_exact,COMPLETE,
4JC1GSBD110013114,Lyce Bilingue de TOULA-NDZONG,OUEST,FOTO,VALID,duplicate_exact,COMPLETE,
4JC1GSFD110846111,Lyce Bilingue de ZENMEH,OUEST,FOREKE-DSCHANG,VALID,duplicate_exact,COMPLETE,
4JC1GSFD111976074,Lyce Classique de DSCHANG,OUEST,FOTO,VALID,duplicate_exact,COMPLETE,
4JC1GSFD110851110,Lyce d'ATOCHI,OUEST,TOTCHI,VALID,duplicate_exact,COMPLETE,
4JC1GSFD112229111,Lyce de FONAKEUKEU,OUEST,FONAKEUKEU,VALID,duplicate_exact,COMPLETE,
4JC1GSFD110058105,Lyce de FONGO-NDENG,OUEST,FONGO-NDENG,VALID,duplicate_exact,COMPLETE,
4JC1GSFD111943105,Lyce de FOTO-LIVOUNLI,OUEST,OUI,CLEARLY_INVALID,duplicate_exact,COMPLETE,
4JC1GSFD110952111,Lyce de LINGANG-FOTO,OUEST,LESSE,VALID,duplicate_exact,COMPLETE,
4JC1GSFD111085113,Lyce de LITIEU,OUEST,LITIEU,VALID,duplicate_exact,COMPLETE,
4JC1GSFD111302111,Lyce de MAKONG I,OUEST,MAKONG 1,VALID,duplicate_exact,COMPLETE,
4JE1GSFD100883109,CES de FOMOPEA,OUEST,FOMOPEA,VALID,duplicate_exact,COMPLETE,
4JE1GSBD112073114,Lyce Bilingue de FOKOUE,OUEST,FOKOUE,VALID,duplicate_exact,COMPLETE,
4JE1GSFD110057111,Lyce de FONTSA-TOUALA,OUEST,FONTSA-TOUALA,VALID,duplicate_exact,COMPLETE,
4JH1GSBD102426110,CES Bilingue de FOSSONG-ELLELEM,OUEST,fongo tongo,VALID,duplicate_exact,COMPLETE,
4JH1GSBD100721110,CES Bilingue de NDENTO,OUEST,NDENTO,VALID,duplicate_exact,COMPLETE,
4JH1GSFD102058108,CES de LATCHOUET,OUEST,LATCHOUET,VALID,duplicate_exact,COMPLETE,
4JH1GSFD100056109,CES de MEGUEU,OUEST,MEGUEU,VALID,duplicate_exact,COMPLETE,
4JH1GSBD110705114,Lyce Bilingue d'APOUH,OUEST,APOUH,VALID,duplicate_exact,COMPLETE,
4JH1GSFD110068113,Lyce de DJEU,OUEST,DJEU,VALID,duplicate_exact,COMPLETE,
4JH1GSFD110680099,Lyce de FONGO-TONGO,OUEST,2 DEGRE,CLEARLY_INVALID,duplicate_exact,COMPLETE,
4JI1GSBD100506111,CES Bilingue de BAFOU,OUEST,BAFOU,VALID,duplicate_exact,COMPLETE,
4JI1GSFD102353113,CES de TCHOUTSI-NZINTCHUET,OUEST,TCHOUTSI,VALID,duplicate_exact,COMPLETE,
4JI1GSBD111161111,Lyce Bilingue de BALEVENG,OUEST,BALEVENG,VALID,duplicate_exact,COMPLETE,
4JI1GSBD111967108,Lyce Bilingue de BANZA,OUEST,banza,VALID,duplicate_exact,COMPLETE,
4JI1GSBD110621113,Lyce Bilingue de LATSUET-TSINMELIEU,OUEST,LEPOH,VALID,duplicate_exact,COMPLETE,
4JI1GSBD110639108,Lyce Bilingue de NDZIIH,OUEST,Djuttitsa,VALID,duplicate_exact,COMPLETE,
4JI1GSFD110079095,Lyce de BAFOU,OUEST,BASSESSA,VALID,duplicate_exact,COMPLETE,
4JI1GSFD110061106,Lyce de BAFOU-SUD,OUEST,BAFOU,VALID,duplicate_exact,COMPLETE,
4JI1GSFD110653114,Lyce de BATSING'LA,OUEST,BATSING'LA,VALID,duplicate_exact,COMPLETE,
4JJ1GSBD100942112,CES Bilingue de SUELAH,OUEST,BAMENDOU,VALID,duplicate_exact,COMPLETE,
4JJ1GSFD100928109,CES de BAMENDOU-BALEFOCK,OUEST,BALEFOCK,VALID,duplicate_exact,COMPLETE,
4JJ1GSFD100900107,CES de BAMETSAM,OUEST,Bansoa,VALID,duplicate_exact,COMPLETE,
4JJ1GSFD110916112,Lyce Bilingue de BAKASSA-BANSOA,OUEST,BAKASSA,VALID,duplicate_exact,COMPLETE,
4JJ1GSBD110060106,Lyce Bilingue de BALOUM,OUEST,BALOUM,VALID,duplicate_exact,COMPLETE,
4JJ1GSBD110907112,Lyce Bilingue de NGOUANG,OUEST,BAMENDOU,VALID,duplicate_exact,COMPLETE,
4JJ1GSBD111187109,Lyce Bilingue de PENKA-MICHEL,OUEST,LAC,VALID,duplicate_exact,COMPLETE,
4JJ1GSFD111927107,Lyce de BALESSING,OUEST,BALESSING,VALID,duplicate_exact,COMPLETE,
4JJ1GSFD111962108,Lyce de BAMBI-PENKA-MICHEL,OUEST,BALESSING,VALID,duplicate_exact,COMPLETE,
4JJ1GSFD110067105,Lyce de BAMENDOU,OUEST,BAMENDOU,VALID,duplicate_exact,COMPLETE,
4JJ1GSFD111922106,Lyce de BANSOA-MBRI,OUEST,CHEFFERIE SUPERIEURE BANSOA (2e DEGRE),POSSIBLE_REAL_LOCALITY,duplicate_exact,COMPLETE,
4JJ1GSFD110493109,Lyce de KOAGOH,OUEST,BAMENDOU,VALID,duplicate_exact,COMPLETE,
4JJ1GSFD110358110,Lyce de TOUOKENG,OUEST,ZINTO,VALID,duplicate_exact,COMPLETE,
4JK1GSFD101311111,CES de BALE,OUEST,BALE,VALID,duplicate_exact,COMPLETE,
4JK1GSFD101912110,CES de FONGUETAFOU,OUEST,FONGUE-TAFOU,VALID,duplicate_exact,COMPLETE,
4JK1GSBD110059115,Lyce Bilingue de FOMBAP,OUEST,FOMBAP,VALID,duplicate_exact,COMPLETE,
4JK1GSBD110469107,Lyce Bilingue de FONDONERA,OUEST,GUIANGO,VALID,duplicate_exact,COMPLETE,
4JK1GSBD110497111,Lyce Bilingue de NGWATTA,OUEST,NGWATTA,VALID,duplicate_exact,COMPLETE,
4JK1GSBD111908092,Lyce Bilingue de SANTCHOU,OUEST,MANZOKO,VALID,duplicate_exact,COMPLETE,
4KC1GSBD112469091,Lyce Bilingue de BAFOUSSAM,OUEST,BAFOUSSAM,VALID,duplicate_exact,COMPLETE,
4KC1GSBD110081115,Lyce Bilingue de BAFOUSSAM-NDIENGDAM,OUEST,BAFOUSSAM,VALID,duplicate_exact,COMPLETE,
4KC1GSFD112471069,Lyce Classique de BAFOUSSAM,OUEST,BAFOUSSAM,VALID,duplicate_exact,COMPLETE,
4KC1GSFD112392106,Lyce de BATOUKOP,OUEST,BAFOUSSAM,VALID,duplicate_exact,COMPLETE,
4KE1GSFD101322111,CES de SINTE-BALENG,OUEST,SINTE,VALID,duplicate_exact,COMPLETE,
4KE1GSBD112400100,Lyce Bilingue de BALENG,OUEST,BALENG,VALID,duplicate_exact,COMPLETE,
4KE1GSFD110495106,Lyce Bilingue de TOUGANG II,OUEST,BALENG,VALID,duplicate_exact,COMPLETE,
4KE1GSFD110096111,Lyce de BAPI,OUEST,BAPI,VALID,duplicate_exact,COMPLETE,
4KE1GSFD110490111,Lyce de FAMTCHOUET,OUEST,FAMTCHOUET III,VALID,duplicate_exact,COMPLETE,
4KE1GSFD110104115,Lyce de KOUNTI II-BALENG,OUEST,BALENG,VALID,duplicate_exact,COMPLETE,
4KH1GSBD111864110,Lyce Bilingue de BAFOUSSAM-RURAL,OUEST,BAMOUGOUM,VALID,duplicate_exact,COMPLETE,
4KH1GSBD110460108,Lyce Bilingue de GOUACHE,OUEST,BAMOUGOUM,VALID,duplicate_exact,COMPLETE,
4KH1GSBD112357113,Lyce Bilingue de TOKET II,OUEST,TOKET,VALID,duplicate_exact,COMPLETE,
4KH1GSFD112389110,Lyce de KOABANG III,OUEST,BAMOUGOUM,VALID,duplicate_exact,COMPLETE,
4KH1GSFD100471110,Lyce de WOUONG II,OUEST,BAMOUGOUM,VALID,duplicate_exact,COMPLETE,
1CR1GSBD111260113,Lyce Bilingue de NGONG,NORD,,MISSING,promoted,COMPLETE,
4LC1GSFD102345113,CES de BANEKOUANE,OUEST,BANGANGTE,VALID,duplicate_exact,COMPLETE,
4LC1GSFD100637108,CES de BANGOUA-SUD,OUEST,BANGOUA,VALID,duplicate_exact,COMPLETE,
4LC1GSFD101290109,CES de LOUH-TOUGWE-BAMENA,OUEST,BAMENA,VALID,duplicate_exact,COMPLETE,
4LC1GSBD110087106,Lyce Bilingue de BANGANGTE,OUEST,FEUBATH,VALID,duplicate_exact,COMPLETE,
4LC1GSBD102364112,Lyce Bilingue de BATELA,OUEST,BATELA,VALID,duplicate_exact,COMPLETE,
4LC1GSFD110121076,Lyce Classique de BANGANGTE,OUEST,BGTE,VALID,duplicate_exact,COMPLETE,
4LC1GSFD110399111,Lyce de BABOU,OUEST,BABOU,VALID,duplicate_exact,COMPLETE,
4LC1GSFD110750113,Lyce de BAHOUOC,OUEST,BAHOUOC,VALID,duplicate_exact,COMPLETE,
4LC1GSFD111843098,Lyce de BAMENA,OUEST,BAMENA,VALID,duplicate_exact,COMPLETE,
4LC1GSFD110463110,Lyce de BANGANG-FOKAM,OUEST,BANGANG FOKAM,VALID,duplicate_exact,COMPLETE,
4LC1GSFD111683099,Lyce de BANGOUA,OUEST,BANGOUA,VALID,duplicate_exact,COMPLETE,
4LC1GSFD111631110,Lyce de BANGOULAP,OUEST,BANGOULAP,VALID,duplicate_exact,COMPLETE,
4LC1GSFD111624112,Lyce de NKONG-NGAM,OUEST,NKONG-NGAM,VALID,duplicate_exact,COMPLETE,
4LE1GSBD111533106,Lyce Bilingue de BASSAMBA,OUEST,BAPOSSA,VALID,duplicate_exact,COMPLETE,
4LH1GSFD102380109,CES de BAZOU-RURAL,OUEST,BAZOU,VALID,duplicate_exact,COMPLETE,
4LH1GSBD111708114,Lyce Bilingue de BALENGOU,OUEST,BALENGOU,VALID,duplicate_exact,COMPLETE,
4LH1GSBD111178114,Lyce Bilingue de BAZOU,OUEST,BAZOU,VALID,duplicate_exact,COMPLETE,
4LH1GSFD111767115,Lyce de BALENGOU-KASSANG,OUEST,BALENGOU,VALID,duplicate_exact,COMPLETE,
4LI1GSBD102694114,CES Bilingue de TONGA-RURAL,OUEST,QUARTIER 6,VALID,duplicate_exact,COMPLETE,
4LI1GSBD111700115,Lyce Bilingue de BANDOUNGA,OUEST,BANDOUNGA,VALID,duplicate_exact,COMPLETE,
4LI1GSBD112104109,Lyce Bilingue de TONGA,OUEST,QT 17,VALID,duplicate_exact,COMPLETE,
4MC1GSBD101490111,CES Bilingue de KOUTOUPIT,OUEST,KOUTOUPIT,VALID,duplicate_exact,COMPLETE,
4MC1GSBD102354113,Lyce Bilingue de BANGAMBI,OUEST,BANGAMBI,VALID,duplicate_exact,COMPLETE,
4MC1GSBD111671106,Lyce Bilingue de BANGOURAIN,OUEST,bangourain,VALID,duplicate_exact,COMPLETE,
4MC1GSBD101498110,Lyce Bilingue de KOUHOUAT,OUEST,KOUHOUAT,VALID,duplicate_exact,COMPLETE,
4MC1GSBD101820112,Lyce Bilingue de KOUMENGBA,OUEST,KOUMENGBA,VALID,duplicate_exact,COMPLETE,
4MC1GSBD111494112,Lyce Bilingue de KOUROM,OUEST,KOUROM,VALID,duplicate_exact,COMPLETE,
4ME1GSFD101077112,CES de MAGBASSAH,OUEST,MAGBASSAH,VALID,duplicate_exact,COMPLETE,
4ME1GSFD102927115,CES de MAPOUOCHE,OUEST,kouenmeka,VALID,duplicate_exact,COMPLETE,
4ME1GSFD102373112,CES de NJICHOM,OUEST,OUI,CLEARLY_INVALID,duplicate_exact,COMPLETE,
4ME1GSFD101021111,CES de NJIKETNKIE,OUEST,NJIKETNKIE,VALID,duplicate_exact,COMPLETE,
4KC1GSBD103244120,CES Bilingue de NKOUEKOUON,OUEST,,MISSING,promoted,COMPLETE,
4ME1GSFD112132086,Lyce Classique de FOUMBAN,OUEST,NJINKA,VALID,duplicate_exact,COMPLETE,
4ME1GSFD112226114,Lyce de KOUNDOUM,OUEST,KOUNDOUM,VALID,duplicate_exact,COMPLETE,
4ME1GSFD111106113,Lyce de MAMBAIN,OUEST,MANCHIMBAIN,VALID,duplicate_exact,COMPLETE,
4ME1GSFD111042109,Lyce de NJIMBAM,OUEST,NJIMBAM II,VALID,duplicate_exact,COMPLETE,
4MH1GSFD101102108,CES de DJIONE,OUEST,TENJOUONOUN,VALID,duplicate_exact,COMPLETE,
4MH1GSFD102984117,CES de FOSSANG,OUEST,FOSSANG,VALID,duplicate_exact,COMPLETE,
4MH1GSBD111846095,Lyce Bilingue de FOUMBOT,OUEST,FOSSET,VALID,duplicate_exact,COMPLETE,
4MH1GSBD101116111,Lyce Bilingue de NJINCHA,OUEST,NJINCHA,VALID,duplicate_exact,COMPLETE,
4MH1GSFD111828108,Lyce de BAIGOM,OUEST,BAGOM,VALID,duplicate_exact,COMPLETE,
4MH1GSFD111988108,Lyce de KOUNDOUMBAIN,OUEST,Koundoumbain,VALID,duplicate_exact,COMPLETE,
4MI1GSFD102707114,CES de NGBETSOUEN I,OUEST,NGBETSOUEN,VALID,duplicate_exact,COMPLETE,
4MI1GSBD111096105,Lyce Bilingue de KOUOPTAMO,OUEST,MBANKOUOP,VALID,duplicate_exact,COMPLETE,
4MI1GSFD111807113,Lyce de NJINGOUMBE ET NJITAPON,OUEST,Chefferie Njingoumbe/Chefferie Njitapon,POSSIBLE_REAL_LOCALITY,duplicate_exact,COMPLETE,
4MI1GSFD111015118,Lyce de PANKE-NJINDOUN,OUEST,NJINDOUN,VALID,duplicate_exact,COMPLETE,
4MJ1GSBD101113111,CES Bilingue de DIDANGO,OUEST,DIDANGO 1,VALID,duplicate_exact,COMPLETE,
4MJ1GSBD111910105,Lyce Bilingue de KOUTABA,OUEST,KOUNDJA,VALID,duplicate_exact,COMPLETE,
4MJ1GSFD111889112,Lyce de KOUCHANKAP,OUEST,KOUCHAN KAP,VALID,duplicate_exact,COMPLETE,
4MJ1GSFD111895110,Lyce de KOUPA,OUEST,KOUPA  KAGNAM,VALID,duplicate_exact,COMPLETE,
4MJ1GSFD111985112,Lyce de KOUTABA-LEPROSERIE,OUEST,KOUTABA LEPROSERIE,VALID,duplicate_exact,COMPLETE,
4MK1GSBD100665108,CES Bilingue de NGOUNSO,OUEST,NGOUNSO,VALID,duplicate_exact,COMPLETE,
4MK1GSFD100747110,CES de MANDA,OUEST,MANDA,VALID,duplicate_exact,COMPLETE,
4MK1GSFD102355113,CES de MATTA-BARRAGE,OUEST,MATTA 3E DEGRE,NEEDS_REVIEW,duplicate_exact,COMPLETE,
4MK1GSFD100790110,CES de MBAKOP,OUEST,MBAKOP,VALID,duplicate_exact,COMPLETE,
4ME1GSBD112138097,Lyce Bilingue SULTAN IBRAHIM NJOYA,OUEST,,MISSING,promoted,COMPLETE,
4ML1GSBD102356113,CES Bilingue de MANTOUM-PRISON,OUEST,MANTOUM,VALID,duplicate_exact,COMPLETE,
4ML1GSFD100545112,CES de MANDAH,OUEST,MANDAH,VALID,duplicate_exact,COMPLETE,
4ML1GSFD102992117,CES de MANDINGA,OUEST,mandinga,VALID,duplicate_exact,COMPLETE,
4ML1GSFD100594110,CES de MANJE-KOUTOU,OUEST,MANJE-KOUTOU,VALID,duplicate_exact,COMPLETE,
4ML1GSFD100588112,CES de MAPOU-NJIPOUTE,OUEST,MAPOU-NJIPOUTE,VALID,duplicate_exact,COMPLETE,
4ML1GSFD102814115,CES de MARAPNDOUM,OUEST,MARAPNDOUM,VALID,duplicate_exact,COMPLETE,
4ML1GSBD112018110,Lyce Bilingue de MALANTOUEN,OUEST,MALANTOUEN,VALID,duplicate_exact,COMPLETE,
4ML1GSFD110582112,Lyce de MANGUIEMBOU,OUEST,MANGUIEMBOU,VALID,duplicate_exact,COMPLETE,
4MM1GSFD102303113,CES de MAMANDEN,OUEST,MALANDEN,VALID,duplicate_exact,COMPLETE,
4MM1GSFD101046109,CES de MANBOUONKOU,OUEST,MAMOGNAM,VALID,duplicate_exact,COMPLETE,
4MM1GSFD100517112,CES de MANSOUEN,OUEST,FOUYOUOM,VALID,duplicate_exact,COMPLETE,
4MM1GSFD100830111,CES de NJIMBETGWEN,OUEST,Massangam,VALID,duplicate_exact,COMPLETE,
4MM1GSBD112013109,Lyce Bilingue de MASSANGAM,OUEST,MASSANGAM,VALID,duplicate_exact,COMPLETE,
4MM1GSFD111850113,Lyce de MANCHOUTMBI,OUEST,Makpantoum,VALID,duplicate_exact,COMPLETE,
4MM1GSFD111677112,Lyce de MATOUFA,OUEST,MATOUFA,VALID,duplicate_exact,COMPLETE,
6JJ1GSAD100955110,CES de BAI-MANYA,SUD-OUEST,,MISSING,promoted,COMPLETE,
4MN1GSFD102815115,CES de FOYETT,OUEST,FOYETT,VALID,duplicate_exact,COMPLETE,
4MN1GSFD102715114,CES de MAKOUETVU,OUEST,MAKOUETVU,VALID,duplicate_exact,COMPLETE,
4MN1GSFD100754112,CES de MANKI,OUEST,MAYAP,VALID,duplicate_exact,COMPLETE,
4MN1GSFD111869109,Lyce de MAYAP,OUEST,Mayap,VALID,duplicate_exact,COMPLETE,
4MN1GSFD112405111,Lyce de NJIMOM,OUEST,NJIMOM,VALID,duplicate_exact,COMPLETE,
2CC1GSFD102414108,CES de DANFILI-MAMBAL,ADAMAOUA,DANFILI,VALID,duplicate_exact,COMPLETE,
2CC1GSFD102433111,CES de NGAOUNDAL-GARE,ADAMAOUA,GARE,VALID,duplicate_exact,COMPLETE,
2CC1GSFD100550113,CES de PANGAR,ADAMAOUA,PANGAR,VALID,duplicate_exact,COMPLETE,
2CC1GSBD112397112,Lyce Bilingue de NGAOUNDAL,ADAMAOUA,MBILO,VALID,duplicate_exact,COMPLETE,
2CC1GSFD112401092,Lyce de NGAOUNDAL,ADAMAOUA,LENA,VALID,duplicate_exact,COMPLETE,
2CE1GSFD102428111,CES de KOATA,ADAMAOUA,KOATA,VALID,duplicate_exact,COMPLETE,
2CE1GSFD100031111,CES de MEIDJAMBA,ADAMAOUA,Meidjamba,VALID,duplicate_exact,COMPLETE,
2CE1GSFD102856115,CES de YOKO-TIBATI,ADAMAOUA,quartier yoko,VALID,duplicate_exact,COMPLETE,
2CE1GSBD112294100,Lyce Bilingue de TIBATI,ADAMAOUA,TIBATI,VALID,duplicate_exact,COMPLETE,
2CE1GSFD112419115,Lyce de MBAKAOU,ADAMAOUA,MBAKAOU,VALID,duplicate_exact,COMPLETE,
2CE1GSFD110001114,Lyce de MENG,ADAMAOUA,MENG,VALID,duplicate_exact,COMPLETE,
2EE1GSFD100392110,CES de WOGOMDOU,ADAMAOUA,WOGOMDOU,VALID,duplicate_exact,COMPLETE,
2EE1GSFD111932102,Lyce Bilingue de GALIM-TIGNERE,ADAMAOUA,galim-tignre,VALID,duplicate_exact,COMPLETE,
2EH1GSFD100526104,CES de KONTCHA,ADAMAOUA,KONTCHA,VALID,duplicate_exact,COMPLETE,
2EI1GSFD100832108,CES d'ALME,ADAMAOUA,SABONGARI,VALID,duplicate_exact,COMPLETE,
2EI1GSFD101984112,CES de GADJIWAN,ADAMAOUA,GADJIWAN,VALID,duplicate_exact,COMPLETE,
2EI1GSFD110323106,Lyce Bilingue de MAYO-BALEO,ADAMAOUA,LASSOUMTI,VALID,duplicate_exact,COMPLETE,
2EJ1GSFD102863115,CES de GASSANGUEL,ADAMAOUA,GASSANGUEL,VALID,duplicate_exact,COMPLETE,
2EJ1GSFD102424109,CES de LIBONG-MARCHE,ADAMAOUA,Libong,VALID,duplicate_exact,COMPLETE,
2EJ1GSFD102437112,CES de SADECK,ADAMAOUA,SADECK,VALID,duplicate_exact,COMPLETE,
2EJ1GSBD112026107,Lyce Bilingue de TIGNERE,ADAMAOUA,Tignre,VALID,duplicate_exact,COMPLETE,
2EJ1GSFD112382112,Lyce de DOUALAYEL,ADAMAOUA,Doualayel,VALID,duplicate_exact,COMPLETE,
2HC1GSBD102852115,CES Bilingue de GUINKLO,ADAMAOUA,BANKIM,VALID,duplicate_exact,COMPLETE,
2HE1GSBD110503107,Lyce Bilingue de BANYO,ADAMAOUA,,MISSING,promoted,COMPLETE,
2HC1GSBD100219113,CES Bilingue de NGOULORI,ADAMAOUA,NGOULORI,VALID,duplicate_exact,COMPLETE,
2HC1GSBD112416115,Lyce Bilingue de BANDAM,ADAMAOUA,BANDAM,VALID,duplicate_exact,COMPLETE,
2HC1GSBD112407107,Lyce Bilingue de BANKIM,ADAMAOUA,BANKIM,VALID,duplicate_exact,COMPLETE,
2HC1GSBD100659112,Lyce Bilingue de LINGAM,ADAMAOUA,LINGAM,VALID,duplicate_exact,COMPLETE,
2HC1GSBD110625114,Lyce Bilingue de SOMIE,ADAMAOUA,SOMIE,VALID,duplicate_exact,COMPLETE,
2HC1GSFD112403112,Lyce de NYAMBOYA,ADAMAOUA,NYAMBOYA,VALID,duplicate_exact,COMPLETE,
5EN1GSFD100736108,CES de POLO,CENTRE,POLO,VALID,promoted,COMPLETE,
2HE1GSFD102708114,CES de SABONGARI-BANYO,ADAMAOUA,KASSALA YANE,VALID,duplicate_exact,COMPLETE,
2HE1GSFD100508108,CES de SAMBOLABO,ADAMAOUA,SAMBOLABO,VALID,duplicate_exact,COMPLETE,
2HE1GSBD110609115,Lyce Bilingue d'ALLAT,ADAMAOUA,ALLAT,VALID,duplicate_exact,COMPLETE,
6JJ1GSBD110022111,Lyce Bilingue de MBONGE,SUD-OUEST,MBONGE,VALID,promoted,COMPLETE,
2HE1GSFD112385083,Lyce de BANYO,ADAMAOUA,BANYO,VALID,duplicate_exact,COMPLETE,
2HH1GSBD110044114,Lyce Bilingue de MAYO-DARLE,ADAMAOUA,MAYO-DARLE,VALID,duplicate_exact,COMPLETE,
2IC1GSFD101054112,CES de BAGODO,ADAMAOUA,2me Dgr de BAGODO,VALID,duplicate_exact,COMPLETE,
2IC1GSFD101061111,CES de KALADI,ADAMAOUA,KALALDI,VALID,duplicate_exact,COMPLETE,
2IC1GSFD111658105,Lyce de DIR,ADAMAOUA,1er dgr de Dir,VALID,duplicate_exact,COMPLETE,
2IE1GSFD101263111,CES de YAMBA,ADAMAOUA,3me DEGRE YAMBA,NEEDS_REVIEW,duplicate_exact,COMPLETE,
2IE1GSFD100842113,CES de YARMBANG,ADAMAOUA,3EME,VALID,duplicate_exact,COMPLETE,
2IE1GSFD111184101,Lyce Bilingue de DJOHONG,ADAMAOUA,2me dgr Djoohong,VALID,duplicate_exact,COMPLETE,
2IH1GSFD100239113,CES de BEKA,ADAMAOUA,BEKA GUIWANG,VALID,duplicate_exact,COMPLETE,
2IH1GSFD102855115,CES de FADA,ADAMAOUA,FADA,VALID,duplicate_exact,COMPLETE,
2IH1GSFD102190110,CES de GARGA-LIMBONA,ADAMAOUA,3 dgr de Garga Limbona,VALID,duplicate_exact,COMPLETE,
2IH1GSFD102854115,CES de MBARANG,ADAMAOUA,MBARANG,VALID,duplicate_exact,COMPLETE,
2IH1GSFD102912114,CES de MIKILA,ADAMAOUA,3me Degr de MIKILA,VALID,duplicate_exact,COMPLETE,
2IH1GSBD111861107,Lyce Bilingue de MEIGANGA,ADAMAOUA,ZANDABA 1,VALID,duplicate_exact,COMPLETE,
2IH1GSFD112450088,Lyce Classique et Moderne de MEIGANGA,ADAMAOUA,NGASSIRI,VALID,duplicate_exact,COMPLETE,
2IH1GSFD111152111,Lyce de BATOUA-GODOLE,ADAMAOUA,3me Dgr BATOUA-GODOLE,VALID,duplicate_exact,COMPLETE,
2IH1GSFD110796115,Lyce de GUNBELA,ADAMAOUA,3me Dgr de GUNBELA,VALID,duplicate_exact,COMPLETE,
2IH1GSFD110030109,Lyce de LOKOTI,ADAMAOUA,2me Degr de Lokoti,VALID,duplicate_exact,COMPLETE,
2IH1GSFD110515115,Lyce de MEIDOUGOU,ADAMAOUA,3me Degre de MEIDOUGOU,NEEDS_REVIEW,duplicate_exact,COMPLETE,
2II1GSFD110040112,Lyce de NGAOUI,ADAMAOUA,2me Degr de Ngaoui,VALID,duplicate_exact,COMPLETE,
1HC1GSFD102678114,CES de DJABE-BIOU,NORD,,MISSING,promoted,COMPLETE,
2JC1GSFD111884099,Lyce Bilingue de BELEL,ADAMAOUA,3,CLEARLY_INVALID,duplicate_exact,COMPLETE,
2JC1GSFD110318109,Lyce de BEKA-MODIBO,ADAMAOUA,BEKA       MODIBO,VALID,duplicate_exact,COMPLETE,
2JC1GSFD110780113,Lyce de TELLO,ADAMAOUA,TELLO,VALID,duplicate_exact,COMPLETE,
2JC1GSFD110634113,Lyce de TOURNINGAL,ADAMAOUA,TOURNINGAL,VALID,duplicate_exact,COMPLETE,
2JE1GSFD102679114,CES d'HANGLOA,ADAMAOUA,3,CLEARLY_INVALID,duplicate_exact,COMPLETE,
2JE1GSFD100774113,CES de LIKOK,ADAMAOUA,LIKOK,VALID,duplicate_exact,COMPLETE,
2JE1GSFD111147111,Lyce de MARTAP,ADAMAOUA,MARTAP,VALID,duplicate_exact,COMPLETE,
2JH1GSFD100095100,CES de SASSA-MBERSI,ADAMAOUA,SASSA MBERSI,VALID,duplicate_exact,COMPLETE,
2JH1GSFD102121110,CES de TAGBOUM,ADAMAOUA,TAGBOUM,VALID,duplicate_exact,COMPLETE,
2JH1GSBD111827113,Lyce Bilingue de MBE,ADAMAOUA,LAMIDAT DE MBE,VALID,duplicate_exact,COMPLETE,
2JH1GSFD111237115,Lyce de NGAOUYANGA,ADAMAOUA,NGAOUYANGA,VALID,duplicate_exact,COMPLETE,
2JH1GSFD111140113,Lyce de WACK,ADAMAOUA,2 DEGRE WACK,NEEDS_REVIEW,duplicate_exact,COMPLETE,
2JI1GSFD100700112,CES de MBANG-MBOUM,ADAMAOUA,MBANG-MBOUM,VALID,duplicate_exact,COMPLETE,
2JI1GSFD100611113,CES de NYASSAR,ADAMAOUA,NYASSAR,VALID,duplicate_exact,COMPLETE,
2JI1GSFD110089108,Lyce Bilingue de GANGASSAOU,ADAMAOUA,GANGASSAOU,VALID,duplicate_exact,COMPLETE,
2JI1GSFD110018111,Lyce de BEREM,ADAMAOUA,BEREM,VALID,duplicate_exact,COMPLETE,
2JI1GSFD110422108,Lyce de NGAN-HA,ADAMAOUA,NGAN-HA,VALID,duplicate_exact,COMPLETE,
2JK1GSBD102853115,CES Bilingue de MARZA,ADAMAOUA,MARZA,VALID,duplicate_exact,COMPLETE,
2JJ1GSFD101476112,CES de BAMYANGA-HAMADJANGUI,ADAMAOUA,HAMADJANGUI,VALID,duplicate_exact,COMPLETE,
2JJ1GSBD111474110,Lyce Bilingue de BAMYANGA,ADAMAOUA,BAMYANGA,VALID,duplicate_exact,COMPLETE,
2JJ1GSFD110098111,Lyce de BEKA-HOSSERE,ADAMAOUA,BEKA HOSSERE,VALID,duplicate_exact,COMPLETE,
2JJ1GSFD111065112,Lyce de BURKINA,ADAMAOUA,BURKINA,VALID,duplicate_exact,COMPLETE,
2JK1GSBD112472091,Lyce Bilingue de NGAOUNDERE,ADAMAOUA,NGAOUNDERE,VALID,duplicate_exact,COMPLETE,
2JK1GSFD111274114,Lyce de GADA-MABANGA,ADAMAOUA,Gada-Mabanga,VALID,duplicate_exact,COMPLETE,
2JK1GSFD112133099,Lyce de NGAOUNDERE-MARDOCK,ADAMAOUA,MARDOCK,VALID,duplicate_exact,COMPLETE,
2JK1GSFD110599110,Lyce de SABONGARI (Ngaoundere II),ADAMAOUA,SABONGARI II,VALID,duplicate_exact,COMPLETE,
2JL1GSFD100839113,CES de BEKA-NGAOUMOKON,ADAMAOUA,BEKA NGAOUMOKONE,VALID,duplicate_exact,COMPLETE,
2JL1GSFD103159118,CES de TCHABAL,ADAMAOUA,TCHABAL MOUNGUEL,VALID,duplicate_exact,COMPLETE,
2JL1GSBD111486106,Lyce Bilingue de MALANG,ADAMAOUA,Malang,VALID,duplicate_exact,COMPLETE,
2JL1GSFD111268113,Lyce de MANWI,ADAMAOUA,Manwi,VALID,duplicate_exact,COMPLETE,
2JM1GSFD110731111,Lyce Bilingue de NYAMBAKA,ADAMAOUA,NYAMBAKA,VALID,duplicate_exact,COMPLETE,
2JM1GSFD110336113,Lyce de DIBI,ADAMAOUA,DIBI,VALID,duplicate_exact,COMPLETE,
2JM1GSFD110718115,Lyce de WASSANDE,ADAMAOUA,WASSANDE,VALID,duplicate_exact,COMPLETE,
1CC1GSFD102922114,CES de KERZING,NORD,BASCHEO,VALID,duplicate_exact,COMPLETE,
1CC1GSFD110565109,Lyce de BASCHEO,NORD,BASCHEO,VALID,duplicate_exact,COMPLETE,
1CE1GSFD102329113,CES de BIKALE,NORD,BIKALE CENTRE,VALID,duplicate_exact,COMPLETE,
1CE1GSFD102985117,CES de BOELI,NORD,BOELI,VALID,duplicate_exact,COMPLETE,
1CE1GSFD100573111,CES de MANDJAOLA,NORD,BIBEMI,VALID,duplicate_exact,COMPLETE,
1CE1GSFD102729114,CES de NDIAM-BADI,NORD,NDIAM-BADI,VALID,duplicate_exact,COMPLETE,
1CE1GSBD102459110,Lyce Bilingue de BIBEMI,NORD,BIBEMI,VALID,duplicate_exact,COMPLETE,
1CE1GSFD110953111,Lyce Bilingue de BOULA-IBIB,NORD,OURO MBAI,VALID,duplicate_exact,COMPLETE,
1CE1GSFD110576113,Lyce d'ADOUMRI,NORD,ADOUMRI,VALID,duplicate_exact,COMPLETE,
1CE1GSFD111188112,Lyce d'HOULA,NORD,3,CLEARLY_INVALID,duplicate_exact,COMPLETE,
1CE1GSFD111945100,Lyce de BIBEMI,NORD,GUEDA-BIBEMI,VALID,duplicate_exact,COMPLETE,
1CE1GSFD110896110,Lyce de DJALOUMI,NORD,DJALOUMI,VALID,duplicate_exact,COMPLETE,
1CE1GSFD110581113,Lyce de MAYO-LOPE,NORD,3e degr MAYO-LOPE,VALID,duplicate_exact,COMPLETE,
1CE1GSFD110914110,Lyce de PADARME,NORD,OUI,CLEARLY_INVALID,duplicate_exact,COMPLETE,
1CH1GSFD100853112,CES de BAONIA-DJALLOU,NORD,Baonia-Djallou,VALID,duplicate_exact,COMPLETE,
1CH1GSFD111939113,Lyce de DEMBO,NORD,SARKI YAYI,VALID,duplicate_exact,COMPLETE,
1CI1GSFD100902112,CES de BAMANGA,NORD,BAMANGA,VALID,duplicate_exact,COMPLETE,
1CI1GSFD102684114,CES de MAYAMI,NORD,MAYAMI,VALID,duplicate_exact,COMPLETE,
1CI1GSFD111877102,Lyce de DEMSA-A-GASCHIGA,NORD,GASCHIGA-BOGARE,VALID,duplicate_exact,COMPLETE,
1CJ1GSFD102463113,CES de DJOUMASSI,NORD,DJOUMASSI,VALID,duplicate_exact,COMPLETE,
1CJ1GSFD102374112,CES de SABONGARI-GAROUA,NORD,LOWEL,VALID,duplicate_exact,COMPLETE,
1CJ1GSBD110891115,Lyce Bilingue de KOLLERE-GAROUA,NORD,3  DEGRE KOLLERE,NEEDS_REVIEW,duplicate_exact,COMPLETE,
1CJ1GSBD100941115,Lyce Bilingue de WOURO-LABBO,NORD,WOURO-LABBO,VALID,duplicate_exact,COMPLETE,
1CJ1GSFD112095106,Lyce d'OURO-HOURSO-GAROUA,NORD,WOURO-HOURSO,VALID,duplicate_exact,COMPLETE,
6JJ1GSAD100915110,CES de BOA-BAKUNDU,SUD-OUEST,MBONGE,VALID,promoted,COMPLETE,
1CK1GSBD110910109,Lyce Bilingue de GAROUA,NORD,MAROUARE,VALID,duplicate_exact,COMPLETE,
1CK1GSBD111898112,Lyce Bilingue de NGALBIDJE,NORD,MBOUM AVIATION,VALID,duplicate_exact,COMPLETE,
1CK1GSFD112341074,Lyce Classique et Moderne de GAROUA,NORD,BIBEMIRE,VALID,duplicate_exact,COMPLETE,
1CK1GSFD111819106,Lyce de GAROUA-NASSARAO,NORD,NASSARAO,VALID,duplicate_exact,COMPLETE,
1CL1GSFD100616111,CES de DENGUI,NORD,DENGUI,VALID,duplicate_exact,COMPLETE,
1CL1GSFD100610111,CES de KISMATARI,NORD,KISMATARI,VALID,duplicate_exact,COMPLETE,
2HH1GSBD103233120,CES Bilingue de RIBAO,ADAMAOUA,,MISSING,promoted,COMPLETE,
1CL1GSBD110603115,Lyce Bilingue de BOCKLE,NORD,Bockle,VALID,duplicate_exact,COMPLETE,
1CL1GSFD110619112,Lyce de DJALINGO,NORD,DJALINGO,VALID,duplicate_exact,COMPLETE,
1CL1GSFD111465106,Lyce de SANGUERE PAUL,NORD,LAWANAT,VALID,duplicate_exact,COMPLETE,
1CM1GSFD102923114,CES de KATE,NORD,KATE,VALID,duplicate_exact,COMPLETE,
1CM1GSFD101885112,CES de MAYO-BOCKI-GOUNA,NORD,GOUNA,VALID,duplicate_exact,COMPLETE,
1CM1GSFD102702114,CES de WOURO-KESSOUM,NORD,OURO-KESSOUM,VALID,duplicate_exact,COMPLETE,
1CM1GSBD111255112,Lyce Bilingue de LAGDO,NORD,GAROUA,VALID,duplicate_exact,COMPLETE,
1CM1GSFD110224113,Lyce de BAME,NORD,BAME,VALID,duplicate_exact,COMPLETE,
1CM1GSFD111281112,Lyce de GOUNA,NORD,SAARI,VALID,duplicate_exact,COMPLETE,
6JJ1GSAD110423106,Lyce de KOMBONE-MBONGE,SUD-OUEST,,MISSING,promoted,COMPLETE,
1CM1GSFD111223110,Lyce de RABINGHA,NORD,RABINGHA,VALID,duplicate_exact,COMPLETE,
1CN1GSFD102733114,CES d'OURO-ARDO-REY,NORD,OURO ARDO-REY,VALID,duplicate_exact,COMPLETE,
1CQ1GSFD101245111,CES de BADJOUMA-RADIER,NORD,BE,VALID,duplicate_exact,COMPLETE,
1CQ1GSFD102718114,CES de BE,NORD,BE,VALID,duplicate_exact,COMPLETE,
1CQ1GSFD102710114,CES de DOLLA,NORD,dolla,VALID,duplicate_exact,COMPLETE,
1CQ1GSFD102829115,CES de PENE,NORD,PENE,VALID,duplicate_exact,COMPLETE,
1CQ1GSFD102328113,CES de SONAYO,NORD,3,CLEARLY_INVALID,duplicate_exact,COMPLETE,
1CQ1GSBD101277110,Lyce Bilingue de PITOA,NORD,BALANE,VALID,duplicate_exact,COMPLETE,
1CQ1GSFD111834113,Lyce de BADJENGO,NORD,BE,VALID,duplicate_exact,COMPLETE,
1CQ1GSFD111251113,Lyce de BADJOUMA,NORD,LAWANAT,VALID,duplicate_exact,COMPLETE,
1CQ1GSFD111993098,Lyce de PITOA,NORD,WINDE LIROMA,VALID,duplicate_exact,COMPLETE,
1CR1GSFD101271112,CES de LANGUI,NORD,3e degre,CLEARLY_INVALID,duplicate_exact,COMPLETE,
0CK1GSBD111236092,Lyce Bilingue de MAROUA,EXTREME-NORD,,MISSING,promoted,COMPLETE,
1CR1GSFD111241113,Lyce de NDJOLA,NORD,3e DEGRE,CLEARLY_INVALID,duplicate_exact,COMPLETE,
1CR1GSFD112393103,Lyce de NGONG,NORD,TCHEBOA,VALID,duplicate_exact,COMPLETE,
1CT1GSFD101179111,CES de KOZA II,NORD,KOZA II,VALID,duplicate_exact,COMPLETE,
1CT1GSFD102725114,CES de MBAGA,NORD,MBAGA,VALID,duplicate_exact,COMPLETE,
1EC1GSBD101066109,CES Bilingue de BALKOSSA,NORD,TCHAMBA,VALID,duplicate_exact,COMPLETE,
1EC1GSFD100686110,CES de YELI,NORD,TCHAMBA,VALID,duplicate_exact,COMPLETE,
1EC1GSFD111154105,Lyce de BEKA,NORD,BEKA,VALID,duplicate_exact,COMPLETE,
5HC1GSFD100893109,CES de DONENKENG,CENTRE,WALO,VALID,promoted,COMPLETE,
6KL1GSAD100130107,CES de BULU-CAMP,SUD-OUEST,,MISSING,promoted,COMPLETE,
1EE1GSFD102737114,CES de PINTCHOUMBA,NORD,PINTCHOUMBA,VALID,duplicate_exact,COMPLETE,
1EE1GSFD100924107,CES de VOKO,NORD,VOKO,VALID,duplicate_exact,COMPLETE,
1EE1GSFD100866108,CES de WATE,NORD,DJOUMTE,VALID,duplicate_exact,COMPLETE,
1EE1GSBD100782112,Lyce Bilingue de POLI,NORD,MANGO,VALID,duplicate_exact,COMPLETE,
1EE1GSFD111872112,Lyce de BOUMBA,NORD,BOUMBA,VALID,duplicate_exact,COMPLETE,
1EE1GSFD110772114,Lyce de FIGNOLE,NORD,GODE-GARE,VALID,duplicate_exact,COMPLETE,
1EE1GSFD110857090,Lyce de POLI,NORD,BACDONKO,VALID,duplicate_exact,COMPLETE,
1HC1GSFD102828115,CES de BADADJI,NORD,BADADJI,VALID,duplicate_exact,COMPLETE,
5HC1GSFD100920104,CES de MERENG,CENTRE,Goufan 1,VALID,promoted,COMPLETE,
5EL1GSFD102849115,CES de NKOLMELEN,CENTRE,,MISSING,ready,COMPLETE,
1HC1GSBD111071115,Lyce Bilingue de FIGUIL,NORD,ROMPO,VALID,duplicate_exact,COMPLETE,
1HC1GSFD111983104,Lyce Bilingue de LAM,NORD,LAM,VALID,duplicate_exact,COMPLETE,
1HC1GSFD110929113,Lyce de BIOU,NORD,BIOU,VALID,duplicate_exact,COMPLETE,
1HC1GSFD112099111,Lyce de FIGUIL,NORD,FIGUIL,VALID,duplicate_exact,COMPLETE,
1CN1GSFD111233109,Lyce de BARNDAKE,NORD,,MISSING,promoted,COMPLETE,
1HE1GSFD102327113,CES de BOUBA-DJARA,NORD,GUIDER,VALID,duplicate_exact,COMPLETE,
1HE1GSFD102745114,CES de BOURWOY,NORD,MOUSGOY,VALID,duplicate_exact,COMPLETE,
1HE1GSFD102742114,CES de CASIER-GUIDER,NORD,GUIDER,VALID,duplicate_exact,COMPLETE,
1HE1GSFD102827115,CES de LARBAK,NORD,LARBAK,VALID,duplicate_exact,COMPLETE,
1HE1GSFD101301112,CES de LIBE,NORD,LIBE,VALID,duplicate_exact,COMPLETE,
1HE1GSFD102739114,CES de LOUGGERE-GUIDER,NORD,LOUGGUERE,VALID,duplicate_exact,COMPLETE,
1HE1GSBD111309109,Lyce Bilingue de GUIDER,NORD,GUIDER,VALID,duplicate_exact,COMPLETE,
1HE1GSFD110862115,Lyce de DJAMBOUTOU-GUIDER,NORD,DJAMBOUTOU,VALID,duplicate_exact,COMPLETE,
1HE1GSFD110669112,Lyce de DOUROUM (Guider),NORD,DOUROUM,VALID,duplicate_exact,COMPLETE,
1HE1GSFD111190076,Lyce de GUIDER,NORD,BEBERE,VALID,duplicate_exact,COMPLETE,
1HE1GSFD111934114,Lyce de KAKALA,NORD,KAKALA,VALID,duplicate_exact,COMPLETE,
1HE1GSFD110744111,Lyce de MOUSGOY,NORD,MOUSGOY,VALID,duplicate_exact,COMPLETE,
1HE1GSFD110751108,Lyce de TCHONTCHI-GOLOMBE,NORD,GOLOMBE,VALID,duplicate_exact,COMPLETE,
1HH1GSFD102986117,CES de GUIRVIZA,NORD,GUIRVIZA,VALID,duplicate_exact,COMPLETE,
1HH1GSFD101905110,CES de MOUROUM,NORD,MOUROUM,VALID,duplicate_exact,COMPLETE,
1HH1GSFD100816112,CES de POLOGOZOM,NORD,pologozom,VALID,duplicate_exact,COMPLETE,
1HH1GSBD111084112,Lyce Bilingue de DOUMO,NORD,DOUMO,VALID,duplicate_exact,COMPLETE,
1HH1GSBD111893114,Lyce Bilingue de MAYO-OULO,NORD,MAYO OULO,VALID,duplicate_exact,COMPLETE,
1HH1GSFD112297112,Lyce de DOURBEYE,NORD,DOURBEYE,VALID,duplicate_exact,COMPLETE,
1CI1GSFD102692114,CES de DJEMADJOU,NORD,DJEMADJOU,VALID,duplicate_exact,COMPLETE,
1IC1GSFD102336113,CES de SOROMBEO,NORD,SOROMBEO,VALID,duplicate_exact,COMPLETE,
5HC1GSBD111839105,Lyce Bilingue de BAFIA,CENTRE,RIMIS,VALID,promoted,COMPLETE,
5LH1GSFD111715052,Lyce GENERAL LECLERC,CENTRE,,MISSING,duplicate_review,COMPLETE,duplicate_review
1IE1GSBD102825115,CES Bilingue de REY-BOUBA,NORD,REY BOUBA,VALID,duplicate_exact,COMPLETE,
1IE1GSFD100719112,CES de KOINDERI,NORD,KOINDERI,VALID,duplicate_exact,COMPLETE,
1IE1GSFD102335113,CES de MARADI,NORD,MARADI,VALID,duplicate_exact,COMPLETE,
0IJ1GSFD110174111,Lyce de TITING,EXTREME-NORD,,MISSING,promoted,COMPLETE,
1IE1GSFD110710114,Lyce de DOBINGA,NORD,DOBINGA,VALID,duplicate_exact,COMPLETE,
1IE1GSFD110692092,Lyce de REY-BOUBA,NORD,REY BOUBA,VALID,duplicate_exact,COMPLETE,
1IH1GSFD102706114,CES de BOURI,NORD,Mayo Salah,VALID,duplicate_exact,COMPLETE,
1IH1GSFD101156112,CES de LABOUN,NORD,LABOUN,VALID,duplicate_exact,COMPLETE,
1IH1GSFD102339113,CES de YOUKOUT,NORD,youkout,VALID,duplicate_exact,COMPLETE,
1IH1GSBD100598114,Lyce Bilingue de SAKDJE,NORD,SAKDJE,VALID,duplicate_exact,COMPLETE,
1IH1GSBD111576111,Lyce Bilingue de TCHOLLIRE,NORD,REY-BOUBA,VALID,duplicate_exact,COMPLETE,
1IH1GSFD111654109,Lyce de GAMBA,NORD,GAMBA,VALID,duplicate_exact,COMPLETE,
1IH1GSFD111135114,Lyce de GOP-REY,NORD,REY-BOUBA,VALID,duplicate_exact,COMPLETE,
1II1GSFD102826116,CES de DOMPLA,NORD,DOMPLA,VALID,duplicate_exact,COMPLETE,
1II1GSFD102713114,CES de MBAKA,NORD,3e DEGRE,CLEARLY_INVALID,duplicate_exact,COMPLETE,
1II1GSFD100972112,CES de MBAKANA,NORD,MBAKANA,VALID,duplicate_exact,COMPLETE,
1II1GSFD101534112,CES de MBANG-REY,NORD,MBANG REY,VALID,duplicate_exact,COMPLETE,
1II1GSFD102338113,CES de NGOUMI,NORD,NGOUMI,VALID,duplicate_exact,COMPLETE,
1II1GSFD101538112,CES de SIRI N7,NORD,SIRI N7,VALID,duplicate_exact,COMPLETE,
1II1GSBD102337113,Lyce Bilingue de TOUBORO,NORD,TOUBORO,VALID,duplicate_exact,COMPLETE,
1II1GSFD110982112,Lyce de MBAI-MBOUM,NORD,MBAI-MBOUM,VALID,duplicate_exact,COMPLETE,
1II1GSFD112071098,Lyce de TOUBORO,NORD,REY-BOUBA,VALID,duplicate_exact,COMPLETE,
1II1GSFD111849113,Lyce de VOGZOM,NORD,VOGZOM,VALID,duplicate_exact,COMPLETE,
1II1GSFD111055111,Lyce de YANLI,NORD,REY BOUBA,VALID,duplicate_exact,COMPLETE,
0CC1GSFD100366111,CES de BALDA,EXTREME-NORD,BALDA,VALID,duplicate_exact,COMPLETE,
0CC1GSFD100554112,CES de GUINLAYE,EXTREME-NORD,GUINLAYE,VALID,duplicate_exact,COMPLETE,
0CC1GSFD102861115,CES de MADAKA,EXTREME-NORD,MADAKA,VALID,duplicate_exact,COMPLETE,
0CC1GSFD100779111,CES de SEDEK,EXTREME-NORD,SEDEK,VALID,duplicate_exact,COMPLETE,
0CC1GSFD110078092,Lyce Bilingue de BOGO,EXTREME-NORD,BOGO,VALID,duplicate_exact,COMPLETE,
0CE1GSFD102700114,CES d'OURO-ZANGUI,EXTREME-NORD,OURO ZANGUI,VALID,duplicate_exact,COMPLETE,
0CE1GSFD100544111,CES de KAHEO,EXTREME-NORD,KAHEO,VALID,duplicate_exact,COMPLETE,
0CE1GSFD100547111,CES de YOLDEO,EXTREME-NORD,YOLDEO,VALID,duplicate_exact,COMPLETE,
0CE1GSFD110595110,Lyce de DARGALA,EXTREME-NORD,2 DEDRE LAMIDAT DE DARGALA,VALID,duplicate_exact,COMPLETE,
0CH1GSFD110567115,Lyce de MASSAKAL,EXTREME-NORD,MASSAKAL,VALID,duplicate_exact,COMPLETE,
0CI1GSFD102215113,CES d'HARDE-MAROUA,EXTREME-NORD,HARDE,VALID,duplicate_exact,COMPLETE,
0CI1GSFD102045112,CES de NGASSA,EXTREME-NORD,CHEFFERIE  DOURSOUNGO,POSSIBLE_REAL_LOCALITY,duplicate_exact,COMPLETE,
0CI1GSFD102220113,CES de PALAR,EXTREME-NORD,PALAR,VALID,duplicate_exact,COMPLETE,
0CI1GSFD112009092,Lyce Bilingue de MAROUA-DOMAYO,EXTREME-NORD,DOMAYO,VALID,duplicate_exact,COMPLETE,
0CI1GSFD111941114,Lyce d'OURO-TCHEDE,EXTREME-NORD,ZOKOK-LADDEO,VALID,duplicate_exact,COMPLETE,
0CI1GSFD111303114,Lyce de KATOUAL,EXTREME-NORD,KATOUAL 2e degre,NEEDS_REVIEW,duplicate_exact,COMPLETE,
0CI1GSFD110534115,Lyce de MAKABAYE,EXTREME-NORD,3me DEGRE DE MAKABAYE,NEEDS_REVIEW,duplicate_exact,COMPLETE,
0CI1GSFD111902103,Lyce de MAROUA-SALAK,EXTREME-NORD,SALAK,VALID,duplicate_exact,COMPLETE,
0CI1GSFD112039107,Lyce de MESKINE,EXTREME-NORD,1r DEGRE DE MESKINE,NEEDS_REVIEW,duplicate_exact,COMPLETE,
0CJ1GSFD111506112,Lyce de DOGBA,EXTREME-NORD,DOGBA,VALID,duplicate_exact,COMPLETE,
0CJ1GSFD111240114,Lyce de GAYAK,EXTREME-NORD,CANTON DE GAYAK,VALID,duplicate_exact,COMPLETE,
0CJ1GSFD111231110,Lyce de KAKATARE-MAROUA,EXTREME-NORD,MAROUA,VALID,duplicate_exact,COMPLETE,
0CK1GSFD102689114,CES de GUINADJI,EXTREME-NORD,GUINADJI,VALID,duplicate_exact,COMPLETE,
0CK1GSFD102216113,CES de KODEK,EXTREME-NORD,KODEK,VALID,duplicate_exact,COMPLETE,
0CK1GSFD112456078,Lyce Classique et Moderne de MAROUA,EXTREME-NORD,DOUGOI,VALID,duplicate_exact,COMPLETE,
0CK1GSFD111222112,Lyce de BALAZA-ALCALI,EXTREME-NORD,BALAZA ALCALI,VALID,duplicate_exact,COMPLETE,
0CK1GSFD111684107,Lyce de MAROUA-KONGOLA,EXTREME-NORD,KONGOLA DJOLAO,VALID,duplicate_exact,COMPLETE,
0CL1GSFD102682114,CES de MANGUIRDLA,EXTREME-NORD,DOUROUM,VALID,duplicate_exact,COMPLETE,
0CL1GSFD112076115,Lyce de DOULEK,EXTREME-NORD,DOULEK,VALID,duplicate_exact,COMPLETE,
0CL1GSFD111217108,Lyce de DOUROUM (Meri),EXTREME-NORD,DOUROUM,VALID,duplicate_exact,COMPLETE,
0CL1GSFD111672110,Lyce de GODOLA,EXTREME-NORD,GODOLA,VALID,duplicate_exact,COMPLETE,
0CL1GSFD111200114,Lyce de KALLIAO,EXTREME-NORD,KALLIAO,VALID,duplicate_exact,COMPLETE,
0CL1GSFD112207092,Lyce de MERI,EXTREME-NORD,MERI,VALID,duplicate_exact,COMPLETE,
0CM1GSFD102219113,CES de LOULOU,EXTREME-NORD,LOULOU,VALID,duplicate_exact,COMPLETE,
0CM1GSFD111362115,Lyce de DAGAI-KOLA,EXTREME-NORD,kola,VALID,duplicate_exact,COMPLETE,
0CM1GSFD111256111,Lyce de GAWEL,EXTREME-NORD,GAWEL,VALID,duplicate_exact,COMPLETE,
0CM1GSFD112452107,Lyce de NDOUKOULA,EXTREME-NORD,NDOUKOULA,VALID,duplicate_exact,COMPLETE,
0CN1GSFD101836112,CES de DOUBBEL,EXTREME-NORD,PETTE,VALID,duplicate_exact,COMPLETE,
0CN1GSFD111492110,Lyce de PETTE,EXTREME-NORD,PETTE,VALID,duplicate_exact,COMPLETE,
0EC1GSFD111266112,Lyce de BLANGOUA,EXTREME-NORD,GOULFEY,VALID,duplicate_exact,COMPLETE,
0EE1GSBD101923109,CES Bilingue de DARAK,EXTREME-NORD,MAKARY,VALID,duplicate_exact,COMPLETE,
0EH1GSFD110288111,Lyce de FOTOKOL,EXTREME-NORD,MAKARY,VALID,duplicate_exact,COMPLETE,
0EI1GSFD112412099,Lyce de GOULFEY,EXTREME-NORD,GOULFEY,VALID,duplicate_exact,COMPLETE,
0EJ1GSFD101282092,CES d'HILE-ALIFA,EXTREME-NORD,HILE-ALIFA II,VALID,duplicate_exact,COMPLETE,
0EK1GSBD112144104,Lyce Bilingue de KOUSSERI,EXTREME-NORD,KOUSSERI,VALID,duplicate_exact,COMPLETE,
0EK1GSFD111193113,Lyce d'AMCHEDIRE,EXTREME-NORD,IBOU-KOUSSERI,VALID,duplicate_exact,COMPLETE,
0EK1GSFD110464115,Lyce de LAKA,EXTREME-NORD,KOUSSERI,VALID,duplicate_exact,COMPLETE,
0EK1GSFD111278074,Lyce Mixte de KOUSSERI,EXTREME-NORD,MADAGASCAR,VALID,duplicate_exact,COMPLETE,
0EL1GSFD100393111,CES de KIDAM,EXTREME-NORD,LOGONE BIRNI,VALID,duplicate_exact,COMPLETE,
0EL1GSFD102078111,CES de ZIMADO,EXTREME-NORD,HINALE,VALID,duplicate_exact,COMPLETE,
0EL1GSFD110353111,Lyce de LOGONE-BIRNI,EXTREME-NORD,LOGONE-BIRNI,VALID,duplicate_exact,COMPLETE,
0EM1GSFD100330107,CES de BODO,EXTREME-NORD,BODO,VALID,duplicate_exact,COMPLETE,
0EM1GSFD100702110,CES de MALTAM,EXTREME-NORD,AFADE,VALID,duplicate_exact,COMPLETE,
0EM1GSFD102987117,CES de WOULKY,EXTREME-NORD,WOULKY,VALID,duplicate_exact,COMPLETE,
0EM1GSFD111870096,Lyce de MAKARY,EXTREME-NORD,MAKARI,VALID,duplicate_exact,COMPLETE,
0EN1GSFD110302111,Lyce de WAZA,EXTREME-NORD,ALAPITARI,VALID,duplicate_exact,COMPLETE,
0EQ1GSFD102425112,CES de MAZERA,EXTREME-NORD,MAZERA,VALID,duplicate_exact,COMPLETE,
0EQ1GSFD100362100,Lyce de ZINA,EXTREME-NORD,ZINA,VALID,duplicate_exact,COMPLETE,
0HC1GSFD100006112,CES de GANGALANG,EXTREME-NORD,GANGALANG,VALID,duplicate_exact,COMPLETE,
0HC1GSBD112164114,Lyce Bilingue de DATCHEKA,EXTREME-NORD,GOLOMPOUI,VALID,duplicate_exact,COMPLETE,
0HC1GSFD112124114,Lyce de GOUIN-TAALA,EXTREME-NORD,GOUIN,VALID,duplicate_exact,COMPLETE,
0HC1GSFD112052115,Lyce de KONKORONG,EXTREME-NORD,KONKORONG,VALID,duplicate_exact,COMPLETE,
0HC1GSFD112082108,Lyce de ZOUAYE,EXTREME-NORD,ZOUAYE,VALID,duplicate_exact,COMPLETE,
0HE1GSFD102709114,CES de GALAM,EXTREME-NORD,GALAM,VALID,duplicate_exact,COMPLETE,
0HE1GSFD102235113,CES de GUIRIOU,EXTREME-NORD,MOUSSEYE,VALID,duplicate_exact,COMPLETE,
0HE1GSFD102103112,CES de MASSA-KOUWEITA,EXTREME-NORD,GOBO,VALID,duplicate_exact,COMPLETE,
0HE1GSFD102838116,CES de POLGUE,EXTREME-NORD,POLGUE,VALID,duplicate_exact,COMPLETE,
0HE1GSFD112086107,Lyce Bilingue de GOBO,EXTREME-NORD,GOBO,VALID,duplicate_exact,COMPLETE,
1HE1GSFD102334113,CES d'OURO-TARA,NORD,,MISSING,promoted,COMPLETE,
0HH1GSFD100620109,CES de BOUROU,EXTREME-NORD,BOUROU,VALID,duplicate_exact,COMPLETE,
0HH1GSFD102161112,CES de DANIGUE,EXTREME-NORD,BANGANA,VALID,duplicate_exact,COMPLETE,
0HH1GSFD102865116,CES de KELLE-PATANG,EXTREME-NORD,BANGANA,VALID,duplicate_exact,COMPLETE,
0HH1GSFD102839116,CES de LOKO,EXTREME-NORD,LAWANAT DE LOKO,VALID,duplicate_exact,COMPLETE,
0HH1GSFD112088111,Lyce de BANGANA,EXTREME-NORD,Saawoussou,VALID,duplicate_exact,COMPLETE,
0HH1GSFD101379110,Lyce de DJOUGOUMTA,EXTREME-NORD,GUISEYE,VALID,duplicate_exact,COMPLETE,
0HI1GSFD102860115,CES de DAMA,EXTREME-NORD,LAWANAT DE DAMA,VALID,duplicate_exact,COMPLETE,
0HI1GSFD101014111,CES de DOUKROYE,EXTREME-NORD,DOUKROYE,VALID,duplicate_exact,COMPLETE,
0HI1GSFD111911107,Lyce Bilingue de KAI-KAI,EXTREME-NORD,LOUGOYE MASSOUANG,VALID,duplicate_exact,COMPLETE,
0HI1GSFD110342111,Lyce de BEGUE-PALAM,EXTREME-NORD,BEGUE-PALAM,VALID,duplicate_exact,COMPLETE,
0HI1GSFD112006109,Lyce de DJAFGA,EXTREME-NORD,KAI-KAI,VALID,duplicate_exact,COMPLETE,
0HI1GSFD110687111,Lyce de DOREISSOU,EXTREME-NORD,DOREISSOU,VALID,duplicate_exact,COMPLETE,
0HI1GSFD112020115,Lyce de MADALAM,EXTREME-NORD,MADALAM,VALID,duplicate_exact,COMPLETE,
0HJ1GSFD102917114,CES de GOBIO,EXTREME-NORD,GOBIO,VALID,duplicate_exact,COMPLETE,
0HJ1GSFD100604112,CES de THIOU,EXTREME-NORD,THIOU,VALID,duplicate_exact,COMPLETE,
0HJ1GSFD102859115,CES de ZARIA,EXTREME-NORD,KALFOU,VALID,duplicate_exact,COMPLETE,
0HJ1GSFD112091097,Lyce Bilingue de KALFOU,EXTREME-NORD,KALFOU,VALID,duplicate_exact,COMPLETE,
0HJ1GSFD112109109,Lyce de BOUGAYE,EXTREME-NORD,BOUGAYE,VALID,duplicate_exact,COMPLETE,
0HJ1GSFD110600111,Lyce de LOKORO,EXTREME-NORD,LOKORO,VALID,duplicate_exact,COMPLETE,
0HC1GSBD103236120,CES Bilingue de LARA-WARSAYE,EXTREME-NORD,,MISSING,promoted,COMPLETE,
0HK1GSFD100245111,CES de DATCHEKA-YOLDEO,EXTREME-NORD,DOUKOULA,VALID,duplicate_exact,COMPLETE,
0HK1GSBD110247113,Lyce Bilingue de DOUKOULA,EXTREME-NORD,DOUKOULA,VALID,duplicate_exact,COMPLETE,
0HK1GSFD110145111,Lyce Bilingue de GUISSIA,EXTREME-NORD,1,CLEARLY_INVALID,duplicate_exact,COMPLETE,
0HK1GSFD110240112,Lyce d'OULARGO,EXTREME-NORD,OULARGO,VALID,duplicate_exact,COMPLETE,
0HK1GSFD112096114,Lyce de DADJAMKA,EXTREME-NORD,DADJAMKA,VALID,duplicate_exact,COMPLETE,
0HK1GSFD112526083,Lyce de DOUKOULA,EXTREME-NORD,DOUKOULA,VALID,duplicate_exact,COMPLETE,
0HK1GSFD111963108,Lyce de MOGOM-KAR-HAY,EXTREME-NORD,MOGOM,VALID,duplicate_exact,COMPLETE,
0HL1GSFD102100112,CES de MAGA-MADIOGO,EXTREME-NORD,POUSS,VALID,duplicate_exact,COMPLETE,
0HL1GSFD102236113,CES de MIHIRIA,EXTREME-NORD,POUSS,VALID,duplicate_exact,COMPLETE,
0HL1GSFD102120112,CES de NGOULMOUNG,EXTREME-NORD,POUSS,VALID,duplicate_exact,COMPLETE,
0HL1GSFD112112092,Lyce Bilingue de MAGA,EXTREME-NORD,POUSS,VALID,duplicate_exact,COMPLETE,
0HL1GSFD111980109,Lyce de GUIRVIDIG,EXTREME-NORD,GUIRVIDIG,VALID,duplicate_exact,COMPLETE,
0HL1GSFD112217114,Lyce de MOURLA,EXTREME-NORD,SULTANAT POUSS,VALID,duplicate_exact,COMPLETE,
0HL1GSFD112150107,Lyce de POUSS,EXTREME-NORD,POUSS,VALID,duplicate_exact,COMPLETE,
0HL1GSFD112183113,Lyce de TEKELE,EXTREME-NORD,TEKELE,VALID,duplicate_exact,COMPLETE,
0HL1GSFD111541115,Lyce de YANGAH,EXTREME-NORD,GUIRVIDIG,VALID,duplicate_exact,COMPLETE,
0HM1GSFD102843115,CES de BAIGA,EXTREME-NORD,2E               DEGRE,CLEARLY_INVALID,duplicate_exact,COMPLETE,
0HM1GSBD102199113,Lyce Bilingue de TCHATIBALI,EXTREME-NORD,TCHATIBALI,VALID,duplicate_exact,COMPLETE,
0HM1GSFD112118114,Lyce de DOUAYE,EXTREME-NORD,DOUAYE,VALID,duplicate_exact,COMPLETE,
0HM1GSFD112126113,Lyce de KADA'A,EXTREME-NORD,LAWANAT DE KADA'A,VALID,duplicate_exact,COMPLETE,
0HM1GSFD112072113,Lyce de WERFEO-WIBIWA,EXTREME-NORD,WERFEO-WIBIWA,VALID,duplicate_exact,COMPLETE,
0HN1GSFD102152110,CES d'AGOLLA,EXTREME-NORD,GUEMERE,VALID,duplicate_exact,COMPLETE,
0HN1GSFD102131110,CES de DABAYE,EXTREME-NORD,DABAYE 2,VALID,duplicate_exact,COMPLETE,
0HN1GSFD101495109,CES de WIDIGUE,EXTREME-NORD,WIDIGUE,VALID,duplicate_exact,COMPLETE,
0HN1GSBD111478115,Lyce Bilingue de KARTOUA,EXTREME-NORD,KARTOUA,VALID,duplicate_exact,COMPLETE,
0HN1GSFD111481111,Lyce de GABARAYE,EXTREME-NORD,GABARAYE-WIDI,VALID,duplicate_exact,COMPLETE,
0HN1GSFD112094107,Lyce de VELE,EXTREME-NORD,YAGOUA-VELE,VALID,duplicate_exact,COMPLETE,
0HQ1GSFD102148112,CES de KAMARKI,EXTREME-NORD,KAMARKI,VALID,duplicate_exact,COMPLETE,
0HQ1GSFD102212113,CES de KOURBI-WINA,EXTREME-NORD,Karmaye,VALID,duplicate_exact,COMPLETE,
0HQ1GSFD111093107,Lyce Bilingue de DJONGDONG,EXTREME-NORD,2E DEGRE,CLEARLY_INVALID,duplicate_exact,COMPLETE,
0HQ1GSFD112169113,Lyce de DJENGRENG,EXTREME-NORD,DJENGRENG,VALID,duplicate_exact,COMPLETE,
0HR1GSFD102129109,CES de DANAY-DIGUISSI,EXTREME-NORD,Yagoua,VALID,duplicate_exact,COMPLETE,
0HR1GSFD102238113,CES de DJOGOIDI-DAMDAM,EXTREME-NORD,YAGOUA,VALID,duplicate_exact,COMPLETE,
0HR1GSFD102192110,CES de MASGAYA,EXTREME-NORD,MASGAYA,VALID,duplicate_exact,COMPLETE,
0HR1GSFD102864116,CES de NGAYA-HOUNOU,EXTREME-NORD,NGAYA,VALID,duplicate_exact,COMPLETE,
0HR1GSFD102720114,CES de WOUDATA-KOTKON,EXTREME-NORD,WOUDATA,VALID,duplicate_exact,COMPLETE,
0HR1GSBD111689105,Lyce Bilingue de YAGOUA,EXTREME-NORD,TCHEKE,VALID,duplicate_exact,COMPLETE,
0HR1GSFD111959109,Lyce de DANA,EXTREME-NORD,DANA,VALID,duplicate_exact,COMPLETE,
0HR1GSFD111082115,Lyce de DOMO,EXTREME-NORD,DOMO,VALID,duplicate_exact,COMPLETE,
0HR1GSFD111086111,Lyce de GUIDANMOUTOU,EXTREME-NORD,YAGOUA,VALID,duplicate_exact,COMPLETE,
0HR1GSFD111089111,Lyce de TOUKOU,EXTREME-NORD,1,CLEARLY_INVALID,duplicate_exact,COMPLETE,
0HR1GSFD112146114,Lyce de VOUNALOUM,EXTREME-NORD,VOUNALOUM,VALID,duplicate_exact,COMPLETE,
0HR1GSFD112107112,Lyce de ZEBE,EXTREME-NORD,YAGOUA,VALID,duplicate_exact,COMPLETE,
0IC1GSBD102837116,CES Bilingue de GUIDIGUIS,EXTREME-NORD,GUIDIGUIS,VALID,duplicate_exact,COMPLETE,
0IC1GSFD102732114,CES de GUEREME,EXTREME-NORD,GUEREME,VALID,duplicate_exact,COMPLETE,
0IC1GSFD110242109,Lyce de DOUBANE,EXTREME-NORD,2e degre,CLEARLY_INVALID,duplicate_exact,COMPLETE,
0IC1GSFD112384092,Lyce de GUIDIGUIS,EXTREME-NORD,GUIDIGUIS,VALID,duplicate_exact,COMPLETE,
0IC1GSFD112084115,Lyce de KOURBI,EXTREME-NORD,KOURBI,VALID,duplicate_exact,COMPLETE,
0IE1GSFD102918112,CES de GALA-TCHEODE,EXTREME-NORD,MIDJIVIN,VALID,duplicate_exact,COMPLETE,
0IE1GSFD100454112,CES de MOUMOUR,EXTREME-NORD,Moumour,VALID,duplicate_exact,COMPLETE,
0IE1GSFD100518111,CES de POUDAM,EXTREME-NORD,MIDJIVIN,VALID,duplicate_exact,COMPLETE,
0IE1GSFD102836116,CES de ZAKLANG,EXTREME-NORD,ZAKLANG,VALID,duplicate_exact,COMPLETE,
0IE1GSFD112211078,Lyce Classique et Moderne de KAELE,EXTREME-NORD,KAELE,VALID,duplicate_exact,COMPLETE,
0IE1GSFD112142113,Lyce de BIPAING,EXTREME-NORD,BIPAING,VALID,duplicate_exact,COMPLETE,
0IE1GSFD112174110,Lyce de BOBOYO,EXTREME-NORD,BOBOYO,VALID,duplicate_exact,COMPLETE,
0IE1GSFD110166109,Lyce de DJIDOMA,EXTREME-NORD,KAELE,VALID,duplicate_exact,COMPLETE,
0IE1GSFD110561111,Lyce de DOUMROU,EXTREME-NORD,DOUMROU,VALID,duplicate_exact,COMPLETE,
0IE1GSFD112031114,Lyce de FOULOU,EXTREME-NORD,FOULOU,VALID,duplicate_exact,COMPLETE,
0IE1GSFD111946112,Lyce de GABAN-LARA,EXTREME-NORD,GABAN,VALID,duplicate_exact,COMPLETE,
0IE1GSFD111699108,Lyce de GAREY,EXTREME-NORD,TRADITIONNELLE,VALID,duplicate_exact,COMPLETE,
0IE1GSFD112056114,Lyce de GOING-LARA,EXTREME-NORD,OUI,CLEARLY_INVALID,duplicate_exact,COMPLETE,
0IE1GSFD112098098,Lyce de LARA,EXTREME-NORD,LARA,VALID,duplicate_exact,COMPLETE,
0IE1GSFD112116107,Lyce de MIDJIVIN,EXTREME-NORD,MIDJIVIN,VALID,duplicate_exact,COMPLETE,
0IE1GSFD111703107,Lyce de MINDJIL,EXTREME-NORD,OUI,CLEARLY_INVALID,duplicate_exact,COMPLETE,
0IH1GSFD100225108,CES de DOYANG,EXTREME-NORD,DOYANG,VALID,duplicate_exact,COMPLETE,
0IH1GSFD100220110,CES de MODJOMBODI,EXTREME-NORD,MODJOMBODI,VALID,duplicate_exact,COMPLETE,
0IH1GSFD110077110,Lyce de MOGOM,EXTREME-NORD,MOGOM,VALID,duplicate_exact,COMPLETE,
0II1GSFD102201113,CES de DARAM,EXTREME-NORD,DARAM,VALID,duplicate_exact,COMPLETE,
0II1GSFD101269107,CES de GOUDOUM-GOUDOUM,EXTREME-NORD,GOUDOUM-GOUDOUM,VALID,duplicate_exact,COMPLETE,
0II1GSFD102919114,CES de GUIRLING,EXTREME-NORD,DARAM,VALID,duplicate_exact,COMPLETE,
0II1GSFD102227113,CES de KORRE,EXTREME-NORD,KORRE,VALID,duplicate_exact,COMPLETE,
0II1GSFD111273115,Lyce d'HORLONG,EXTREME-NORD,MINDIF,VALID,duplicate_exact,COMPLETE,
0II1GSFD112137110,Lyce de KOLARA,EXTREME-NORD,KOLARA,VALID,duplicate_exact,COMPLETE,
0II1GSFD111285100,Lyce de MOULVOUDAYE,EXTREME-NORD,MOULVOUDAYE,VALID,duplicate_exact,COMPLETE,
0IJ1GSFD110427107,Lyce de MOUDA,EXTREME-NORD,MOUDA,VALID,duplicate_exact,COMPLETE,
0IJ1GSFD112070098,Lyce de MOUTOURWA,EXTREME-NORD,MOUTOURWA,VALID,duplicate_exact,COMPLETE,
0IJ1GSFD112015113,Lyce de NOUBOU,EXTREME-NORD,NOUBOU,VALID,duplicate_exact,COMPLETE,
0IK1GSFD102842116,CES de BITCHARE-DARGALA,EXTREME-NORD,DARGALA,VALID,duplicate_exact,COMPLETE,
0IK1GSFD102240113,CES de GOLONG-DAKRI,EXTREME-NORD,GOLONDAKRI,VALID,duplicate_exact,COMPLETE,
0IK1GSFD102726114,CES de NENBAKRI-TOULOUM,EXTREME-NORD,NENEAKRI,VALID,duplicate_exact,COMPLETE,
0IK1GSFD112186104,Lyce Bilingue de TOULOUM,EXTREME-NORD,TOULOUM,VALID,duplicate_exact,COMPLETE,
0IK1GSFD112343113,Lyce de BIZILI,EXTREME-NORD,1er dgre,VALID,duplicate_exact,COMPLETE,
0IK1GSFD111497115,Lyce de KOFIDE,EXTREME-NORD,KOFIDE,VALID,duplicate_exact,COMPLETE,
0IL1GSFD101915110,CES de DONGROSSE,EXTREME-NORD,DONGROSSE,VALID,duplicate_exact,COMPLETE,
0IL1GSFD102738114,CES de SOUEYE,EXTREME-NORD,SOUEYE,VALID,duplicate_exact,COMPLETE,
0IL1GSFD110154114,Lyce de BARLANG,EXTREME-NORD,BARLANG,VALID,duplicate_exact,COMPLETE,
0IL1GSFD112114106,Lyce de DZIGUILAO,EXTREME-NORD,DZIGUILAO,VALID,duplicate_exact,COMPLETE,
0IL1GSFD111499113,Lyce de GOLONGHINI,EXTREME-NORD,GOLONGHINI,VALID,duplicate_exact,COMPLETE,
0IL1GSFD111227110,Lyce de GOUNDAYE,EXTREME-NORD,GOUNDAYE,VALID,duplicate_exact,COMPLETE,
0JC1GSFD102743114,CES de TOLKOMARI,EXTREME-NORD,TOLKOMARI,VALID,duplicate_exact,COMPLETE,
0JC1GSFD110489112,Lyce de KERAWA,EXTREME-NORD,KERAWA,VALID,duplicate_exact,COMPLETE,
0JC1GSFD112177098,Lyce de KOLOFATA,EXTREME-NORD,KOLOFATA,VALID,duplicate_exact,COMPLETE,
0JE1GSFD101880112,CES d'AISSA-HARDE,EXTREME-NORD,DJOUNDE,VALID,duplicate_exact,COMPLETE,
0JE1GSFD100080111,CES de GODIGONG,EXTREME-NORD,PODOKO CENTRE,VALID,duplicate_exact,COMPLETE,
0JE1GSFD102363113,CES de GOUDJIMDELE,EXTREME-NORD,BALDAMA,VALID,duplicate_exact,COMPLETE,
0JE1GSFD102784114,CES de MAKOULAHE,EXTREME-NORD,GOUVAKA,VALID,duplicate_exact,COMPLETE,
0JE1GSFD101070112,CES de MORA-MASSIF,EXTREME-NORD,MORA-MASSIF,VALID,duplicate_exact,COMPLETE,
0JE1GSFD102835117,CES de MORA-SULTANAT,EXTREME-NORD,MORA VILLE,VALID,duplicate_exact,COMPLETE,
0JE1GSBD110102111,Lyce Bilingue de MORA,EXTREME-NORD,wandala,VALID,duplicate_exact,COMPLETE,
0JE1GSFD110398082,Lyce Classique de MORA,EXTREME-NORD,WALADE,VALID,duplicate_exact,COMPLETE,
0JE1GSFD110434113,Lyce de KOURGUI,EXTREME-NORD,KOURGUI,VALID,duplicate_exact,COMPLETE,
0JE1GSFD112140111,Lyce de LIMANI,EXTREME-NORD,LIMANI,VALID,duplicate_exact,COMPLETE,
0JE1GSFD110262104,Lyce de MEME,EXTREME-NORD,MEME,VALID,duplicate_exact,COMPLETE,
0JE1GSFD111249110,Lyce de ZOUELVA,EXTREME-NORD,ZOUELVA,VALID,duplicate_exact,COMPLETE,
0JH1GSFD102858115,CES de MAKALINGAI,EXTREME-NORD,MAKALINGAI,VALID,duplicate_exact,COMPLETE,
0JH1GSFD101243111,CES de MAYO-PLATA,EXTREME-NORD,MAYO-OULDEME,VALID,duplicate_exact,COMPLETE,
0JH1GSFD112156107,Lyce de GALAGA-MADA-KOLKOCH,EXTREME-NORD,MADA,VALID,duplicate_exact,COMPLETE,
0JH1GSFD110249110,Lyce de KOTRABA,EXTREME-NORD,SERAWA,VALID,duplicate_exact,COMPLETE,
0JH1GSFD110180113,Lyce de MOKIO,EXTREME-NORD,MAKALINGAI,VALID,duplicate_exact,COMPLETE,
0JH1GSFD112154096,Lyce de TOKOMBERE,EXTREME-NORD,SERAWA,VALID,duplicate_exact,COMPLETE,
0KC1GSFD102920114,CES de WATIR-GUILI,EXTREME-NORD,GUILI,VALID,duplicate_exact,COMPLETE,
0KC1GSBD111204113,Lyce Bilingue de BOUKOULA,EXTREME-NORD,2emeDEGRE,NEEDS_REVIEW,duplicate_exact,COMPLETE,
0KC1GSBD111974110,Lyce Bilingue de BOURHA,EXTREME-NORD,BOURHA,VALID,duplicate_exact,COMPLETE,
0KC1GSFD111207113,Lyce de GAMBOURA,EXTREME-NORD,GUILI,VALID,duplicate_exact,COMPLETE,
0KC1GSFD110742114,Lyce de GUILI,EXTREME-NORD,GUILI,VALID,duplicate_exact,COMPLETE,
0KC1GSFD112134109,Lyce de TCHEVI,EXTREME-NORD,TCHEVI,VALID,duplicate_exact,COMPLETE,
0KE1GSBD110280115,Lyce Bilingue de HINA,EXTREME-NORD,premier dgre,VALID,duplicate_exact,COMPLETE,
0KE1GSFD111970110,Lyce de ZOUVOUL,EXTREME-NORD,2,CLEARLY_INVALID,duplicate_exact,COMPLETE,
0KH1GSFD102241113,CES de DZOKOURMA,EXTREME-NORD,KOZA,VALID,duplicate_exact,COMPLETE,
0KH1GSFD110583114,Lyce de GABOUA,EXTREME-NORD,GABOUA,VALID,duplicate_exact,COMPLETE,
0KH1GSFD110356111,Lyce de GOUZDA,EXTREME-NORD,KOZA,VALID,duplicate_exact,COMPLETE,
0KI1GSBD102244113,CES Bilingue de ZHELEVED,EXTREME-NORD,Zehleved,VALID,duplicate_exact,COMPLETE,
0KI1GSFD100227111,CES d'ASSIGHASSIA,EXTREME-NORD,MOZOGO,VALID,duplicate_exact,COMPLETE,
0KI1GSFD110590110,Lyce d'OUZAL,EXTREME-NORD,MANDOUSSA,VALID,duplicate_exact,COMPLETE,
0KI1GSFD110575108,Lyce de MOZOGO,EXTREME-NORD,MOZOGO,VALID,duplicate_exact,COMPLETE,
0KJ1GSFD102834115,CES de GOURIA,EXTREME-NORD,MOGODE,VALID,duplicate_exact,COMPLETE,
0KJ1GSFD102695114,CES de KILA,EXTREME-NORD,KILA-WALAKA,VALID,duplicate_exact,COMPLETE,
0KJ1GSFD102680113,CES de LDIRI,EXTREME-NORD,LAWANAT DE LDIRI,VALID,duplicate_exact,COMPLETE,
0KJ1GSFD110325105,Lyce Bilingue de MOGODE,EXTREME-NORD,MOGODE,VALID,duplicate_exact,COMPLETE,
0KJ1GSBD110275115,Lyce Bilingue de RHUMSIKI,EXTREME-NORD,RHUMSIKI,VALID,duplicate_exact,COMPLETE,
0KJ1GSFD111144115,Lyce de HOUPOU,EXTREME-NORD,HOUPOU,VALID,duplicate_exact,COMPLETE,
0KJ1GSFD111953114,Lyce de RHUMZOU,EXTREME-NORD,RHUMZOU,VALID,duplicate_exact,COMPLETE,
0KJ1GSFD111324114,Lyce de SIR,EXTREME-NORD,sir,VALID,duplicate_exact,COMPLETE,
0KK1GSFD102680114,CES d'UDKIA,EXTREME-NORD,MATAKAM SUD,VALID,duplicate_exact,COMPLETE,
0KK1GSFD102368113,CES de BOULA,EXTREME-NORD,BOULA,VALID,duplicate_exact,COMPLETE,
0KK1GSFD101321112,CES de DIMEO,EXTREME-NORD,DIMEO,VALID,duplicate_exact,COMPLETE,
0KK1GSFD100696110,CES de GAWAR,EXTREME-NORD,GAWAR,VALID,duplicate_exact,COMPLETE,
0KK1GSFD102857115,CES de GOLIGUECHE,EXTREME-NORD,OUI,CLEARLY_INVALID,duplicate_exact,COMPLETE,
0KK1GSFD102196113,CES de MAGOUMAZ,EXTREME-NORD,Mokolo,VALID,duplicate_exact,COMPLETE,
0KK1GSFD100269111,CES de MANDAKA,EXTREME-NORD,MATAKAM SUD,VALID,duplicate_exact,COMPLETE,
0KK1GSFD102231113,CES de SEGOULE,EXTREME-NORD,Matakam Sud,VALID,duplicate_exact,COMPLETE,
0KK1GSFD102685114,CES de TCHOUVOUK,EXTREME-NORD,TCHOUVOUK,VALID,duplicate_exact,COMPLETE,
0KK1GSBD112981114,Lyce Bilingue de MINAWAO,EXTREME-NORD,GADALA,VALID,duplicate_exact,COMPLETE,
0KK1GSFD110512111,Lyce Bilingue de MOKOLA,EXTREME-NORD,Mokola,VALID,duplicate_exact,COMPLETE,
0KK1GSBD110253106,Lyce Bilingue de MOKOLO,EXTREME-NORD,MATAKAM NORD,VALID,duplicate_exact,COMPLETE,
0KK1GSFD110724074,Lyce Classique de MOKOLO,EXTREME-NORD,MOKOLO,VALID,duplicate_exact,COMPLETE,
0KK1GSFD110505115,Lyce de KOSSEHONE,EXTREME-NORD,MOKOLO,VALID,duplicate_exact,COMPLETE,
0KK1GSFD111966106,Lyce de MOKONG,EXTREME-NORD,MOKONG,VALID,duplicate_exact,COMPLETE,
0KK1GSFD111536112,Lyce de TOUROU,EXTREME-NORD,MATAKAM SUD,VALID,duplicate_exact,COMPLETE,
0KK1GSFD111261110,Lyce de ZIDIM,EXTREME-NORD,3 DEGRE,CLEARLY_INVALID,duplicate_exact,COMPLETE,
0KL1GSFD101306111,CES de BAO-NDEVGAI,EXTREME-NORD,MOKOLO,VALID,duplicate_exact,COMPLETE,
0KL1GSFD101292112,CES de MADAKONAI,EXTREME-NORD,MADAKONAI,VALID,duplicate_exact,COMPLETE,
0KL1GSFD102234113,CES de MAZAM,EXTREME-NORD,MAZAM,VALID,duplicate_exact,COMPLETE,
0KL1GSFD102746114,CES de MAZAYA,EXTREME-NORD,MAZAYA,VALID,duplicate_exact,COMPLETE,
0KL1GSFD111999108,Lyce Bilingue de ROUA,EXTREME-NORD,MAYO-ROUA,VALID,duplicate_exact,COMPLETE,
0KL1GSFD111313111,Lyce de BAO-DALZA,EXTREME-NORD,BAO-DALZA,VALID,duplicate_exact,COMPLETE,
0KL1GSFD112462118,Lyce de BAO-GREDE,EXTREME-NORD,BAO-GUIRDE,VALID,duplicate_exact,COMPLETE,
0KL1GSFD111297113,Lyce de MIDRE,EXTREME-NORD,DZAH MIDRE,VALID,duplicate_exact,COMPLETE,
0KL1GSFD111259110,Lyce de SOULEDE,EXTREME-NORD,oudoumzarai,VALID,duplicate_exact,COMPLETE,
0HR1GSFD112467078,Lyce Classique et Moderne de YAGOUA,EXTREME-NORD,,MISSING,promoted,COMPLETE,
1IC1GSFD110864106,Lyce de MANDINGRING,NORD,,MISSING,promoted,COMPLETE,
0CJ1GSFD111936113,Lyce de DOUALARE,EXTREME-NORD,,MISSING,promoted,COMPLETE,
0KK1GSFD110284113,Lyce de MOFOLE,EXTREME-NORD,,MISSING,promoted,COMPLETE,
0KH1GSBD110579110,Lyce Bilingue de KOZA,EXTREME-NORD,,MISSING,promoted,COMPLETE,
0HM1GSBD103237120,CES Bilingue de SAOURINGWA,EXTREME-NORD,,MISSING,promoted,COMPLETE,
6IC1GSAD102292113,CES de BANGTAKPA,SUD-OUEST,3RD CLASS BANTAKPA,VALID,promoted,COMPLETE,
5LJ1GSBD110162077,Lyce Bilingue de YAOUNDE,CENTRE,,MISSING,duplicate_review,COMPLETE,duplicate_review
6IC1GSAD111824107,Lyce d'AKWAYA,SUD-OUEST,AKWAYA,VALID,promoted,COMPLETE,
7IE1GSBD110300109,Lyce Bilingue de NEW-BELL,LITTORAL,KASSALAFAM,VALID,ready,COMPLETE,
0IH1GSBD112105114,Lyce Bilingue de MINDIF,EXTREME-NORD,,MISSING,promoted,COMPLETE,
6IE1GSAD102252113,CES d'ABAT,SUD-OUEST,ABAT,VALID,promoted,COMPLETE,
7IC1GSBD110036092,Lyce Bilingue de DEIDO,LITTORAL,DEDO,VALID,duplicate_exact,COMPLETE,
6IE1GSAD101157110,CES d'EKOK,SUD-OUEST,3RD CLASS CHIEFDOM,VALID,promoted,COMPLETE,
6IE1GSAD101169112,CES de BABI,SUD-OUEST,BABI,VALID,promoted,COMPLETE,
8CC1GSFD101940109,CES de NGONEBEME,SUD,NGONEBEME,VALID,promoted,COMPLETE,
8CE1GSFD100357110,Lyce de MVENG,SUD,MVENG,VALID,promoted,COMPLETE,
8CH1GSBD101950112,CES Bilingue de MEYOMESSALA,SUD,NGAT,VALID,promoted,COMPLETE,
8CH1GSFD101925106,CES de NKOLENYENG,SUD,NKOLENYENG,VALID,promoted,COMPLETE,
8CH1GSFD101944105,CES de TEKMO,SUD,Tekmo,VALID,promoted,COMPLETE,
8CH1GSFD102312113,CES de TATCHING II,SUD,Tatching 2,NEEDS_REVIEW,ready,COMPLETE,locality_review
8CH1GSFD102251100,CES de YEM-YEMFEK,SUD,BIBA &YEM,VALID,promoted,COMPLETE,
8CH1GSFD110091090,Lyce Classique et Moderne de MVOMEKA'A,SUD,MVOMEKAA,VALID,promoted,COMPLETE,
8CI1GSFD102314113,CES d'ELOM-YEMFEK,SUD,ELOM,VALID,promoted,COMPLETE,
8CL1GSFD100618109,CES de NDJANTOM,SUD,NDJANTOM,VALID,promoted,COMPLETE,
8CL1GSFD111825069,Lyce Classique et Moderne de SANGMELIMA,SUD,,MISSING,promoted,COMPLETE,
8CL1GSFD111544112,Lyce de MEYOMADJOM,SUD,MEYOMADJOM,VALID,promoted,COMPLETE,
8CM1GSFD102176102,CES de MVOUTESSI,SUD,MVOUTESSI I,VALID,promoted,COMPLETE,
8CM1GSBD111650114,Lyce Bilingue de ZOETELE,SUD,,MISSING,promoted,COMPLETE,
8CM1GSFD110960107,Lyce de NKOUMADJAP-FONG,SUD,NKOUMADJAP,VALID,promoted,COMPLETE,
8EE1GSFD103162118,CES de MOMEBILI,SUD,MOMEBILI,VALID,promoted,COMPLETE,
8EH1GSFD100317108,CES d'AZEM-ESSAKOE,SUD,AZEM,VALID,promoted,COMPLETE,
8EH1GSFD100558103,CES de MEYO-VILLE,SUD,MEY0-VILLE,VALID,promoted,COMPLETE,
8JI1GSFD102724114,CES d'ADJAB II,SUD,ADJAB II,VALID,promoted,COMPLETE,
8EI1GSFD100759108,CES de MEYOS-YENDJOCK,SUD,MEYOS-YENDJOCK,VALID,promoted,COMPLETE,
8EI1GSFD112440107,Lyce d'EBOLOWA,SUD,MEKALAT YEMVENG,VALID,promoted,COMPLETE,
8EJ1GSFD110835110,Lyce d'EFOULANE,SUD,EFOULANE,VALID,promoted,COMPLETE,
8EK1GSFD110187110,Lyce d'ATO'OVENG,SUD,ATO'OVENG II,VALID,promoted,COMPLETE,
8EK1GSFD111914112,Lyce de MELANE,SUD,,MISSING,promoted,COMPLETE,
8EL1GSFD102044111,CES d'ENDENGUE,SUD,2e DEGRE,CLEARLY_INVALID,ready,COMPLETE,locality_review
8EM1GSFD100179109,CES de BITSOGMAM,SUD,BITSOGMAM,VALID,promoted,COMPLETE,
8EM1GSFD100531100,CES de SOUMOU,SUD,SOUMOU,VALID,promoted,COMPLETE,
8EM1GSFD101929103,CES Pilote d'EBOTENKOU,SUD,FONG,VALID,promoted,COMPLETE,
8HC1GSBD100310114,CES Bilingue de NYABITANDE,SUD,NYABITANDE,VALID,promoted,COMPLETE,
8HC1GSFD101026105,CES de MVIE,SUD,,MISSING,promoted,COMPLETE,
8HE1GSFD101212110,CES de BIDJOUKA-ATLANTIQUE,SUD,BIDJOUKA,VALID,promoted,COMPLETE,
8HE1GSFD100367110,CES de GRAND-ZAMBI,SUD,3e degre de Grand Zambi,NEEDS_REVIEW,ready,COMPLETE,locality_review
8HH1GSFD101865110,CES d'EBODJE,SUD,EBODJE,VALID,promoted,COMPLETE,
8HH1GSFD111374098,Lyce de CAMPO,SUD,TONDEFOM,VALID,promoted,COMPLETE,
8HI1GSFD110421106,Lyce de GRAND-BATANGA,SUD,LUMA,VALID,promoted,COMPLETE,
8HJ1GSFD100203111,CES de MPALLA,SUD,Mpalla,VALID,promoted,COMPLETE,
8HK1GSFD100734108,CES de BELLA,SUD,,MISSING,promoted,COMPLETE,
8HK1GSFD102862115,CES de FIFINDA,SUD,FIFINDA,VALID,promoted,COMPLETE,
8HK1GSFD100741100,CES de MAKOURE,SUD,MAKOURE II,VALID,promoted,COMPLETE,
8HK1GSFD102318113,CES de NKOLLO,SUD,3,CLEARLY_INVALID,ready,COMPLETE,locality_review
8HK1GSBD111317110,Lyce Bilingue de KRIBI-RURAL,SUD,V 01 Socalpalm KEINK,NEEDS_REVIEW,ready,COMPLETE,locality_review
8HK1GSFD111165106,Lyce d'ELOGBATINDI,SUD,YALPENDA,VALID,promoted,COMPLETE,
8HM1GSFD112077095,Lyce Mixte de MVENGUE,SUD,,MISSING,promoted,COMPLETE,
8HL1GSFD101265110,CES de BIKOKA,SUD,35,CLEARLY_INVALID,ready,COMPLETE,locality_review
8HN1GSFD100660107,CES d'ADJAP-YESSOK,SUD,ADJAP,VALID,promoted,COMPLETE,
8IC1GSFD100381112,CES de MBAM-ESSAOBAM,SUD,MBAM ESSA OBAM,VALID,promoted,COMPLETE,
8HM1GSFD102736114,CES de WOM,SUD,WOM 1,NEEDS_REVIEW,ready,COMPLETE,locality_review
8IC1GSFD100019109,CES de MEYO-ELIE,SUD,MEYO-ELIE,VALID,promoted,COMPLETE,
8IC1GSFD112102108,Lyce d'ABANG-MINKO,SUD,ABANG-MINKO,VALID,promoted,COMPLETE,
8IC1GSBD112069108,Lyce Bilingue d'AMBAM,SUD,1,CLEARLY_INVALID,ready,COMPLETE,locality_review
8IC1GSFD111168107,Lyce de MEYO-CENTRE,SUD,MEYO-CENTRE I,VALID,promoted,COMPLETE,
8IE1GSBD112155108,Lyce Bilingue de KYE-OSSI,SUD,AKOMBANG,VALID,promoted,COMPLETE,
8IH1GSFD102719114,CES d'ENDENDEM,SUD,ENDENDEM,VALID,promoted,COMPLETE,
8IH1GSFD102159107,CES de MEBEM,SUD,MEBEM,VALID,promoted,COMPLETE,
5HJ1GSFD110451113,Lyce de KON-YAMBETTA,CENTRE,KON,VALID,promoted,COMPLETE,
5HK1GSBD103235120,CES Bilingue de MAKENENE-EST,CENTRE,,MISSING,promoted,COMPLETE,
8II1GSBD100170118,CES Bilingue de BIYI-AKOUM-ESEJEE,SUD,3e dgr de BIYI,NEEDS_REVIEW,ready,COMPLETE,locality_review
8IH1GSFD110369110,Lyce de NYABESSANG,SUD,NYABESSANG,VALID,promoted,COMPLETE,
8II1GSFD102037108,CES de MEKOKMENGONA,SUD,MEKOMENGONA,VALID,promoted,COMPLETE,
3HJ1GSAD101296111,CES de NTEM,NORD-OUEST,NTEM,VALID,promoted,COMPLETE,
5HK1GSFD110404097,Lyce de MAKENENE,CENTRE,MOCK SUD,VALID,promoted,COMPLETE,
5HL1GSFD100482108,CES de NDIKOKO,CENTRE,NDIKOKO,VALID,promoted,COMPLETE,
5HL1GSFD101960102,CES de NDOKOWANEN,CENTRE,NDOKOWANEN,VALID,promoted,COMPLETE,
5HL1GSFD110633107,Lyce de NEBOLEN,CENTRE,NEBOLEN,VALID,promoted,COMPLETE,
9CC1GSFD102000108,CES de GRIBI,EST,Gribi,VALID,promoted,COMPLETE,
5HN1GSBD100458111,CES Bilingue d'OMBESSA,CENTRE,OMBESSA VILLAGE,VALID,promoted,COMPLETE,
5HN1GSFD110439118,Lyce de BOURAKA,CENTRE,BOURAKA,VALID,promoted,COMPLETE,
5IC1GSFD100456111,CES de BIAKOA,CENTRE,BIAKOA,VALID,promoted,COMPLETE,
5IC1GSFD100923110,CES de VOUNDOU,CENTRE,TALBA,VALID,promoted,COMPLETE,
9CC1GSFD102047112,CES de KIKA,EST,KIKA,VALID,promoted,COMPLETE,
9CH1GSFD110574108,Lyce de SALAPOUMBE,EST,SALAPOUMBE,VALID,promoted,COMPLETE,
9CH1GSFD102846115,CES de MIKEL,EST,3eme degre mikel,NEEDS_REVIEW,ready,COMPLETE,locality_review
9CI1GSFD102165112,CES de MENDOUNGUE-VILLE,EST,MENDOUNGUE,VALID,promoted,COMPLETE,
9CI1GSFD100054106,CES de MBOY I,EST,MBOY 1,NEEDS_REVIEW,ready,COMPLETE,locality_review
9CI1GSFD102205107,CES de MOAMPACK,EST,MOAMPACK,VALID,promoted,COMPLETE,
9CI1GSFD100062110,CES de NGOLLA 20,EST,NGOLLA,VALID,promoted,COMPLETE,
9EC1GSFD103160118,CES d'ABONG-MBANG II,EST,ZALOUM,VALID,promoted,COMPLETE,
9EC1GSFD111148106,Lyce Classique d'ABONG-MBANG,EST,MBOULE,VALID,promoted,COMPLETE,
9EQ1GSFD100216110,CES d'ANKOM,EST,ANKOM,VALID,promoted,COMPLETE,
9EJ1GSFD110194115,Lyce de GRAND-POL,EST,,MISSING,promoted,COMPLETE,
9EL1GSFD100190112,CES de BADITOUM,EST,Mboanz,VALID,promoted,COMPLETE,
9EL1GSFD111896112,Lyce de DOUMAINTANG,EST,DOUMAINTANG,VALID,promoted,COMPLETE,
9ER1GSBD100732112,CES Bilingue de KAGNOL II,EST,KAGNOL II,VALID,promoted,COMPLETE,
9ES1GSFD102681114,CES de DOUMO-MAMA,EST,DOUMOU-MAMA,VALID,promoted,COMPLETE,
9ES1GSFD102686114,CES de KOA,EST,KOUA,VALID,promoted,COMPLETE,
9EY1GSFD100654107,CES de MVANDA II,EST,,MISSING,promoted,COMPLETE,
9HC1GSFD102011108,CES de MBOUNOU,EST,MBOUNOU,VALID,promoted,COMPLETE,
9HC1GSFD100394112,CES de NYABI,EST,NYABI,VALID,promoted,COMPLETE,
9HC1GSFD102066108,CES de GADJI,EST,3me,CLEARLY_INVALID,ready,COMPLETE,locality_review
9HC1GSFD101318112,CES de TAPARE,EST,3eme DEGR,NEEDS_REVIEW,ready,COMPLETE,locality_review
9HE1GSFD112248106,Lyce Bilingue de KENTZOU,EST,BOMBE,VALID,promoted,COMPLETE,
6IE1GSAD101848112,CES de MFUNI,SUD-OUEST,MFUNI,VALID,promoted,COMPLETE,
6IE1GSBD112050098,Lyce Bilingue d'EYUMOJOCK,SUD-OUEST,EYUMOJOCK,VALID,promoted,COMPLETE,
9HI1GSBD111151107,Lyce Bilingue de MBANG,EST,MBANG,VALID,promoted,COMPLETE,
9HK1GSFD110188112,Lyce de MINDOUROU-NDELELE,EST,KAKO MBESSEMBO,VALID,promoted,COMPLETE,
9HL1GSFD101992109,CES de GOUNTE,EST,GOUNTE,VALID,promoted,COMPLETE,
9IC1GSFD102421111,CES de GOYOUM,EST,Goyoum,VALID,promoted,COMPLETE,
9IC1GSFD110011113,Lyce de NDEMBA I,EST,NDEMBA 1,NEEDS_REVIEW,ready,COMPLETE,locality_review
9IE1GSFD102916114,CES de NKOLBIKON,EST,Nkolbikon II,VALID,promoted,COMPLETE,
9IE1GSFD110321105,Lyce de MOKOLO 4-BERTOUA,EST,MOKOLO 4,NEEDS_REVIEW,ready,COMPLETE,locality_review
9IH1GSFD102370113,CES de BERTOUA II,EST,Bertoua 2,NEEDS_REVIEW,ready,COMPLETE,locality_review
9IH1GSFD102394113,CES de NGAIKADA,EST,NGAKADA 1,NEEDS_REVIEW,ready,COMPLETE,locality_review
9II1GSFD102051113,CES de NDOKAYO,EST,NDOKAYO,VALID,promoted,COMPLETE,
9II1GSFD110064111,Lyce de BOULI,EST,BOULI,VALID,promoted,COMPLETE,
9IJ1GSFD100065111,CES de BOUAM,EST,BOUAM,VALID,promoted,COMPLETE,
9II1GSFD110335115,Lyce de MBITOM,EST,DEUXIEME DEGRE,NEEDS_REVIEW,ready,COMPLETE,locality_review
,CES de DANG-PATOU,EST,DANG-PATOU,VALID,ready,INCOMPLETE,missing_official_id
9IL1GSFD102027113,CES de BAZZAMA,EST,BAZZAMA,VALID,promoted,COMPLETE,
9IM1GSFD100532110,CES de BOHANTO,EST,BOHANTO,VALID,promoted,COMPLETE,
9IC1GSFD101876109,CES de KOLLOMINE,EST,COLOMINE,VALID,promoted,COMPLETE,
3CC1GSAD110899111,Lyce d'ANYAJUA,NORD-OUEST,KOM,VALID,promoted,COMPLETE,
3CC1GSBD110178110,Lyce Bilingue de BELO,NORD-OUEST,2,CLEARLY_INVALID,ready,COMPLETE,locality_review
3CC1GSAD110161107,Lyce de MBESSA,NORD-OUEST,MBESSA FONDOM,VALID,promoted,COMPLETE,
3CC1GSAD110892111,Lyce de MBINGO,NORD-OUEST,KOM,VALID,promoted,COMPLETE,
3CE1GSAD102824115,CES de KICHOWI,NORD-OUEST,,MISSING,promoted,COMPLETE,
3CE1GSAD100979107,CES de KONENE,NORD-OUEST,BUM,VALID,promoted,COMPLETE,
3CH1GSAD100938100,CES d'ILUNG,NORD-OUEST,,MISSING,promoted,COMPLETE,
3CH1GSBD110289079,Lyce Bilingue de FUNDONG,NORD-OUEST,KOM,VALID,promoted,COMPLETE,
3CH1GSAD110272110,Lyce d'ABUH-FUNDONG,NORD-OUEST,ABUH-Kom,VALID,promoted,COMPLETE,
3CI1GSAD100968110,CES de YANG (Njinikom),NORD-OUEST,KOM,VALID,promoted,COMPLETE,
3EC1GSAD102344113,CES de NOI-VISOMBO,NORD-OUEST,NSO,VALID,promoted,COMPLETE,
3EC1GSAD101242110,CES de VEKOVI,NORD-OUEST,NSO,VALID,promoted,COMPLETE,
3EE1GSAD101858107,CES de KAI-KUMBO,NORD-OUEST,NSO,VALID,promoted,COMPLETE,
3EE1GSBD112127107,Lyce Bilingue de KIKAIKOM,NORD-OUEST,NSO,VALID,promoted,COMPLETE,
3EE1GSBD111458112,Lyce Bilingue de KIMBO,NORD-OUEST,NSO,VALID,promoted,COMPLETE,
3EE1GSAD111238114,Lyce de SHISONG,NORD-OUEST,NSO CHIEFDOM,VALID,promoted,COMPLETE,
3EH1GSAD102822115,CES de KOVKI-MBIAME,NORD-OUEST,NSO,VALID,promoted,COMPLETE,
3EH1GSAD111520106,Lyce de MBIAME,NORD-OUEST,,MISSING,promoted,COMPLETE,
3EI1GSAD101218110,CES de KUVLU,NORD-OUEST,NSO,VALID,promoted,COMPLETE,
3EI1GSAD111191110,Lyce de NSEH,NORD-OUEST,NSO,VALID,promoted,COMPLETE,
3EJ1GSAD101136106,CES de DIN-NONI,NORD-OUEST,,MISSING,promoted,COMPLETE,
3EJ1GSAD111829101,Lyce de NKOR-NONI,NORD-OUEST,NKOR,VALID,promoted,COMPLETE,
3EK1GSAD102301113,CES de NGEMSIBA I,NORD-OUEST,NGEMSIBA,VALID,promoted,COMPLETE,
3EK1GSAD102811115,CES de NGVUINKEI I,NORD-OUEST,OKU,VALID,promoted,COMPLETE,
3EK1GSAD111493114,Lyce de JIYANE-OKU,NORD-OUEST,OKU,VALID,promoted,COMPLETE,
3HC1GSAD101835111,CES d'AKWAJA,NORD-OUEST,AKWAJA,VALID,promoted,COMPLETE,
3HC1GSAD102812115,CES d'ASSA,NORD-OUEST,Assa,VALID,promoted,COMPLETE,
3HE1GSAD100880110,CES d'AKWETO,NORD-OUEST,,MISSING,promoted,COMPLETE,
3HE1GSBD111525111,Lyce Bilingue de MISAJE,NORD-OUEST,MISEJE,VALID,promoted,COMPLETE,
3HE1GSAD111088114,Lyce de CHUNGHE,NORD-OUEST,CHUNGHE,VALID,promoted,COMPLETE,
3HH1GSAD101409112,CES de NTUNDIP,NORD-OUEST,,MISSING,promoted,COMPLETE,
3HH1GSAD110038107,Lyce de NTUMBAW,NORD-OUEST,NTUMBAW,VALID,promoted,COMPLETE,
3HH1GSAD110922110,Lyce de TAKU,NORD-OUEST,TAKU,VALID,promoted,COMPLETE,
3HI1GSAD110936112,Lyce de BINKA,NORD-OUEST,BINKA,VALID,promoted,COMPLETE,
3HJ1GSAD100890111,CES de GOM,NORD-OUEST,GOM,VALID,promoted,COMPLETE,
3HJ1GSAD101730110,CES de MBUHGOM-ROM,NORD-OUEST,ROM,VALID,promoted,COMPLETE,
3HJ1GSAD111298112,Lyce de LUS,NORD-OUEST,LUS,VALID,promoted,COMPLETE,
3IC1GSAD101373110,CES d'ISE,NORD-OUEST,MMEN,VALID,promoted,COMPLETE,
3IC1GSAD102350113,CES de BEKULANG,NORD-OUEST,,MISSING,promoted,COMPLETE,
5IC1GSFD110132114,Lyce de TEATE-EBINA,CENTRE,EBINA,VALID,promoted,COMPLETE,
3IE1GSAD110146112,Lyce de FURU-AWA,NORD-OUEST,FURUAWA,VALID,promoted,COMPLETE,
3IH1GSAD100025109,CES de MBAMBA,NORD-OUEST,MBAMBA,VALID,promoted,COMPLETE,
3IC1GSAD111763111,Lyce de WEH,NORD-OUEST,,MISSING,promoted,COMPLETE,
5IE1GSFD102043112,CES de GAH,CENTRE,GAH,VALID,promoted,COMPLETE,
3II1GSAD101044107,CES de BANGWE,NORD-OUEST,BANGWE,VALID,promoted,COMPLETE,
3II1GSAD112453091,Lyce Classique de WUM,NORD-OUEST,AGHEM,VALID,promoted,COMPLETE,
3IC1GSAD112012106,Lyce d'ESU,NORD-OUEST,ESU,VALID,promoted,COMPLETE,
3II1GSAD101510108,CES de BU,NORD-OUEST,BU,VALID,promoted,COMPLETE,
5IE1GSFD100477110,CES de NDITAM,CENTRE,NDITAM,VALID,promoted,COMPLETE,
5IH1GSBD100192109,CES Bilingue de NYABIDI,CENTRE,NYABIDI,VALID,promoted,COMPLETE,
3JC1GSAD101747112,CES de NCHUM,NORD-OUEST,Nchum,VALID,promoted,COMPLETE,
3JC1GSBD100012111,CES Bilingue de BAWUM,NORD-OUEST,BAFUT,VALID,promoted,COMPLETE,
5IH1GSFD101990109,CES d'EGONA II,CENTRE,EGONA II,VALID,promoted,COMPLETE,
5IH1GSFD110401110,Lyce de YASSEM,CENTRE,YASSEM,VALID,promoted,COMPLETE,
5IC1GSFD101058107,CES de YEBEKOLO,CENTRE,YEBEKOLO,VALID,promoted,COMPLETE,
5II1GSBD110413111,Lyce Bilingue de NTUI,CENTRE,BINDADJENGUE,VALID,promoted,COMPLETE,
3JC1GSAD110230098,Lyce de BAFUT,NORD-OUEST,BAFUT,VALID,promoted,COMPLETE,
5JH1GSFD101729108,CES de MIMBANG,CENTRE,OLELA,VALID,promoted,COMPLETE,
5JH1GSFD101182108,CES de NGUINDA,CENTRE,AWAE,VALID,promoted,COMPLETE,
5JH1GSFD111172105,Lyce d'ELAT,CENTRE,,MISSING,promoted,COMPLETE,
5JI1GSFD100765100,CES d'EDZENDOUAN,CENTRE,EDZENDOUAN CENTRE,VALID,promoted,COMPLETE,
5JJ1GSFD100666106,CES d'AFANETOUANA,CENTRE,AFAN ETOUANA,VALID,promoted,COMPLETE,
5JJ1GSFD100727110,CES d'EBOLZOK,CENTRE,MVOG-BELLA,VALID,promoted,COMPLETE,
3IH1GSAD110927114,Lyce de BEFANG,NORD-OUEST,BEFANG,VALID,promoted,COMPLETE,
5JK1GSFD102427103,CES d'AWAE-MFOU,CENTRE,NDANGUENG,VALID,promoted,COMPLETE,
5JK1GSFD102438106,CES d'EKALI I,CENTRE,Ekali 1,VALID,promoted,COMPLETE,
5JK1GSFD100142107,CES de MFOU-VILLE,CENTRE,bloc 4,VALID,promoted,COMPLETE,
5JK1GSFD110763107,Lyce d'ABANG-NKONGOA,CENTRE,NKONGOA,VALID,promoted,COMPLETE,
6IH1GSAD101034110,CES d'ESHOBI,SUD-OUEST,ESHOBI,VALID,promoted,COMPLETE,
5JL1GSFD100761112,CES de MINDICK,CENTRE,MEHANDAN I,VALID,promoted,COMPLETE,
5JL1GSFD110746098,Lyce Bilingue de NKOABANG-NKOLAFAMBA,CENTRE,,MISSING,promoted,COMPLETE,
5JN1GSFD100695113,CES de NTOUESSONG V,CENTRE,NTOUESSONG IV,VALID,promoted,COMPLETE,
5JN1GSFD110014091,Lyce de SOA,CENTRE,SOACENTRE,VALID,promoted,COMPLETE,
5JN1GSFD110472109,Lyce Moderne de NKOZOA,CENTRE,NKOZOA,VALID,promoted,COMPLETE,
5KE1GSFD100261099,CES d'EVINDISSI,CENTRE,EVINDISSI,VALID,promoted,COMPLETE,
5KE1GSFD100455100,CES de BIKOP,CENTRE,BIKOP,VALID,promoted,COMPLETE,
5KE1GSFD102442110,CES de ZOATOUPSI,CENTRE,ZOATOUPSI,VALID,promoted,COMPLETE,
3JH1GSAD101062112,CES de BANGSHIE,NORD-OUEST,BDAKWE,VALID,promoted,COMPLETE,
3JE1GSBD111041113,Lyce Bilingue de BAWOCK,NORD-OUEST,,MISSING,promoted,COMPLETE,
5KH1GSBD110309112,Lyce Bilingue de MBALNGONG,CENTRE,MBALNGONG,VALID,promoted,COMPLETE,
5KH1GSFD112422115,Lyce de BINGUELA,CENTRE,NKONG BINGUELA,VALID,promoted,COMPLETE,
5KH1GSFD110374106,Lyce de MEFOMO,CENTRE,MEFOMO,VALID,promoted,COMPLETE,
3JE1GSAD100066112,CES de BOSSA,NORD-OUEST,0,CLEARLY_INVALID,ready,COMPLETE,locality_review
3II1GSBD110879103,Lyce Bilingue de WUM,NORD-OUEST,GHEDZE,VALID,promoted,COMPLETE,
5KI1GSFD112473074,Lyce de NGOUMOU,CENTRE,KAMBA,VALID,promoted,COMPLETE,
5LC1GSFD110673115,Lyce Bilingue de NYOM,CENTRE,NYOM,VALID,promoted,COMPLETE,
5LC1GSFD110699105,Lyce de NKOLONDOM,CENTRE,NKOLONDOM,VALID,promoted,COMPLETE,
5LE1GSFD110120091,Lyce de TSINGA,CENTRE,TSINGA,VALID,promoted,COMPLETE,
3JI1GSBD112079095,Lyce Bilingue de BAMENDA,NORD-OUEST,Mankon,VALID,promoted,COMPLETE,
5LH1GSFD111196113,Lyce d'AHALA II,CENTRE,AHALA II,VALID,promoted,COMPLETE,
5LI1GSBD110135110,Lyce Bilingue de MIMBOMAN,CENTRE,MIMBOMAN,VALID,promoted,COMPLETE,
5LI1GSFD110382091,Lyce Bilingue de NKOLNDONGO,CENTRE,YAOUNDE IV,VALID,promoted,COMPLETE,
5LJ1GSFD112791114,Lyce de NKOLMESSENG,CENTRE,NKOLMESSENG,VALID,promoted,COMPLETE,
5LL1GSBD110373110,Lyce Bilingue d'EKOREZOK,CENTRE,Ekorezok,VALID,promoted,COMPLETE,
5ME1GSFD100552107A,CES de LINDOI,CENTRE,,MISSING,promoted,COMPLETE,
5MH1GSFD102197110,CES de BOBOG I,CENTRE,BOBOG I,VALID,promoted,COMPLETE,
5MH1GSFD102365107,CES de MBANDA,CENTRE,,MISSING,promoted,COMPLETE,
3JC1GSAD111111111,Lyce de MAMBU,NORD-OUEST,BAFUT,VALID,promoted,COMPLETE,
5MH1GSFD100403109,CES de PAN-MAKAK,CENTRE,PAN-MAKAK,VALID,promoted,COMPLETE,
5MH1GSFD110519107,Lyce de HEGBA,CENTRE,HEGBA,VALID,promoted,COMPLETE,
5MI1GSFD101239107,CES de NDONGO-CENTRE,CENTRE,NDONGO,VALID,promoted,COMPLETE,
5MJ1GSBD111670107,Lyce Bilingue d'ESEKA,CENTRE,,MISSING,promoted,COMPLETE,
5MK1GSFD102377113,CES de MINKA,CENTRE,MINKA,VALID,promoted,COMPLETE,
5MK1GSFD100433112,CES de SEPP,CENTRE,SEPP,VALID,promoted,COMPLETE,
5ML1GSFD102247110,CES de MAWEL,CENTRE,MAWEL,VALID,promoted,COMPLETE,
5ML1GSFD102383113,CES de NKENG-LIKOK,CENTRE,NKENGLIKOCK,VALID,promoted,COMPLETE,
5ML1GSFD112243111,Lyce de LAMAL-POUGUE,CENTRE,POUGUE,VALID,promoted,COMPLETE,
5ML1GSFD112468095,Lyce de MATOMB,CENTRE,,MISSING,promoted,COMPLETE,
3JE1GSBD111754108,Lyce Bilingue de BALI,NORD-OUEST,BALI,VALID,promoted,COMPLETE,
5MM1GSFD102049106,CES de SONG-MBONG,CENTRE,song-mbong,VALID,promoted,COMPLETE,
5MN1GSFD101826109,CES de MAMB,CENTRE,MAMB,VALID,promoted,COMPLETE,
5MN1GSFD112457071,Lyce de NGOG-MAPUBI,CENTRE,NGOG-MAPUBI CENTRE,VALID,promoted,COMPLETE,
5MQ1GSFD110557109,Lyce de NGUIBASSAL,CENTRE,NGUIBASSAL CENTRE,VALID,promoted,COMPLETE,
3JJ1GSBD112048108,Lyce Bilingue d'ATIELA,NORD-OUEST,Nkwen,VALID,promoted,COMPLETE,
5NC1GSFD101267099,CES de MENGUEME-SY,CENTRE,Mengueme-Sy,VALID,promoted,COMPLETE,
5NC1GSFD101521112,CES de TOMBA II,CENTRE,TOMBA II,VALID,promoted,COMPLETE,
5NC1GSFD112242115,Lyce d'ANDOM-EBOA,CENTRE,EBOA,VALID,promoted,COMPLETE,
5NE1GSBD102913114,Lyce Bilingue d'AYOS-EBABODO,CENTRE,,MISSING,promoted,COMPLETE,
5NE1GSFD110607111,Lyce de NDELLE-AYOS,CENTRE,NDELLE,VALID,promoted,COMPLETE,
5NH1GSFD100631109,CES d'EYEK,CENTRE,EYEK,VALID,promoted,COMPLETE,
5NH1GSFD100622110,CES de NKO'OVENG,CENTRE,NKO'OVENG,VALID,promoted,COMPLETE,
5NJ1GSFD100650109,CES de YENASSA,CENTRE,YENASSA,VALID,promoted,COMPLETE,
3JH1GSAD102925114,CES d'ABANGOH-MENDANKWE,NORD-OUEST,Bamenda Nkwen,VALID,promoted,COMPLETE,
5QE1GSFD102250100,CES de KOMASSI,CENTRE,KOMASSI,VALID,promoted,COMPLETE,
5QE1GSFD100720106,CES de NGAT I,CENTRE,NGAT-1 DZENG,VALID,promoted,COMPLETE,
5QH1GSFD102988117,CES de MVOG-ZOUGA,CENTRE,ASSANZOA,VALID,promoted,COMPLETE,
5QI1GSFD101862098,CES d'OSSOESSAM,CENTRE,OSSOESSAM,VALID,promoted,COMPLETE,
5QJ1GSFD100119111,CES d'OSSOE-BIKOBO,CENTRE,OSSOE-BIKOBO,VALID,promoted,COMPLETE,
5QJ1GSFD100408111,CES de NKOLBEWA III,CENTRE,,MISSING,promoted,COMPLETE,
5QK1GSFD100388109,CES d'AWAE-NKOLMETET,CENTRE,AWAE,VALID,promoted,COMPLETE,
5QK1GSFD102005109,CES d'AYENE,CENTRE,AYENE,VALID,promoted,COMPLETE,
7CE1GSBD111588114,Lyce Bilingue de MELONG II,LITTORAL,MELONG II,VALID,promoted,COMPLETE,
3JK1GSAD100251110,CES de NJONG,NORD-OUEST,,MISSING,promoted,COMPLETE,
7CH1GSFD102149098,CES de BONAMATEKE,LITTORAL,YAMIKOKI-BAKOKO,VALID,promoted,COMPLETE,
7CI1GSBD112067113,Lyce Bilingue de MIANG,LITTORAL,ABO-SUD,VALID,promoted,COMPLETE,
7CI1GSBD111996107,Lyce Bilingue de PENDA-MBOKO,LITTORAL,PENDA MBOKO,VALID,promoted,COMPLETE,
3JK1GSAD111427114,Lyce de MENKA,NORD-OUEST,MENKA,VALID,promoted,COMPLETE,
7CK1GSFD102340113,CES de MANENGOTENG,LITTORAL,MANENGOTENG,VALID,promoted,COMPLETE,
7CL1GSBD111678109,Lyce Bilingue de MBANGA,LITTORAL,BALONG,VALID,promoted,COMPLETE,
7CM1GSBD102921115,CES Bilingue d'ESSEKOU,LITTORAL,ESSEKOU,VALID,promoted,COMPLETE,
3JL1GSBD101421111,CES Bilingue de TECHU-KEDJOM-KETINGUH,NORD-OUEST,KEDJOM -KETINGOH,VALID,promoted,COMPLETE,
3JL1GSAD102347113,CES de BAFORKUM-BAMBUI,NORD-OUEST,BAFORKUM,VALID,promoted,COMPLETE,
7CM1GSBD112101113,Lyce Bilingue de MBOKAMBO,LITTORAL,MBOKAMBO,VALID,promoted,COMPLETE,
7CQ1GSBD111989113,Lyce Bilingue de NJOMBE,LITTORAL,BONADAM,VALID,promoted,COMPLETE,
7CQ1GSBD111831105,Lyce Bilingue de PENJA,LITTORAL,MOUANTCHOUM,VALID,promoted,COMPLETE,
3JI1GSBD112041110,Lyce Bilingue de MANKON,NORD-OUEST,MANKON,VALID,promoted,COMPLETE,
7CX1GSBD100276110,CES Bilingue de NDOUNGUE,LITTORAL,NDOUNGUE,VALID,promoted,COMPLETE,
7CX1GSBD110236113,Lyce Bilingue de MANENGOLE,LITTORAL,MANENGOLE,VALID,promoted,COMPLETE,
7EC1GSFD102832115,CES de MAKOMBE,LITTORAL,,MISSING,promoted,COMPLETE,
7EE1GSFD100328111,CES du CARREFOUR-NDOTTOWAKWAK,LITTORAL,NDOTTO,VALID,promoted,COMPLETE,
7EE1GSFD100691110,CES de BANGOPE,LITTORAL,NDOBIAM,VALID,promoted,COMPLETE,
7EE1GSFD100337112,CES de TONGO,LITTORAL,TONGO,VALID,promoted,COMPLETE,
7EH1GSBD100351114,CES Bilingue de SOLLE,LITTORAL,SOLLE,VALID,promoted,COMPLETE,
7EC1GSFD100344112,CES de BENGA,LITTORAL,BENGA,VALID,promoted,COMPLETE,
7EH1GSFD100981110,CES de TONDE-CARREFOUR,LITTORAL,TONDE CARREFOUR,VALID,promoted,COMPLETE,
3KC1GSAD101727107,CES d'ANONG,NORD-OUEST,ANONG,VALID,promoted,COMPLETE,
7HC1GSFD102331113,CES de SOMAKEK,LITTORAL,SOMAKEK,VALID,promoted,COMPLETE,
7HE1GSBD110648112,Lyce Bilingue de DIZANGUE,LITTORAL,,MISSING,promoted,COMPLETE,
7HE1GSBD110313107,Lyce Bilingue de MBONGO,LITTORAL,Mbongo village,VALID,promoted,COMPLETE,
7HH1GSFD112218074,Lyce Classique d'EDEA,LITTORAL,PONGO,VALID,promoted,COMPLETE,
7HI1GSFD103028117,CES de MALIMBA-GARE,LITTORAL,MALIMBA GARE,VALID,promoted,COMPLETE,
7HI1GSFD101316108,CES de NGONGA,LITTORAL,NGONGA,VALID,promoted,COMPLETE,
7HJ1GSFD100492108,CES de KAHN,LITTORAL,KAHN,VALID,promoted,COMPLETE,
7HJ1GSFD110052109,Lyce de NKOM,LITTORAL,ITAYAP,VALID,promoted,COMPLETE,
7HK1GSFD102375113,CES d'OLOMBE,LITTORAL,OLOMBE,VALID,promoted,COMPLETE,
7HL1GSFD101310112,CES de BIPOCK,LITTORAL,BIPOCK,VALID,promoted,COMPLETE,
7HL1GSFD100226100,CES de NDOG-BABEM,LITTORAL,NDEBI,VALID,promoted,COMPLETE,
7HL1GSFD102727114,CES de SO'O,LITTORAL,NSE'- SO'O,VALID,promoted,COMPLETE,
7HM1GSFD100977109,CES d'INYOUYA,LITTORAL,NYOUYA,VALID,promoted,COMPLETE,
7HM1GSFD101555098,CES de BODIPO,LITTORAL,,MISSING,promoted,COMPLETE,
7HM1GSFD111558112,Lyce de NIEL,LITTORAL,NIEL,VALID,promoted,COMPLETE,
3JK1GSAD101027109,CES d'ALATENING,NORD-OUEST,ALATENING,VALID,promoted,COMPLETE,
7HQ1GSFD101130108,CES de BAYA-LOG-NTOMB,LITTORAL,NDOGBATOGUE II,VALID,promoted,COMPLETE,
7HQ1GSFD111542112,Lyce de NDEME,LITTORAL,NDEME,VALID,promoted,COMPLETE,
7HQ1GSFD111979096,Lyce de NYANON,LITTORAL,NYANO,VALID,promoted,COMPLETE,
3JK1GSBD110215102,Lyce Bilingue de SANTA,NORD-OUEST,MBEI,VALID,promoted,COMPLETE,
7IC1GSFD112465054,Lyce JOSS DE DOUALA,LITTORAL,Canton BELL,VALID,promoted,COMPLETE,
7IH1GSBD103239120,CES Bilingue MOUNGUI DE LOGBESSOU,LITTORAL,,MISSING,promoted,COMPLETE,
7IH1GSFD110083099,Lyce Bilingue de JAPOMA,LITTORAL,BAKOKO,VALID,promoted,COMPLETE,
3KC1GSAD111682104,Lyce d'ENYOH,NORD-OUEST,ENYOH,VALID,promoted,COMPLETE,
7IH1GSFD112053095,Lyce Bilingue de NYLON-NDOGPASSI,LITTORAL,,MISSING,promoted,COMPLETE,
7IH1GSFD110273115,Lyce de PK21,LITTORAL,MASSOUMBOU,VALID,promoted,COMPLETE,
7II1GSBD102868116,CES Bilingue de MINKWELLE,LITTORAL,MINKWELE,VALID,promoted,COMPLETE,
3KE1GSAD101746108,CES de BOME,NORD-OUEST,FUNAM,VALID,promoted,COMPLETE,
7II1GSFD012470072,Lyce Polyvalent de BONABERI,LITTORAL,BELLE BELLE,VALID,promoted,COMPLETE,
7IJ1GSBD111195108,Lyce Bilingue de LOGPOM II,LITTORAL,LOGPOM,VALID,promoted,COMPLETE,
4CE1GSFD101616111,CES de KING-PLACE-BATCHAM,OUEST,,MISSING,promoted,COMPLETE,
3JK1GSAD111424114,Lyce de NDAPANG,NORD-OUEST,NDAPANG,VALID,promoted,COMPLETE,
4LC1GSBD103245120,CES Bilingue de BITCHOUA I,OUEST,,MISSING,promoted,COMPLETE,
4ML1GSBD103247120,CES Bilingue de NJINGA,OUEST,,MISSING,promoted,COMPLETE,
2HE1GSBD103231120,CES Bilingue de MBAMTI-KATARKO,ADAMAOUA,,MISSING,promoted,COMPLETE,
2JC1GSFD110093108,Lyce d'IDOOL,ADAMAOUA,,MISSING,promoted,COMPLETE,
1EE1GSFD102330113,CES de MAYO-BANTADJE,NORD,,MISSING,promoted,COMPLETE,
1HC1GSFD100950112,CES de DJOUGUI,NORD,,MISSING,promoted,COMPLETE,
0EM1GSFD102074099,CES d'AFADE,EXTREME-NORD,,MISSING,promoted,COMPLETE,
1IC1GSFD110800113,Lyce de GOR,NORD,,MISSING,promoted,COMPLETE,
1IH1GSFD102699114,CES de GOUGA,NORD,,MISSING,promoted,COMPLETE,
0HE1GSFD110346111,Lyce de NOULDAINA,EXTREME-NORD,,MISSING,promoted,COMPLETE,
5CC1GSFD102014103,CES de METEP,CENTRE,METEP,VALID,promoted,COMPLETE,
5CC1GSFD110596107,Lyce de BIBEY,CENTRE,MPANANG,VALID,promoted,COMPLETE,
5CE1GSFD110124108,Lyce de BANA-ONDOM,CENTRE,bana-ondom,VALID,promoted,COMPLETE,
5CI1GSFD102464099,CES de MEKON II,CENTRE,MEKON II,VALID,promoted,COMPLETE,
5CI1GSFD100480106,CES de VELA,CENTRE,VELA,VALID,promoted,COMPLETE,
5EC1GSFD110571100,Lyce de BATSCHENGA,CENTRE,EMANA,VALID,promoted,COMPLETE,
5EE1GSFD112081101,Lyce d'EBEBDA,CENTRE,EBEBDA II,VALID,promoted,COMPLETE,
5EM1GSFD102423111,CES de MINSOA I,CENTRE,MINSOA I,VALID,promoted,COMPLETE,
5EM1GSFD110549111,Lyce de NKOLPOBLO,CENTRE,NKOLPOBLO,VALID,promoted,COMPLETE,
5HC1GSFD101873111,CES de LABLE,CENTRE,3e dgr LABLE,VALID,promoted,COMPLETE,
5CJ1GSFD100415107,CES de BIBOA,CENTRE,,MISSING,promoted,COMPLETE,
5EE1GSFD100863110,CES de LEKA,CENTRE,LEKA,VALID,promoted,COMPLETE,
5EH1GSFD110627111,Lyce de NIGA,CENTRE,NIGA,VALID,promoted,COMPLETE,
5EI1GSFD101079110,CES de KOMO-EVODOULA,CENTRE,KOMO,VALID,promoted,COMPLETE,
5EI1GSFD110176111,Lyce de PONGSOLO,CENTRE,PONGSOLO,VALID,promoted,COMPLETE,
5EK1GSFD102359110,CES D'ELIG-AMBASSA,CENTRE,,MISSING,promoted,COMPLETE,
5EI1GSFD111913112,Lyce de NKOLASSA,CENTRE,NKOLASSA,VALID,promoted,COMPLETE,
3KC1GSAD102059104,CES de KURUBEI,NORD-OUEST,KURUBEI,VALID,promoted,COMPLETE,
5EN1GSFD100127107,CES de NLONGZOG,CENTRE,ENGAP,VALID,promoted,COMPLETE,
5HJ1GSFD100112097,CES de BAYOMEN,CENTRE,BAYOMEN,VALID,promoted,COMPLETE,
5IC1GSFD111954106,Lyce de MBANGASSINA,CENTRE,TSERA/OSSAH,VALID,promoted,COMPLETE,
5HE1GSFD110592111,Lyce de YANGBEN,CENTRE,Yangben,VALID,promoted,COMPLETE,
3KC1GSAD111866092,Lyce de BATIBO,NORD-OUEST,Batibo,VALID,promoted,COMPLETE,
5EL1GSFD102434109,CES d'ELIG-NGOMO,CENTRE,elig ngomo,VALID,promoted,COMPLETE,
5EL1GSBD110715109,Lyce Bilingue d'OBALA,CENTRE,Abokono,VALID,promoted,COMPLETE,
5EL1GSFD110311110,Lyce de MINKAMA,CENTRE,minkama 6,VALID,promoted,COMPLETE,
5EN1GSFD100139110,CES de NKOLBOGO I,CENTRE,NKOLBOGO,VALID,promoted,COMPLETE,
5EK1GSFD112455078,Lyce de MONATELE,CENTRE,INDICK,VALID,promoted,COMPLETE,
5EL1GSFD102441111,CES de MBELLE I,CENTRE,MBELE I,VALID,promoted,COMPLETE,
5EL1GSFD112458074,Lyce d'OBALA,CENTRE,ABOKONO,VALID,promoted,COMPLETE,
5EM1GSFD100806109,CES d'EKABITA-TOM,CENTRE,EKABITA-TOM,VALID,promoted,COMPLETE,
5HC1GSFD102850115,CES de RIMIS-BAFIA,CENTRE,RIMIS,VALID,promoted,COMPLETE,
5HE1GSFD102690114,CES de BEGNI,CENTRE,BEGNI,VALID,promoted,COMPLETE,
5EM1GSFD102429112,CES de NKOLEKOTSING,CENTRE,NKOLEKOTSING,VALID,promoted,COMPLETE,
5EN1GSFD102366109,CES d'ONDONDO I,CENTRE,ONDONDO I,VALID,promoted,COMPLETE,
5EN1GSFD112395091,Lyce de SA'A,CENTRE,SA'A,VALID,promoted,COMPLETE,
5HM1GSFD111928102,Lyce de NITOUKOU,CENTRE,NITOUKOU,VALID,promoted,COMPLETE,
5HI1GSFD100383109,CES de BITANG,CENTRE,BITANG,VALID,promoted,COMPLETE,
3KC1GSAD111235112,Lyce de BESSI-AWUM,NORD-OUEST,BESSI,VALID,promoted,COMPLETE,
5HE1GSFD100402113,CES de TCHEKOS,CENTRE,tchekos,VALID,promoted,COMPLETE,
5HH1GSFD110385110,Lyce de DEUK,CENTRE,DEUK CENTRE,VALID,promoted,COMPLETE,
5HI1GSFD110364107,Lyce de MOUKO,CENTRE,MOUKO,VALID,promoted,COMPLETE,
5JJ1GSBD111359115,Lyce Bilingue d'ESSE,CENTRE,BLOC1,VALID,promoted,COMPLETE,
5HK1GSBD102369112,Lyce Bilingue de MAKENENE,CENTRE,BARRIERE,VALID,promoted,COMPLETE,
5IE1GSFD100845111,CES de KONG,CENTRE,KONG,VALID,promoted,COMPLETE,
5IH1GSFD112213103,Lyce de NGORO,CENTRE,K OUTABA,VALID,promoted,COMPLETE,
5II1GSBD110852111,Lyce Bilingue de NGUILA,CENTRE,NGUILA,VALID,promoted,COMPLETE,
5IJ1GSFD102200110,CES de NDJOLE,CENTRE,NDJOLE,VALID,promoted,COMPLETE,
5HK1GSFD110446112,Lyce de NYOKON,CENTRE,Nyokon I,VALID,promoted,COMPLETE,
5HM1GSFD100501109,CES de NDOG-SONDEN,CENTRE,IKONDJ,VALID,promoted,COMPLETE,
5IE1GSFD102983117,CES de NGOUME,CENTRE,SANANGA,VALID,promoted,COMPLETE,
5II1GSFD110372092,Lyce de NTUI,CENTRE,BIANGOENA,VALID,promoted,COMPLETE,
5IJ1GSFD103027115,CES d'ISSANDJA,CENTRE,ISSANDJA,VALID,promoted,COMPLETE,
3KE1GSBD112223095,Lyce Bilingue de MBENGWI,NORD-OUEST,MBENGWI,VALID,promoted,COMPLETE,
5JH1GSFD101185105,CES de NGAT-AWAE,CENTRE,NGAT,VALID,promoted,COMPLETE,
5JI1GSFD110672114,Lyce de NDZANA,CENTRE,NDZANA,VALID,promoted,COMPLETE,
5JN1GSBD102810115,CES Bilingue d'AKOUGOU,CENTRE,AKOUGOU,VALID,promoted,COMPLETE,
5KC1GSBD110298113,Lyce Bilingue d'AKONO,CENTRE,AKONO CENTRE,VALID,promoted,COMPLETE,
5JL1GSFD102415103,CES de MEVEN,CENTRE,Groupement Tsinga,VALID,promoted,COMPLETE,
5JL1GSFD110739105,Lyce de NKOLAFAMBA,CENTRE,beguele,VALID,promoted,COMPLETE,
5KE1GSFD100274110,CES de NYOMO,CENTRE,NYOMO,VALID,promoted,COMPLETE,
5JE1GSFD111845105,Lyce d'OLANGUINA,CENTRE,OLANGUINA,VALID,promoted,COMPLETE,
5JJ1GSFD100688113,CES d'EBODOUMOU,CENTRE,Ebodoumou,VALID,promoted,COMPLETE,
3KE1GSAD100004107,CES de NJINDOM,NORD-OUEST,NJINDOM,VALID,promoted,COMPLETE,
5JL1GSFD100101105,CES de ZOASSI,CENTRE,ZOK II,VALID,promoted,COMPLETE,
5KI1GSFD100281106,CES de NKONG-ABOK,CENTRE,NKONG-ABOK II,VALID,promoted,COMPLETE,
5LC1GSBD110334112,Lyce Bilingue d'EMANA,CENTRE,EMANA,VALID,promoted,COMPLETE,
3KH1GSAD100605106,CES de TINETCHUNG-VILLAGE,NORD-OUEST,TINETCHUNG,VALID,promoted,COMPLETE,
5JN1GSFD110417111,Lyce d'ABONDO,CENTRE,ABONDO,VALID,promoted,COMPLETE,
5KC1GSFD102449110,CES de MFIDA,CENTRE,MFIDA,VALID,promoted,COMPLETE,
5LE1GSFD110141092,Lyce de LA CITE-VERTE,CENTRE,CITE VERTE,VALID,promoted,COMPLETE,
5KE1GSBD110265115,Lyce Bilingue de BIKOK,CENTRE,EKOUM EBE,VALID,promoted,COMPLETE,
3KJ1GSAD100911109,CES d'EKA,NORD-OUEST,AMBELE,VALID,promoted,COMPLETE,
5LH1GSFD110685106,Lyce d'AFANOYOA,CENTRE,AFANOYOA III,VALID,promoted,COMPLETE,
5MH1GSFD100438111,CES de MANDJACK (Bot-Makak),CENTRE,,MISSING,promoted,COMPLETE,
5MH1GSFD112388092,Lyce de BOT-MAKAK,CENTRE,MAMBANDO,VALID,promoted,COMPLETE,
3KI1GSAD111986091,Lyce de NJIKWA,NORD-OUEST,NJIKWA,VALID,promoted,COMPLETE,
5LH1GSFD111749110,Lyce de NGOA-EKELLE,CENTRE,MELEN III,VALID,promoted,COMPLETE,
5LI1GSFD110412112,Lyce d'ODZA,CENTRE,Meyo,VALID,promoted,COMPLETE,
5MH1GSFD100129109,CES de BISSOMBE,CENTRE,BISSOMBE,VALID,promoted,COMPLETE,
5LC1GSFD102848115,CES d'EMANA-VILLAGE,CENTRE,EMANA,VALID,promoted,COMPLETE,
3LC1GSBD102299113,CES Bilingue de MAMBIM,NORD-OUEST,BABESSI,VALID,promoted,COMPLETE,
5MC1GSFD111676112,Lyce de BIYOUHA,CENTRE,BIYOUHA,VALID,promoted,COMPLETE,
5MH1GSFD102448108,CES de MBEBE,CENTRE,MBEBE,VALID,promoted,COMPLETE,
5MH1GSFD111175111,Lyce de NTOULENG,CENTRE,NTOULENG,VALID,promoted,COMPLETE,
5MJ1GSFD111921076,Lyce d'ESEKA,CENTRE,LYCEE,VALID,promoted,COMPLETE,
3KH1GSAD100613110,CES d'AZEM,NORD-OUEST,AZEM,VALID,promoted,COMPLETE,
5MK1GSFD111347111,Lyce de MOM-GARE,CENTRE,MOM I,VALID,promoted,COMPLETE,
5ML1GSFD112391108,Lyce de MANDOUMBA,CENTRE,MANDOUMBA,VALID,promoted,COMPLETE,
5MM1GSFD102404110,CES de NDOGBESSOL-GARE,CENTRE,NDOG BESSOL GARE,VALID,promoted,COMPLETE,
5NC1GSFD101973102,CES d'EMVANESSO,CENTRE,EMVANE-SSO,VALID,promoted,COMPLETE,
5MN1GSFD112141111,Lyce de BOUMNYEBEL,CENTRE,,MISSING,promoted,COMPLETE,
5NC1GSFD101275109,CES d'ABEM,CENTRE,ABEM,VALID,promoted,COMPLETE,
5QJ1GSFD100345107,CES d'ASSIE,CENTRE,ASSIE,VALID,promoted,COMPLETE,
5QJ1GSFD110429112,Lyce d'EKOUDENDI,CENTRE,NVOG ESSOMDANA,VALID,promoted,COMPLETE,
3KI1GSAD110168111,Lyce d'OSHIE,NORD-OUEST,OSHIE,VALID,promoted,COMPLETE,
7CH1GSBD112034107,Lyce Bilingue de BEKOKO,LITTORAL,BEKOKO,VALID,promoted,COMPLETE,
5NC1GSFD101257110,CES de MEDZEK,CENTRE,YEME YEME,VALID,promoted,COMPLETE,
5NC1GSBD111514111,Lyce Bilingue d'AKONOLINGA,CENTRE,NDAMBA VILLAGE,VALID,promoted,COMPLETE,
7CX1GSFD102439096,CES de BAKWAT,LITTORAL,3me dgr Bakwat,VALID,promoted,COMPLETE,
5NI1GSFD100821109,CES de NKOLESSONG-MENGANG,CENTRE,MIENDE,VALID,promoted,COMPLETE,
5NE1GSFD100749108,CES de MBEKA-AYOS,CENTRE,MBEKA,VALID,promoted,COMPLETE,
5NE1GSFD110756113,Lyce de KOMBO,CENTRE,KOMBO,VALID,promoted,COMPLETE,
5NH1GSFD100601112,CES de NKOLTOM,CENTRE,NKOLTOM,VALID,promoted,COMPLETE,
3LC1GSAD111053111,Lyce de BABUNGO,NORD-OUEST,BABUNGO,VALID,promoted,COMPLETE,
7CJ1GSFD101874096,CES de BABONG,LITTORAL,BABONG,VALID,promoted,COMPLETE,
5NE1GSFD101192110,CES de NNEMEYONG,CENTRE,Ngolebomo,VALID,promoted,COMPLETE,
5QC1GSFD102064097,Lyce d'AKOEMAN,CENTRE,AKOEMAN 1,VALID,promoted,COMPLETE,
5QH1GSFD100623110,CES d'EKOMBITIE-MBALMAYO,CENTRE,EKOMBITIE,VALID,promoted,COMPLETE,
7CM1GSBD101718111,CES Bilingue de MAMA,LITTORAL,,MISSING,promoted,COMPLETE,
7CM1GSBD111578106,Lyce Bilingue de MELONG,LITTORAL,,MISSING,promoted,COMPLETE,
7EC1GSFD102371113,CES de DINGANG,LITTORAL,,MISSING,promoted,COMPLETE,
5NH1GSFD100615110,CES de KPWAMENDJING,CENTRE,KPWAMENDJING,VALID,promoted,COMPLETE,
5NJ1GSFD100657107,CES d'AWAE-AYOS,CENTRE,AWO'O,VALID,promoted,COMPLETE,
3KJ1GSAD111756100,Lyce de WIDIKUM,NORD-OUEST,ABEGUM,VALID,promoted,COMPLETE,
7CJ1GSFD112010091,Lyce de LOUM,LITTORAL,mpondo,VALID,promoted,COMPLETE,
5QJ1GSFD102038112,CES de NKOLMEYANG-NGOMEDZAP,CENTRE,NKOLMEYANG,VALID,promoted,COMPLETE,
5QK1GSFD112092106,Lyce de NKOLMETET,CENTRE,EFOULAN,VALID,promoted,COMPLETE,
3LC1GSAD101030111,CES de VENGO,NORD-OUEST,BABUNGO,VALID,promoted,COMPLETE,
3LC1GSAD100201111,CES de MBINZU,NORD-OUEST,Babessi,VALID,promoted,COMPLETE,
7CM1GSBD112119114,Lyce Bilingue de MOUANGUEL,LITTORAL,MOUANGUEL,VALID,promoted,COMPLETE,
7CM1GSBD112016111,Lyce Bilingue de LELEM-MOUATONG,LITTORAL,LELEM MOUATONG,VALID,promoted,COMPLETE,
7CN1GSBD111713108,Lyce Bilingue de MOMBO,LITTORAL,MOMBO,VALID,promoted,COMPLETE,
3LC1GSAD102307113,CES de KEFEUNG,NORD-OUEST,BABA 1,NEEDS_REVIEW,ready,COMPLETE,locality_review
3LC1GSAD111032115,Lyce de VEMNGANG,NORD-OUEST,BABA I,VALID,promoted,COMPLETE,
7HH1GSBD111952109,Lyce Bilingue de la FERME SUISSE,LITTORAL,APOUH A NGOG,VALID,promoted,COMPLETE,
7HQ1GSFD101142110,CES de NYAHO,LITTORAL,Nyahoo,VALID,promoted,COMPLETE,
7CV1GSBD112022092,Lyce Bilingue de NKONGSAMBA,LITTORAL,BARESSOUMTOU,VALID,promoted,COMPLETE,
3LE1GSAD111115098,Lyce de BALIKUMBAT,NORD-OUEST,,MISSING,promoted,COMPLETE,
7EH1GSBD110322112,Lyce Bilingue de YABASSI,LITTORAL,NDOGKOKO,VALID,promoted,COMPLETE,
7HH1GSFD102990117,CES de BISSEKE-MBANDA,LITTORAL,Mbanda-Ecole,VALID,promoted,COMPLETE,
7CX1GSFD102117096,CES de MANENGOUBA II,LITTORAL,MANENGOUBA II,VALID,promoted,COMPLETE,
3LE1GSBD111060113,Lyce Bilingue de BALIKUMBAT,NORD-OUEST,BALIKUMBAT,VALID,promoted,COMPLETE,
7HJ1GSFD110063106,Lyce de SONGMBENGUE,LITTORAL,HAOUSSA,VALID,promoted,COMPLETE,
7HL1GSFD101320109,CES de MBONGO-NDOM,LITTORAL,NONN,VALID,promoted,COMPLETE,
7HL1GSFD111582091,Lyce de NDOM,LITTORAL,NDOM-CENTRE,VALID,promoted,COMPLETE,
7HH1GSFD100764109,CES de YASSOUKOU,LITTORAL,NDOKOHI,VALID,promoted,COMPLETE,
6IH1GSAD111023115,Lyce de NCHANG,SUD-OUEST,NCHANG,VALID,promoted,COMPLETE,
7HM1GSFD111681092,Lyce de NGAMBE,LITTORAL,NGAMBE IV,VALID,promoted,COMPLETE,
7IE1GSBD102809115,CES Bilingue de DOUALA II,LITTORAL,NEW -BELL,VALID,promoted,COMPLETE,
7EE1GSFD111692108,Lyce de NDOBIAN,LITTORAL,ndogsa,VALID,promoted,COMPLETE,
3LI1GSBD111432111,Lyce Bilingue de BAMALI-NDOP,NORD-OUEST,BAMALI,VALID,promoted,COMPLETE,
7HQ1GSFD110970109,Lyce de NKONGKWALLA,LITTORAL,,MISSING,promoted,COMPLETE,
7IH1GSBD110294112,Lyce Bilingue de NGODI-BAKOKO,LITTORAL,NGODI BAKOKO,VALID,promoted,COMPLETE,
7HK1GSBD111887108,Lyce Bilingue de MOUANKO,LITTORAL,ABBE,VALID,promoted,COMPLETE,
7HL1GSFD101585108,CES de NGOCK,LITTORAL,NGOCK,VALID,promoted,COMPLETE,
3LI1GSAD102324113,CES de NTENKON-BAMUNKA,NORD-OUEST,,MISSING,promoted,COMPLETE,
2CE1GSFD102249108,CES de MINIM,ADAMAOUA,,MISSING,promoted,COMPLETE,
4CI1GSFD111795110,Lyce de KONTSA'A,OUEST,,MISSING,promoted,COMPLETE,
4HI1GSBD100487112,CES Bilingue de BAFAMGOUM I,OUEST,,MISSING,promoted,COMPLETE,
7HN1GSFD101132111,CES de MANDJAP-GARE,LITTORAL,mandjab,VALID,promoted,COMPLETE,
3LI1GSFD102744114,CES de MBELUE-BAMESSING,NORD-OUEST,BAMESSING,VALID,promoted,COMPLETE,
7IH1GSBD110694111,Lyce Bilingue de BOBONGO-PETIT-PARIS,LITTORAL,bobongo,VALID,promoted,COMPLETE,
7II1GSBD110297110,Lyce Bilingue de MAMBANDA,LITTORAL,,MISSING,promoted,COMPLETE,
7IH1GSBD102232112,Lyce Bilingue de MBANGA-PONGO,LITTORAL,MBANGA-PONGO,VALID,promoted,COMPLETE,
3LI1GSBD111760095,Lyce Bilingue de NDOP,NORD-OUEST,BAMUNKA,VALID,promoted,COMPLETE,
4IE1GSFD100476109,CES de BANGANG-FONDJI,OUEST,,MISSING,promoted,COMPLETE,
4KH1GSFD112398107,Lyce de DJUNANG,OUEST,,MISSING,promoted,COMPLETE,
2HE1GSBD103232120,CES Bilingue de MBIRIDJOM,ADAMAOUA,,MISSING,promoted,COMPLETE,
7IJ1GSFD101305110,CES de la CITE-SIC,LITTORAL,NDOGHEM I,VALID,promoted,COMPLETE,
3LI1GSBD111017113,Lyce Bilingue de MBEUNKONG,NORD-OUEST,BAMUNKA,VALID,promoted,COMPLETE,
4LC1GSBD103246120,CES Bilingue de BATCHINGOU-TOUSSEU,OUEST,,MISSING,promoted,COMPLETE,
2JC1GSFD100338111,CES de DJILOUGOU,ADAMAOUA,,MISSING,promoted,COMPLETE,
1CJ1GSFD110833098,Lyce de GAROUA-DJAMBOUTOU,NORD,,MISSING,promoted,COMPLETE,
4JK1GSBD101308111,CES Bilingue d'ABACK-NKA,OUEST,,MISSING,promoted,COMPLETE,
4LC1GSFD111626110,Lyce de BANTUM,OUEST,,MISSING,promoted,COMPLETE,
2JH1GSFD111480114,Lyce de KARNA-MANGA,ADAMAOUA,,MISSING,promoted,COMPLETE,
1CL1GSFD102867115,CES de SANGUERE-NGAL,NORD,,MISSING,promoted,COMPLETE,
1HC1GSFD102866115,CES de BOUDVA,NORD,,MISSING,promoted,COMPLETE,
6CC1GSBD111860071,Lyce Bilingue de MOLYKO-BUEA,SUD-OUEST,MOLYKO,VALID,promoted,COMPLETE,
4MK1GSBD111937100,Lyce Bilingue de MAGBA,OUEST,,MISSING,promoted,COMPLETE,
2HC1GSFD110029109,Lyce de SONGKOLONG,ADAMAOUA,,MISSING,promoted,COMPLETE,
1CL1GSFD102696114,CES d'HAIGA-DJEWA,NORD,,MISSING,promoted,COMPLETE,
1EE1GSFD100775110,CES de POLI-RURAL,NORD,,MISSING,promoted,COMPLETE,
6CC1GSAD100908103,CES de BWIYUKU-BUEA,SUD-OUEST,BWIYUKU,VALID,promoted,COMPLETE,
4MN1GSBD103248120,CES Bilingue de FOLAP,OUEST,,MISSING,promoted,COMPLETE,
2JJ1GSFD111840074,Lyce Classique et Moderne de NGAOUNDERE,ADAMAOUA,,MISSING,promoted,COMPLETE,
1CT1GSFD111213107,Lyce de TOUROUA,NORD,,MISSING,promoted,COMPLETE,
6CC1GSAD100849111,CES de WOKEKA,SUD-OUEST,Wokeka,VALID,promoted,COMPLETE,
1CE1GSFD102830115,CES d'HAMALADE,NORD,,MISSING,promoted,COMPLETE,
1CM1GSFD112222098,Lyce de LAGDO,NORD,,MISSING,promoted,COMPLETE,
1EC1GSFD111160110,Lyce de TCHAMBA,NORD,,MISSING,promoted,COMPLETE,
1HH1GSBD103240120,CES Bilingue de BOSSOUM,NORD,,MISSING,promoted,COMPLETE,
1IE1GSFD110868115,Lyce de BERE,NORD,,MISSING,promoted,COMPLETE,
1HC1GSFD101069110,Lyce de BIDZAR,NORD,,MISSING,promoted,COMPLETE,
1HH1GSBD111073115,Lyce Bilingue de MANDAMA,NORD,,MISSING,promoted,COMPLETE,
0EK1GSFD103230120,CES d'AJAINE,EXTREME-NORD,,MISSING,promoted,COMPLETE,
0HJ1GSFD102840116,CES de GUINANE,EXTREME-NORD,,MISSING,promoted,COMPLETE,
0HQ1GSFD111100113,Lyce d'HOUGNO,EXTREME-NORD,,MISSING,promoted,COMPLETE,
6JC1GSAD100559107,CES de MBAKWA-SUPE,SUD-OUEST,MBAKWA SUPE,VALID,promoted,COMPLETE,
1II1GSFD102924114,CES de MAYO-LADEE,NORD,,MISSING,promoted,COMPLETE,
0HK1GSFD102841116,CES de BOUZAR,EXTREME-NORD,,MISSING,promoted,COMPLETE,
0KE1GSFD110570115,Lyce de GAMDOUGOUM,EXTREME-NORD,,MISSING,promoted,COMPLETE,
1HE1GSFD101315112,CES de MAYO-LOUE,NORD,,MISSING,promoted,COMPLETE,
6JC1GSAD100470112,CES de WONE,SUD-OUEST,KONYE,VALID,promoted,COMPLETE,
0CH1GSFD110296107,Lyce de GAZAWA,EXTREME-NORD,,MISSING,promoted,COMPLETE,
0HE1GSFD112189115,Lyce de DOMPYA,EXTREME-NORD,,MISSING,promoted,COMPLETE,
0IC1GSFD100441112,CES de MANDAIGOUM,EXTREME-NORD,,MISSING,promoted,COMPLETE,
1IE1GSFD110704108,Lyce de BAIKWA,NORD,,MISSING,promoted,COMPLETE,
6CC1GSAD110829118,Lyce de BOMAKA-BUEA,SUD-OUEST,BOMAKA,VALID,promoted,COMPLETE,
0IE1GSBD112065104,Lyce Bilingue de KAELE,EXTREME-NORD,,MISSING,promoted,COMPLETE,
0HH1GSFD112080107,Lyce Bilingue de GUERE,EXTREME-NORD,,MISSING,promoted,COMPLETE,
0HM1GSFD112122103,Lyce de TCHATIBALI,EXTREME-NORD,,MISSING,promoted,COMPLETE,
6II1GSBD100656110,CES Bilingue de BAKEBE,SUD-OUEST,BAKEBE,VALID,promoted,COMPLETE,
6II1GSAD100520106,CES d'EBEAGWA,SUD-OUEST,EBEAGWA,VALID,promoted,COMPLETE,
6II1GSAD101957104,CES de MBINJONG,SUD-OUEST,MBINJONG,VALID,promoted,COMPLETE,
6JC1GSAD110110113,Lyce de MATOH,SUD-OUEST,MATOH,VALID,promoted,COMPLETE,
6JI1GSAD111737113,Lyce de KUMBA-MBENG,SUD-OUEST,BAFAW,VALID,promoted,COMPLETE,
6JE1GSAD110465113,Lyce de NKAMLIKUM,SUD-OUEST,BAFAW,VALID,promoted,COMPLETE,
6JJ1GSBD102714114,CES Bilingue de BEKONDO,SUD-OUEST,BEKONDO,VALID,promoted,COMPLETE,
6JJ1GSAD100817110,CES de BAI-PANYA,SUD-OUEST,BAI-KUKE,VALID,promoted,COMPLETE,
6JJ1GSAD100881110,CES de BAKUMBA,SUD-OUEST,Bakumba,VALID,promoted,COMPLETE,
6JJ1GSAD100813110,CES de BOMBELE-MBONGE,SUD-OUEST,MBONGE,VALID,promoted,COMPLETE,
6JJ1GSAD100635111,CES de MBALANGI,SUD-OUEST,MBALANGI,VALID,promoted,COMPLETE,
6JJ1GSAD100738109,CES de SMALL-EKOMBE,SUD-OUEST,SMALL EKOMBE,VALID,promoted,COMPLETE,
6JJ1GSAD111319111,Lyce de BEKONDO-MBONGE,SUD-OUEST,BEKONDO,VALID,promoted,COMPLETE,
6KC1GSAD101048110,CES de BEKUMU I,SUD-OUEST,Bamusso,VALID,promoted,COMPLETE,
6KE1GSAD101098110,CES de BETENGE-BALUE,SUD-OUEST,BETENGE,VALID,promoted,COMPLETE,
6KH1GSAD101304109,CES de FUNGE-BALOND,SUD-OUEST,BALONDO,VALID,promoted,COMPLETE,
6KH1GSAD100452110,CES de LOBE-TOWN,SUD-OUEST,BAKUNDU,VALID,promoted,COMPLETE,
6KH1GSAD111327113,Lyce de BAFAKA-BALUE,SUD-OUEST,,MISSING,promoted,COMPLETE,
6KK1GSAD102125110,CES de BARACKS,SUD-OUEST,BARRACKS,VALID,promoted,COMPLETE,
6KL1GSAD100507103,CES de MEKA-NGOLO,SUD-OUEST,MEKA,VALID,promoted,COMPLETE,
6KL1GSBD112466103,Lyce Bilingue de MUNDEMBA,SUD-OUEST,MANJA,VALID,promoted,COMPLETE,
6CC1GSAD110406096,Lyce de BUEA,SUD-OUEST,LIKOKO MEMBEA,VALID,promoted,COMPLETE,
6CH1GSAD111948115,Lyce de MUNYENGE-MUYUKA,SUD-OUEST,MUNYENGE,VALID,promoted,COMPLETE,
6CI1GSBD110485100,Lyce Bilingue de TIKO,SUD-OUEST,LIKOMBA,VALID,promoted,COMPLETE,
6EH1GSAD100608097,CES de NYANDONG,SUD-OUEST,NYANDONG,VALID,promoted,COMPLETE,
6II1GSAD110027099,Lyce de TINTO,SUD-OUEST,TINTO,VALID,promoted,COMPLETE,
6HC1GSBD101103107,CES Bilingue de MBELENKA,SUD-OUEST,M'MUOCK NGIE,VALID,promoted,COMPLETE,
6II1GSAD110050112,Lyce de KENDEM,SUD-OUEST,KENDEM,VALID,promoted,COMPLETE,
6HC1GSBD101117109,CES Bilingue d'EMOLAH-NWANGONG,SUD-OUEST,NWANGONG,VALID,promoted,COMPLETE,
6HC1GSAD102735114,CES d'EFONG,SUD-OUEST,LEWOH,VALID,promoted,COMPLETE,
6EH1GSAD110026092,Lyce de NYASOSO,SUD-OUEST,NYASOSO II,VALID,promoted,COMPLETE,
6HC1GSAD102225113,CES de NDUMBIN-NDUNGATED,SUD-OUEST,NDUNGATED,VALID,promoted,COMPLETE,
6HC1GSBD111123111,Lyce Bilingue de NDUNG-NWA,SUD-OUEST,Nwasah,VALID,promoted,COMPLETE,
6HE1GSBD100649106,CES Bilingue d'ATULIA,SUD-OUEST,LEBANG,VALID,promoted,COMPLETE,
6HH1GSAD100481108,CES de M'MUOCK-LETEH,SUD-OUEST,Leteh,VALID,promoted,COMPLETE,
6HH1GSAD110475108,Lyce de BESALI,SUD-OUEST,BESALI,VALID,promoted,COMPLETE,
6HE1GSAD100602108,CES de LEBUH-MBI-FOSSUNG,SUD-OUEST,FOSSUNG,VALID,promoted,COMPLETE,
6HH1GSAD102461110,CES de NKONG,SUD-OUEST,NKONG FONDOM,VALID,promoted,COMPLETE,
6HH1GSAD110671114,Lyce de MAGHA,SUD-OUEST,BAMUMBU,VALID,promoted,COMPLETE,
6HH1GSAD100144111,CES de BECHATI,SUD-OUEST,BECHATI,VALID,promoted,COMPLETE,
6HH1GSAD110021107,Lyce de MUNDANI-WABANE,SUD-OUEST,BAMUMBU,VALID,promoted,COMPLETE,
6IC1GSAD101087106,CES de BALLIN,SUD-OUEST,BALLIN,VALID,promoted,COMPLETE,
8CH1GSFD102316113,CES de MESSOK,SUD,Messok,VALID,promoted,COMPLETE,
8CH1GSBD110580107,Lyce Bilingue de KOUM-YETOTAN,SUD,KOUM YETOTAN,VALID,promoted,COMPLETE,
8CL1GSFD112111113,Lyce d'AVEBE-ESSE,SUD,Avebe esse,VALID,promoted,COMPLETE,
6IE1GSAD102293113,CES d'OTU,SUD-OUEST,OTU,VALID,promoted,COMPLETE,
8CC1GSFD100010107,CES de MEKAS,SUD,,MISSING,promoted,COMPLETE,
8CI1GSBD101833112,CES Bilingue de MEYOMESSI,SUD,Kongo,VALID,promoted,COMPLETE,
8CM1GSFD110973109,Lyce de FIBOT,SUD,FIBOT,VALID,promoted,COMPLETE,
8CE1GSBD110167107,Lyce Bilingue de DJOUM,SUD,ADJAP,VALID,promoted,COMPLETE,
8CH1GSFD102157109,CES de MEBAME,SUD,,MISSING,promoted,COMPLETE,
8CI1GSFD100629103,CES d'OLOUNOU,SUD,OLOUNOU,VALID,promoted,COMPLETE,
8CM1GSFD101531110,CES de MEBA,SUD,,MISSING,promoted,COMPLETE,
8CL1GSFD110995112,Lyce de NKPWANG,SUD,NKPWANG,VALID,promoted,COMPLETE,
8EH1GSFD110516112,Lyce de NYANGONG,SUD,,MISSING,promoted,COMPLETE,
8EI1GSFD101975102,CES de MEFO,SUD,MEFO,VALID,promoted,COMPLETE,
8EC1GSFD110229114,Lyce de NGOAZIP,SUD,NGOAZIP I,VALID,promoted,COMPLETE,
8EI1GSFD110755113,Lyce de MEKOMO,SUD,Mekomo,VALID,promoted,COMPLETE,
8EJ1GSFD102361109,CES de NKOK-EKOUK,SUD,,MISSING,promoted,COMPLETE,
8EE1GSFD100566099,CES de MANG-YEMISSEM,SUD,MANG-YEMISSEM,VALID,promoted,COMPLETE,
8EH1GSBD111894092,Lyce Bilingue d'EBOLOWA,SUD,NKO'OVOS,VALID,promoted,COMPLETE,
8EH1GSFD110181105,Lyce d'EBOLOWA-RURAL,SUD,Adoum,VALID,promoted,COMPLETE,
8EM1GSFD101901100,CES d'ENAMGAL,SUD,ENAMGAL,VALID,promoted,COMPLETE,
8HE1GSFD110090098,Lyce de BIPINDI,SUD,,MISSING,promoted,COMPLETE,
8HI1GSFD110375113,Lyce Bilingue de KRIBI-URBAIN,SUD,TALLA,VALID,promoted,COMPLETE,
8HK1GSFD102929114,CES d'EBONDI,SUD,Ebondi,VALID,promoted,COMPLETE,
8HL1GSFD102728114,CES de NKOUMBALA,SUD,Nkouambpoer I,VALID,promoted,COMPLETE,
8EM1GSFD110172096,Lyce Bilingue de NGOULEMAKONG,SUD,NGOULEMAKONG,VALID,promoted,COMPLETE,
8HK1GSFD102321113,CES de BONGUEN,SUD,,MISSING,promoted,COMPLETE,
8HK1GSFD100748112,CES de MBOKE,SUD,MBOKE,VALID,promoted,COMPLETE,
8HL1GSFD101882110,CES de BIKALLA,SUD,BIKALLA,VALID,promoted,COMPLETE,
8HN1GSBD111919112,Lyce Bilingue de NIETE,SUD,V7,VALID,promoted,COMPLETE,
8II1GSFD112021100,Lyce Bilingue d'OLAMZE,SUD,MEKO'OSSI II,VALID,promoted,COMPLETE,
9CI1GSFD100071112,CES de MASSEA,EST,MASSEA,VALID,promoted,COMPLETE,
9CI1GSFD102845115,CES de MOPOUO-BIDJOUKI,EST,MOPOUO,VALID,promoted,COMPLETE,
8IC1GSFD110195110,Lyce d'ASSANDJIK,SUD,Assandjik,VALID,promoted,COMPLETE,
8IH1GSFD100444108,CES d'EKEKE,SUD,EKEKE,VALID,promoted,COMPLETE,
9CE1GSFD102194113,CES de NDONGO,EST,Ndongo,VALID,promoted,COMPLETE,
9EN1GSFD102191113,CES de MINTOM,EST,Mintoum,VALID,promoted,COMPLETE,
9CI1GSFD100707111,CES de YOKADOUMA-BIENEMAMA,EST,,MISSING,promoted,COMPLETE,
9EJ1GSFD110213096,Lyce Bilingue de DIMAKO,EST,SOURCE,VALID,promoted,COMPLETE,
9EK1GSFD110173107,Lyce Bilingue de MINDOUROU-DJA,EST,MINDOUROU,VALID,promoted,COMPLETE,
9EM1GSFD110186118,Lyce de MOTCHEBOUM,EST,MOTCHEBOUM,VALID,promoted,COMPLETE,
9ES1GSFD100646111,CES de DIMPAM,EST,LEHE ETMPOUHO,VALID,promoted,COMPLETE,
9ES1GSFD102061113,CES de NGOULEMAKONG-MESSAMENA,EST,,MISSING,promoted,COMPLETE,
9EC1GSBD110359100,Lyce Bilingue d'ABONG-MBANG,EST,MADOUMA,VALID,promoted,COMPLETE,
9EI1GSFD102178113,CES de BIGOENS,EST,,MISSING,promoted,COMPLETE,
9ET1GSFD101141104,Lyce de MESSOK,EST,MESSOK,VALID,promoted,COMPLETE,
9HC1GSFD110171114,Lyce de BATOURI-TRYPANO,EST,TRYPANO,VALID,promoted,COMPLETE,
9IE1GSFD110314111,Lyce de TIGAZA,EST,Tigaza,VALID,promoted,COMPLETE,
3CC1GSAD100049109,CES d'IBAL-ANJIN,NORD-OUEST,KOM,VALID,promoted,COMPLETE,
9HC1GSFD110008111,Lyce de SAMBO,EST,,MISSING,promoted,COMPLETE,
6IE1GSAD111651113,Lyce d'AFAB,SUD-OUEST,AFAB,VALID,promoted,COMPLETE,
9HH1GSFD112017112,Lyce de BOUBARA,EST,BOUBARA,VALID,promoted,COMPLETE,
9HI1GSFD102915115,CES de KAGNOL I,EST,KAGNOL I,VALID,promoted,COMPLETE,
9HL1GSBD112007113,Lyce Bilingue de NGUELEBOK,EST,,MISSING,promoted,COMPLETE,
9IE1GSFD102844115,CES de BIRPONDO,EST,CHEFFERIE DE BIRPONDO,POSSIBLE_REAL_LOCALITY,promoted,COMPLETE,
9IH1GSBD112387092,Lyce Bilingue de BERTOUA,EST,NGAIKANDA,VALID,promoted,COMPLETE,
9IK1GSFD102724114,CES de BINDIBA,EST,BINDIBA,VALID,promoted,COMPLETE,
3CH1GSAD101644110,CES d'ACHAIN,NORD-OUEST,KOM,VALID,promoted,COMPLETE,
3EC1GSAD111232110,Lyce de NKAR,NORD-OUEST,,MISSING,promoted,COMPLETE,
3EE1GSBD111664098,Lyce Bilingue de KUMBO,NORD-OUEST,NSO,VALID,promoted,COMPLETE,
9II1GSBD112396114,Lyce Bilingue de BETARE-OYA,EST,Kpawara,VALID,promoted,COMPLETE,
9IK1GSBD102376113,Lyce Bilingue de GAROUA-BOULAI,EST,SABONGARI,VALID,promoted,COMPLETE,
9IL1GSFD112411111,Lyce de MANDJOU,EST,BINDIA,VALID,promoted,COMPLETE,
3CC1GSAD100097111,CES de BAINGO,NORD-OUEST,KOM,VALID,promoted,COMPLETE,
3CH1GSAD100243110,CES de NGWAH-EBOSUNG,NORD-OUEST,KOM,VALID,promoted,COMPLETE,
3CI1GSAD100964109,CES de CHUAKU-MULOIN,NORD-OUEST,Muloin,VALID,promoted,COMPLETE,
3CI1GSAD111916107,Lyce de NJINIKOM,NORD-OUEST,KOM,VALID,promoted,COMPLETE,
3CE1GSAD102703114,CES de SAFF,NORD-OUEST,SAFF,VALID,promoted,COMPLETE,
3CH1GSAD110204111,Lyce de MELI,NORD-OUEST,Meli,VALID,promoted,COMPLETE,
3EC1GSAD102346113,CES de MBOKAM,NORD-OUEST,NSO,VALID,promoted,COMPLETE,
3EC1GSAD101244107,CES de WVEM,NORD-OUEST,NSO,VALID,promoted,COMPLETE,
3EE1GSAD102823115,CES de KINGOMEN,NORD-OUEST,NSO,VALID,promoted,COMPLETE,
6JE1GSAD111961108,Lyce de KAKE,SUD-OUEST,KAKE I,VALID,promoted,COMPLETE,
6JI1GSAD101744111,CES de KANG-BAROMBI,SUD-OUEST,BAROMBI,VALID,promoted,COMPLETE,
6JJ1GSAD100943110,CES de BOLE,SUD-OUEST,BOLE BAKUNDU,VALID,promoted,COMPLETE,
6JI1GSAD111732112,Lyce de MALENDE-KUMBA,SUD-OUEST,MALENDE,VALID,promoted,COMPLETE,
6JJ1GSAD100884109,CES de BIG-BUTU,SUD-OUEST,BIG BUTU,VALID,promoted,COMPLETE,
6JJ1GSAD101906100,CES de NGWANDI,SUD-OUEST,NGWANDI,VALID,promoted,COMPLETE,
6JJ1GSAD110951115,Lyce de BANGA-BAKUNDU,SUD-OUEST,BANGA BAKUNDU,VALID,promoted,COMPLETE,
6KH1GSBD111323098,Lyce Bilingue d'EKONDO-TITI,SUD-OUEST,BALONDO,VALID,promoted,COMPLETE,
6KH1GSAD110400111,Lyce de BEKORA-BAROMBI,SUD-OUEST,BEKORA BAROMBI,VALID,promoted,COMPLETE,
6KJ1GSBD110661109,Lyce Bilingue d'ISANGUELE,SUD-OUEST,AMOTO,VALID,promoted,COMPLETE,
6KE1GSAD110221108,Lyce de DIKOME-BALUE,SUD-OUEST,DIKUME BALUE,VALID,promoted,COMPLETE,
6KE1GSAD100498109,CES de DIFENDA-BALUE,SUD-OUEST,BALUE,VALID,promoted,COMPLETE,
6KH1GSAD100871109,CES de BONGONGO I,SUD-OUEST,BONGONGO I,VALID,promoted,COMPLETE,
6KH1GSAD100134112,CES de LOBE-ESTATE,SUD-OUEST,BALONDO -ESTATE,VALID,promoted,COMPLETE,
6KH1GSAD110940107,Lyce de BISORO-BALUE,SUD-OUEST,BISSORO BALUE,VALID,promoted,COMPLETE,
3EE1GSAD111698106,Lyce de KITIWUM,NORD-OUEST,NSO,VALID,promoted,COMPLETE,
6CC1GSAD111844112,Lyce de BUEA-TOWN,SUD-OUEST,BUEA,VALID,promoted,COMPLETE,
3EE1GSAD111279112,Lyce de KIYAN,NORD-OUEST,Nso,VALID,promoted,COMPLETE,
6CC1GSAD110858118,Lyce de GREAT-SOPPO-BUEA,SUD-OUEST,GREAT SOPPO,VALID,promoted,COMPLETE,
6KM1GSAD100529110,CES de MADIE-NGOLO,SUD-OUEST,NGOLO,VALID,promoted,COMPLETE,
3EE1GSAD111252115,Lyce de TADU-KUMBO,NORD-OUEST,Nso,VALID,promoted,COMPLETE,
6CE1GSAD110041107,Lyce de BATOKE,SUD-OUEST,BATOK,VALID,promoted,COMPLETE,
3EI1GSAD101149106,CES de DZENG-NKUM,NORD-OUEST,DZENG,VALID,promoted,COMPLETE,
6CH1GSBD110428090,Lyce Bilingue de MUYUKA,SUD-OUEST,Muyuka,VALID,promoted,COMPLETE,
6CH1GSAD110020104,Lyce de MALENDE-MUYUKA,SUD-OUEST,MALENDE,VALID,promoted,COMPLETE,
6EC1GSAD101679110,CES d'EKANJOH-BAJOH,SUD-OUEST,BANGEM,VALID,promoted,COMPLETE,
6CE1GSAD101935112,CES de MABETA,SUD-OUEST,DIKOLO,VALID,promoted,COMPLETE,
3EH1GSBD101517106,CES Bilingue de MBOHNSO,NORD-OUEST,NSO,VALID,promoted,COMPLETE,
6CE1GSAD110491113,Lyce de MBONJO-LIMBE,SUD-OUEST,LIMBE,VALID,promoted,COMPLETE,
6CH1GSAD112153110,Lyce d'EKONA,SUD-OUEST,EKONA,VALID,promoted,COMPLETE,
6CI1GSBD110681113,Lyce Bilingue de MUDEKA,SUD-OUEST,Mudeka,VALID,promoted,COMPLETE,
6EC1GSBD102323113,CES Bilingue de MUANGWEKAN,SUD-OUEST,MUANGWEKAN,VALID,promoted,COMPLETE,
6CE1GSBD110461092,Lyce Bilingue de LIMBE,SUD-OUEST,LIMBE,VALID,promoted,COMPLETE,
3EI1GSAD101202110,CES de BANTEN,NORD-OUEST,NSO,VALID,promoted,COMPLETE,
6CH1GSAD100386113,CES d'OWE-ROAD,SUD-OUEST,OWE,VALID,promoted,COMPLETE,
6CH1GSAD110435109,Lyce de BAFIA-MUYUKA,SUD-OUEST,BALONG,VALID,promoted,COMPLETE,
6CI1GSBD110440106,Lyce Bilingue de MUTENGENE,SUD-OUEST,MUTENGENE,VALID,promoted,COMPLETE,
6EC1GSAD101668097,CES de MUEBA-NNINONG,SUD-OUEST,MUEBAH,VALID,promoted,COMPLETE,
6EC1GSAD101171110,CES de MUABI,SUD-OUEST,MUABI,VALID,promoted,COMPLETE,
6EC1GSAD102310113,CES de NDIBSI,SUD-OUEST,NDIBSE I,VALID,promoted,COMPLETE,
6EC1GSBD112075108,Lyce Bilingue de MUAMBONG,SUD-OUEST,Muambong,VALID,promoted,COMPLETE,
6EE1GSAD102025108,CES de MBETTA,SUD-OUEST,MBETTA,VALID,promoted,COMPLETE,
6EE1GSAD110614107,Lyce de NJUNGO,SUD-OUEST,NJUNGO,VALID,promoted,COMPLETE,
3EJ1GSAD101139109,CES de LASSIN,NORD-OUEST,LASSIN,VALID,promoted,COMPLETE,
3EI1GSAD101205110,CES de KIFEM-MBAM,NORD-OUEST,KIFEM,VALID,promoted,COMPLETE,
3EI1GSAD101180110,CES de NGENDZEN,NORD-OUEST,NSO,VALID,promoted,COMPLETE,
6EE1GSAD101122108,CES de MANYEMEN,SUD-OUEST,Manyemen,VALID,promoted,COMPLETE,
6EE1GSBD110678115,Lyce Bilingue de NGUTI,SUD-OUEST,NGUTI,VALID,promoted,COMPLETE,
6EH1GSAD100713107,CES d'ETAM,SUD-OUEST,ETAM,VALID,promoted,COMPLETE,
3EJ1GSAD111463112,Lyce de LAFELE-DJOTTIN,NORD-OUEST,,MISSING,promoted,COMPLETE,
6EC1GSBD112054098,Lyce Bilingue de BANGEM,SUD-OUEST,BANGEM,VALID,promoted,COMPLETE,
3EI1GSAD111198113,Lyce de MAH,NORD-OUEST,NSO,VALID,promoted,COMPLETE,
6EE1GSAD100822109,CES de NTALE,SUD-OUEST,Ntale,VALID,promoted,COMPLETE,
6EH1GSBD100725108,CES Bilingue de BUBA,SUD-OUEST,Buba,VALID,promoted,COMPLETE,
3EJ1GSAD101467110,CES de NGEPTANG-DIN,NORD-OUEST,DIN,VALID,promoted,COMPLETE,
3EK1GSAD101530110,CES de MBOH-OKU,NORD-OUEST,OKU,VALID,promoted,COMPLETE,
3EK1GSAD102348113,CES d'ELUNG,NORD-OUEST,Oku,VALID,promoted,COMPLETE,
3EK1GSBD101158110,Lyce Bilingue de LUI-OKU,NORD-OUEST,LUI-OKU,VALID,promoted,COMPLETE,
3EK1GSAD111477113,Lyce de SIMONKOV,NORD-OUEST,SIMONKOV,VALID,promoted,COMPLETE,
3HC1GSAD101406109,CES de MBANDE,NORD-OUEST,MBANDE,VALID,promoted,COMPLETE,
3HE1GSAD111693114,Lyce de DUMBU,NORD-OUEST,DUMBU,VALID,promoted,COMPLETE,
3HH1GSBD110840107,Lyce Bilingue de NDU,NORD-OUEST,NDU,VALID,promoted,COMPLETE,
3EK1GSAD102143110,CES de TANKIY-OKU,NORD-OUEST,OKU,VALID,promoted,COMPLETE,
3EK1GSAD111485110,Lyce d'IBAL-OKU,NORD-OUEST,Ibal-Oku,VALID,promoted,COMPLETE,
3HC1GSAD101404106,CES de KUTA,NORD-OUEST,KUTA,VALID,promoted,COMPLETE,
3HE1GSAD102716114,CES de SABONGIDA,NORD-OUEST,,MISSING,promoted,COMPLETE,
3HH1GSAD102819115,CES de NTABA,NORD-OUEST,SOP,VALID,promoted,COMPLETE,
6IC1GSAD101091099,CES de BACHE,SUD-OUEST,AKWAYA,VALID,promoted,COMPLETE,
3EK1GSBD111659109,Lyce Bilingue de TOLON,NORD-OUEST,JIKEJEM,VALID,promoted,COMPLETE,
3HC1GSAD101368110,CES de BUKU,NORD-OUEST,BUKU,VALID,promoted,COMPLETE,
3HC1GSBD111696115,Lyce Bilingue d'AKO,NORD-OUEST,AKO,VALID,promoted,COMPLETE,
3HH1GSAD101528109,CES de NJILAH,NORD-OUEST,NJILAH,VALID,promoted,COMPLETE,
3HH1GSAD111522115,Lyce de MBIPLAH,NORD-OUEST,NDU,VALID,promoted,COMPLETE,
6IC1GSAD102130104,CES de BODAM,SUD-OUEST,3RD CLASS BODAM,VALID,promoted,COMPLETE,
6IE1GSBD101648109,CES Bilingue d'OKOROBA,SUD-OUEST,OKOROBA,VALID,promoted,COMPLETE,
8EJ1GSFD100831106,CES d'ONDONG-ADJAP,SUD,ONDONG-ADJAP,VALID,promoted,COMPLETE,
3HI1GSAD102820115,CES de KUNGI,NORD-OUEST,KUNGI,VALID,promoted,COMPLETE,
3HI1GSAD100901110,CES de NYANJI-NKAMBE,NORD-OUEST,NKAMBE,VALID,promoted,COMPLETE,
3HI1GSAD110872111,Lyce de MBU-WAAR,NORD-OUEST,WAT,VALID,promoted,COMPLETE,
9CE1GSFD100578109,CES de YENGA,EST,Yenga,VALID,promoted,COMPLETE,
6IE1GSAD101162108,CES d'AYUKABA,SUD-OUEST,AYUKABA,VALID,promoted,COMPLETE,
8CC1GSFD100028109,CES de MINLA'A,SUD,MINLA'A,VALID,promoted,COMPLETE,
3HH1GSAD110047111,Lyce de TALLA,NORD-OUEST,TALLA,VALID,promoted,COMPLETE,
8CJ1GSFD112008110,Lyce de MINTOM,SUD,,MISSING,promoted,COMPLETE,
8CL1GSFD111998107,Lyce de SANGMELIMA-AVEBE,SUD,MONAVEBE,VALID,promoted,COMPLETE,
8EE1GSFD100414098,CES d'ESSANGONG,SUD,ESSANGONG,VALID,promoted,COMPLETE,
8CE1GSFD101871104,CES d'ESSONG (Djoum),SUD,,MISSING,promoted,COMPLETE,
8CH1GSFD100347112,CES de MEGUEME,SUD,YEKOE,VALID,promoted,COMPLETE,
8CL1GSFD102002096,CES de NSIMALEN-YEMVAK,SUD,,MISSING,promoted,COMPLETE,
6IE1GSAD101838102,CES de BAKOGO,SUD-OUEST,BAKOGO,VALID,promoted,COMPLETE,
8CM1GSFD100965103,CES de NKILZOK,SUD,,MISSING,promoted,COMPLETE,
8EC1GSFD111956097,Lyce de BIWONG-BANE,SUD,BIWONG-BANE,VALID,promoted,COMPLETE,
8EE1GSFD110419111,Lyce de BIWONG-BULU,SUD,BIWONG-BULU,VALID,promoted,COMPLETE,
6JC1GSAD102435110,CES d'ILLEH-LOBANGE,SUD-OUEST,Konye,VALID,promoted,COMPLETE,
8EI1GSFD102691114,CES de BITYILI,SUD,BITYILI III,VALID,promoted,COMPLETE,
3HJ1GSAD100818108,CES de DZEMBUCK,NORD-OUEST,,MISSING,promoted,COMPLETE,
8IH1GSFD110624099,Lyce Bilingue de MA'AN,SUD,Ma'an-village,VALID,promoted,COMPLETE,
3HJ1GSAD101642106,CES de SIH,NORD-OUEST,SIH,VALID,promoted,COMPLETE,
8EH1GSFD111968114,Lyce de MVIENG,SUD,MVIENG,VALID,promoted,COMPLETE,
8EI1GSFD110212113,Lyce de BIBA I,SUD,BIBA I,VALID,promoted,COMPLETE,
8EK1GSBD102701114,CES Bilingue de MENGONG,SUD,BBULU NORD,VALID,promoted,COMPLETE,
8EL1GSFD102367113,CES d'AMVOM,SUD,AMVOM,VALID,promoted,COMPLETE,
8HL1GSFD112033091,Lyce Bilingue de LOLODORF,SUD,,MISSING,promoted,COMPLETE,
8II1GSFD102325113,CES de MEYO-BIBOULOU,SUD,Meyo - Bioulou,VALID,promoted,COMPLETE,
3HJ1GSAD102818115,CES de YANG (Nwa),NORD-OUEST,YANG,VALID,promoted,COMPLETE,
9HH1GSFD100776112,CES de GBITI,EST,,MISSING,promoted,COMPLETE,
6IE1GSAD111994107,Lyce d'OSSING,SUD-OUEST,OSSING,VALID,promoted,COMPLETE,
9HJ1GSFD100494107,CES d'OULI,EST,OULI,VALID,promoted,COMPLETE,
9IC1GSFD100407111,CES de DENG-DENG,EST,DENG DENG,VALID,promoted,COMPLETE,
9IC1GSFD110073091,Lyce de BELABO,EST,SAPPELI,VALID,promoted,COMPLETE,
9CI1GSFD112390076,Lyce Classique de YOKADOUMA,EST,Quartier RELAIS,VALID,promoted,COMPLETE,
9EI1GSFD112408112,Lyce d'ATOK,EST,ATOK,VALID,promoted,COMPLETE,
9EN1GSFD100258110,CES de ZOULABOT I,EST,,MISSING,promoted,COMPLETE,
9EY1GSFD102208111,CES de BIKA,EST,BIKA,VALID,promoted,COMPLETE,
9IH1GSFD012203104,Lyce Scientifique de BERTOUA,EST,TIDAMBA,VALID,promoted,COMPLETE,
9IL1GSFD100522104,CES de LETTA,EST,LETTA,VALID,promoted,COMPLETE,
9EC1GSFD100447111,CES de MAZABE,EST,MAZABE,VALID,promoted,COMPLETE,
6JC1GSAD100539108,CES de KOBA,SUD-OUEST,KOBA,VALID,promoted,COMPLETE,
9EK1GSFD102914114,CES de DJAPOSTEN,EST,DIOULA,VALID,promoted,COMPLETE,
9EM1GSBD110177114,Lyce Bilingue de DOUME,EST,,MISSING,promoted,COMPLETE,
9ER1GSFD110208107,Lyce de MBOMA,EST,MBOMA,VALID,promoted,COMPLETE,
9ES1GSFD110256092,Lyce Bilingue de MESSAMENA,EST,MOKOLO,VALID,promoted,COMPLETE,
9EY1GSFD110206091,Lyce de NGUELEMEDOUKA,EST,ELONO,VALID,promoted,COMPLETE,
9HC1GSFD110339115,Lyce de MONGO-NAM,EST,Mongo nam,VALID,promoted,COMPLETE,
9HI1GSFD102698114,CES de DJAMPIEL,EST,DJAMPIEL,VALID,promoted,COMPLETE,
3HJ1GSAD111817092,Lyce de NWA,NORD-OUEST,NWA,VALID,promoted,COMPLETE,
3IC1GSAD101719111,CES d'AKANG,NORD-OUEST,MMEM,VALID,promoted,COMPLETE,
3CH1GSAD101640110,CES d'AJUNG,NORD-OUEST,KOM,VALID,promoted,COMPLETE,
9IK1GSFD102228109,CES de GADO-BADJERE,EST,GADO-BADZERE,VALID,promoted,COMPLETE,
3CH1GSAD100248109,CES de NGOLAIN,NORD-OUEST,KOM,VALID,promoted,COMPLETE,
3CH1GSAD101646109,Lyce d'AKEH,NORD-OUEST,KOM,VALID,promoted,COMPLETE,
3EC1GSBD101253107,CES Bilingue de WASI-BER,NORD-OUEST,NSO,VALID,promoted,COMPLETE,
3EC1GSBD111822105,Lyce Bilingue de JAKIRI,NORD-OUEST,NSO,VALID,promoted,COMPLETE,
3EE1GSAD102349113,CES de MBVEH,NORD-OUEST,NSO,VALID,promoted,COMPLETE,
9IM1GSFD110151111,Lyce de YANGAMO,EST,YANGAMO,VALID,promoted,COMPLETE,
3IC1GSAD112023100,Lyce de BAFMENG,NORD-OUEST,BAFMENG,VALID,promoted,COMPLETE,
3IH1GSAD100128108,CES de BAWORO,NORD-OUEST,BAWORO,VALID,promoted,COMPLETE,
3JC1GSAD111072115,Lyce d'AGYATI,NORD-OUEST,BAFUT,VALID,promoted,COMPLETE,
3JC1GSAD111056108,Lyce de MUNDUM,NORD-OUEST,BAFUT,VALID,promoted,COMPLETE,
3JE1GSBD111110115,Lyce Bilingue d'ETOMA,NORD-OUEST,Bali,VALID,promoted,COMPLETE,
3CI1GSAD100986107,CES de KIKFUINI,NORD-OUEST,KOM,VALID,promoted,COMPLETE,
3EC1GSAD111258113,Lyce de WAINAMAH,NORD-OUEST,NSO,VALID,promoted,COMPLETE,
3EE1GSAD111527112,Lyce de MELIM,NORD-OUEST,NSO,VALID,promoted,COMPLETE,
3EI1GSAD101194108,CES de KUINTAR-MBAM,NORD-OUEST,MBAM,VALID,promoted,COMPLETE,
3EJ1GSAD111524115,Lyce de MBINON-NONI,NORD-OUEST,NONI,VALID,promoted,COMPLETE,
3EK1GSAD111661097,Lyce d'ELAK-OKU,NORD-OUEST,,MISSING,promoted,COMPLETE,
3EE1GSAD111163112,Lyce de KIKAIKELAKI,NORD-OUEST,NSO,VALID,promoted,COMPLETE,
3EH1GSBD101283111,CES Bilingue de LIP,NORD-OUEST,NSO,VALID,promoted,COMPLETE,
3EI1GSAD101183111,CES de BUH,NORD-OUEST,Buh,VALID,promoted,COMPLETE,
3EI1GSBD111855101,Lyce Bilingue de TATUM,NORD-OUEST,TATUM,VALID,promoted,COMPLETE,
3EJ1GSAD102712114,CES de NGAI-DIN,NORD-OUEST,DIN,VALID,promoted,COMPLETE,
3EK1GSAD101174109,CES d'ICHIM,NORD-OUEST,ICHIM,VALID,promoted,COMPLETE,
3EK1GSBD111177114,Lyce Bilingue de LANG-OKU,NORD-OUEST,,MISSING,promoted,COMPLETE,
3EK1GSAD111505113,Lyce de MBAM-OKU,NORD-OUEST,OKU,VALID,promoted,COMPLETE,
3HC1GSAD101511109,CES de DUMBO-BERABE,NORD-OUEST,BERABE,VALID,promoted,COMPLETE,
3HE1GSAD103161118,CES de KAMINE,NORD-OUEST,KAMINE,VALID,promoted,COMPLETE,
3HH1GSAD101716104,CES de MBAWRONG,NORD-OUEST,Njirong,VALID,promoted,COMPLETE,
3HH1GSAD111721113,Lyce de KAKAR,NORD-OUEST,KAKAR,VALID,promoted,COMPLETE,
3HC1GSAD101394111,CES de NZIBIE,NORD-OUEST,BERABE,VALID,promoted,COMPLETE,
3HH1GSAD101710108,CES de NTAMRUH,NORD-OUEST,NDU,VALID,promoted,COMPLETE,
3HI1GSBD111725098,Lyce Bilingue de NKAMBE,NORD-OUEST,NKAMBE,VALID,promoted,COMPLETE,
3HJ1GSAD111314112,Lyce de KOM-MFUMTE,NORD-OUEST,KOM,VALID,promoted,COMPLETE,
3IC1GSAD101518110,CES de KUK,NORD-OUEST,Kuk,VALID,promoted,COMPLETE,
3IH1GSAD111972103,Lyce de BENAKUMA,NORD-OUEST,,MISSING,promoted,COMPLETE,
3HI1GSAD100107110,CES de BINSHUA,NORD-OUEST,NKAMBE,VALID,promoted,COMPLETE,
3HI1GSAD110855109,Lyce de TABENKEN,NORD-OUEST,TABENKEN,VALID,promoted,COMPLETE,
3HJ1GSAD101092109,CES de NTONG,NORD-OUEST,ABAAR,VALID,promoted,COMPLETE,
3HJ1GSAD111286111,Lyce de SABONGARI (Nwa),NORD-OUEST,NGOM,VALID,promoted,COMPLETE,
3IC1GSAD101770110,CES LOWER FUNGOM AT ABAR,NORD-OUEST,ABAAR,VALID,promoted,COMPLETE,
3IE1GSAD100847111,CES d'UPKWACK-AKUM,NORD-OUEST,AKUM,VALID,promoted,COMPLETE,
3JC1GSBD101037109,CES Bilingue de MANKWI,NORD-OUEST,MANKWI,VALID,promoted,COMPLETE,
6IE1GSAD112042099,Lyce de KEMBONG,SUD-OUEST,KEMBONG,VALID,promoted,COMPLETE,
3IH1GSAD100798110,CES de MODELLE,NORD-OUEST,MODELLE,VALID,promoted,COMPLETE,
3II1GSAD100801111,CES d'UPKWA,NORD-OUEST,UPKWA,VALID,promoted,COMPLETE,
3JC1GSAD101751111,CES d'AKOFUNGUBA,NORD-OUEST,BAFUT,VALID,promoted,COMPLETE,
3JC1GSAD111051110,Lyce d'OBANG,NORD-OUEST,OBANG,VALID,promoted,COMPLETE,
3IC1GSAD111765111,Lyce de ZHOA,NORD-OUEST,ZHOA,VALID,promoted,COMPLETE,
6IH1GSBD111868099,Lyce Bilingue de MAMFE,SUD-OUEST,MAMFE,VALID,promoted,COMPLETE,
3JI1GSAD102926114,CES d'ALAHNKI-MANKON,NORD-OUEST,MANKON,VALID,promoted,COMPLETE,
3JI1GSBD111067105,Lyce Bilingue de BAMENDA-DOWN-TOWN,NORD-OUEST,MANKON,VALID,promoted,COMPLETE,
3JJ1GSBD111020113,Lyce Bilingue de BAYELLE-NKWEN,NORD-OUEST,,MISSING,promoted,COMPLETE,
3JI1GSAD111214113,Lyce de NEKWEHNE-NSONGWA,NORD-OUEST,NSONGWA,VALID,promoted,COMPLETE,
3JI1GSBD110712113,Lyce Bilingue de NITOB,NORD-OUEST,MANKON,VALID,promoted,COMPLETE,
6IH1GSAD101112112,CES d'EGBEKAW,SUD-OUEST,3RD CLASS Mamfe,VALID,promoted,COMPLETE,
3JH1GSBD112147098,Lyce Bilingue de BAMENDANKWE,NORD-OUEST,BAMENDANKWE,VALID,promoted,COMPLETE,
3JK1GSAD110210106,Lyce d'AKUM,NORD-OUEST,AKUM,VALID,promoted,COMPLETE,
3JK1GSAD110076101,Lyce de MEWUNGNE-AWING,NORD-OUEST,AWING,VALID,promoted,COMPLETE,
3JI1GSAD102991117,CES de MULANG,NORD-OUEST,MANKON,VALID,promoted,COMPLETE,
3JK1GSAD102730114,CES de MBENDJOM,NORD-OUEST,AWING,VALID,promoted,COMPLETE,
3JK1GSAD110785109,Lyce de CHOUBOU-MBU,NORD-OUEST,MBU,VALID,promoted,COMPLETE,
3JL1GSAD111847062,C.C.A.S.T. de BAMBILI,NORD-OUEST,,MISSING,promoted,COMPLETE,
3JI1GSBD102724114,CES Bilingue de NGOMGHAM,NORD-OUEST,MANKON,VALID,promoted,COMPLETE,
3JL1GSAD110824114,Lyce de MACHA-BAMBUI,NORD-OUEST,BAMBUI,VALID,promoted,COMPLETE,
3JI1GSBD112001096,Lyce Bilingue de BAMENDA-MBATU,NORD-OUEST,MBATU,VALID,promoted,COMPLETE,
3KC1GSBD111436114,Lyce Bilingue de BATIBO-NJIFAH,NORD-OUEST,Batibo,VALID,promoted,COMPLETE,
3JL1GSAD111842109,Lyce de KEDJOM-KETINGUH,NORD-OUEST,BABAKI,VALID,promoted,COMPLETE,
3KE1GSAD101733112,CES de NGAMUNGUH,NORD-OUEST,NGAMINUGUH,VALID,promoted,COMPLETE,
3KE1GSAD100974111,CES de NJAAH,NORD-OUEST,NJAAH,VALID,promoted,COMPLETE,
3KH1GSBD102817115,CES Bilingue de TEZE-NGIE,NORD-OUEST,TEZE,VALID,promoted,COMPLETE,
3KH1GSAD100074109,CES d'AJEI,NORD-OUEST,AJEI,VALID,promoted,COMPLETE,
3JK1GSAD111414114,Lyce de BALIGHAM-VILLAGE,NORD-OUEST,BALIGHAM,VALID,promoted,COMPLETE,
3JK1GSAD111430115,Lyce de BUCHI,NORD-OUEST,BUCHI,VALID,promoted,COMPLETE,
3KC1GSAD111515111,Lyce d'OGIM,NORD-OUEST,EFAH/KUGWE,VALID,promoted,COMPLETE,
3KE1GSAD101736106,CES de GUNEKU,NORD-OUEST,GUNEKU,VALID,promoted,COMPLETE,
3JL1GSBD100703111,CES Bilingue de SABGA,NORD-OUEST,SABGA,VALID,promoted,COMPLETE,
3KC1GSAD111081115,Lyce d'ANGIE,NORD-OUEST,ANGIE,VALID,promoted,COMPLETE,
3JK1GSAD101418112,CES d'AWING,NORD-OUEST,AWING,VALID,promoted,COMPLETE,
3KC1GSAD111331109,Lyce d'ASHONG,NORD-OUEST,ASHONG,VALID,promoted,COMPLETE,
3KC1GSAD110904111,Lyce de GUZANG,NORD-OUEST,GUZANG,VALID,promoted,COMPLETE,
3JK1GSAD110689099,Lyce de KWANG-PINYIN,NORD-OUEST,PINYIN,VALID,promoted,COMPLETE,
3JL1GSAD111883110,Lyce de KEDJOM-KEKU,NORD-OUEST,KEDJOM-KEKU,VALID,promoted,COMPLETE,
3KC1GSBD111735112,Lyce Bilingue de WUMUNDENG,NORD-OUEST,Ashong,VALID,promoted,COMPLETE,
3KC1GSAD111743109,Lyce d'EWOH,NORD-OUEST,EWOH,VALID,promoted,COMPLETE,
3KE1GSAD101438109,CES de MBENGWI-RURAL,NORD-OUEST,MBENGWI RURAL,VALID,promoted,COMPLETE,
3KH1GSBD100156112,CES Bilingue d'ABEBUNG,NORD-OUEST,ABEBUNG,VALID,promoted,COMPLETE,
3KE1GSAD110046110,Lyce de TUDIG,NORD-OUEST,TUDIG,VALID,promoted,COMPLETE,
3KI1GSAD100949110,CES de BASSA,NORD-OUEST,BASSA,VALID,promoted,COMPLETE,
3KI1GSAD101580109,CES de KONDA,NORD-OUEST,KONDA,VALID,promoted,COMPLETE,
3KC1GSAD111740109,Lyce de NGYEN-MUWAH,NORD-OUEST,NGYENMUWAH,VALID,promoted,COMPLETE,
3LC1GSAD102320113,CES de KAKETULOH-WUSHI,NORD-OUEST,BBABESSI,VALID,promoted,COMPLETE,
3KJ1GSAD101563109,CES d'OLORUNTI,NORD-OUEST,Ambele,VALID,promoted,COMPLETE,
3KI1GSAD101568110,CES de NGWO,NORD-OUEST,NGWO,VALID,promoted,COMPLETE,
3LC1GSAD101057111,CES de PAPIAKKUM,NORD-OUEST,PAPIAKKUM,VALID,promoted,COMPLETE,
3LC1GSBD110787112,Lyce Bilingue de BANGOLAN,NORD-OUEST,,MISSING,promoted,COMPLETE,
3KH1GSAD112029099,Lyce d'ANDEK-NGIE,NORD-OUEST,ANDEK,VALID,promoted,COMPLETE,
3LC1GSBD112230107,Lyce Bilingue de BABESSI,NORD-OUEST,BABESSI,VALID,promoted,COMPLETE,
3KJ1GSAD111572113,Lyce de BIFANG,NORD-OUEST,WIDIKUM,VALID,promoted,COMPLETE,
6II1GSAD101878112,CES d'AYUKABA-BETIEKU,SUD-OUEST,3RD CLASS AYUKABA-BETIEKU,VALID,promoted,COMPLETE,
3LC1GSAD100198110,CES de KOMUE,NORD-OUEST,BAMESSING,VALID,promoted,COMPLETE,
3LI1GSBD101125111,CES Bilingue de MBISSA-ISLAND,NORD-OUEST,BAMBALANG,VALID,promoted,COMPLETE,
3LC1GSAD102351113,CES de KOKIBUE,NORD-OUEST,BABESSI,VALID,promoted,COMPLETE,
3KJ1GSAD100946098,CES d'AKANUNKU-MENKA,NORD-OUEST,AKANUNKU,VALID,promoted,COMPLETE,
3LE1GSAD101399112,CES de JOGURU,NORD-OUEST,BALIKUMBAT,VALID,promoted,COMPLETE,
6II1GSAD100100109,CES de NYENEBA,SUD-OUEST,NYENEBA,VALID,promoted,COMPLETE,
3LE1GSAD101434110,CES de NYUGU-BACKYIT,NORD-OUEST,BALIKUMBAT,VALID,promoted,COMPLETE,
3LE1GSAD111045112,Lyce de BAMUNKUMBIT,NORD-OUEST,BALIKUMBAT,VALID,promoted,COMPLETE,
3LC1GSAD102740114,CES de FONGOH,NORD-OUEST,Bangolan,VALID,promoted,COMPLETE,
3LC1GSAD111076107,Lyce de BABA I,NORD-OUEST,BABA I,VALID,promoted,COMPLETE,
3LE1GSBD111377109,Lyce Bilingue de BAFANJI,NORD-OUEST,LUNG-LUE,VALID,promoted,COMPLETE,
3LE1GSAD102734114,CES de NJANUNG-BAFANJI,NORD-OUEST,BAFANJI,VALID,promoted,COMPLETE,
3LI1GSAD102305113,CES de MIGHANG-BAMBALANG,NORD-OUEST,BAMBALANG,VALID,promoted,COMPLETE,
3LI1GSBD110989104,Lyce Bilingue de BAMESSING-NDOP,NORD-OUEST,BAMESSING,VALID,promoted,COMPLETE,
3LI1GSBD111342114,Lyce Bilingue de MBANKUONG,NORD-OUEST,BAMBALANG,VALID,promoted,COMPLETE,
6CC1GSAD102731114,CES de DIBANDA,SUD-OUEST,DIBANDA,VALID,promoted,COMPLETE,
6CC1GSAD110903114,Lyce de BOLIFAMBA-MILE 16,SUD-OUEST,KUMBO,VALID,promoted,COMPLETE,
6II1GSAD100628108,CES de MFAITOK-1A,SUD-OUEST,3RD CLASS MFAITOK-IA,VALID,promoted,COMPLETE,
6HE1GSBD111918110,Lyce Bilingue de FONTEM,SUD-OUEST,,MISSING,promoted,COMPLETE,
6IEGSBD102697114,CES Bilingue de NTENAKO,SUD-OUEST,NTENAKO,VALID,promoted,COMPLETE,
6II1GSAD100500109,CES de SABES,SUD-OUEST,SABES,VALID,promoted,COMPLETE,
6CC1GSAD100502113,CES de LIONGO,SUD-OUEST,LIONGO,VALID,promoted,COMPLETE,
6IH1GSAD111951107,Lyce de BACHUO-NTAI,SUD-OUEST,BACHUO NTAI,VALID,promoted,COMPLETE,
6CC1GSAD110371105,Lyce de BONJONGO-BUEA,SUD-OUEST,Bojoke,VALID,promoted,COMPLETE,
6II1GSAD100652110,CES d'AKATATI-TALI II,SUD-OUEST,TALI II,VALID,promoted,COMPLETE,
6II1GSAD100138111,CES de NCHEMBA II,SUD-OUEST,NCHEMBA II,VALID,promoted,COMPLETE,
3LI1GSAD110996106,Lyce de BAMBALANG,NORD-OUEST,Bambalang,VALID,promoted,COMPLETE,
3LI1GSAD111104115,Lyce de BAMUNKA-RURAL,NORD-OUEST,BAMUNKA,VALID,promoted,COMPLETE,
6CC1GSBD110152111,Lyce Bilingue de MUEA-BUEA,SUD-OUEST,MUEA COURT AREA,VALID,promoted,COMPLETE,
6IH1GSAD111900076,Lyce de MAMFE,SUD-OUEST,MAMFE,VALID,promoted,COMPLETE,
6JC1GSAD110597115,Lyce de DIONGO,SUD-OUEST,Diongo,VALID,promoted,COMPLETE,
6JI1GSBD112035111,Lyce Bilingue de MAMBANDA-KUMBA,SUD-OUEST,MAMBANDA,VALID,promoted,COMPLETE,
6JE1GSBD111888105,Lyce Bilingue de KUMBA,SUD-OUEST,KUMBA,VALID,promoted,COMPLETE,
6JH1GSBD110473109,Lyce Bilingue de KOSALA,SUD-OUEST,Kosala,VALID,promoted,COMPLETE,
6JJ1GSAD100889110,CES de BAI-KUKE,SUD-OUEST,MBONGE,VALID,promoted,COMPLETE,
6JJ1GSAD101863104,CES de BIG-NGANJO,SUD-OUEST,BIG NGANJO,VALID,promoted,COMPLETE,
6JJ1GSAD100767106,CES de KOTTO-BAROMBI,SUD-OUEST,KOTTO BAROMBI,VALID,promoted,COMPLETE,
6JJ1GSBD110698115,Lyce Bilingue de BOMBE-BAKUNDU,SUD-OUEST,BOMBE-BAKUNDU,VALID,promoted,COMPLETE,
6JJ1GSAD100828107,CES de BOKOSSO,SUD-OUEST,BOKOSSO,VALID,promoted,COMPLETE,
6JJ1GSAD111717113,Lyce d'EKOMBE-BONJI,SUD-OUEST,MBONGE,VALID,promoted,COMPLETE,
6KH1GSAD102068109,CES de KUMBE-BALUE,SUD-OUEST,KUMBE-BALUE,VALID,promoted,COMPLETE,
6KI1GSAD100838109,CES d'IDABATO,SUD-OUEST,IDABATO,VALID,promoted,COMPLETE,
6II1GSAD100523109,CES de SUMBE,SUD-OUEST,SUMBE,VALID,promoted,COMPLETE,
6EE1GSAD101987097,CES d'ELUMBA-MBO,SUD-OUEST,ETODI,VALID,promoted,COMPLETE,
6JJ1GSAD111892112,Lyce de FOE-BAKUNDU,SUD-OUEST,Foe Bakumdu,VALID,promoted,COMPLETE,
6KE1GSAD100878106,CES de BONJI-BALUE,SUD-OUEST,BONJI,VALID,promoted,COMPLETE,
6KH1GSAD100042110,CES de KITA-BALUE,SUD-OUEST,LOWER BALUE,VALID,promoted,COMPLETE,
6KC1GSAD112106100,Lyce de BAMUSSO,SUD-OUEST,MBONGO BALONDO,VALID,promoted,COMPLETE,
6KL1GSAD100513107,CES d'EKON II,SUD-OUEST,ERAD,VALID,promoted,COMPLETE,
6KM1GSAD100934098,CES de TOKO,SUD-OUEST,NGOLO,VALID,promoted,COMPLETE,
6CC1GSAD110449111,Lyce de BUEA-RURAL,SUD-OUEST,BOKOVA,VALID,promoted,COMPLETE,
6CJ1GSAD110693107,Lyce d'IDENAU,SUD-OUEST,Idenau,VALID,promoted,COMPLETE,
6EH1GSAD110467109,Lyce d'EBONJI,SUD-OUEST,Ebonji,VALID,promoted,COMPLETE,
6JC1GSAD102431109,CES d'IBEMI,SUD-OUEST,IBEMI,VALID,promoted,COMPLETE,
6EH1GSAD110411112,Lyce de NGUSI,SUD-OUEST,NGUSI,VALID,promoted,COMPLETE,
6HC1GSBD111197114,Lyce Bilingue d'ALOU,SUD-OUEST,NDUNGATED,VALID,promoted,COMPLETE,
6EE1GSAD101108107,CES de BERMIN,SUD-OUEST,BERMIN,VALID,promoted,COMPLETE,
6EH1GSBD110147103,Lyce Bilingue de TOMBEL,SUD-OUEST,NGAB,VALID,promoted,COMPLETE,
6HC1GSAD110674108,Lyce d'ANYA-LEWOH,SUD-OUEST,LEWOH,VALID,promoted,COMPLETE,
6HC1GSAD110706107,Lyce de M'MUOCK,SUD-OUEST,Fossimondi,VALID,promoted,COMPLETE,
6IC1GSAD111360111,Lyce de KAJIFU,SUD-OUEST,3RD CLASS KAJIFU,VALID,promoted,COMPLETE,
6HH1GSAD110553113,Lyce de BANTENG,SUD-OUEST,BAHNE,VALID,promoted,COMPLETE,
6JC1GSAD101712112,CES d'EDIKI-BEKOLI,SUD-OUEST,KONYE,VALID,promoted,COMPLETE,
6HC1GSAD112184114,Lyce de M'MUOCK-MBIE,SUD-OUEST,Mmuockmbie,VALID,promoted,COMPLETE,
6HE1GSAD112063107,Lyce Classique de FONTEM,SUD-OUEST,FONTEM,VALID,promoted,COMPLETE,
6IC1GSAD101926107,CES d'AKWA-AKWAYA,SUD-OUEST,AKWA,VALID,promoted,COMPLETE,
6HE1GSAD110488110,Lyce de NGOH-ESSOH-ATTAH,SUD-OUEST,ESSOH-ATTAH,VALID,promoted,COMPLETE,
8CC1GSBD123147118,CES Bilingue de BENGBIS,SUD,,MISSING,promoted,COMPLETE,
6IC1GSAD102246113,CES de TAKAMANDA,SUD-OUEST,TAKAMANDA,VALID,promoted,COMPLETE,
8CH1GSFD100409105,CES de NKOMO,SUD,NKOMO,VALID,promoted,COMPLETE,
8CL1GSFD110992111,Lyce de NKOLOTOU'OUTOU,SUD,NKOLOTOU'OUTOU,VALID,promoted,COMPLETE,
8CI1GSFD110157110,Lyce de MEYOMESSI,SUD,KONGO,VALID,promoted,COMPLETE,
8CL1GSBD110279106,Lyce Bilingue de SANGMELIMA,SUD,ETUNELINGA,VALID,promoted,COMPLETE,
8CM1GSFD101991105,CES de NSIMI-MEYILA,SUD,MEYILA-NDONG,VALID,promoted,COMPLETE,
6IE1GSAD100116113,CES d'AKAK,SUD-OUEST,AKAK,VALID,promoted,COMPLETE,
8CC1GSFD111856092,Lyce Mixte de BENGBIS,SUD,MEKA,VALID,promoted,COMPLETE,
8CK1GSFD110153111,Lyce d'OVENG,SUD,MVAM,VALID,promoted,COMPLETE,
8CH1GSFD101982105,CES de NGOASSE,SUD,Ngoasse,VALID,promoted,COMPLETE,
8EI1GSBD110205115,Lyce Bilingue d'EBOLOWA II,SUD,ESSINGUILI,VALID,promoted,COMPLETE,
8EI1GSFD112024107,Lyce de NKOEMVONE,SUD,NKOEMVONE,VALID,promoted,COMPLETE,
8EI1GSFD112446074,Lyce Classique et Moderne d'EBOLOWA,SUD,MEKALAT,VALID,promoted,COMPLETE,
8EK1GSFD102928114,CES d'EKOUK,SUD,EKOUK,VALID,promoted,COMPLETE,
8EE1GSFD110200109,Lyce de NSELANG,SUD,NSELANG,VALID,promoted,COMPLETE,
8EC1GSFD112060107,Lyce de MELANGUE I,SUD,MELANGUE I,VALID,promoted,COMPLETE,
8EK1GSFD110257099,Lyce de MENGONG,SUD,,MISSING,promoted,COMPLETE,
8EM1GSFD101851102,CES de DOUM-CHEFFERIE,SUD,DOUM,VALID,promoted,COMPLETE,
8EL1GSFD110184092,Lyce Bilingue de MVANGANE,SUD,,MISSING,promoted,COMPLETE,
8HE1GSFD101150104,CES d'ATOG-BOGA,SUD,ATOG-BOGA,VALID,promoted,COMPLETE,
8HJ1GSFD110675113,Lyce Bilingue de DOMBE,SUD,DOMBE,VALID,promoted,COMPLETE,
8HC1GSFD110259092,Lyce Mixte d'AKOM II,SUD,,MISSING,promoted,COMPLETE,