candidate_id,name,ministries,previous_status,source_1,source_1_tier,source_2,source_2_tier,independent_source_count,official_source_found,identity_confidence,geo_confidence,category_confidence,duplicate_signal,cross_ministry_signal,official_identifier,identifier_source,final_certainty,publication_decision,reason
"MINESUP-E:ACHAS Higher Institute of Sustainable Tourism, Hospitality and Business Management","ACHAS Higher Institute of Sustainable Tourism, Hospitality and Business Management",MINESUP,DUPLICATE_REVIEW,reports/registry/minesup-e-national-candidates.csv,"Tier-3 (internal prior-sprint durable artifact, not re-verified this sprint)",,,1,NO,DUPLICATE_REVIEW,,,YES,NO,,,CONFLICTING,DO_NOT_PUBLISH_THIS_SPRINT,"chevauchement de mots (50%) mais géographie CONTRADICTOIRE — signal affaibli, revue requise."
MINESUP-E:ANDANGKENG Higher Institute of Professional Studies (AHIPS),ANDANGKENG Higher Institute of Professional Studies (AHIPS),MINESUP,DUPLICATE_REVIEW,reports/registry/minesup-e-national-candidates.csv,"Tier-3 (internal prior-sprint durable artifact, not re-verified this sprint)",,,1,NO,DUPLICATE_REVIEW,,,YES,NO,,,CONFLICTING,DO_NOT_PUBLISH_THIS_SPRINT,plusieurs cibles à égalité de chevauchement (50%) — pas de gagnant clair.
MINESUP-E:Access Higher Institute of Professional Studies (Access-HIPS),Access Higher Institute of Professional Studies (Access-HIPS),MINESUP,DUPLICATE_REVIEW,reports/registry/minesup-e-national-candidates.csv,"Tier-3 (internal prior-sprint durable artifact, not re-verified this sprint)",,,1,NO,DUPLICATE_REVIEW,,,YES,NO,,,CONFLICTING,DO_NOT_PUBLISH_THIS_SPRINT,plusieurs cibles à égalité de chevauchement (40%) — pas de gagnant clair.
MINESUP-E:Access Higher Institute of Professional Studies (Access-HIPS),Access Higher Institute of Professional Studies (Access-HIPS),MINESUP,DUPLICATE_REVIEW,reports/registry/minesup-e-national-candidates.csv,"Tier-3 (internal prior-sprint durable artifact, not re-verified this sprint)",,,1,NO,DUPLICATE_REVIEW,,,YES,NO,,,CONFLICTING,DO_NOT_PUBLISH_THIS_SPRINT,plusieurs cibles à égalité de chevauchement (40%) — pas de gagnant clair.
MINESUP-E:Alpha Higher Institute of Biomedical and Technological Sciences,Alpha Higher Institute of Biomedical and Technological Sciences,MINESUP,DUPLICATE_REVIEW,reports/registry/minesup-e-national-candidates.csv,"Tier-3 (internal prior-sprint durable artifact, not re-verified this sprint)",,,1,NO,DUPLICATE_REVIEW,,,YES,NO,,,CONFLICTING,DO_NOT_PUBLISH_THIS_SPRINT,plusieurs cibles à égalité de chevauchement (50%) — pas de gagnant clair.
MINESUP-E:British Higher Institute of Science and Technology (BHIST),British Higher Institute of Science and Technology (BHIST),MINESUP,DUPLICATE_REVIEW,reports/registry/minesup-e-national-candidates.csv,"Tier-3 (internal prior-sprint durable artifact, not re-verified this sprint)",,,1,NO,DUPLICATE_REVIEW,,,YES,NO,,,CONFLICTING,DO_NOT_PUBLISH_THIS_SPRINT,plusieurs cibles à égalité de chevauchement (50%) — pas de gagnant clair.
MINESUP-E:Canadian Higher Institute of Technology (CHIT),Canadian Higher Institute of Technology (CHIT),MINESUP,DUPLICATE_REVIEW,reports/registry/minesup-e-national-candidates.csv,"Tier-3 (internal prior-sprint durable artifact, not re-verified this sprint)",,,1,NO,DUPLICATE_REVIEW,,,YES,NO,,,CONFLICTING,DO_NOT_PUBLISH_THIS_SPRINT,plusieurs cibles à égalité de chevauchement (33%) — pas de gagnant clair.
MINESUP-E:Catholic University Institute of Buea,Catholic University Institute of Buea,MINESUP,DUPLICATE_REVIEW,reports/registry/minesup-e-national-candidates.csv,"Tier-3 (internal prior-sprint durable artifact, not re-verified this sprint)",,,1,NO,DUPLICATE_REVIEW,,,YES,NO,,,CONFLICTING,DO_NOT_PUBLISH_THIS_SPRINT,plusieurs cibles à égalité de chevauchement (50%) — pas de gagnant clair.
MINESUP-E:Catholic University Institute of Mamfe,Catholic University Institute of Mamfe,MINESUP,DUPLICATE_REVIEW,reports/registry/minesup-e-national-candidates.csv,"Tier-3 (internal prior-sprint durable artifact, not re-verified this sprint)",,,1,NO,DUPLICATE_REVIEW,,,YES,NO,,,CONFLICTING,DO_NOT_PUBLISH_THIS_SPRINT,plusieurs cibles à égalité de chevauchement (50%) — pas de gagnant clair.
MINESUP-E:Centre International des Etudes Polytechniques d’Obala,Centre International des Etudes Polytechniques d’Obala,MINESUP,DUPLICATE_REVIEW,reports/registry/minesup-e-national-candidates.csv,"Tier-3 (internal prior-sprint durable artifact, not re-verified this sprint)",,,1,NO,DUPLICATE_REVIEW,,,YES,NO,,,CONFLICTING,DO_NOT_PUBLISH_THIS_SPRINT,plusieurs cibles à égalité de chevauchement (20%) — pas de gagnant clair.
MINESUP-E:Chartered Higher Institute of Technology and Management (CHITECHMA),Chartered Higher Institute of Technology and Management (CHITECHMA),MINESUP,DUPLICATE_REVIEW,reports/registry/minesup-e-national-candidates.csv,"Tier-3 (internal prior-sprint durable artifact, not re-verified this sprint)",,,1,NO,DUPLICATE_REVIEW,,,YES,NO,,,CONFLICTING,DO_NOT_PUBLISH_THIS_SPRINT,"chevauchement de mots (50%) mais géographie CONTRADICTOIRE — signal affaibli, revue requise."
MINESUP-E:Citec Higher Institute of Technology and Management (ICTU),Citec Higher Institute of Technology and Management (ICTU),MINESUP,DUPLICATE_REVIEW,reports/registry/minesup-e-national-candidates.csv,"Tier-3 (internal prior-sprint durable artifact, not re-verified this sprint)",,,1,NO,DUPLICATE_REVIEW,,,YES,NO,,,CONFLICTING,DO_NOT_PUBLISH_THIS_SPRINT,"chevauchement de mots (50%) mais géographie CONTRADICTOIRE — signal affaibli, revue requise."
"MINESUP-E:Comfort Higher Institute of Health, Management and Education (CHIHME)","Comfort Higher Institute of Health, Management and Education (CHIHME)",MINESUP,DUPLICATE_REVIEW,reports/registry/minesup-e-national-candidates.csv,"Tier-3 (internal prior-sprint durable artifact, not re-verified this sprint)",,,1,NO,DUPLICATE_REVIEW,,,YES,NO,,,CONFLICTING,DO_NOT_PUBLISH_THIS_SPRINT,plusieurs cibles à égalité de chevauchement (20%) — pas de gagnant clair.
MINESUP-E:Douala Higher Institute of Technology (DIT),Douala Higher Institute of Technology (DIT),MINESUP,DUPLICATE_REVIEW,reports/registry/minesup-e-national-candidates.csv,"Tier-3 (internal prior-sprint durable artifact, not re-verified this sprint)",,,1,NO,DUPLICATE_REVIEW,,,YES,NO,,,CONFLICTING,DO_NOT_PUBLISH_THIS_SPRINT,plusieurs cibles à égalité de chevauchement (50%) — pas de gagnant clair.
MINESUP-E:Dunamis Higher Institute of Applied Professional Studies (DHIAPS),Dunamis Higher Institute of Applied Professional Studies (DHIAPS),MINESUP,DUPLICATE_REVIEW,reports/registry/minesup-e-national-candidates.csv,"Tier-3 (internal prior-sprint durable artifact, not re-verified this sprint)",,,1,NO,DUPLICATE_REVIEW,,,YES,NO,,,CONFLICTING,DO_NOT_PUBLISH_THIS_SPRINT,plusieurs cibles à égalité de chevauchement (40%) — pas de gagnant clair.
MINESUP-E:Ecole Supérieure Africaine de Technologies Appliquées et de Gestion (ESATAG),Ecole Supérieure Africaine de Technologies Appliquées et de Gestion (ESATAG),MINESUP,DUPLICATE_REVIEW,reports/registry/minesup-e-national-candidates.csv,"Tier-3 (internal prior-sprint durable artifact, not re-verified this sprint)",,,1,NO,DUPLICATE_REVIEW,,,YES,NO,,,CONFLICTING,DO_NOT_PUBLISH_THIS_SPRINT,"chevauchement de mots (40%) mais géographie CONTRADICTOIRE — signal affaibli, revue requise."
MINESUP-E:Ecole Supérieure de Commerce et de Gestion de Yaoundé (ESCGY),Ecole Supérieure de Commerce et de Gestion de Yaoundé (ESCGY),MINESUP,DUPLICATE_REVIEW,reports/registry/minesup-e-national-candidates.csv,"Tier-3 (internal prior-sprint durable artifact, not re-verified this sprint)",,,1,NO,DUPLICATE_REVIEW,,,YES,NO,,,CONFLICTING,DO_NOT_PUBLISH_THIS_SPRINT,"chevauchement de mots (50%) mais géographie CONTRADICTOIRE — signal affaibli, revue requise."
MINESUP-E:Ecole Supérieure de Commerce et de Gestion des Entreprises (SUP de CO),Ecole Supérieure de Commerce et de Gestion des Entreprises (SUP de CO),MINESUP,DUPLICATE_REVIEW,reports/registry/minesup-e-national-candidates.csv,"Tier-3 (internal prior-sprint durable artifact, not re-verified this sprint)",,,1,NO,DUPLICATE_REVIEW,,,YES,NO,,,CONFLICTING,DO_NOT_PUBLISH_THIS_SPRINT,"chevauchement de mots (67%) mais géographie CONTRADICTOIRE — signal affaibli, revue requise."
MINESUP-E:Ecole Supérieure de Commerce et de Management PIGIER Cameroun,Ecole Supérieure de Commerce et de Management PIGIER Cameroun,MINESUP,DUPLICATE_REVIEW,reports/registry/minesup-e-national-candidates.csv,"Tier-3 (internal prior-sprint durable artifact, not re-verified this sprint)",,,1,NO,DUPLICATE_REVIEW,,,YES,NO,,,CONFLICTING,DO_NOT_PUBLISH_THIS_SPRINT,plusieurs cibles à égalité de chevauchement (25%) — pas de gagnant clair.
MINESUP-E:Ecole Supérieure de Management et des Technologies Appliquées « ESMATA»,Ecole Supérieure de Management et des Technologies Appliquées « ESMATA»,MINESUP,DUPLICATE_REVIEW,reports/registry/minesup-e-national-candidates.csv,"Tier-3 (internal prior-sprint durable artifact, not re-verified this sprint)",,,1,NO,DUPLICATE_REVIEW,,,YES,NO,,,CONFLICTING,DO_NOT_PUBLISH_THIS_SPRINT,"chevauchement de mots (50%) mais géographie CONTRADICTOIRE — signal affaibli, revue requise."
MINESUP-E:Ecole Supérieure des Sciences Appliquées de Bertoua,Ecole Supérieure des Sciences Appliquées de Bertoua,MINESUP,DUPLICATE_REVIEW,reports/registry/minesup-e-national-candidates.csv,"Tier-3 (internal prior-sprint durable artifact, not re-verified this sprint)",,,1,NO,DUPLICATE_REVIEW,,,YES,NO,,,CONFLICTING,DO_NOT_PUBLISH_THIS_SPRINT,plusieurs cibles à égalité de chevauchement (33%) — pas de gagnant clair.
"MINESUP-E:Ecole Supérieure des Sciences de la Finance, de l’Assurance et des Risques de Yaoundé (ESSFAR)","Ecole Supérieure des Sciences de la Finance, de l’Assurance et des Risques de Yaoundé (ESSFAR)",MINESUP,DUPLICATE_REVIEW,reports/registry/minesup-e-national-candidates.csv,"Tier-3 (internal prior-sprint durable artifact, not re-verified this sprint)",,,1,NO,DUPLICATE_REVIEW,,,YES,NO,,,CONFLICTING,DO_NOT_PUBLISH_THIS_SPRINT,plusieurs cibles à égalité de chevauchement (17%) — pas de gagnant clair.
MINESUP-E:Ecole Supérieure des Sciences et Techniques (ESSET),Ecole Supérieure des Sciences et Techniques (ESSET),MINESUP,DUPLICATE_REVIEW,reports/registry/minesup-e-national-candidates.csv,"Tier-3 (internal prior-sprint durable artifact, not re-verified this sprint)",,,1,NO,DUPLICATE_REVIEW,,,YES,NO,,,CONFLICTING,DO_NOT_PUBLISH_THIS_SPRINT,plusieurs cibles à égalité de chevauchement (33%) — pas de gagnant clair.
MINESUP-E:Ecole Supérieure d’Ingénieur d’Afrique Centrale (ESIAC),Ecole Supérieure d’Ingénieur d’Afrique Centrale (ESIAC),MINESUP,DUPLICATE_REVIEW,reports/registry/minesup-e-national-candidates.csv,"Tier-3 (internal prior-sprint durable artifact, not re-verified this sprint)",,,1,NO,DUPLICATE_REVIEW,,,YES,NO,,,CONFLICTING,DO_NOT_PUBLISH_THIS_SPRINT,"chevauchement de mots (50%) mais géographie CONTRADICTOIRE — signal affaibli, revue requise."
MINESUP-E:Ejed Higher Institute of Management and Biomedical Sciences (EHIMBS),Ejed Higher Institute of Management and Biomedical Sciences (EHIMBS),MINESUP,DUPLICATE_REVIEW,reports/registry/minesup-e-national-candidates.csv,"Tier-3 (internal prior-sprint durable artifact, not re-verified this sprint)",,,1,NO,DUPLICATE_REVIEW,,,YES,NO,,,CONFLICTING,DO_NOT_PUBLISH_THIS_SPRINT,plusieurs cibles à égalité de chevauchement (40%) — pas de gagnant clair.
MINESUP-E:Formulaire pour la demande d'équivalence des diplômes au MINESUP : Version française   ;  Version anglaise,Formulaire pour la demande d'équivalence des diplômes au MINESUP : Version française   ;  Version anglaise,MINESUP,DUPLICATE_REVIEW,reports/registry/minesup-e-national-candidates.csv,"Tier-3 (internal prior-sprint durable artifact, not re-verified this sprint)",,,1,NO,DUPLICATE_REVIEW,,,YES,NO,,,CONFLICTING,DO_NOT_PUBLISH_THIS_SPRINT,"chevauchement de mots (10%) mais géographie CONTRADICTOIRE — signal affaibli, revue requise."
"MINESUP-E:Formulaire pour le Duplicata, Attestation de non délivrance de diplôme, Correction, Attestation de diplôme non éditée, Relevé échec non édité, Diplôme non édité, certification/Authentification : Formulaire","Formulaire pour le Duplicata, Attestation de non délivrance de diplôme, Correction, Attestation de diplôme non éditée, Relevé échec non édité, Diplôme non édité, certification/Authentification : Formulaire",MINESUP,DUPLICATE_REVIEW,reports/registry/minesup-e-national-candidates.csv,"Tier-3 (internal prior-sprint durable artifact, not re-verified this sprint)",,,1,NO,DUPLICATE_REVIEW,,,YES,NO,,,CONFLICTING,DO_NOT_PUBLISH_THIS_SPRINT,"chevauchement de mots (6%) mais géographie CONTRADICTOIRE — signal affaibli, revue requise."
"MINESUP-E:Gulf-Field Higher Institute of Petroleum, Mining, Business and Management Sciences (GFHIP)","Gulf-Field Higher Institute of Petroleum, Mining, Business and Management Sciences (GFHIP)",MINESUP,DUPLICATE_REVIEW,reports/registry/minesup-e-national-candidates.csv,"Tier-3 (internal prior-sprint durable artifact, not re-verified this sprint)",,,1,NO,DUPLICATE_REVIEW,,,YES,NO,,,CONFLICTING,DO_NOT_PUBLISH_THIS_SPRINT,"chevauchement de mots (38%) mais géographie CONTRADICTOIRE — signal affaibli, revue requise."
MINESUP-E:Heritage Higher Institute of Peace Development Studies (HEHIPEDS),Heritage Higher Institute of Peace Development Studies (HEHIPEDS),MINESUP,DUPLICATE_REVIEW,reports/registry/minesup-e-national-candidates.csv,"Tier-3 (internal prior-sprint durable artifact, not re-verified this sprint)",,,1,NO,DUPLICATE_REVIEW,,,YES,NO,,,CONFLICTING,DO_NOT_PUBLISH_THIS_SPRINT,plusieurs cibles à égalité de chevauchement (20%) — pas de gagnant clair.
MINESUP-E:Higher Institute for Nursing and Technico-Sanitary Personals (HINTP),Higher Institute for Nursing and Technico-Sanitary Personals (HINTP),MINESUP,DUPLICATE_REVIEW,reports/registry/minesup-e-national-candidates.csv,"Tier-3 (internal prior-sprint durable artifact, not re-verified this sprint)",,,1,NO,DUPLICATE_REVIEW,,,YES,NO,,,CONFLICTING,DO_NOT_PUBLISH_THIS_SPRINT,"chevauchement de mots (20%) mais géographie CONTRADICTOIRE — signal affaibli, revue requise."
MINESUP-E:Higher Institute for Professionalism and Excellence (HIPTEX),Higher Institute for Professionalism and Excellence (HIPTEX),MINESUP,DUPLICATE_REVIEW,reports/registry/minesup-e-national-candidates.csv,"Tier-3 (internal prior-sprint durable artifact, not re-verified this sprint)",,,1,NO,DUPLICATE_REVIEW,,,YES,NO,,,CONFLICTING,DO_NOT_PUBLISH_THIS_SPRINT,plusieurs cibles à égalité de chevauchement (33%) — pas de gagnant clair.
MINESUP-E:Higher Institute for Technology and Professional Studies (HITEPS),Higher Institute for Technology and Professional Studies (HITEPS),MINESUP,DUPLICATE_REVIEW,reports/registry/minesup-e-national-candidates.csv,"Tier-3 (internal prior-sprint durable artifact, not re-verified this sprint)",,,1,NO,DUPLICATE_REVIEW,,,YES,NO,,,CONFLICTING,DO_NOT_PUBLISH_THIS_SPRINT,plusieurs cibles à égalité de chevauchement (50%) — pas de gagnant clair.
MINESUP-E:Higher Institute of Applied Medical Sciences Buea,Higher Institute of Applied Medical Sciences Buea,MINESUP,DUPLICATE_REVIEW,reports/registry/minesup-e-national-candidates.csv,"Tier-3 (internal prior-sprint durable artifact, not re-verified this sprint)",,,1,NO,DUPLICATE_REVIEW,,,YES,NO,,,CONFLICTING,DO_NOT_PUBLISH_THIS_SPRINT,plusieurs cibles à égalité de chevauchement (25%) — pas de gagnant clair.
MINESUP-E:Higher Institute of Business,Higher Institute of Business,MINESUP,DUPLICATE_REVIEW,reports/registry/minesup-e-national-candidates.csv,"Tier-3 (internal prior-sprint durable artifact, not re-verified this sprint)",,,1,NO,DUPLICATE_REVIEW,,,YES,NO,,,CONFLICTING,DO_NOT_PUBLISH_THIS_SPRINT,plusieurs cibles à égalité de chevauchement (100%) — pas de gagnant clair.
MINESUP-E:Higher Institute of Business and Management Studies (HIBMS),Higher Institute of Business and Management Studies (HIBMS),MINESUP,DUPLICATE_REVIEW,reports/registry/minesup-e-national-candidates.csv,"Tier-3 (internal prior-sprint durable artifact, not re-verified this sprint)",,,1,NO,DUPLICATE_REVIEW,,,YES,NO,,,CONFLICTING,DO_NOT_PUBLISH_THIS_SPRINT,plusieurs cibles à égalité de chevauchement (50%) — pas de gagnant clair.
MINESUP-E:Higher Institute of Management Studies,Higher Institute of Management Studies,MINESUP,DUPLICATE_REVIEW,reports/registry/minesup-e-national-candidates.csv,"Tier-3 (internal prior-sprint durable artifact, not re-verified this sprint)",,,1,NO,DUPLICATE_REVIEW,,,YES,NO,,,CONFLICTING,DO_NOT_PUBLISH_THIS_SPRINT,plusieurs cibles à égalité de chevauchement (50%) — pas de gagnant clair.
MINESUP-E:Higher Institute of Management and Entrepreneurship (HIME),Higher Institute of Management and Entrepreneurship (HIME),MINESUP,DUPLICATE_REVIEW,reports/registry/minesup-e-national-candidates.csv,"Tier-3 (internal prior-sprint durable artifact, not re-verified this sprint)",,,1,NO,DUPLICATE_REVIEW,,,YES,NO,,,CONFLICTING,DO_NOT_PUBLISH_THIS_SPRINT,plusieurs cibles à égalité de chevauchement (33%) — pas de gagnant clair.
MINESUP-E:Higher Institute of Professional Excellence (HIPE),Higher Institute of Professional Excellence (HIPE),MINESUP,DUPLICATE_REVIEW,reports/registry/minesup-e-national-candidates.csv,"Tier-3 (internal prior-sprint durable artifact, not re-verified this sprint)",,,1,NO,DUPLICATE_REVIEW,,,YES,NO,,,CONFLICTING,DO_NOT_PUBLISH_THIS_SPRINT,plusieurs cibles à égalité de chevauchement (33%) — pas de gagnant clair.
MINESUP-E:Higher Institute of Professional Studies and Career Development,Higher Institute of Professional Studies and Career Development,MINESUP,DUPLICATE_REVIEW,reports/registry/minesup-e-national-candidates.csv,"Tier-3 (internal prior-sprint durable artifact, not re-verified this sprint)",,,1,NO,DUPLICATE_REVIEW,,,YES,NO,,,CONFLICTING,DO_NOT_PUBLISH_THIS_SPRINT,plusieurs cibles à égalité de chevauchement (50%) — pas de gagnant clair.
MINESUP-E:Higher Institute of Sciences and Technology (HIST),Higher Institute of Sciences and Technology (HIST),MINESUP,DUPLICATE_REVIEW,reports/registry/minesup-e-national-candidates.csv,"Tier-3 (internal prior-sprint durable artifact, not re-verified this sprint)",,,1,NO,DUPLICATE_REVIEW,,,YES,NO,,,CONFLICTING,DO_NOT_PUBLISH_THIS_SPRINT,plusieurs cibles à égalité de chevauchement (33%) — pas de gagnant clair.
MINESUP-E:Higher Institute of Technology,Higher Institute of Technology,MINESUP,DUPLICATE_REVIEW,reports/registry/minesup-e-national-candidates.csv,"Tier-3 (internal prior-sprint durable artifact, not re-verified this sprint)",,,1,NO,DUPLICATE_REVIEW,,,YES,NO,,,CONFLICTING,DO_NOT_PUBLISH_THIS_SPRINT,plusieurs cibles à égalité de chevauchement (100%) — pas de gagnant clair.
MINESUP-E:Higher Institute of Technology and Management Sciences (PAC-LAB HITMS),Higher Institute of Technology and Management Sciences (PAC-LAB HITMS),MINESUP,DUPLICATE_REVIEW,reports/registry/minesup-e-national-candidates.csv,"Tier-3 (internal prior-sprint durable artifact, not re-verified this sprint)",,,1,NO,DUPLICATE_REVIEW,,,YES,NO,,,CONFLICTING,DO_NOT_PUBLISH_THIS_SPRINT,plusieurs cibles à égalité de chevauchement (50%) — pas de gagnant clair.
MINESUP-E:Higher Institute of technology and Management (CITEC HITM),Higher Institute of technology and Management (CITEC HITM),MINESUP,DUPLICATE_REVIEW,reports/registry/minesup-e-national-candidates.csv,"Tier-3 (internal prior-sprint durable artifact, not re-verified this sprint)",,,1,NO,DUPLICATE_REVIEW,,,YES,NO,,,CONFLICTING,DO_NOT_PUBLISH_THIS_SPRINT,"chevauchement de mots (50%) mais géographie CONTRADICTOIRE — signal affaibli, revue requise."
MINESUP-E:ISEC Higher Institute of Health and Human Services,ISEC Higher Institute of Health and Human Services,MINESUP,DUPLICATE_REVIEW,reports/registry/minesup-e-national-candidates.csv,"Tier-3 (internal prior-sprint durable artifact, not re-verified this sprint)",,,1,NO,DUPLICATE_REVIEW,,,YES,NO,,,CONFLICTING,DO_NOT_PUBLISH_THIS_SPRINT,plusieurs cibles à égalité de chevauchement (25%) — pas de gagnant clair.
MINESUP-E:Impact Higher Institute of Leadership and International Development,Impact Higher Institute of Leadership and International Development,MINESUP,DUPLICATE_REVIEW,reports/registry/minesup-e-national-candidates.csv,"Tier-3 (internal prior-sprint durable artifact, not re-verified this sprint)",,,1,NO,DUPLICATE_REVIEW,,,YES,NO,,,CONFLICTING,DO_NOT_PUBLISH_THIS_SPRINT,plusieurs cibles à égalité de chevauchement (25%) — pas de gagnant clair.
MINESUP-E:Information and Communication Technology University Institute (ICTU),Information and Communication Technology University Institute (ICTU),MINESUP,DUPLICATE_REVIEW,reports/registry/minesup-e-national-candidates.csv,"Tier-3 (internal prior-sprint durable artifact, not re-verified this sprint)",,,1,NO,DUPLICATE_REVIEW,,,YES,NO,,,CONFLICTING,DO_NOT_PUBLISH_THIS_SPRINT,plusieurs cibles à égalité de chevauchement (25%) — pas de gagnant clair.
MINESUP-E:Institut Catholique Bonneau d’Ebolowa (ICABE),Institut Catholique Bonneau d’Ebolowa (ICABE),MINESUP,DUPLICATE_REVIEW,reports/registry/minesup-e-national-candidates.csv,"Tier-3 (internal prior-sprint durable artifact, not re-verified this sprint)",,,1,NO,DUPLICATE_REVIEW,,,YES,NO,,,CONFLICTING,DO_NOT_PUBLISH_THIS_SPRINT,plusieurs cibles à égalité de chevauchement (25%) — pas de gagnant clair.
MINESUP-E:Institut Catholique de Bafoussam (ICAB),Institut Catholique de Bafoussam (ICAB),MINESUP,DUPLICATE_REVIEW,reports/registry/minesup-e-national-candidates.csv,"Tier-3 (internal prior-sprint durable artifact, not re-verified this sprint)",,,1,NO,DUPLICATE_REVIEW,,,YES,NO,,,CONFLICTING,DO_NOT_PUBLISH_THIS_SPRINT,plusieurs cibles à égalité de chevauchement (33%) — pas de gagnant clair.
MINESUP-E:Institut Catholique de Yaoundé,Institut Catholique de Yaoundé,MINESUP,DUPLICATE_REVIEW,reports/registry/minesup-e-national-candidates.csv,"Tier-3 (internal prior-sprint durable artifact, not re-verified this sprint)",,,1,NO,DUPLICATE_REVIEW,,,YES,NO,,,CONFLICTING,DO_NOT_PUBLISH_THIS_SPRINT,plusieurs cibles à égalité de chevauchement (50%) — pas de gagnant clair.
MINESUP-E:Institut Privé des Sciences de la Santé de Sangmelima (IPSSSA),Institut Privé des Sciences de la Santé de Sangmelima (IPSSSA),MINESUP,DUPLICATE_REVIEW,reports/registry/minesup-e-national-candidates.csv,"Tier-3 (internal prior-sprint durable artifact, not re-verified this sprint)",,,1,NO,DUPLICATE_REVIEW,,,YES,NO,,,CONFLICTING,DO_NOT_PUBLISH_THIS_SPRINT,plusieurs cibles à égalité de chevauchement (25%) — pas de gagnant clair.
MINESUP-E:Institut Saint Jean,Institut Saint Jean,MINESUP,DUPLICATE_REVIEW,reports/registry/minesup-e-national-candidates.csv,"Tier-3 (internal prior-sprint durable artifact, not re-verified this sprint)",,,1,NO,DUPLICATE_REVIEW,,,YES,NO,,,CONFLICTING,DO_NOT_PUBLISH_THIS_SPRINT,plusieurs cibles à égalité de chevauchement (50%) — pas de gagnant clair.
"MINESUP-E:Institut Supérieur Azimut de Commerce, de Technologie et de Santé","Institut Supérieur Azimut de Commerce, de Technologie et de Santé",MINESUP,DUPLICATE_REVIEW,reports/registry/minesup-e-national-candidates.csv,"Tier-3 (internal prior-sprint durable artifact, not re-verified this sprint)",,,1,NO,DUPLICATE_REVIEW,,,YES,NO,,,CONFLICTING,DO_NOT_PUBLISH_THIS_SPRINT,plusieurs cibles à égalité de chevauchement (25%) — pas de gagnant clair.
MINESUP-E:Institut Supérieur Camille Chazeaud,Institut Supérieur Camille Chazeaud,MINESUP,SOURCE_REVIEW,reports/registry/minesup-e-national-candidates.csv,"Tier-3 (internal prior-sprint durable artifact, not re-verified this sprint)",,,1,NO,SOURCE_REVIEW,,,NO,NO,,,UNRESOLVED,DO_NOT_PUBLISH_THIS_SPRINT,SOURCE_REVIEW
MINESUP-E:Institut Supérieur Evangélique des Technologies et de Gestion (ISETAG),Institut Supérieur Evangélique des Technologies et de Gestion (ISETAG),MINESUP,DUPLICATE_REVIEW,reports/registry/minesup-e-national-candidates.csv,"Tier-3 (internal prior-sprint durable artifact, not re-verified this sprint)",,,1,NO,DUPLICATE_REVIEW,,,YES,NO,,,CONFLICTING,DO_NOT_PUBLISH_THIS_SPRINT,plusieurs cibles à égalité de chevauchement (25%) — pas de gagnant clair.
MINESUP-E:Institut Supérieur Hintel,Institut Supérieur Hintel,MINESUP,SOURCE_REVIEW,reports/registry/minesup-e-national-candidates.csv,"Tier-3 (internal prior-sprint durable artifact, not re-verified this sprint)",,,1,NO,SOURCE_REVIEW,,,NO,NO,,,UNRESOLVED,DO_NOT_PUBLISH_THIS_SPRINT,SOURCE_REVIEW
MINESUP-E:Institut Supérieur Industriel et Commercial de Garoua,Institut Supérieur Industriel et Commercial de Garoua,MINESUP,DUPLICATE_REVIEW,reports/registry/minesup-e-national-candidates.csv,"Tier-3 (internal prior-sprint durable artifact, not re-verified this sprint)",,,1,NO,DUPLICATE_REVIEW,,,YES,NO,,,CONFLICTING,DO_NOT_PUBLISH_THIS_SPRINT,"chevauchement de mots (33%) mais géographie CONTRADICTOIRE — signal affaibli, revue requise."
MINESUP-E:Institut Supérieur Industriel et Commercial de Garoua (ISIC),Institut Supérieur Industriel et Commercial de Garoua (ISIC),MINESUP,DUPLICATE_REVIEW,reports/registry/minesup-e-national-candidates.csv,"Tier-3 (internal prior-sprint durable artifact, not re-verified this sprint)",,,1,NO,DUPLICATE_REVIEW,,,YES,NO,,,CONFLICTING,DO_NOT_PUBLISH_THIS_SPRINT,"chevauchement de mots (25%) mais géographie CONTRADICTOIRE — signal affaibli, revue requise."
MINESUP-E:Institut Supérieur Lead (ISL),Institut Supérieur Lead (ISL),MINESUP,SOURCE_REVIEW,reports/registry/minesup-e-national-candidates.csv,"Tier-3 (internal prior-sprint durable artifact, not re-verified this sprint)",,,1,NO,SOURCE_REVIEW,,,NO,NO,,,UNRESOLVED,DO_NOT_PUBLISH_THIS_SPRINT,SOURCE_REVIEW
MINESUP-E:Institut Supérieur Maritime et de Gestion (ISUMAG),Institut Supérieur Maritime et de Gestion (ISUMAG),MINESUP,DUPLICATE_REVIEW,reports/registry/minesup-e-national-candidates.csv,"Tier-3 (internal prior-sprint durable artifact, not re-verified this sprint)",,,1,NO,DUPLICATE_REVIEW,,,YES,NO,,,CONFLICTING,DO_NOT_PUBLISH_THIS_SPRINT,"chevauchement de mots (33%) mais géographie CONTRADICTOIRE — signal affaibli, revue requise."
MINESUP-E:Institut Supérieur Matamfen (ISMAT),Institut Supérieur Matamfen (ISMAT),MINESUP,SOURCE_REVIEW,reports/registry/minesup-e-national-candidates.csv,"Tier-3 (internal prior-sprint durable artifact, not re-verified this sprint)",,,1,NO,SOURCE_REVIEW,,,NO,NO,,,UNRESOLVED,DO_NOT_PUBLISH_THIS_SPRINT,SOURCE_REVIEW
MINESUP-E:Institut Supérieur Mony Keng (IMK),Institut Supérieur Mony Keng (IMK),MINESUP,SOURCE_REVIEW,reports/registry/minesup-e-national-candidates.csv,"Tier-3 (internal prior-sprint durable artifact, not re-verified this sprint)",,,1,NO,SOURCE_REVIEW,,,NO,NO,,,UNRESOLVED,DO_NOT_PUBLISH_THIS_SPRINT,SOURCE_REVIEW
MINESUP-E:Institut Supérieur Nyong et Sanaga (ISNS),Institut Supérieur Nyong et Sanaga (ISNS),MINESUP,SOURCE_REVIEW,reports/registry/minesup-e-national-candidates.csv,"Tier-3 (internal prior-sprint durable artifact, not re-verified this sprint)",,,1,NO,SOURCE_REVIEW,,,NO,NO,,,UNRESOLVED,DO_NOT_PUBLISH_THIS_SPRINT,SOURCE_REVIEW
MINESUP-E:Institut Supérieur Polytechnique,Institut Supérieur Polytechnique,MINESUP,SOURCE_REVIEW,reports/registry/minesup-e-national-candidates.csv,"Tier-3 (internal prior-sprint durable artifact, not re-verified this sprint)",,,1,NO,SOURCE_REVIEW,,,NO,NO,,,UNRESOLVED,DO_NOT_PUBLISH_THIS_SPRINT,SOURCE_REVIEW
MINESUP-E:Institut Supérieur Polytechnique de Bansoa (ISPB),Institut Supérieur Polytechnique de Bansoa (ISPB),MINESUP,SOURCE_REVIEW,reports/registry/minesup-e-national-candidates.csv,"Tier-3 (internal prior-sprint durable artifact, not re-verified this sprint)",,,1,NO,SOURCE_REVIEW,,,NO,NO,,,UNRESOLVED,DO_NOT_PUBLISH_THIS_SPRINT,SOURCE_REVIEW
MINESUP-E:Institut Supérieur Polytechnique les Armandins (ISPA),Institut Supérieur Polytechnique les Armandins (ISPA),MINESUP,SOURCE_REVIEW,reports/registry/minesup-e-national-candidates.csv,"Tier-3 (internal prior-sprint durable artifact, not re-verified this sprint)",,,1,NO,SOURCE_REVIEW,,,NO,NO,,,UNRESOLVED,DO_NOT_PUBLISH_THIS_SPRINT,SOURCE_REVIEW
MINESUP-E:Institut Supérieur Professeurs Réunis (ISPR),Institut Supérieur Professeurs Réunis (ISPR),MINESUP,SOURCE_REVIEW,reports/registry/minesup-e-national-candidates.csv,"Tier-3 (internal prior-sprint durable artifact, not re-verified this sprint)",,,1,NO,SOURCE_REVIEW,,,NO,NO,,,UNRESOLVED,DO_NOT_PUBLISH_THIS_SPRINT,SOURCE_REVIEW
MINESUP-E:Institut Supérieur Professionnel (ISP),Institut Supérieur Professionnel (ISP),MINESUP,SOURCE_REVIEW,reports/registry/minesup-e-national-candidates.csv,"Tier-3 (internal prior-sprint durable artifact, not re-verified this sprint)",,,1,NO,SOURCE_REVIEW,,,NO,NO,,,UNRESOLVED,DO_NOT_PUBLISH_THIS_SPRINT,SOURCE_REVIEW
MINESUP-E:Institut Supérieur Protestant des Sciences et de Technologie d’Elat,Institut Supérieur Protestant des Sciences et de Technologie d’Elat,MINESUP,DUPLICATE_REVIEW,reports/registry/minesup-e-national-candidates.csv,"Tier-3 (internal prior-sprint durable artifact, not re-verified this sprint)",,,1,NO,DUPLICATE_REVIEW,,,YES,NO,,,CONFLICTING,DO_NOT_PUBLISH_THIS_SPRINT,plusieurs cibles à égalité de chevauchement (25%) — pas de gagnant clair.
MINESUP-E:Institut Supérieur Royal Baboutcha-Nintcheu (ISRB),Institut Supérieur Royal Baboutcha-Nintcheu (ISRB),MINESUP,SOURCE_REVIEW,reports/registry/minesup-e-national-candidates.csv,"Tier-3 (internal prior-sprint durable artifact, not re-verified this sprint)",,,1,NO,SOURCE_REVIEW,,,NO,NO,,,UNRESOLVED,DO_NOT_PUBLISH_THIS_SPRINT,SOURCE_REVIEW
MINESUP-E:Institut Supérieur Royal Deumaga (ISRD),Institut Supérieur Royal Deumaga (ISRD),MINESUP,SOURCE_REVIEW,reports/registry/minesup-e-national-candidates.csv,"Tier-3 (internal prior-sprint durable artifact, not re-verified this sprint)",,,1,NO,SOURCE_REVIEW,,,NO,NO,,,UNRESOLVED,DO_NOT_PUBLISH_THIS_SPRINT,SOURCE_REVIEW
MINESUP-E:Institut Supérieur Saint Jean-Paul II (ISJP),Institut Supérieur Saint Jean-Paul II (ISJP),MINESUP,DUPLICATE_REVIEW,reports/registry/minesup-e-national-candidates.csv,"Tier-3 (internal prior-sprint durable artifact, not re-verified this sprint)",,,1,NO,DUPLICATE_REVIEW,,,YES,NO,,,CONFLICTING,DO_NOT_PUBLISH_THIS_SPRINT,plusieurs cibles à égalité de chevauchement (25%) — pas de gagnant clair.
MINESUP-E:Institut Supérieur Simon de Cyrène (ISSC),Institut Supérieur Simon de Cyrène (ISSC),MINESUP,SOURCE_REVIEW,reports/registry/minesup-e-national-candidates.csv,"Tier-3 (internal prior-sprint durable artifact, not re-verified this sprint)",,,1,NO,SOURCE_REVIEW,,,NO,NO,,,UNRESOLVED,DO_NOT_PUBLISH_THIS_SPRINT,SOURCE_REVIEW
MINESUP-E:Institut Supérieur Technologique,Institut Supérieur Technologique,MINESUP,DUPLICATE_REVIEW,reports/registry/minesup-e-national-candidates.csv,"Tier-3 (internal prior-sprint durable artifact, not re-verified this sprint)",,,1,NO,DUPLICATE_REVIEW,,,YES,NO,,,CONFLICTING,DO_NOT_PUBLISH_THIS_SPRINT,plusieurs cibles à égalité de chevauchement (100%) — pas de gagnant clair.
MINESUP-E:Institut Supérieur Walya (WALYASUP),Institut Supérieur Walya (WALYASUP),MINESUP,DUPLICATE_REVIEW,reports/registry/minesup-e-national-candidates.csv,"Tier-3 (internal prior-sprint durable artifact, not re-verified this sprint)",,,1,NO,DUPLICATE_REVIEW,,,YES,NO,,,CONFLICTING,DO_NOT_PUBLISH_THIS_SPRINT,"chevauchement de mots (50%) mais géographie CONTRADICTOIRE — signal affaibli, revue requise."
MINESUP-E:Institut Supérieur Yérima DEWA (ISYD),Institut Supérieur Yérima DEWA (ISYD),MINESUP,DUPLICATE_REVIEW,reports/registry/minesup-e-national-candidates.csv,"Tier-3 (internal prior-sprint durable artifact, not re-verified this sprint)",,,1,NO,DUPLICATE_REVIEW,,,YES,NO,,,CONFLICTING,DO_NOT_PUBLISH_THIS_SPRINT,chevauchement de mots fort (67%) + géographie cohérente.
MINESUP-E:Institut Supérieur de Bafang (ISB),Institut Supérieur de Bafang (ISB),MINESUP,SOURCE_REVIEW,reports/registry/minesup-e-national-candidates.csv,"Tier-3 (internal prior-sprint durable artifact, not re-verified this sprint)",,,1,NO,SOURCE_REVIEW,,,NO,NO,,,UNRESOLVED,DO_NOT_PUBLISH_THIS_SPRINT,SOURCE_REVIEW
MINESUP-E:Institut Supérieur de Bafoussam,Institut Supérieur de Bafoussam,MINESUP,SOURCE_REVIEW,reports/registry/minesup-e-national-candidates.csv,"Tier-3 (internal prior-sprint durable artifact, not re-verified this sprint)",,,1,NO,SOURCE_REVIEW,,,NO,NO,,,UNRESOLVED,DO_NOT_PUBLISH_THIS_SPRINT,SOURCE_REVIEW
MINESUP-E:Institut Supérieur de Banka-Bafang (ISB),Institut Supérieur de Banka-Bafang (ISB),MINESUP,SOURCE_REVIEW,reports/registry/minesup-e-national-candidates.csv,"Tier-3 (internal prior-sprint durable artifact, not re-verified this sprint)",,,1,NO,SOURCE_REVIEW,,,NO,NO,,,UNRESOLVED,DO_NOT_PUBLISH_THIS_SPRINT,SOURCE_REVIEW
MINESUP-E:Institut Supérieur de Chimie et de Gestion,Institut Supérieur de Chimie et de Gestion,MINESUP,DUPLICATE_REVIEW,reports/registry/minesup-e-national-candidates.csv,"Tier-3 (internal prior-sprint durable artifact, not re-verified this sprint)",,,1,NO,DUPLICATE_REVIEW,,,YES,NO,,,CONFLICTING,DO_NOT_PUBLISH_THIS_SPRINT,"chevauchement de mots (50%) mais géographie CONTRADICTOIRE — signal affaibli, revue requise."
MINESUP-E:Institut Supérieur de Commerce et de management,Institut Supérieur de Commerce et de management,MINESUP,DUPLICATE_REVIEW,reports/registry/minesup-e-national-candidates.csv,"Tier-3 (internal prior-sprint durable artifact, not re-verified this sprint)",,,1,NO,DUPLICATE_REVIEW,,,YES,NO,,,CONFLICTING,DO_NOT_PUBLISH_THIS_SPRINT,plusieurs cibles à égalité de chevauchement (50%) — pas de gagnant clair.
MINESUP-E:Institut Supérieur de Commerce et d’Administration des Collectivités (ISCAC),Institut Supérieur de Commerce et d’Administration des Collectivités (ISCAC),MINESUP,DUPLICATE_REVIEW,reports/registry/minesup-e-national-candidates.csv,"Tier-3 (internal prior-sprint durable artifact, not re-verified this sprint)",,,1,NO,DUPLICATE_REVIEW,,,YES,NO,,,CONFLICTING,DO_NOT_PUBLISH_THIS_SPRINT,plusieurs cibles à égalité de chevauchement (25%) — pas de gagnant clair.
MINESUP-E:Institut Supérieur de Comptabilité et Management (ISCM),Institut Supérieur de Comptabilité et Management (ISCM),MINESUP,DUPLICATE_REVIEW,reports/registry/minesup-e-national-candidates.csv,"Tier-3 (internal prior-sprint durable artifact, not re-verified this sprint)",,,1,NO,DUPLICATE_REVIEW,,,YES,NO,,,CONFLICTING,DO_NOT_PUBLISH_THIS_SPRINT,plusieurs cibles à égalité de chevauchement (33%) — pas de gagnant clair.
"MINESUP-E:Institut Supérieur de Formation aux Métiers de Télécommunications, de l’Innovation Technologique, de Commerce et de Gestion (IFTIC-SUP)","Institut Supérieur de Formation aux Métiers de Télécommunications, de l’Innovation Technologique, de Commerce et de Gestion (IFTIC-SUP)",MINESUP,DUPLICATE_REVIEW,reports/registry/minesup-e-national-candidates.csv,"Tier-3 (internal prior-sprint durable artifact, not re-verified this sprint)",,,1,NO,DUPLICATE_REVIEW,,,YES,NO,,,CONFLICTING,DO_NOT_PUBLISH_THIS_SPRINT,"chevauchement de mots (25%) mais géographie CONTRADICTOIRE — signal affaibli, revue requise."
MINESUP-E:Institut Supérieur de Gestion (ISG),Institut Supérieur de Gestion (ISG),MINESUP,DUPLICATE_REVIEW,reports/registry/minesup-e-national-candidates.csv,"Tier-3 (internal prior-sprint durable artifact, not re-verified this sprint)",,,1,NO,DUPLICATE_REVIEW,,,YES,NO,,,CONFLICTING,DO_NOT_PUBLISH_THIS_SPRINT,chevauchement de mots fort (100%) + géographie cohérente.
MINESUP-E:Institut Supérieur de Gestion et de Management (ISGEM),Institut Supérieur de Gestion et de Management (ISGEM),MINESUP,DUPLICATE_REVIEW,reports/registry/minesup-e-national-candidates.csv,"Tier-3 (internal prior-sprint durable artifact, not re-verified this sprint)",,,1,NO,DUPLICATE_REVIEW,,,YES,NO,,,CONFLICTING,DO_NOT_PUBLISH_THIS_SPRINT,plusieurs cibles à égalité de chevauchement (33%) — pas de gagnant clair.
MINESUP-E:Institut Supérieur de Gestion et de Technologie (ISGET),Institut Supérieur de Gestion et de Technologie (ISGET),MINESUP,DUPLICATE_REVIEW,reports/registry/minesup-e-national-candidates.csv,"Tier-3 (internal prior-sprint durable artifact, not re-verified this sprint)",,,1,NO,DUPLICATE_REVIEW,,,YES,NO,,,CONFLICTING,DO_NOT_PUBLISH_THIS_SPRINT,plusieurs cibles à égalité de chevauchement (33%) — pas de gagnant clair.
MINESUP-E:Institut Supérieur de Gestion et du Design (ISGD),Institut Supérieur de Gestion et du Design (ISGD),MINESUP,DUPLICATE_REVIEW,reports/registry/minesup-e-national-candidates.csv,"Tier-3 (internal prior-sprint durable artifact, not re-verified this sprint)",,,1,NO,DUPLICATE_REVIEW,,,YES,NO,,,CONFLICTING,DO_NOT_PUBLISH_THIS_SPRINT,plusieurs cibles à égalité de chevauchement (33%) — pas de gagnant clair.
MINESUP-E:Institut Supérieur de Gestion et d’Economie Appliquée de Bafoussam (SUP GECO),Institut Supérieur de Gestion et d’Economie Appliquée de Bafoussam (SUP GECO),MINESUP,DUPLICATE_REVIEW,reports/registry/minesup-e-national-candidates.csv,"Tier-3 (internal prior-sprint durable artifact, not re-verified this sprint)",,,1,NO,DUPLICATE_REVIEW,,,YES,NO,,,CONFLICTING,DO_NOT_PUBLISH_THIS_SPRINT,plusieurs cibles à égalité de chevauchement (20%) — pas de gagnant clair.
MINESUP-E:Institut Supérieur de Gestion et d’Hotellerie KELLA GAMO Sidonie (ISGH-KGS),Institut Supérieur de Gestion et d’Hotellerie KELLA GAMO Sidonie (ISGH-KGS),MINESUP,DUPLICATE_REVIEW,reports/registry/minesup-e-national-candidates.csv,"Tier-3 (internal prior-sprint durable artifact, not re-verified this sprint)",,,1,NO,DUPLICATE_REVIEW,,,YES,NO,,,CONFLICTING,DO_NOT_PUBLISH_THIS_SPRINT,"chevauchement de mots partiel (17%), insuffisant pour STRONG_MATCH."
MINESUP-E:Institut Supérieur de Gestion et d’Hôtellerie (ISGHO),Institut Supérieur de Gestion et d’Hôtellerie (ISGHO),MINESUP,DUPLICATE_REVIEW,reports/registry/minesup-e-national-candidates.csv,"Tier-3 (internal prior-sprint durable artifact, not re-verified this sprint)",,,1,NO,DUPLICATE_REVIEW,,,YES,NO,,,CONFLICTING,DO_NOT_PUBLISH_THIS_SPRINT,"chevauchement de mots (33%) mais géographie CONTRADICTOIRE — signal affaibli, revue requise."
MINESUP-E:Institut Supérieur de Management (ISMA),Institut Supérieur de Management (ISMA),MINESUP,DUPLICATE_REVIEW,reports/registry/minesup-e-national-candidates.csv,"Tier-3 (internal prior-sprint durable artifact, not re-verified this sprint)",,,1,NO,DUPLICATE_REVIEW,,,YES,NO,,,CONFLICTING,DO_NOT_PUBLISH_THIS_SPRINT,plusieurs cibles à égalité de chevauchement (50%) — pas de gagnant clair.
MINESUP-E:Institut Supérieur de Management International (ISMI),Institut Supérieur de Management International (ISMI),MINESUP,DUPLICATE_REVIEW,reports/registry/minesup-e-national-candidates.csv,"Tier-3 (internal prior-sprint durable artifact, not re-verified this sprint)",,,1,NO,DUPLICATE_REVIEW,,,YES,NO,,,CONFLICTING,DO_NOT_PUBLISH_THIS_SPRINT,plusieurs cibles à égalité de chevauchement (33%) — pas de gagnant clair.
MINESUP-E:Institut Supérieur de Management de Manengouba (ISMAM),Institut Supérieur de Management de Manengouba (ISMAM),MINESUP,DUPLICATE_REVIEW,reports/registry/minesup-e-national-candidates.csv,"Tier-3 (internal prior-sprint durable artifact, not re-verified this sprint)",,,1,NO,DUPLICATE_REVIEW,,,YES,NO,,,CONFLICTING,DO_NOT_PUBLISH_THIS_SPRINT,plusieurs cibles à égalité de chevauchement (33%) — pas de gagnant clair.
MINESUP-E:Institut Supérieur de Management et de Technologies Avancées (ISMT),Institut Supérieur de Management et de Technologies Avancées (ISMT),MINESUP,DUPLICATE_REVIEW,reports/registry/minesup-e-national-candidates.csv,"Tier-3 (internal prior-sprint durable artifact, not re-verified this sprint)",,,1,NO,DUPLICATE_REVIEW,,,YES,NO,,,CONFLICTING,DO_NOT_PUBLISH_THIS_SPRINT,plusieurs cibles à égalité de chevauchement (25%) — pas de gagnant clair.
MINESUP-E:Institut Supérieur de Management et de l’Entrepreneuriat,Institut Supérieur de Management et de l’Entrepreneuriat,MINESUP,DUPLICATE_REVIEW,reports/registry/minesup-e-national-candidates.csv,"Tier-3 (internal prior-sprint durable artifact, not re-verified this sprint)",,,1,NO,DUPLICATE_REVIEW,,,YES,NO,,,CONFLICTING,DO_NOT_PUBLISH_THIS_SPRINT,plusieurs cibles à égalité de chevauchement (50%) — pas de gagnant clair.
MINESUP-E:Institut Supérieur de Management et des Sciences Appliquées (ISMASA),Institut Supérieur de Management et des Sciences Appliquées (ISMASA),MINESUP,DUPLICATE_REVIEW,reports/registry/minesup-e-national-candidates.csv,"Tier-3 (internal prior-sprint durable artifact, not re-verified this sprint)",,,1,NO,DUPLICATE_REVIEW,,,YES,NO,,,CONFLICTING,DO_NOT_PUBLISH_THIS_SPRINT,"chevauchement de mots (50%) mais géographie CONTRADICTOIRE — signal affaibli, revue requise."
MINESUP-E:Institut Supérieur de Management et des Technologies Appliquées (ISMTA),Institut Supérieur de Management et des Technologies Appliquées (ISMTA),MINESUP,DUPLICATE_REVIEW,reports/registry/minesup-e-national-candidates.csv,"Tier-3 (internal prior-sprint durable artifact, not re-verified this sprint)",,,1,NO,DUPLICATE_REVIEW,,,YES,NO,,,CONFLICTING,DO_NOT_PUBLISH_THIS_SPRINT,"chevauchement de mots (50%) mais géographie CONTRADICTOIRE — signal affaibli, revue requise."
MINESUP-E:Institut Supérieur de Management et des Technologies Industrielles (ISMTI),Institut Supérieur de Management et des Technologies Industrielles (ISMTI),MINESUP,DUPLICATE_REVIEW,reports/registry/minesup-e-national-candidates.csv,"Tier-3 (internal prior-sprint durable artifact, not re-verified this sprint)",,,1,NO,DUPLICATE_REVIEW,,,YES,NO,,,CONFLICTING,DO_NOT_PUBLISH_THIS_SPRINT,plusieurs cibles à égalité de chevauchement (25%) — pas de gagnant clair.
"MINESUP-E:Institut Supérieur de Pétrochimie, de l'Informatique et des Sciences Appliquées (ISPISA)","Institut Supérieur de Pétrochimie, de l'Informatique et des Sciences Appliquées (ISPISA)",MINESUP,DUPLICATE_REVIEW,reports/registry/minesup-e-national-candidates.csv,"Tier-3 (internal prior-sprint durable artifact, not re-verified this sprint)",,,1,NO,DUPLICATE_REVIEW,,,YES,NO,,,CONFLICTING,DO_NOT_PUBLISH_THIS_SPRINT,plusieurs cibles à égalité de chevauchement (20%) — pas de gagnant clair.
MINESUP-E:Institut Supérieur de Technologie Appliquée et de Gestion (ISTAG).,Institut Supérieur de Technologie Appliquée et de Gestion (ISTAG).,MINESUP,DUPLICATE_REVIEW,reports/registry/minesup-e-national-candidates.csv,"Tier-3 (internal prior-sprint durable artifact, not re-verified this sprint)",,,1,NO,DUPLICATE_REVIEW,,,YES,NO,,,CONFLICTING,DO_NOT_PUBLISH_THIS_SPRINT,plusieurs cibles à égalité de chevauchement (25%) — pas de gagnant clair.
MINESUP-E:Institut Supérieur de Technologie Avancée et du Management Douala (ISTAMA),Institut Supérieur de Technologie Avancée et du Management Douala (ISTAMA),MINESUP,DUPLICATE_REVIEW,reports/registry/minesup-e-national-candidates.csv,"Tier-3 (internal prior-sprint durable artifact, not re-verified this sprint)",,,1,NO,DUPLICATE_REVIEW,,,YES,NO,,,CONFLICTING,DO_NOT_PUBLISH_THIS_SPRINT,plusieurs cibles à égalité de chevauchement (20%) — pas de gagnant clair.
MINESUP-E:Institut Supérieur de Technologie Médicale de Nkolodom,Institut Supérieur de Technologie Médicale de Nkolodom,MINESUP,DUPLICATE_REVIEW,reports/registry/minesup-e-national-candidates.csv,"Tier-3 (internal prior-sprint durable artifact, not re-verified this sprint)",,,1,NO,DUPLICATE_REVIEW,,,YES,NO,,,CONFLICTING,DO_NOT_PUBLISH_THIS_SPRINT,"chevauchement de mots (33%) mais géographie CONTRADICTOIRE — signal affaibli, revue requise."
MINESUP-E:Institut Supérieur de Technologie et de Gestion,Institut Supérieur de Technologie et de Gestion,MINESUP,DUPLICATE_REVIEW,reports/registry/minesup-e-national-candidates.csv,"Tier-3 (internal prior-sprint durable artifact, not re-verified this sprint)",,,1,NO,DUPLICATE_REVIEW,,,YES,NO,,,CONFLICTING,DO_NOT_PUBLISH_THIS_SPRINT,plusieurs cibles à égalité de chevauchement (50%) — pas de gagnant clair.
MINESUP-E:Institut Supérieur de Technologie et de Gestion d’Afrique centrale (ISTG-AC),Institut Supérieur de Technologie et de Gestion d’Afrique centrale (ISTG-AC),MINESUP,DUPLICATE_REVIEW,reports/registry/minesup-e-national-candidates.csv,"Tier-3 (internal prior-sprint durable artifact, not re-verified this sprint)",,,1,NO,DUPLICATE_REVIEW,,,YES,NO,,,CONFLICTING,DO_NOT_PUBLISH_THIS_SPRINT,"chevauchement de mots (40%) mais géographie CONTRADICTOIRE — signal affaibli, revue requise."
MINESUP-E:Institut Supérieur de Technologie et de Management (ISTM),Institut Supérieur de Technologie et de Management (ISTM),MINESUP,DUPLICATE_REVIEW,reports/registry/minesup-e-national-candidates.csv,"Tier-3 (internal prior-sprint durable artifact, not re-verified this sprint)",,,1,NO,DUPLICATE_REVIEW,,,YES,NO,,,CONFLICTING,DO_NOT_PUBLISH_THIS_SPRINT,plusieurs cibles à égalité de chevauchement (33%) — pas de gagnant clair.
MINESUP-E:Institut Supérieur de Technologie et d’Etudes Commerciales (ISTEC),Institut Supérieur de Technologie et d’Etudes Commerciales (ISTEC),MINESUP,DUPLICATE_REVIEW,reports/registry/minesup-e-national-candidates.csv,"Tier-3 (internal prior-sprint durable artifact, not re-verified this sprint)",,,1,NO,DUPLICATE_REVIEW,,,YES,NO,,,CONFLICTING,DO_NOT_PUBLISH_THIS_SPRINT,plusieurs cibles à égalité de chevauchement (25%) — pas de gagnant clair.
MINESUP-E:Institut Supérieur de Technologie le Bon Berger,Institut Supérieur de Technologie le Bon Berger,MINESUP,DUPLICATE_REVIEW,reports/registry/minesup-e-national-candidates.csv,"Tier-3 (internal prior-sprint durable artifact, not re-verified this sprint)",,,1,NO,DUPLICATE_REVIEW,,,YES,NO,,,CONFLICTING,DO_NOT_PUBLISH_THIS_SPRINT,"chevauchement de mots (50%) mais géographie CONTRADICTOIRE — signal affaibli, revue requise."
"MINESUP-E:Institut Supérieur de Traduction, d’Interprétariat et de Communication (ISTIC)","Institut Supérieur de Traduction, d’Interprétariat et de Communication (ISTIC)",MINESUP,DUPLICATE_REVIEW,reports/registry/minesup-e-national-candidates.csv,"Tier-3 (internal prior-sprint durable artifact, not re-verified this sprint)",,,1,NO,DUPLICATE_REVIEW,,,YES,NO,,,CONFLICTING,DO_NOT_PUBLISH_THIS_SPRINT,"chevauchement de mots (25%) mais géographie CONTRADICTOIRE — signal affaibli, revue requise."
"MINESUP-E:Institut Supérieur de Transport, de Tourisme, des Affaires et de Management (ISTTAM)","Institut Supérieur de Transport, de Tourisme, des Affaires et de Management (ISTTAM)",MINESUP,DUPLICATE_REVIEW,reports/registry/minesup-e-national-candidates.csv,"Tier-3 (internal prior-sprint durable artifact, not re-verified this sprint)",,,1,NO,DUPLICATE_REVIEW,,,YES,NO,,,CONFLICTING,DO_NOT_PUBLISH_THIS_SPRINT,plusieurs cibles à égalité de chevauchement (20%) — pas de gagnant clair.
MINESUP-E:Institut Supérieur de l’Entreprise et du Management (ISEM),Institut Supérieur de l’Entreprise et du Management (ISEM),MINESUP,DUPLICATE_REVIEW,reports/registry/minesup-e-national-candidates.csv,"Tier-3 (internal prior-sprint durable artifact, not re-verified this sprint)",,,1,NO,DUPLICATE_REVIEW,,,YES,NO,,,CONFLICTING,DO_NOT_PUBLISH_THIS_SPRINT,plusieurs cibles à égalité de chevauchement (33%) — pas de gagnant clair.
"MINESUP-E:Institut Supérieur de l’Entreprise, du Management, de l’Industrie et des Technologies (ISEMIT)","Institut Supérieur de l’Entreprise, du Management, de l’Industrie et des Technologies (ISEMIT)",MINESUP,DUPLICATE_REVIEW,reports/registry/minesup-e-national-candidates.csv,"Tier-3 (internal prior-sprint durable artifact, not re-verified this sprint)",,,1,NO,DUPLICATE_REVIEW,,,YES,NO,,,CONFLICTING,DO_NOT_PUBLISH_THIS_SPRINT,plusieurs cibles à égalité de chevauchement (20%) — pas de gagnant clair.
MINESUP-E:Institut Supérieur des Arts et des Métiers de Bafoussam (ISAMET),Institut Supérieur des Arts et des Métiers de Bafoussam (ISAMET),MINESUP,DUPLICATE_REVIEW,reports/registry/minesup-e-national-candidates.csv,"Tier-3 (internal prior-sprint durable artifact, not re-verified this sprint)",,,1,NO,DUPLICATE_REVIEW,,,YES,NO,,,CONFLICTING,DO_NOT_PUBLISH_THIS_SPRINT,plusieurs cibles à égalité de chevauchement (25%) — pas de gagnant clair.
MINESUP-E:Institut Supérieur des Hautes Etudes Commerciales et Industrielles SIGMEN,Institut Supérieur des Hautes Etudes Commerciales et Industrielles SIGMEN,MINESUP,DUPLICATE_REVIEW,reports/registry/minesup-e-national-candidates.csv,"Tier-3 (internal prior-sprint durable artifact, not re-verified this sprint)",,,1,NO,DUPLICATE_REVIEW,,,YES,NO,,,CONFLICTING,DO_NOT_PUBLISH_THIS_SPRINT,"chevauchement de mots partiel (40%), insuffisant pour STRONG_MATCH."
MINESUP-E:Institut Supérieur des Métiers de Gestion et Technologie (ISMEGET),Institut Supérieur des Métiers de Gestion et Technologie (ISMEGET),MINESUP,DUPLICATE_REVIEW,reports/registry/minesup-e-national-candidates.csv,"Tier-3 (internal prior-sprint durable artifact, not re-verified this sprint)",,,1,NO,DUPLICATE_REVIEW,,,YES,NO,,,CONFLICTING,DO_NOT_PUBLISH_THIS_SPRINT,plusieurs cibles à égalité de chevauchement (25%) — pas de gagnant clair.
MINESUP-E:Institut Supérieur des Métiers de Technologies d'Afrique Centrale,Institut Supérieur des Métiers de Technologies d'Afrique Centrale,MINESUP,DUPLICATE_REVIEW,reports/registry/minesup-e-national-candidates.csv,"Tier-3 (internal prior-sprint durable artifact, not re-verified this sprint)",,,1,NO,DUPLICATE_REVIEW,,,YES,NO,,,CONFLICTING,DO_NOT_PUBLISH_THIS_SPRINT,"chevauchement de mots (50%) mais géographie CONTRADICTOIRE — signal affaibli, revue requise."
MINESUP-E:Institut Supérieur des Professions de Santé (ISPS),Institut Supérieur des Professions de Santé (ISPS),MINESUP,SOURCE_REVIEW,reports/registry/minesup-e-national-candidates.csv,"Tier-3 (internal prior-sprint durable artifact, not re-verified this sprint)",,,1,NO,SOURCE_REVIEW,,,NO,NO,,,UNRESOLVED,DO_NOT_PUBLISH_THIS_SPRINT,SOURCE_REVIEW
"MINESUP-E:Institut Supérieur des Sciences Agronomiques, de l’Environnement et de l’Entrepreneuriat Rural (ISSAEER)","Institut Supérieur des Sciences Agronomiques, de l’Environnement et de l’Entrepreneuriat Rural (ISSAEER)",MINESUP,DUPLICATE_REVIEW,reports/registry/minesup-e-national-candidates.csv,"Tier-3 (internal prior-sprint durable artifact, not re-verified this sprint)",,,1,NO,DUPLICATE_REVIEW,,,YES,NO,,,CONFLICTING,DO_NOT_PUBLISH_THIS_SPRINT,plusieurs cibles à égalité de chevauchement (17%) — pas de gagnant clair.
MINESUP-E:Institut Supérieur des Sciences Appliquées au  Management (ISSAM-ESSAMA),Institut Supérieur des Sciences Appliquées au  Management (ISSAM-ESSAMA),MINESUP,DUPLICATE_REVIEW,reports/registry/minesup-e-national-candidates.csv,"Tier-3 (internal prior-sprint durable artifact, not re-verified this sprint)",,,1,NO,DUPLICATE_REVIEW,,,YES,NO,,,CONFLICTING,DO_NOT_PUBLISH_THIS_SPRINT,"chevauchement de mots (40%) mais géographie CONTRADICTOIRE — signal affaibli, revue requise."
MINESUP-E:Institut Supérieur des Sciences Appliquées à la Santé (INSSAS),Institut Supérieur des Sciences Appliquées à la Santé (INSSAS),MINESUP,DUPLICATE_REVIEW,reports/registry/minesup-e-national-candidates.csv,"Tier-3 (internal prior-sprint durable artifact, not re-verified this sprint)",,,1,NO,DUPLICATE_REVIEW,,,YES,NO,,,CONFLICTING,DO_NOT_PUBLISH_THIS_SPRINT,plusieurs cibles à égalité de chevauchement (25%) — pas de gagnant clair.
MINESUP-E:Institut Supérieur des Sciences Biologiques et Appliquées (ISSBA),Institut Supérieur des Sciences Biologiques et Appliquées (ISSBA),MINESUP,DUPLICATE_REVIEW,reports/registry/minesup-e-national-candidates.csv,"Tier-3 (internal prior-sprint durable artifact, not re-verified this sprint)",,,1,NO,DUPLICATE_REVIEW,,,YES,NO,,,CONFLICTING,DO_NOT_PUBLISH_THIS_SPRINT,plusieurs cibles à égalité de chevauchement (25%) — pas de gagnant clair.
MINESUP-E:Institut Supérieur des Sciences Sociales et Appliquées (I3SA),Institut Supérieur des Sciences Sociales et Appliquées (I3SA),MINESUP,DUPLICATE_REVIEW,reports/registry/minesup-e-national-candidates.csv,"Tier-3 (internal prior-sprint durable artifact, not re-verified this sprint)",,,1,NO,DUPLICATE_REVIEW,,,YES,NO,,,CONFLICTING,DO_NOT_PUBLISH_THIS_SPRINT,plusieurs cibles à égalité de chevauchement (25%) — pas de gagnant clair.
MINESUP-E:Institut Supérieur des Sciences de la Santé « le Millenium »,Institut Supérieur des Sciences de la Santé « le Millenium »,MINESUP,DUPLICATE_REVIEW,reports/registry/minesup-e-national-candidates.csv,"Tier-3 (internal prior-sprint durable artifact, not re-verified this sprint)",,,1,NO,DUPLICATE_REVIEW,,,YES,NO,,,CONFLICTING,DO_NOT_PUBLISH_THIS_SPRINT,plusieurs cibles à égalité de chevauchement (33%) — pas de gagnant clair.
MINESUP-E:Institut Supérieur des Sciences de la Santé  de Bangangté (ISSS),Institut Supérieur des Sciences de la Santé  de Bangangté (ISSS),MINESUP,DUPLICATE_REVIEW,reports/registry/minesup-e-national-candidates.csv,"Tier-3 (internal prior-sprint durable artifact, not re-verified this sprint)",,,1,NO,DUPLICATE_REVIEW,,,YES,NO,,,CONFLICTING,DO_NOT_PUBLISH_THIS_SPRINT,plusieurs cibles à égalité de chevauchement (25%) — pas de gagnant clair.
MINESUP-E:Institut Supérieur des Sciences de l’Education (ISSED),Institut Supérieur des Sciences de l’Education (ISSED),MINESUP,DUPLICATE_REVIEW,reports/registry/minesup-e-national-candidates.csv,"Tier-3 (internal prior-sprint durable artifact, not re-verified this sprint)",,,1,NO,DUPLICATE_REVIEW,,,YES,NO,,,CONFLICTING,DO_NOT_PUBLISH_THIS_SPRINT,plusieurs cibles à égalité de chevauchement (33%) — pas de gagnant clair.
MINESUP-E:Institut Supérieur des Sciences de l’Entreprise (ISSE),Institut Supérieur des Sciences de l’Entreprise (ISSE),MINESUP,DUPLICATE_REVIEW,reports/registry/minesup-e-national-candidates.csv,"Tier-3 (internal prior-sprint durable artifact, not re-verified this sprint)",,,1,NO,DUPLICATE_REVIEW,,,YES,NO,,,CONFLICTING,DO_NOT_PUBLISH_THIS_SPRINT,plusieurs cibles à égalité de chevauchement (33%) — pas de gagnant clair.
MINESUP-E:Institut Supérieur des Sciences et Techniques de Yaoundé (ISSTY),Institut Supérieur des Sciences et Techniques de Yaoundé (ISSTY),MINESUP,DUPLICATE_REVIEW,reports/registry/minesup-e-national-candidates.csv,"Tier-3 (internal prior-sprint durable artifact, not re-verified this sprint)",,,1,NO,DUPLICATE_REVIEW,,,YES,NO,,,CONFLICTING,DO_NOT_PUBLISH_THIS_SPRINT,plusieurs cibles à égalité de chevauchement (25%) — pas de gagnant clair.
MINESUP-E:Institut Supérieur des Sciences et Techniques de la Santé,Institut Supérieur des Sciences et Techniques de la Santé,MINESUP,DUPLICATE_REVIEW,reports/registry/minesup-e-national-candidates.csv,"Tier-3 (internal prior-sprint durable artifact, not re-verified this sprint)",,,1,NO,DUPLICATE_REVIEW,,,YES,NO,,,CONFLICTING,DO_NOT_PUBLISH_THIS_SPRINT,plusieurs cibles à égalité de chevauchement (33%) — pas de gagnant clair.
MINESUP-E:Institut Supérieur des Sciences et Techniques de la Santé et de Management (ISSTSM),Institut Supérieur des Sciences et Techniques de la Santé et de Management (ISSTSM),MINESUP,DUPLICATE_REVIEW,reports/registry/minesup-e-national-candidates.csv,"Tier-3 (internal prior-sprint durable artifact, not re-verified this sprint)",,,1,NO,DUPLICATE_REVIEW,,,YES,NO,,,CONFLICTING,DO_NOT_PUBLISH_THIS_SPRINT,"chevauchement de mots (40%) mais géographie CONTRADICTOIRE — signal affaibli, revue requise."
MINESUP-E:Institut Supérieur des Sciences et Technologies NANFAH (ISSTN),Institut Supérieur des Sciences et Technologies NANFAH (ISSTN),MINESUP,DUPLICATE_REVIEW,reports/registry/minesup-e-national-candidates.csv,"Tier-3 (internal prior-sprint durable artifact, not re-verified this sprint)",,,1,NO,DUPLICATE_REVIEW,,,YES,NO,,,CONFLICTING,DO_NOT_PUBLISH_THIS_SPRINT,plusieurs cibles à égalité de chevauchement (25%) — pas de gagnant clair.
MINESUP-E:Institut Supérieur des Sciences et Technologies de la Santé (ISSTS),Institut Supérieur des Sciences et Technologies de la Santé (ISSTS),MINESUP,DUPLICATE_REVIEW,reports/registry/minesup-e-national-candidates.csv,"Tier-3 (internal prior-sprint durable artifact, not re-verified this sprint)",,,1,NO,DUPLICATE_REVIEW,,,YES,NO,,,CONFLICTING,DO_NOT_PUBLISH_THIS_SPRINT,plusieurs cibles à égalité de chevauchement (25%) — pas de gagnant clair.
MINESUP-E:Institut Supérieur des Sciences et Technologies la Sapience,Institut Supérieur des Sciences et Technologies la Sapience,MINESUP,DUPLICATE_REVIEW,reports/registry/minesup-e-national-candidates.csv,"Tier-3 (internal prior-sprint durable artifact, not re-verified this sprint)",,,1,NO,DUPLICATE_REVIEW,,,YES,NO,,,CONFLICTING,DO_NOT_PUBLISH_THIS_SPRINT,plusieurs cibles à égalité de chevauchement (33%) — pas de gagnant clair.
MINESUP-E:Institut Supérieur des Sciences et de Management (I2SM),Institut Supérieur des Sciences et de Management (I2SM),MINESUP,DUPLICATE_REVIEW,reports/registry/minesup-e-national-candidates.csv,"Tier-3 (internal prior-sprint durable artifact, not re-verified this sprint)",,,1,NO,DUPLICATE_REVIEW,,,YES,NO,,,CONFLICTING,DO_NOT_PUBLISH_THIS_SPRINT,"chevauchement de mots (67%) mais géographie CONTRADICTOIRE — signal affaibli, revue requise."
MINESUP-E:Institut Supérieur des Sciences et de Technologie de Bangangté (ISST),Institut Supérieur des Sciences et de Technologie de Bangangté (ISST),MINESUP,DUPLICATE_REVIEW,reports/registry/minesup-e-national-candidates.csv,"Tier-3 (internal prior-sprint durable artifact, not re-verified this sprint)",,,1,NO,DUPLICATE_REVIEW,,,YES,NO,,,CONFLICTING,DO_NOT_PUBLISH_THIS_SPRINT,plusieurs cibles à égalité de chevauchement (25%) — pas de gagnant clair.
MINESUP-E:Institut Supérieur des Sciences et des Energies Renouvelables (ISSER),Institut Supérieur des Sciences et des Energies Renouvelables (ISSER),MINESUP,DUPLICATE_REVIEW,reports/registry/minesup-e-national-candidates.csv,"Tier-3 (internal prior-sprint durable artifact, not re-verified this sprint)",,,1,NO,DUPLICATE_REVIEW,,,YES,NO,,,CONFLICTING,DO_NOT_PUBLISH_THIS_SPRINT,plusieurs cibles à égalité de chevauchement (25%) — pas de gagnant clair.
MINESUP-E:Institut Supérieur des Sciences et des Technologies Sainte Maria,Institut Supérieur des Sciences et des Technologies Sainte Maria,MINESUP,DUPLICATE_REVIEW,reports/registry/minesup-e-national-candidates.csv,"Tier-3 (internal prior-sprint durable artifact, not re-verified this sprint)",,,1,NO,DUPLICATE_REVIEW,,,YES,NO,,,CONFLICTING,DO_NOT_PUBLISH_THIS_SPRINT,plusieurs cibles à égalité de chevauchement (25%) — pas de gagnant clair.
"MINESUP-E:Institut Supérieur des Sciences, Arts et Métiers (ISSAM)","Institut Supérieur des Sciences, Arts et Métiers (ISSAM)",MINESUP,DUPLICATE_REVIEW,reports/registry/minesup-e-national-candidates.csv,"Tier-3 (internal prior-sprint durable artifact, not re-verified this sprint)",,,1,NO,DUPLICATE_REVIEW,,,YES,NO,,,CONFLICTING,DO_NOT_PUBLISH_THIS_SPRINT,plusieurs cibles à égalité de chevauchement (25%) — pas de gagnant clair.
"MINESUP-E:Institut Supérieur des Sciences, de Technologie et de Commerce","Institut Supérieur des Sciences, de Technologie et de Commerce",MINESUP,DUPLICATE_REVIEW,reports/registry/minesup-e-national-candidates.csv,"Tier-3 (internal prior-sprint durable artifact, not re-verified this sprint)",,,1,NO,DUPLICATE_REVIEW,,,YES,NO,,,CONFLICTING,DO_NOT_PUBLISH_THIS_SPRINT,plusieurs cibles à égalité de chevauchement (33%) — pas de gagnant clair.
"MINESUP-E:Institut Supérieur des Sciences, de Technologie, de Commerce et d’Agriculture (ISSTECOA)","Institut Supérieur des Sciences, de Technologie, de Commerce et d’Agriculture (ISSTECOA)",MINESUP,DUPLICATE_REVIEW,reports/registry/minesup-e-national-candidates.csv,"Tier-3 (internal prior-sprint durable artifact, not re-verified this sprint)",,,1,NO,DUPLICATE_REVIEW,,,YES,NO,,,CONFLICTING,DO_NOT_PUBLISH_THIS_SPRINT,plusieurs cibles à égalité de chevauchement (20%) — pas de gagnant clair.
"MINESUP-E:Institut Supérieur des Sciences, de Technologie, de Management et Développement Durable (ISSTMADD)","Institut Supérieur des Sciences, de Technologie, de Management et Développement Durable (ISSTMADD)",MINESUP,DUPLICATE_REVIEW,reports/registry/minesup-e-national-candidates.csv,"Tier-3 (internal prior-sprint durable artifact, not re-verified this sprint)",,,1,NO,DUPLICATE_REVIEW,,,YES,NO,,,CONFLICTING,DO_NOT_PUBLISH_THIS_SPRINT,"chevauchement de mots (33%) mais géographie CONTRADICTOIRE — signal affaibli, revue requise."
MINESUP-E:Institut Supérieur des Techniques Appliquées et de Management,Institut Supérieur des Techniques Appliquées et de Management,MINESUP,DUPLICATE_REVIEW,reports/registry/minesup-e-national-candidates.csv,"Tier-3 (internal prior-sprint durable artifact, not re-verified this sprint)",,,1,NO,DUPLICATE_REVIEW,,,YES,NO,,,CONFLICTING,DO_NOT_PUBLISH_THIS_SPRINT,plusieurs cibles à égalité de chevauchement (33%) — pas de gagnant clair.
MINESUP-E:Institut Supérieur des Techniques Industrielles et Commerciales,Institut Supérieur des Techniques Industrielles et Commerciales,MINESUP,DUPLICATE_REVIEW,reports/registry/minesup-e-national-candidates.csv,"Tier-3 (internal prior-sprint durable artifact, not re-verified this sprint)",,,1,NO,DUPLICATE_REVIEW,,,YES,NO,,,CONFLICTING,DO_NOT_PUBLISH_THIS_SPRINT,plusieurs cibles à égalité de chevauchement (33%) — pas de gagnant clair.
MINESUP-E:Institut Supérieur des Technologies de l’Information et de la Communication,Institut Supérieur des Technologies de l’Information et de la Communication,MINESUP,DUPLICATE_REVIEW,reports/registry/minesup-e-national-candidates.csv,"Tier-3 (internal prior-sprint durable artifact, not re-verified this sprint)",,,1,NO,DUPLICATE_REVIEW,,,YES,NO,,,CONFLICTING,DO_NOT_PUBLISH_THIS_SPRINT,"chevauchement de mots (67%) mais géographie CONTRADICTOIRE — signal affaibli, revue requise."
"MINESUP-E:Institut Supérieur des Technologies, d’Agriculture et de Commerce (ISTACO)","Institut Supérieur des Technologies, d’Agriculture et de Commerce (ISTACO)",MINESUP,DUPLICATE_REVIEW,reports/registry/minesup-e-national-candidates.csv,"Tier-3 (internal prior-sprint durable artifact, not re-verified this sprint)",,,1,NO,DUPLICATE_REVIEW,,,YES,NO,,,CONFLICTING,DO_NOT_PUBLISH_THIS_SPRINT,plusieurs cibles à égalité de chevauchement (25%) — pas de gagnant clair.
MINESUP-E:Institut Supérieur des métiers Notre Dame,Institut Supérieur des métiers Notre Dame,MINESUP,DUPLICATE_REVIEW,reports/registry/minesup-e-national-candidates.csv,"Tier-3 (internal prior-sprint durable artifact, not re-verified this sprint)",,,1,NO,DUPLICATE_REVIEW,,,YES,NO,,,CONFLICTING,DO_NOT_PUBLISH_THIS_SPRINT,"chevauchement de mots (33%) mais géographie CONTRADICTOIRE — signal affaibli, revue requise."
MINESUP-E:Institut Supérieur du Sahel pour le Développement Durable (ISSDD),Institut Supérieur du Sahel pour le Développement Durable (ISSDD),MINESUP,DUPLICATE_REVIEW,reports/registry/minesup-e-national-candidates.csv,"Tier-3 (internal prior-sprint durable artifact, not re-verified this sprint)",,,1,NO,DUPLICATE_REVIEW,,,YES,NO,,,CONFLICTING,DO_NOT_PUBLISH_THIS_SPRINT,"chevauchement de mots (40%) mais géographie CONTRADICTOIRE — signal affaibli, revue requise."
"MINESUP-E:Institut Supérieur du Tourisme, de l’Hôtellerie et des Arts Culinaires (ISTHAC)","Institut Supérieur du Tourisme, de l’Hôtellerie et des Arts Culinaires (ISTHAC)",MINESUP,DUPLICATE_REVIEW,reports/registry/minesup-e-national-candidates.csv,"Tier-3 (internal prior-sprint durable artifact, not re-verified this sprint)",,,1,NO,DUPLICATE_REVIEW,,,YES,NO,,,CONFLICTING,DO_NOT_PUBLISH_THIS_SPRINT,"chevauchement de mots (20%) mais géographie CONTRADICTOIRE — signal affaibli, revue requise."
MINESUP-E:Institut Supérieur d’Agriculture et de Gestion,Institut Supérieur d’Agriculture et de Gestion,MINESUP,DUPLICATE_REVIEW,reports/registry/minesup-e-national-candidates.csv,"Tier-3 (internal prior-sprint durable artifact, not re-verified this sprint)",,,1,NO,DUPLICATE_REVIEW,,,YES,NO,,,CONFLICTING,DO_NOT_PUBLISH_THIS_SPRINT,"chevauchement de mots (50%) mais géographie CONTRADICTOIRE — signal affaibli, revue requise."
MINESUP-E:Institut Supérieur d’Etudes Commerciales et de Management (ISECMA),Institut Supérieur d’Etudes Commerciales et de Management (ISECMA),MINESUP,DUPLICATE_REVIEW,reports/registry/minesup-e-national-candidates.csv,"Tier-3 (internal prior-sprint durable artifact, not re-verified this sprint)",,,1,NO,DUPLICATE_REVIEW,,,YES,NO,,,CONFLICTING,DO_NOT_PUBLISH_THIS_SPRINT,plusieurs cibles à égalité de chevauchement (25%) — pas de gagnant clair.
"MINESUP-E:Institut Supérieur d’Etudes Scientifiques, Technologiques et Managériales (ISESTMA)","Institut Supérieur d’Etudes Scientifiques, Technologiques et Managériales (ISESTMA)",MINESUP,DUPLICATE_REVIEW,reports/registry/minesup-e-national-candidates.csv,"Tier-3 (internal prior-sprint durable artifact, not re-verified this sprint)",,,1,NO,DUPLICATE_REVIEW,,,YES,NO,,,CONFLICTING,DO_NOT_PUBLISH_THIS_SPRINT,"chevauchement de mots (20%) mais géographie CONTRADICTOIRE — signal affaibli, revue requise."
MINESUP-E:Institut Supérieure d’Informatique et de Commerce (ISICO),Institut Supérieure d’Informatique et de Commerce (ISICO),MINESUP,DUPLICATE_REVIEW,reports/registry/minesup-e-national-candidates.csv,"Tier-3 (internal prior-sprint durable artifact, not re-verified this sprint)",,,1,NO,DUPLICATE_REVIEW,,,YES,NO,,,CONFLICTING,DO_NOT_PUBLISH_THIS_SPRINT,plusieurs cibles à égalité de chevauchement (33%) — pas de gagnant clair.
MINESUP-E:Institut Universitaire Agricole de Management des Métiers de la Production (IUAMMP),Institut Universitaire Agricole de Management des Métiers de la Production (IUAMMP),MINESUP,DUPLICATE_REVIEW,reports/registry/minesup-e-national-candidates.csv,"Tier-3 (internal prior-sprint durable artifact, not re-verified this sprint)",,,1,NO,DUPLICATE_REVIEW,,,YES,NO,,,CONFLICTING,DO_NOT_PUBLISH_THIS_SPRINT,plusieurs cibles à égalité de chevauchement (17%) — pas de gagnant clair.
MINESUP-E:Institut Universitaire Catholique Sainte Thérèse de Yaoundé (INUCASTY),Institut Universitaire Catholique Sainte Thérèse de Yaoundé (INUCASTY),MINESUP,DUPLICATE_REVIEW,reports/registry/minesup-e-national-candidates.csv,"Tier-3 (internal prior-sprint durable artifact, not re-verified this sprint)",,,1,NO,DUPLICATE_REVIEW,,,YES,NO,,,CONFLICTING,DO_NOT_PUBLISH_THIS_SPRINT,plusieurs cibles à égalité de chevauchement (17%) — pas de gagnant clair.
MINESUP-E:Institut Universitaire Catholique de Bertoua (IUCAB),Institut Universitaire Catholique de Bertoua (IUCAB),MINESUP,DUPLICATE_REVIEW,reports/registry/minesup-e-national-candidates.csv,"Tier-3 (internal prior-sprint durable artifact, not re-verified this sprint)",,,1,NO,DUPLICATE_REVIEW,,,YES,NO,,,CONFLICTING,DO_NOT_PUBLISH_THIS_SPRINT,plusieurs cibles à égalité de chevauchement (25%) — pas de gagnant clair.
MINESUP-E:Institut Universitaire Catholique de Douala Saint Jérôme,Institut Universitaire Catholique de Douala Saint Jérôme,MINESUP,DUPLICATE_REVIEW,reports/registry/minesup-e-national-candidates.csv,"Tier-3 (internal prior-sprint durable artifact, not re-verified this sprint)",,,1,NO,DUPLICATE_REVIEW,,,YES,NO,,,CONFLICTING,DO_NOT_PUBLISH_THIS_SPRINT,plusieurs cibles à égalité de chevauchement (20%) — pas de gagnant clair.
MINESUP-E:Institut Universitaire Evangélique du Cameroun,Institut Universitaire Evangélique du Cameroun,MINESUP,DUPLICATE_REVIEW,reports/registry/minesup-e-national-candidates.csv,"Tier-3 (internal prior-sprint durable artifact, not re-verified this sprint)",,,1,NO,DUPLICATE_REVIEW,,,YES,NO,,,CONFLICTING,DO_NOT_PUBLISH_THIS_SPRINT,plusieurs cibles à égalité de chevauchement (33%) — pas de gagnant clair.
MINESUP-E:Institut Universitaire International,Institut Universitaire International,MINESUP,DUPLICATE_REVIEW,reports/registry/minesup-e-national-candidates.csv,"Tier-3 (internal prior-sprint durable artifact, not re-verified this sprint)",,,1,NO,DUPLICATE_REVIEW,,,YES,NO,,,CONFLICTING,DO_NOT_PUBLISH_THIS_SPRINT,plusieurs cibles à égalité de chevauchement (50%) — pas de gagnant clair.
MINESUP-E:Institut Universitaire J. NDI SAMBA,Institut Universitaire J. NDI SAMBA,MINESUP,DUPLICATE_REVIEW,reports/registry/minesup-e-national-candidates.csv,"Tier-3 (internal prior-sprint durable artifact, not re-verified this sprint)",,,1,NO,DUPLICATE_REVIEW,,,YES,NO,,,CONFLICTING,DO_NOT_PUBLISH_THIS_SPRINT,"chevauchement de mots partiel (50%), insuffisant pour STRONG_MATCH."
MINESUP-E:Institut Universitaire LA VISION,Institut Universitaire LA VISION,MINESUP,DUPLICATE_REVIEW,reports/registry/minesup-e-national-candidates.csv,"Tier-3 (internal prior-sprint durable artifact, not re-verified this sprint)",,,1,NO,DUPLICATE_REVIEW,,,YES,NO,,,CONFLICTING,DO_NOT_PUBLISH_THIS_SPRINT,"chevauchement de mots partiel (50%), insuffisant pour STRONG_MATCH."
MINESUP-E:Institut Universitaire Louis Yinda (IULY),Institut Universitaire Louis Yinda (IULY),MINESUP,DUPLICATE_REVIEW,reports/registry/minesup-e-national-candidates.csv,"Tier-3 (internal prior-sprint durable artifact, not re-verified this sprint)",,,1,NO,DUPLICATE_REVIEW,,,YES,NO,,,CONFLICTING,DO_NOT_PUBLISH_THIS_SPRINT,plusieurs cibles à égalité de chevauchement (25%) — pas de gagnant clair.
MINESUP-E:Institut Universitaire Privé Laïc de L’Equateur,Institut Universitaire Privé Laïc de L’Equateur,MINESUP,DUPLICATE_REVIEW,reports/registry/minesup-e-national-candidates.csv,"Tier-3 (internal prior-sprint durable artifact, not re-verified this sprint)",,,1,NO,DUPLICATE_REVIEW,,,YES,NO,,,CONFLICTING,DO_NOT_PUBLISH_THIS_SPRINT,"chevauchement de mots (50%) mais géographie CONTRADICTOIRE — signal affaibli, revue requise."
MINESUP-E:Institut Universitaire Protestant de Yaoundé,Institut Universitaire Protestant de Yaoundé,MINESUP,DUPLICATE_REVIEW,reports/registry/minesup-e-national-candidates.csv,"Tier-3 (internal prior-sprint durable artifact, not re-verified this sprint)",,,1,NO,DUPLICATE_REVIEW,,,YES,NO,,,CONFLICTING,DO_NOT_PUBLISH_THIS_SPRINT,plusieurs cibles à égalité de chevauchement (33%) — pas de gagnant clair.
MINESUP-E:Institut Universitaire SIANTOU,Institut Universitaire SIANTOU,MINESUP,DUPLICATE_REVIEW,reports/registry/minesup-e-national-candidates.csv,"Tier-3 (internal prior-sprint durable artifact, not re-verified this sprint)",,,1,NO,DUPLICATE_REVIEW,,,YES,NO,,,CONFLICTING,DO_NOT_PUBLISH_THIS_SPRINT,"chevauchement de mots partiel (50%), insuffisant pour STRONG_MATCH."
MINESUP-E:Institut Universitaire de Technologie et des Sciences du Sahel (IUTESSA),Institut Universitaire de Technologie et des Sciences du Sahel (IUTESSA),MINESUP,DUPLICATE_REVIEW,reports/registry/minesup-e-national-candidates.csv,"Tier-3 (internal prior-sprint durable artifact, not re-verified this sprint)",,,1,NO,DUPLICATE_REVIEW,,,YES,NO,,,CONFLICTING,DO_NOT_PUBLISH_THIS_SPRINT,plusieurs cibles à égalité de chevauchement (20%) — pas de gagnant clair.
MINESUP-E:Institut Universitaire de la Côte (IUC),Institut Universitaire de la Côte (IUC),MINESUP,DUPLICATE_REVIEW,reports/registry/minesup-e-national-candidates.csv,"Tier-3 (internal prior-sprint durable artifact, not re-verified this sprint)",,,1,NO,DUPLICATE_REVIEW,,,YES,NO,,,CONFLICTING,DO_NOT_PUBLISH_THIS_SPRINT,"chevauchement de mots (50%) mais géographie CONTRADICTOIRE — signal affaibli, revue requise."
MINESUP-E:Institut Universitaire des Sciences Pétrolières et de Magement (IUSPM),Institut Universitaire des Sciences Pétrolières et de Magement (IUSPM),MINESUP,DUPLICATE_REVIEW,reports/registry/minesup-e-national-candidates.csv,"Tier-3 (internal prior-sprint durable artifact, not re-verified this sprint)",,,1,NO,DUPLICATE_REVIEW,,,YES,NO,,,CONFLICTING,DO_NOT_PUBLISH_THIS_SPRINT,plusieurs cibles à égalité de chevauchement (20%) — pas de gagnant clair.
MINESUP-E:Institut Universitaire des Sciences et de Management (IUSM),Institut Universitaire des Sciences et de Management (IUSM),MINESUP,DUPLICATE_REVIEW,reports/registry/minesup-e-national-candidates.csv,"Tier-3 (internal prior-sprint durable artifact, not re-verified this sprint)",,,1,NO,DUPLICATE_REVIEW,,,YES,NO,,,CONFLICTING,DO_NOT_PUBLISH_THIS_SPRINT,"chevauchement de mots (50%) mais géographie CONTRADICTOIRE — signal affaibli, revue requise."
"MINESUP-E:Institut Universitaire des Sciences, des Technologies et de l’Ethique (IUSTE).","Institut Universitaire des Sciences, des Technologies et de l’Ethique (IUSTE).",MINESUP,DUPLICATE_REVIEW,reports/registry/minesup-e-national-candidates.csv,"Tier-3 (internal prior-sprint durable artifact, not re-verified this sprint)",,,1,NO,DUPLICATE_REVIEW,,,YES,NO,,,CONFLICTING,DO_NOT_PUBLISH_THIS_SPRINT,plusieurs cibles à égalité de chevauchement (20%) — pas de gagnant clair.
MINESUP-E:Institut Universitaire du Golfe de Guinée (IUG),Institut Universitaire du Golfe de Guinée (IUG),MINESUP,DUPLICATE_REVIEW,reports/registry/minesup-e-national-candidates.csv,"Tier-3 (internal prior-sprint durable artifact, not re-verified this sprint)",,,1,NO,DUPLICATE_REVIEW,,,YES,NO,,,CONFLICTING,DO_NOT_PUBLISH_THIS_SPRINT,nom exact trouvé mais géographie contradictoire ou correspondance multiple non résolue — revue humaine requise.
MINESUP-E:Institut Universitaire d’Eseka (IUE),Institut Universitaire d’Eseka (IUE),MINESUP,DUPLICATE_REVIEW,reports/registry/minesup-e-national-candidates.csv,"Tier-3 (internal prior-sprint durable artifact, not re-verified this sprint)",,,1,NO,DUPLICATE_REVIEW,,,YES,NO,,,CONFLICTING,DO_NOT_PUBLISH_THIS_SPRINT,"chevauchement de mots partiel (50%), insuffisant pour STRONG_MATCH."
MINESUP-E:Institut Universitaire et Stratégique de l’Estuaire,Institut Universitaire et Stratégique de l’Estuaire,MINESUP,DUPLICATE_REVIEW,reports/registry/minesup-e-national-candidates.csv,"Tier-3 (internal prior-sprint durable artifact, not re-verified this sprint)",,,1,NO,DUPLICATE_REVIEW,,,YES,NO,,,CONFLICTING,DO_NOT_PUBLISH_THIS_SPRINT,"chevauchement de mots (33%) mais géographie CONTRADICTOIRE — signal affaibli, revue requise."
MINESUP-E:Institut de Haute Technologie et Management (IHTM),Institut de Haute Technologie et Management (IHTM),MINESUP,DUPLICATE_REVIEW,reports/registry/minesup-e-national-candidates.csv,"Tier-3 (internal prior-sprint durable artifact, not re-verified this sprint)",,,1,NO,DUPLICATE_REVIEW,,,YES,NO,,,CONFLICTING,DO_NOT_PUBLISH_THIS_SPRINT,plusieurs cibles à égalité de chevauchement (25%) — pas de gagnant clair.
MINESUP-E:Institut de Management et de Marketing Supérieur de Commerce (I2M Sup de Co Cameroun),Institut de Management et de Marketing Supérieur de Commerce (I2M Sup de Co Cameroun),MINESUP,DUPLICATE_REVIEW,reports/registry/minesup-e-national-candidates.csv,"Tier-3 (internal prior-sprint durable artifact, not re-verified this sprint)",,,1,NO,DUPLICATE_REVIEW,,,YES,NO,,,CONFLICTING,DO_NOT_PUBLISH_THIS_SPRINT,plusieurs cibles à égalité de chevauchement (25%) — pas de gagnant clair.
"MINESUP-E:Institut de Technologie de l’Industrie, du Management et de l’Entrepreneuriat (INTIME)","Institut de Technologie de l’Industrie, du Management et de l’Entrepreneuriat (INTIME)",MINESUP,DUPLICATE_REVIEW,reports/registry/minesup-e-national-candidates.csv,"Tier-3 (internal prior-sprint durable artifact, not re-verified this sprint)",,,1,NO,DUPLICATE_REVIEW,,,YES,NO,,,CONFLICTING,DO_NOT_PUBLISH_THIS_SPRINT,plusieurs cibles à égalité de chevauchement (20%) — pas de gagnant clair.
MINESUP-E:Institut des Beaux-Arts CHEIKH ANTA DIOP,Institut des Beaux-Arts CHEIKH ANTA DIOP,MINESUP,DUPLICATE_REVIEW,reports/registry/minesup-e-national-candidates.csv,"Tier-3 (internal prior-sprint durable artifact, not re-verified this sprint)",,,1,NO,DUPLICATE_REVIEW,,,YES,NO,,,CONFLICTING,DO_NOT_PUBLISH_THIS_SPRINT,"chevauchement de mots (20%) mais géographie CONTRADICTOIRE — signal affaibli, revue requise."
"MINESUP-E:Institut des Etudes Supérieures de Science, d’Industrie et des Techniques de Gestion (IHES-SITG)","Institut des Etudes Supérieures de Science, d’Industrie et des Techniques de Gestion (IHES-SITG)",MINESUP,DUPLICATE_REVIEW,reports/registry/minesup-e-national-candidates.csv,"Tier-3 (internal prior-sprint durable artifact, not re-verified this sprint)",,,1,NO,DUPLICATE_REVIEW,,,YES,NO,,,CONFLICTING,DO_NOT_PUBLISH_THIS_SPRINT,"chevauchement de mots partiel (38%), insuffisant pour STRONG_MATCH."
MINESUP-E:Institut des Sciences Economiques et Informatiques de Gestion (ISEIG),Institut des Sciences Economiques et Informatiques de Gestion (ISEIG),MINESUP,DUPLICATE_REVIEW,reports/registry/minesup-e-national-candidates.csv,"Tier-3 (internal prior-sprint durable artifact, not re-verified this sprint)",,,1,NO,DUPLICATE_REVIEW,,,YES,NO,,,CONFLICTING,DO_NOT_PUBLISH_THIS_SPRINT,plusieurs cibles à égalité de chevauchement (20%) — pas de gagnant clair.
MINESUP-E:Institut d’Afrique Unie,Institut d’Afrique Unie,MINESUP,DUPLICATE_REVIEW,reports/registry/minesup-e-national-candidates.csv,"Tier-3 (internal prior-sprint durable artifact, not re-verified this sprint)",,,1,NO,DUPLICATE_REVIEW,,,YES,NO,,,CONFLICTING,DO_NOT_PUBLISH_THIS_SPRINT,plusieurs cibles à égalité de chevauchement (50%) — pas de gagnant clair.
MINESUP-E:Institut d’Emergence de la Santé et des Sciences Biomédicales de Ngaoundéré ( INESSBIN),Institut d’Emergence de la Santé et des Sciences Biomédicales de Ngaoundéré ( INESSBIN),MINESUP,DUPLICATE_REVIEW,reports/registry/minesup-e-national-candidates.csv,"Tier-3 (internal prior-sprint durable artifact, not re-verified this sprint)",,,1,NO,DUPLICATE_REVIEW,,,YES,NO,,,CONFLICTING,DO_NOT_PUBLISH_THIS_SPRINT,plusieurs cibles à égalité de chevauchement (17%) — pas de gagnant clair.
MINESUP-E:Institut universitaire Bengono Touré,Institut universitaire Bengono Touré,MINESUP,DUPLICATE_REVIEW,reports/registry/minesup-e-national-candidates.csv,"Tier-3 (internal prior-sprint durable artifact, not re-verified this sprint)",,,1,NO,DUPLICATE_REVIEW,,,YES,NO,,,CONFLICTING,DO_NOT_PUBLISH_THIS_SPRINT,"chevauchement de mots partiel (33%), insuffisant pour STRONG_MATCH."
MINESUP-E:Institute of Professional Studies (IPS),Institute of Professional Studies (IPS),MINESUP,DUPLICATE_REVIEW,reports/registry/minesup-e-national-candidates.csv,"Tier-3 (internal prior-sprint durable artifact, not re-verified this sprint)",,,1,NO,DUPLICATE_REVIEW,,,YES,NO,,,CONFLICTING,DO_NOT_PUBLISH_THIS_SPRINT,plusieurs cibles à égalité de chevauchement (100%) — pas de gagnant clair.
MINESUP-E:International Bilingual Academy Yaoundé (IBAY-SUP),International Bilingual Academy Yaoundé (IBAY-SUP),MINESUP,DUPLICATE_REVIEW,reports/registry/minesup-e-national-candidates.csv,"Tier-3 (internal prior-sprint durable artifact, not re-verified this sprint)",,,1,NO,DUPLICATE_REVIEW,,,YES,NO,,,CONFLICTING,DO_NOT_PUBLISH_THIS_SPRINT,plusieurs cibles à égalité de chevauchement (25%) — pas de gagnant clair.
MINESUP-E:International School of Hospitality and Professional Education (ISHOPE),International School of Hospitality and Professional Education (ISHOPE),MINESUP,DUPLICATE_REVIEW,reports/registry/minesup-e-national-candidates.csv,"Tier-3 (internal prior-sprint durable artifact, not re-verified this sprint)",,,1,NO,DUPLICATE_REVIEW,,,YES,NO,,,CONFLICTING,DO_NOT_PUBLISH_THIS_SPRINT,plusieurs cibles à égalité de chevauchement (20%) — pas de gagnant clair.
MINESUP-E:Kesmonds International University Institute,Kesmonds International University Institute,MINESUP,DUPLICATE_REVIEW,reports/registry/minesup-e-national-candidates.csv,"Tier-3 (internal prior-sprint durable artifact, not re-verified this sprint)",,,1,NO,DUPLICATE_REVIEW,,,YES,NO,,,CONFLICTING,DO_NOT_PUBLISH_THIS_SPRINT,"chevauchement de mots (50%) mais géographie CONTRADICTOIRE — signal affaibli, revue requise."
MINESUP-E:La Centrale des Mé4tiers du Numérique et des Affaires Diockni (CEMENAD),La Centrale des Mé4tiers du Numérique et des Affaires Diockni (CEMENAD),MINESUP,DUPLICATE_REVIEW,reports/registry/minesup-e-national-candidates.csv,"Tier-3 (internal prior-sprint durable artifact, not re-verified this sprint)",,,1,NO,DUPLICATE_REVIEW,,,YES,NO,,,CONFLICTING,DO_NOT_PUBLISH_THIS_SPRINT,plusieurs cibles à égalité de chevauchement (17%) — pas de gagnant clair.
"MINESUP-E:Laureats Higher Institute of Business, Administration and Technology Sciences (LAHIBATS)","Laureats Higher Institute of Business, Administration and Technology Sciences (LAHIBATS)",MINESUP,DUPLICATE_REVIEW,reports/registry/minesup-e-national-candidates.csv,"Tier-3 (internal prior-sprint durable artifact, not re-verified this sprint)",,,1,NO,DUPLICATE_REVIEW,,,YES,NO,,,CONFLICTING,DO_NOT_PUBLISH_THIS_SPRINT,plusieurs cibles à égalité de chevauchement (33%) — pas de gagnant clair.
MINESUP-E:Maflekumen Higher Institute of Health Sciences Buea,Maflekumen Higher Institute of Health Sciences Buea,MINESUP,DUPLICATE_REVIEW,reports/registry/minesup-e-national-candidates.csv,"Tier-3 (internal prior-sprint durable artifact, not re-verified this sprint)",,,1,NO,DUPLICATE_REVIEW,,,YES,NO,,,CONFLICTING,DO_NOT_PUBLISH_THIS_SPRINT,plusieurs cibles à égalité de chevauchement (50%) — pas de gagnant clair.
MINESUP-E:Meridian Higher Institute of Professional Studies (MHIPS),Meridian Higher Institute of Professional Studies (MHIPS),MINESUP,DUPLICATE_REVIEW,reports/registry/minesup-e-national-candidates.csv,"Tier-3 (internal prior-sprint durable artifact, not re-verified this sprint)",,,1,NO,DUPLICATE_REVIEW,,,YES,NO,,,CONFLICTING,DO_NOT_PUBLISH_THIS_SPRINT,plusieurs cibles à égalité de chevauchement (50%) — pas de gagnant clair.
MINESUP-E:PK FOKAM Higher Institute,PK FOKAM Higher Institute,MINESUP,SOURCE_REVIEW,reports/registry/minesup-e-national-candidates.csv,"Tier-3 (internal prior-sprint durable artifact, not re-verified this sprint)",,,1,NO,SOURCE_REVIEW,,,NO,NO,,,UNRESOLVED,DO_NOT_PUBLISH_THIS_SPRINT,SOURCE_REVIEW
MINESUP-E:PRIMETEC Higher Institute of Technology,PRIMETEC Higher Institute of Technology,MINESUP,DUPLICATE_REVIEW,reports/registry/minesup-e-national-candidates.csv,"Tier-3 (internal prior-sprint durable artifact, not re-verified this sprint)",,,1,NO,DUPLICATE_REVIEW,,,YES,NO,,,CONFLICTING,DO_NOT_PUBLISH_THIS_SPRINT,plusieurs cibles à égalité de chevauchement (50%) — pas de gagnant clair.
MINESUP-E:Pan African Institute for Development (PAID),Pan African Institute for Development (PAID),MINESUP,DUPLICATE_REVIEW,reports/registry/minesup-e-national-candidates.csv,"Tier-3 (internal prior-sprint durable artifact, not re-verified this sprint)",,,1,NO,DUPLICATE_REVIEW,,,YES,NO,,,CONFLICTING,DO_NOT_PUBLISH_THIS_SPRINT,"chevauchement de mots (33%) mais géographie CONTRADICTOIRE — signal affaibli, revue requise."
MINESUP-E:Panafrican Institute of Strategy and Technology (PIST),Panafrican Institute of Strategy and Technology (PIST),MINESUP,DUPLICATE_REVIEW,reports/registry/minesup-e-national-candidates.csv,"Tier-3 (internal prior-sprint durable artifact, not re-verified this sprint)",,,1,NO,DUPLICATE_REVIEW,,,YES,NO,,,CONFLICTING,DO_NOT_PUBLISH_THIS_SPRINT,plusieurs cibles à égalité de chevauchement (25%) — pas de gagnant clair.
"MINESUP-E:Pro Africa Higher Institute of Medical, Management Science and Technology (PAMTS)","Pro Africa Higher Institute of Medical, Management Science and Technology (PAMTS)",MINESUP,DUPLICATE_REVIEW,reports/registry/minesup-e-national-candidates.csv,"Tier-3 (internal prior-sprint durable artifact, not re-verified this sprint)",,,1,NO,DUPLICATE_REVIEW,,,YES,NO,,,CONFLICTING,DO_NOT_PUBLISH_THIS_SPRINT,"chevauchement de mots (50%) mais géographie CONTRADICTOIRE — signal affaibli, revue requise."
MINESUP-E:Professional Higher Institute of Business Management and Technology (PHIBMAT),Professional Higher Institute of Business Management and Technology (PHIBMAT),MINESUP,DUPLICATE_REVIEW,reports/registry/minesup-e-national-candidates.csv,"Tier-3 (internal prior-sprint durable artifact, not re-verified this sprint)",,,1,NO,DUPLICATE_REVIEW,,,YES,NO,,,CONFLICTING,DO_NOT_PUBLISH_THIS_SPRINT,plusieurs cibles à égalité de chevauchement (40%) — pas de gagnant clair.
MINESUP-E:Prépa Vogt,Prépa Vogt,MINESUP,DUPLICATE_REVIEW,reports/registry/minesup-e-national-candidates.csv,"Tier-3 (internal prior-sprint durable artifact, not re-verified this sprint)",,,1,NO,DUPLICATE_REVIEW,,,YES,NO,,,CONFLICTING,DO_NOT_PUBLISH_THIS_SPRINT,"chevauchement de mots partiel (50%), insuffisant pour STRONG_MATCH."
MINESUP-E:RAPUS International Institute School (RIIS),RAPUS International Institute School (RIIS),MINESUP,DUPLICATE_REVIEW,reports/registry/minesup-e-national-candidates.csv,"Tier-3 (internal prior-sprint durable artifact, not re-verified this sprint)",,,1,NO,DUPLICATE_REVIEW,,,YES,NO,,,CONFLICTING,DO_NOT_PUBLISH_THIS_SPRINT,"chevauchement de mots (33%) mais géographie CONTRADICTOIRE — signal affaibli, revue requise."
MINESUP-E:ROTAS Institut Supérieur de Management et de Gestion (ROTAS-ISMG),ROTAS Institut Supérieur de Management et de Gestion (ROTAS-ISMG),MINESUP,DUPLICATE_REVIEW,reports/registry/minesup-e-national-candidates.csv,"Tier-3 (internal prior-sprint durable artifact, not re-verified this sprint)",,,1,NO,DUPLICATE_REVIEW,,,YES,NO,,,CONFLICTING,DO_NOT_PUBLISH_THIS_SPRINT,plusieurs cibles à égalité de chevauchement (20%) — pas de gagnant clair.
MINESUP-E:Rapha Higher Institute of Health and Biomedical Sciences Kumba (RAPHIHK),Rapha Higher Institute of Health and Biomedical Sciences Kumba (RAPHIHK),MINESUP,DUPLICATE_REVIEW,reports/registry/minesup-e-national-candidates.csv,"Tier-3 (internal prior-sprint durable artifact, not re-verified this sprint)",,,1,NO,DUPLICATE_REVIEW,,,YES,NO,,,CONFLICTING,DO_NOT_PUBLISH_THIS_SPRINT,plusieurs cibles à égalité de chevauchement (50%) — pas de gagnant clair.
MINESUP-E:Redemption Higher Institute of Biomedical and Management Sciences,Redemption Higher Institute of Biomedical and Management Sciences,MINESUP,DUPLICATE_REVIEW,reports/registry/minesup-e-national-candidates.csv,"Tier-3 (internal prior-sprint durable artifact, not re-verified this sprint)",,,1,NO,DUPLICATE_REVIEW,,,YES,NO,,,CONFLICTING,DO_NOT_PUBLISH_THIS_SPRINT,plusieurs cibles à égalité de chevauchement (50%) — pas de gagnant clair.
MINESUP-E:ST Joan of Arc Higher Institute of Medical and Management Sciences,ST Joan of Arc Higher Institute of Medical and Management Sciences,MINESUP,DUPLICATE_REVIEW,reports/registry/minesup-e-national-candidates.csv,"Tier-3 (internal prior-sprint durable artifact, not re-verified this sprint)",,,1,NO,DUPLICATE_REVIEW,,,YES,NO,,,CONFLICTING,DO_NOT_PUBLISH_THIS_SPRINT,"chevauchement de mots (50%) mais géographie CONTRADICTOIRE — signal affaibli, revue requise."
MINESUP-E:Saint Louis Higher Institute of Engineering and Technology (SLHIET),Saint Louis Higher Institute of Engineering and Technology (SLHIET),MINESUP,DUPLICATE_REVIEW,reports/registry/minesup-e-national-candidates.csv,"Tier-3 (internal prior-sprint durable artifact, not re-verified this sprint)",,,1,NO,DUPLICATE_REVIEW,,,YES,NO,,,CONFLICTING,DO_NOT_PUBLISH_THIS_SPRINT,"chevauchement de mots (40%) mais géographie CONTRADICTOIRE — signal affaibli, revue requise."
MINESUP-E:Saint Mary's Higher Institution (SMHI),Saint Mary's Higher Institution (SMHI),MINESUP,DUPLICATE_REVIEW,reports/registry/minesup-e-national-candidates.csv,"Tier-3 (internal prior-sprint durable artifact, not re-verified this sprint)",,,1,NO,DUPLICATE_REVIEW,,,YES,NO,,,CONFLICTING,DO_NOT_PUBLISH_THIS_SPRINT,plusieurs cibles à égalité de chevauchement (25%) — pas de gagnant clair.
MINESUP-E:Sanda Institut Supérieur de Management (SISMA),Sanda Institut Supérieur de Management (SISMA),MINESUP,DUPLICATE_REVIEW,reports/registry/minesup-e-national-candidates.csv,"Tier-3 (internal prior-sprint durable artifact, not re-verified this sprint)",,,1,NO,DUPLICATE_REVIEW,,,YES,NO,,,CONFLICTING,DO_NOT_PUBLISH_THIS_SPRINT,plusieurs cibles à égalité de chevauchement (33%) — pas de gagnant clair.
MINESUP-E:Sky High Higher Institute of Engineering and Business (SHIIEB),Sky High Higher Institute of Engineering and Business (SHIIEB),MINESUP,DUPLICATE_REVIEW,reports/registry/minesup-e-national-candidates.csv,"Tier-3 (internal prior-sprint durable artifact, not re-verified this sprint)",,,1,NO,DUPLICATE_REVIEW,,,YES,NO,,,CONFLICTING,DO_NOT_PUBLISH_THIS_SPRINT,plusieurs cibles à égalité de chevauchement (33%) — pas de gagnant clair.
MINESUP-E:St Louis Higher Institute of Medical Studies – Douala (SLHIMS),St Louis Higher Institute of Medical Studies – Douala (SLHIMS),MINESUP,DUPLICATE_REVIEW,reports/registry/minesup-e-national-candidates.csv,"Tier-3 (internal prior-sprint durable artifact, not re-verified this sprint)",,,1,NO,DUPLICATE_REVIEW,,,YES,NO,,,CONFLICTING,DO_NOT_PUBLISH_THIS_SPRINT,plusieurs cibles à égalité de chevauchement (20%) — pas de gagnant clair.
MINESUP-E:Swisslink Higher Institute of Business and Technology (SHIBAT),Swisslink Higher Institute of Business and Technology (SHIBAT),MINESUP,DUPLICATE_REVIEW,reports/registry/minesup-e-national-candidates.csv,"Tier-3 (internal prior-sprint durable artifact, not re-verified this sprint)",,,1,NO,DUPLICATE_REVIEW,,,YES,NO,,,CONFLICTING,DO_NOT_PUBLISH_THIS_SPRINT,plusieurs cibles à égalité de chevauchement (25%) — pas de gagnant clair.
MINESUP-E:TRUSTECH Higher Institute of Technology and Professional,TRUSTECH Higher Institute of Technology and Professional,MINESUP,DUPLICATE_REVIEW,reports/registry/minesup-e-national-candidates.csv,"Tier-3 (internal prior-sprint durable artifact, not re-verified this sprint)",,,1,NO,DUPLICATE_REVIEW,,,YES,NO,,,CONFLICTING,DO_NOT_PUBLISH_THIS_SPRINT,plusieurs cibles à égalité de chevauchement (33%) — pas de gagnant clair.
MINESUP-E:The Vaal Institute of Technology (VIT),The Vaal Institute of Technology (VIT),MINESUP,DUPLICATE_REVIEW,reports/registry/minesup-e-national-candidates.csv,"Tier-3 (internal prior-sprint durable artifact, not re-verified this sprint)",,,1,NO,DUPLICATE_REVIEW,,,YES,NO,,,CONFLICTING,DO_NOT_PUBLISH_THIS_SPRINT,plusieurs cibles à égalité de chevauchement (50%) — pas de gagnant clair.
MINESUP-E:University of Bamenda,University of Bamenda,MINESUP,INVALID,reports/registry/minesup-e-national-candidates.csv,"Tier-3 (internal prior-sprint durable artifact, not re-verified this sprint)",,,1,NO,INVALID,,,NO,NO,,,INVALID,DO_NOT_PUBLISH_THIS_SPRINT,INVALID
MINESUP-E:University of Buea,University of Buea,MINESUP,INVALID,reports/registry/minesup-e-national-candidates.csv,"Tier-3 (internal prior-sprint durable artifact, not re-verified this sprint)",,,1,NO,INVALID,,,NO,NO,,,INVALID,DO_NOT_PUBLISH_THIS_SPRINT,INVALID
MINESUP-E:Université Adventiste Cosendai,Université Adventiste Cosendai,MINESUP,SOURCE_REVIEW,reports/registry/minesup-e-national-candidates.csv,"Tier-3 (internal prior-sprint durable artifact, not re-verified this sprint)",,,1,NO,SOURCE_REVIEW,,,NO,NO,,,UNRESOLVED,DO_NOT_PUBLISH_THIS_SPRINT,SOURCE_REVIEW
MINESUP-E:Université d'Ebolowa,Université d'Ebolowa,MINESUP,INVALID,reports/registry/minesup-e-national-candidates.csv,"Tier-3 (internal prior-sprint durable artifact, not re-verified this sprint)",,,1,NO,INVALID,,,NO,NO,,,INVALID,DO_NOT_PUBLISH_THIS_SPRINT,INVALID
MINESUP-E:Université de Bertoua,Université de Bertoua,MINESUP,INVALID,reports/registry/minesup-e-national-candidates.csv,"Tier-3 (internal prior-sprint durable artifact, not re-verified this sprint)",,,1,NO,INVALID,,,NO,NO,,,INVALID,DO_NOT_PUBLISH_THIS_SPRINT,INVALID
MINESUP-E:Université de Douala,Université de Douala,MINESUP,INVALID,reports/registry/minesup-e-national-candidates.csv,"Tier-3 (internal prior-sprint durable artifact, not re-verified this sprint)",,,1,NO,INVALID,,,NO,NO,,,INVALID,DO_NOT_PUBLISH_THIS_SPRINT,INVALID
MINESUP-E:Université de Dschang,Université de Dschang,MINESUP,INVALID,reports/registry/minesup-e-national-candidates.csv,"Tier-3 (internal prior-sprint durable artifact, not re-verified this sprint)",,,1,NO,INVALID,,,NO,NO,,,INVALID,DO_NOT_PUBLISH_THIS_SPRINT,INVALID
MINESUP-E:Université de Garoua,Université de Garoua,MINESUP,INVALID,reports/registry/minesup-e-national-candidates.csv,"Tier-3 (internal prior-sprint durable artifact, not re-verified this sprint)",,,1,NO,INVALID,,,NO,NO,,,INVALID,DO_NOT_PUBLISH_THIS_SPRINT,INVALID
MINESUP-E:Université de Maroua,Université de Maroua,MINESUP,INVALID,reports/registry/minesup-e-national-candidates.csv,"Tier-3 (internal prior-sprint durable artifact, not re-verified this sprint)",,,1,NO,INVALID,,,NO,NO,,,INVALID,DO_NOT_PUBLISH_THIS_SPRINT,INVALID
MINESUP-E:Université de Ngaoundéré,Université de Ngaoundéré,MINESUP,INVALID,reports/registry/minesup-e-national-candidates.csv,"Tier-3 (internal prior-sprint durable artifact, not re-verified this sprint)",,,1,NO,INVALID,,,NO,NO,,,INVALID,DO_NOT_PUBLISH_THIS_SPRINT,INVALID
MINESUP-E:Université de Yaoundé 1,Université de Yaoundé 1,MINESUP,INVALID,reports/registry/minesup-e-national-candidates.csv,"Tier-3 (internal prior-sprint durable artifact, not re-verified this sprint)",,,1,NO,INVALID,,,NO,NO,,,INVALID,DO_NOT_PUBLISH_THIS_SPRINT,INVALID
MINESUP-E:Université de Yaoundé 2,Université de Yaoundé 2,MINESUP,INVALID,reports/registry/minesup-e-national-candidates.csv,"Tier-3 (internal prior-sprint durable artifact, not re-verified this sprint)",,,1,NO,INVALID,,,NO,NO,,,INVALID,DO_NOT_PUBLISH_THIS_SPRINT,INVALID
MINESUP-E:Yaounde School of Economics and Management (YSEM),Yaounde School of Economics and Management (YSEM),MINESUP,DUPLICATE_REVIEW,reports/registry/minesup-e-national-candidates.csv,"Tier-3 (internal prior-sprint durable artifact, not re-verified this sprint)",,,1,NO,DUPLICATE_REVIEW,,,YES,NO,,,CONFLICTING,DO_NOT_PUBLISH_THIS_SPRINT,plusieurs cibles à égalité de chevauchement (25%) — pas de gagnant clair.
MINESUP-E:Yaoundé International Business School (YIBS),Yaoundé International Business School (YIBS),MINESUP,DUPLICATE_REVIEW,reports/registry/minesup-e-national-candidates.csv,"Tier-3 (internal prior-sprint durable artifact, not re-verified this sprint)",,,1,NO,DUPLICATE_REVIEW,,,YES,NO,,,CONFLICTING,DO_NOT_PUBLISH_THIS_SPRINT,plusieurs cibles à égalité de chevauchement (25%) — pas de gagnant clair.
MINSANTE-PILOT:0e0202b8-3175-4db9-890d-0294057239a1,ECOLE PRIVEE DE FORMATION DU PERSONNEL DE LA SANTE DE BAFOUSSAM,MINSANTE,CATEGORY_REVIEW,establishment_import_staging.id=0e0202b8-3175-4db9-890d-0294057239a1,"Tier-3 (internal prior-sprint durable artifact, not re-verified this sprint)",,,1,NO,CATEGORY_REVIEW,,,NO,NO,,,UNRESOLVED,DO_NOT_PUBLISH_THIS_SPRINT,"Aucun mot de niveau explicite dans le titre officiel. §13 interdit d'inférer 'supérieur' depuis 'institut' seul, et interdit d'inférer 'autres' depuis le seul fait d'être une formation santé — revue humaine requise avant toute promotion future."
MINSANTE-PILOT:265476d2-d4fe-4e6d-adc7-39cabdc01fa8,ECOLE PRIVEE DE FORMATION DES PERSONNELS DE SANTE FONDATION SAINT MAURICE DE BAFOUSSAM,MINSANTE,DUPLICATE_REVIEW,establishment_import_staging.id=265476d2-d4fe-4e6d-adc7-39cabdc01fa8,"Tier-3 (internal prior-sprint durable artifact, not re-verified this sprint)",,,1,NO,DUPLICATE_REVIEW,,,YES,NO,,,CONFLICTING,DO_NOT_PUBLISH_THIS_SPRINT,Ambiguïté de dédoublonnage NON résolue au sein du pilote (§9-10) — voir minsante-b-dedup-review.csv pour le(s) candidat(s) apparenté(s).
MINSANTE-PILOT:276633af-df10-4d1e-b91e-596c7a50ed34,ECOLE DES METIERS DE LA SANTE EMES DE BAMOUGOUM,MINSANTE,DUPLICATE_REVIEW,establishment_import_staging.id=276633af-df10-4d1e-b91e-596c7a50ed34,"Tier-3 (internal prior-sprint durable artifact, not re-verified this sprint)",,,1,NO,DUPLICATE_REVIEW,,,YES,NO,,,CONFLICTING,DO_NOT_PUBLISH_THIS_SPRINT,Ambiguïté de dédoublonnage NON résolue au sein du pilote (§9-10) — voir minsante-b-dedup-review.csv pour le(s) candidat(s) apparenté(s).
MINSANTE-PILOT:27a2a636-eced-4971-8f62-67d8d1028ab3,"INSTITUT TROPICAL DE FORMATION EN PLAIES CHRONIQUES ET EN SOINS INFIRMIERS ""MOULLEC"" DE BALEVENG",MINSANTE,CATEGORY_REVIEW,establishment_import_staging.id=27a2a636-eced-4971-8f62-67d8d1028ab3,"Tier-3 (internal prior-sprint durable artifact, not re-verified this sprint)",,,1,NO,CATEGORY_REVIEW,,,NO,NO,,,UNRESOLVED,DO_NOT_PUBLISH_THIS_SPRINT,"Aucun mot de niveau explicite dans le titre officiel. §13 interdit d'inférer 'supérieur' depuis 'institut' seul, et interdit d'inférer 'autres' depuis le seul fait d'être une formation santé — revue humaine requise avant toute promotion future."
MINSANTE-PILOT:2c29d228-e387-4db1-a855-7425c05e6a96,ECOLE PRIVEE FONDATION JEUGEUVOU FOWANG DE BAFOUSSAM,MINSANTE,DUPLICATE_REVIEW,establishment_import_staging.id=2c29d228-e387-4db1-a855-7425c05e6a96,"Tier-3 (internal prior-sprint durable artifact, not re-verified this sprint)",,,1,NO,DUPLICATE_REVIEW,,,YES,NO,,,CONFLICTING,DO_NOT_PUBLISH_THIS_SPRINT,Ambiguïté de dédoublonnage NON résolue au sein du pilote (§9-10) — voir minsante-b-dedup-review.csv pour le(s) candidat(s) apparenté(s).
MINSANTE-PILOT:3c04b5c8-4a6d-4ad8-b625-bda87186c800,COMPLEXE PRIVE DE FORMATION DU PERSONNEL DE LA SANTE DE MBOUO BANDJOUN,MINSANTE,CATEGORY_REVIEW,establishment_import_staging.id=3c04b5c8-4a6d-4ad8-b625-bda87186c800,"Tier-3 (internal prior-sprint durable artifact, not re-verified this sprint)",,,1,NO,CATEGORY_REVIEW,,,NO,NO,,,UNRESOLVED,DO_NOT_PUBLISH_THIS_SPRINT,"Aucun mot de niveau explicite dans le titre officiel. §13 interdit d'inférer 'supérieur' depuis 'institut' seul, et interdit d'inférer 'autres' depuis le seul fait d'être une formation santé — revue humaine requise avant toute promotion future."
MINSANTE-PILOT:500e77b8-68a9-4e4f-8e0f-032890ff8520,INSTITUT DES SCIENCES MEDICO-SANITAIRES LES ARGUS DE BANDJOUN,MINSANTE,DUPLICATE_REVIEW,establishment_import_staging.id=500e77b8-68a9-4e4f-8e0f-032890ff8520,"Tier-3 (internal prior-sprint durable artifact, not re-verified this sprint)",,,1,NO,DUPLICATE_REVIEW,,,YES,NO,,,CONFLICTING,DO_NOT_PUBLISH_THIS_SPRINT,Ambiguïté de dédoublonnage NON résolue au sein du pilote (§9-10) — voir minsante-b-dedup-review.csv pour le(s) candidat(s) apparenté(s).
MINSANTE-PILOT:5f99f3be-fd64-4d9a-a8fd-709d9e4f0821,"ECOLE PRIVEE DE FORMATION DES PERSONNELS SANITAIRES ""SAINT JOSEPH"" DE BAFOUSSAM",MINSANTE,DUPLICATE_REVIEW,establishment_import_staging.id=5f99f3be-fd64-4d9a-a8fd-709d9e4f0821,"Tier-3 (internal prior-sprint durable artifact, not re-verified this sprint)",,,1,NO,DUPLICATE_REVIEW,,,YES,NO,,,CONFLICTING,DO_NOT_PUBLISH_THIS_SPRINT,Ambiguïté de dédoublonnage NON résolue au sein du pilote (§9-10) — voir minsante-b-dedup-review.csv pour le(s) candidat(s) apparenté(s).
MINSANTE-PILOT:68c3cd5b-de66-4f3c-9c3c-fdbdaad7f54c,COMPLEXE DE FORMATION DES PERSONNELS DE SANTE � ROIS MAGES � COFPSAROMA DE BALENG,MINSANTE,CATEGORY_REVIEW,establishment_import_staging.id=68c3cd5b-de66-4f3c-9c3c-fdbdaad7f54c,"Tier-3 (internal prior-sprint durable artifact, not re-verified this sprint)",,,1,NO,CATEGORY_REVIEW,,,NO,NO,,,UNRESOLVED,DO_NOT_PUBLISH_THIS_SPRINT,"Aucun mot de niveau explicite dans le titre officiel. §13 interdit d'inférer 'supérieur' depuis 'institut' seul, et interdit d'inférer 'autres' depuis le seul fait d'être une formation santé — revue humaine requise avant toute promotion future."
MINSANTE-PILOT:7517d1df-be2c-4b4e-bb15-fc4548735739,ECOLE DES METIERS DE LA SANTE DE BAMOUGOUM,MINSANTE,DUPLICATE_REVIEW,establishment_import_staging.id=7517d1df-be2c-4b4e-bb15-fc4548735739,"Tier-3 (internal prior-sprint durable artifact, not re-verified this sprint)",,,1,NO,DUPLICATE_REVIEW,,,YES,NO,,,CONFLICTING,DO_NOT_PUBLISH_THIS_SPRINT,Ambiguïté de dédoublonnage NON résolue au sein du pilote (§9-10) — voir minsante-b-dedup-review.csv pour le(s) candidat(s) apparenté(s).
MINSANTE-PILOT:8bf90bbd-3520-4f16-8cd7-e708892473bd,COMPLEXE PRIVE DE FORMATION DU PERSONNEL MEDICO-SANITAIRE DE MBOUDA,MINSANTE,CATEGORY_REVIEW,establishment_import_staging.id=8bf90bbd-3520-4f16-8cd7-e708892473bd,"Tier-3 (internal prior-sprint durable artifact, not re-verified this sprint)",,,1,NO,CATEGORY_REVIEW,,,NO,NO,,,UNRESOLVED,DO_NOT_PUBLISH_THIS_SPRINT,"Aucun mot de niveau explicite dans le titre officiel. §13 interdit d'inférer 'supérieur' depuis 'institut' seul, et interdit d'inférer 'autres' depuis le seul fait d'être une formation santé — revue humaine requise avant toute promotion future."
MINSANTE-PILOT:92c96f6f-bf11-4de7-b9cf-44f2be0564b4,ECOLE DES PROFESSIONNELS DE LA SANTE LES ETOILES DE BAFOUSSAM,MINSANTE,CATEGORY_REVIEW,establishment_import_staging.id=92c96f6f-bf11-4de7-b9cf-44f2be0564b4,"Tier-3 (internal prior-sprint durable artifact, not re-verified this sprint)",,,1,NO,CATEGORY_REVIEW,,,NO,NO,,,UNRESOLVED,DO_NOT_PUBLISH_THIS_SPRINT,"Aucun mot de niveau explicite dans le titre officiel. §13 interdit d'inférer 'supérieur' depuis 'institut' seul, et interdit d'inférer 'autres' depuis le seul fait d'être une formation santé — revue humaine requise avant toute promotion future."
MINSANTE-PILOT:a2f1cf0b-520e-42b1-bb84-81a20f9de8a3,INSTITUT INTERNATIONAL DE FORMATION DE PERSONNELS PARAMEDICAUX IFOPP DE FOUMBOT,MINSANTE,CATEGORY_REVIEW,establishment_import_staging.id=a2f1cf0b-520e-42b1-bb84-81a20f9de8a3,"Tier-3 (internal prior-sprint durable artifact, not re-verified this sprint)",,,1,NO,CATEGORY_REVIEW,,,NO,NO,,,UNRESOLVED,DO_NOT_PUBLISH_THIS_SPRINT,"Aucun mot de niveau explicite dans le titre officiel. §13 interdit d'inférer 'supérieur' depuis 'institut' seul, et interdit d'inférer 'autres' depuis le seul fait d'être une formation santé — revue humaine requise avant toute promotion future."
MINSANTE-PILOT:f56097c9-ac2a-4bae-95af-2838aed0033f,INSTITUT DES SCIENCES DE LA SANTE POOLA DE BAFOUSSAM,MINSANTE,DUPLICATE_REVIEW,establishment_import_staging.id=f56097c9-ac2a-4bae-95af-2838aed0033f,"Tier-3 (internal prior-sprint durable artifact, not re-verified this sprint)",,,1,NO,DUPLICATE_REVIEW,,,YES,NO,,,CONFLICTING,DO_NOT_PUBLISH_THIS_SPRINT,Ambiguïté de dédoublonnage NON résolue au sein du pilote (§9-10) — voir minsante-b-dedup-review.csv pour le(s) candidat(s) apparenté(s).
MINSANTE-QUARANTINE:imagerie-medicale,"Imagerie Médicale (MINSANTE program-level quarantine — up to 31 physical rows, never staged)",MINSANTE,UNRESOLVED,"reports/registry/minsante-i2-imagerie-validation.json, reports/registry/minsante-i2-human-validation-pack.md","Tier-3 (internal prior-sprint durable artifact, not re-verified this sprint)",,,1,NO,UNRESOLVED,,,NO,NO,,,UNRESOLVED,DO_NOT_PUBLISH_THIS_SPRINT,"QUARANTINED_NUMBERING_ABSENT (permanent source defect, confirmed via getOperatorList()/structure tree — not a parsing artifact) + a merged Bafang/Bafoussam physical row (sequence 29, region Ouest) that may represent two distinct schools (demonstrated_minimum_physical_row_count=31, not 30). human_documentary_validation_required=true."
MINSANTE-QUARANTINE:sciences-pharmaceutiques,"Sciences Pharmaceutiques (MINSANTE program-level quarantine, 32 candidates)",MINSANTE,UNRESOLVED,reports/registry/minsante-i-quarantined-program-review.csv,"Tier-3 (internal prior-sprint durable artifact, not re-verified this sprint)",,,1,NO,UNRESOLVED,,,NO,NO,,,UNRESOLVED,DO_NOT_PUBLISH_THIS_SPRINT,QUARANTINED_STRUCTURE_AMBIGUOUS — font-decoding glyph defect cascades onto Est-region numbering.
MINTRANSPORT:TC-09,AUTO ECOLE MONTHE,MINTRANSPORT,IDENTITY_KNOWN_SOURCE_MISSING,reports/registry/transport-a2-t3-import-exec-deferred.csv,"Tier-3 (internal prior-sprint durable artifact, not re-verified this sprint)",,,1,NO,IDENTITY_KNOWN_SOURCE_MISSING,,,NO,NO,,,UNRESOLVED,DO_NOT_PUBLISH_THIS_SPRINT,MISSING_SOURCE_URL
MINTRANSPORT:TC-10,AUTO ECOLE APPRENDRE & AIMER LA CONDUITE,MINTRANSPORT,IDENTITY_KNOWN_SOURCE_MISSING,reports/registry/transport-a2-t3-import-exec-deferred.csv,"Tier-3 (internal prior-sprint durable artifact, not re-verified this sprint)",,,1,NO,IDENTITY_KNOWN_SOURCE_MISSING,,,NO,NO,,,UNRESOLVED,DO_NOT_PUBLISH_THIS_SPRINT,MISSING_SOURCE_URL
MINTRANSPORT:TC-14,Centre d'Instruction Maritime et Portuaire,MINTRANSPORT,IDENTITY_KNOWN_SOURCE_MISSING,reports/registry/transport-a2-t3-import-exec-deferred.csv,"Tier-3 (internal prior-sprint durable artifact, not re-verified this sprint)",,,1,NO,IDENTITY_KNOWN_SOURCE_MISSING,,,NO,NO,,,UNRESOLVED,DO_NOT_PUBLISH_THIS_SPRINT,MISSING_SOURCE_URL
MINTRANSPORT:TC-16,IRDSM Aviation,MINTRANSPORT,IDENTITY_KNOWN_SOURCE_MISSING,reports/registry/transport-a2-t3-import-exec-deferred.csv,"Tier-3 (internal prior-sprint durable artifact, not re-verified this sprint)",,,1,NO,IDENTITY_KNOWN_SOURCE_MISSING,,,NO,NO,,,UNRESOLVED,DO_NOT_PUBLISH_THIS_SPRINT,MISSING_SOURCE_URL
MINTRANSPORT:TC-17,Fleet Management Academy,MINTRANSPORT,IDENTITY_KNOWN_SOURCE_MISSING,reports/registry/transport-a2-t3-import-exec-deferred.csv,"Tier-3 (internal prior-sprint durable artifact, not re-verified this sprint)",,,1,PARTIAL,IDENTITY_KNOWN_SOURCE_MISSING,,,NO,NO,MINEFOP N°000471 (19-09-2022) — never converted to MINTRANSPORT,prior sprint (see cross_ministry_evidence),UNRESOLVED,DO_NOT_PUBLISH_THIS_SPRINT,MISSING_SOURCE_URL
MINTRANSPORT:TC-remaining-9,"9 remaining MINTRANSPORT Tier-3 candidates (of the 12-candidate 'insertable' bucket, excluding the 3 already published: EFO-CCAA, Le Paquebot, AUTO ECOLE ASTRALE)",MINTRANSPORT,MIXED_REVIEW_STATES_NOT_RECONCILED_THIS_SPRINT,reports/registry/transport-a2-t3-import-exec-preflight.json (classification_tally),"Tier-3 (internal prior-sprint durable artifact, not re-verified this sprint)",,,1,NO,MIXED_REVIEW_STATES_NOT_RECONCILED_THIS_SPRINT,,,NO,YES,TC-12 IT2MIP: fabricated identifier already rejected in a prior sprint (see hallucination audit trail),prior sprint (see cross_ministry_evidence),UNRESOLVED,DO_NOT_PUBLISH_THIS_SPRINT,"classification_tally at this preflight: SOURCE_REVIEW=12, DUPLICATE_REVIEW=3, IDENTITY_REVIEW=2 across the full 17-candidate population (clean_approvable_count=0 at THIS specific preflight pass). The 3 published establishments were approved through a SEPARATE later revalidation (REGISTRY-NATIONAL-B/C), not through this preflight's own CLEAN_APPROVABLE bucket. Reconciling exactly which of the remaining 9 correspond to which classification bucket, and why 3 were approvable despite this preflight showing 0 CLEAN_APPROVABLE, was NOT re-derived this sprint — flagged as an open documentation gap rather than guessed. TC-12 (IT2MIP) specifically carries cross_ministry_decision=AMBIGUOUS (rejected fabricated MINEFOP identifier N°352/MINEFOP/SG/DFOP/SDGSF/SACD). TC-11 (EMIPAC) also flagged for review."
